0;0;0;0;land;false;unknown;0
1;147;75;154;land;true;plains;2
2;202;197;75;land;true;plains;2
3;2;62;252;land;true;hills;2
4;57;184;173;land;true;hills;2
5;113;50;94;land;true;hills;2
6;168;172;15;land;true;plains;2
7;224;37;192;land;false;plains;2
8;23;159;113;land;false;plains;2
9;79;25;34;land;false;plains;2
10;134;146;211;land;false;plains;2
11;190;12;132;land;false;plains;2
12;245;134;53;land;false;plains;2
13;44;255;230;land;false;plains;2
14;100;121;151;land;false;plains;2
15;155;243;72;land;false;hills;2
16;211;108;249;land;false;hills;2
17;10;230;170;land;false;hills;2
18;66;96;91;land;true;mountain;2
19;121;218;12;land;true;hills;2
20;177;83;189;land;true;plains;1
21;232;205;110;land;true;hills;5
22;32;71;31;land;true;plains;5
23;87;192;208;land;true;plains;2
24;143;58;129;land;true;plains;2
25;198;180;50;land;true;plains;2
26;254;45;227;land;true;hills;5
27;53;167;148;land;true;plains;5
28;109;33;69;land;true;plains;2
29;164;154;246;land;true;plains;5
30;220;20;167;land;true;plains;5
31;19;142;88;land;true;hills;5
32;75;8;9;land;true;plains;5
33;130;129;186;land;true;plains;2
34;185;251;107;land;true;plains;2
35;241;117;28;land;true;plains;5
36;40;238;205;land;true;plains;5
37;96;104;126;land;true;mountain;2
38;151;226;47;land;true;plains;5
39;207;91;224;land;true;hills;1
40;6;213;145;land;true;plains;2
41;62;79;66;land;false;plains;5
42;117;200;243;land;true;plains;5
43;173;66;164;land;true;plains;5
44;228;188;85;land;true;plains;2
45;28;54;6;land;true;plains;2
46;83;175;183;land;true;plains;2
47;139;41;104;land;true;plains;5
48;194;163;25;land;false;plains;2
49;250;28;202;land;false;plains;5
50;49;150;123;land;true;plains;2
51;105;16;44;land;true;plains;5
52;160;137;221;land;true;plains;2
53;216;3;142;land;false;mountain;2
54;15;125;63;land;true;plains;2
55;70;246;240;land;false;hills;2
56;126;112;161;land;true;mountain;2
57;181;234;82;land;true;plains;5
58;237;100;3;land;true;plains;5
59;36;221;180;land;true;plains;2
60;92;87;101;land;true;plains;2
61;147;209;22;land;false;plains;5
62;203;74;199;land;false;hills;2
63;2;196;120;land;true;plains;5
64;58;62;41;land;false;hills;2
65;113;183;218;land;true;plains;1
66;169;49;139;land;true;plains;5
67;224;171;60;land;true;plains;2
68;24;36;237;land;true;plains;2
69;79;158;158;land;false;plains;2
70;135;24;79;land;false;hills;2
71;190;146;0;land;true;plains;5
72;246;11;177;land;true;plains;2
73;45;133;98;land;true;hills;2
74;100;255;19;land;true;plains;5
75;156;120;196;land;true;hills;2
76;211;242;117;land;true;mountain;2
77;11;108;38;land;true;hills;2
78;66;229;215;land;true;plains;5
79;122;95;136;land;true;plains;5
80;177;217;57;land;true;plains;5
81;233;82;234;land;true;hills;2
82;32;204;155;land;true;plains;5
83;88;70;76;land;false;plains;5
84;143;191;253;land;true;hills;5
85;199;57;174;land;true;plains;5
86;254;179;95;land;true;plains;5
87;54;45;16;land;false;plains;5
88;109;166;193;land;false;plains;2
89;165;32;114;land;false;plains;5
90;220;154;35;land;false;plains;5
91;20;19;212;land;true;plains;2
92;75;141;133;land;false;plains;5
93;131;7;54;land;true;plains;2
94;186;128;231;land;false;plains;2
95;241;250;152;land;true;plains;5
96;41;116;73;land;true;plains;5
97;96;237;250;land;true;plains;5
98;152;103;171;land;true;plains;2
99;207;225;92;land;true;plains;5
100;7;91;13;land;true;plains;2
101;62;212;190;land;true;plains;5
102;118;78;111;land;true;plains;5
103;173;200;32;land;true;plains;5
104;229;65;209;land;true;hills;2
105;28;187;130;land;true;plains;5
106;84;53;51;land;true;plains;5
107;139;174;228;land;true;hills;2
108;195;40;149;land;false;plains;5
109;250;162;70;land;true;plains;5
110;50;27;247;land;true;plains;5
111;105;149;168;land;true;plains;5
112;161;15;89;land;true;plains;2
113;216;137;10;land;true;hills;2
114;16;2;187;land;false;plains;5
115;71;124;108;land;true;plains;2
116;126;246;29;land;true;plains;2
117;182;111;206;land;true;hills;2
118;237;233;127;land;false;hills;5
119;37;99;48;land;true;plains;5
120;92;220;225;land;true;plains;2
121;148;86;146;land;true;plains;5
122;203;208;67;land;false;hills;5
123;3;73;244;land;true;plains;5
124;58;195;165;land;true;hills;2
125;114;61;86;land;true;hills;2
126;169;183;7;land;true;plains;5
127;225;48;184;land;true;hills;2
128;24;170;105;land;false;plains;5
129;80;36;26;land;true;plains;2
130;135;157;203;land;true;hills;2
131;191;23;124;land;true;hills;2
132;246;145;45;land;true;hills;5
133;46;10;222;land;true;plains;1
134;101;132;143;land;true;plains;2
135;156;254;64;land;true;plains;5
136;212;119;241;land;true;hills;5
137;11;241;162;land;true;plains;5
138;67;107;83;land;true;plains;5
139;122;229;4;land;false;plains;2
140;178;94;181;land;true;mountain;2
141;233;216;102;land;true;plains;2
142;33;82;23;land;true;plains;2
143;88;203;200;land;true;plains;2
144;144;69;121;land;true;hills;2
145;199;191;42;land;false;plains;5
146;255;56;219;land;true;hills;2
147;54;178;140;land;true;hills;1
148;110;44;61;land;true;plains;1
149;165;165;238;land;true;plains;5
150;221;31;159;land;true;plains;5
151;20;153;80;land;true;mountain;2
152;76;19;1;land;true;plains;1
153;131;140;178;land;true;plains;5
154;187;6;99;land;true;plains;5
155;242;128;20;land;false;plains;2
156;41;249;197;land;false;plains;2
157;97;115;118;land;false;hills;2
158;152;237;39;land;false;mountain;2
159;208;102;216;land;true;mountain;2
160;7;224;137;land;true;hills;2
161;63;90;58;land;true;plains;2
162;118;211;235;land;false;hills;5
163;174;77;156;land;false;hills;5
164;229;199;77;land;false;plains;5
165;29;64;254;land;false;plains;5
166;84;186;175;land;false;hills;5
167;140;52;96;land;true;plains;5
168;195;174;17;land;true;hills;2
169;251;39;194;land;true;hills;2
170;50;161;115;land;true;plains;1
171;106;27;36;land;true;hills;2
172;161;148;213;land;false;plains;2
173;217;14;134;land;true;hills;2
174;16;136;55;land;true;plains;5
175;72;1;232;land;true;plains;2
176;127;123;153;land;false;plains;5
177;182;245;74;land;true;plains;2
178;238;110;251;land;true;hills;2
179;37;232;172;land;true;plains;5
180;93;98;93;land;true;plains;2
181;148;220;14;land;true;plains;2
182;204;85;191;land;false;plains;2
183;3;207;112;land;true;mountain;2
184;59;73;33;land;false;plains;5
185;114;194;210;land;true;hills;2
186;170;60;131;land;false;plains;5
187;225;182;52;land;true;plains;2
188;25;47;229;land;true;hills;1
189;80;169;150;land;false;plains;5
190;136;35;71;land;true;plains;2
191;191;156;248;land;true;plains;2
192;247;22;169;land;true;plains;5
193;46;144;90;land;true;mountain;2
194;102;10;11;land;true;mountain;2
195;157;131;188;land;true;plains;2
196;212;253;109;land;true;plains;2
197;12;119;30;land;true;mountain;2
198;67;240;207;land;true;hills;2
199;123;106;128;land;true;hills;1
200;178;228;49;land;false;plains;5
201;234;93;226;land;true;hills;2
202;33;215;147;land;false;plains;5
203;89;81;68;land;false;hills;5
204;144;202;245;land;true;hills;5
205;200;68;166;land;true;plains;5
206;255;190;87;land;true;hills;5
207;55;56;8;land;false;plains;1
208;110;177;185;land;true;plains;1
209;166;43;106;land;true;hills;5
210;221;165;27;land;true;plains;2
211;21;30;204;land;true;plains;2
212;76;152;125;land;false;plains;5
213;132;18;46;land;true;hills;5
214;187;139;223;land;true;plains;2
215;243;5;144;land;true;plains;2
216;42;127;65;land;true;plains;2
217;97;248;242;land;false;plains;5
218;153;114;163;land;true;plains;1
219;208;236;84;land;false;plains;5
220;8;102;5;land;false;hills;5
221;63;223;182;land;false;plains;5
222;119;89;103;land;false;hills;5
223;174;211;24;land;true;plains;5
224;230;76;201;land;true;hills;2
225;29;198;122;land;true;plains;2
226;85;64;43;land;true;plains;5
227;140;185;220;land;true;hills;2
228;196;51;141;land;true;plains;2
229;251;173;62;land;false;forest;1
230;51;38;239;land;false;plains;5
231;106;160;160;land;true;plains;5
232;162;26;81;land;true;plains;5
233;217;148;2;land;false;plains;5
234;17;13;179;land;false;plains;5
235;72;135;100;land;true;plains;2
236;128;1;21;land;false;plains;5
237;183;122;198;land;false;hills;5
238;238;244;119;land;false;hills;5
239;38;110;40;land;true;hills;5
240;93;231;217;land;true;hills;5
241;149;97;138;land;true;plains;2
242;204;219;59;land;true;plains;1
243;4;84;236;land;false;plains;5
244;59;206;157;land;false;hills;5
245;115;72;78;land;false;plains;5
246;170;193;255;land;true;plains;2
247;226;59;176;land;true;plains;1
248;25;181;97;land;true;hills;5
249;81;47;18;land;true;plains;2
250;136;168;195;land;true;hills;1
251;192;34;116;land;false;hills;5
252;247;156;37;land;true;plains;2
253;47;21;214;land;false;hills;2
254;102;143;135;land;true;hills;2
255;158;9;56;land;true;plains;2
256;213;130;233;land;false;plains;1
257;12;252;154;land;true;forest;1
258;68;118;75;land;true;plains;5
259;123;239;252;land;false;forest;5
260;179;105;173;land;false;plains;1
261;234;227;94;land;true;marsh;5
262;34;93;15;land;true;plains;2
263;89;214;192;land;true;plains;1
264;145;80;113;land;false;plains;5
265;200;202;34;land;true;hills;1
266;0;67;211;land;true;plains;2
267;55;189;132;land;true;plains;1
268;111;55;53;land;true;plains;1
269;166;176;230;land;true;plains;5
270;222;42;151;land;true;plains;2
271;21;164;72;land;true;plains;2
272;77;29;249;land;false;plains;1
273;132;151;170;land;false;forest;5
274;188;17;91;land;true;plains;1
275;243;139;12;land;true;plains;1
276;43;4;189;land;false;hills;2
277;98;126;110;land;true;plains;2
278;153;248;31;land;true;plains;2
279;209;113;208;land;true;plains;2
280;8;235;129;land;true;mountain;2
281;64;101;50;land;false;forest;5
282;119;222;227;land;false;hills;5
283;175;88;148;land;true;plains;2
284;230;210;69;land;true;forest;1
285;30;75;246;land;false;hills;2
286;85;197;167;land;false;hills;2
287;141;63;88;land;true;hills;2
288;196;185;9;land;false;hills;5
289;252;50;186;land;false;mountain;2
290;51;172;107;land;true;plains;2
291;107;38;28;land;false;hills;1
292;162;159;205;land;false;marsh;5
293;218;25;126;land;false;forest;5
294;17;147;47;land;false;mountain;5
295;73;12;224;land;false;forest;5
296;128;134;145;land;true;mountain;2
297;184;0;66;land;false;hills;5
298;239;121;243;land;false;plains;5
299;38;243;164;land;false;forest;5
300;94;109;85;land;true;plains;1
301;149;231;6;land;false;plains;2
302;205;96;183;land;true;plains;2
303;4;218;104;land;true;forest;1
304;60;84;25;land;true;forest;1
305;115;205;202;land;false;plains;5
306;171;71;123;land;false;forest;5
307;226;193;44;land;false;forest;5
308;26;58;221;land;false;hills;2
309;81;180;142;land;true;plains;2
310;137;46;63;land;true;forest;1
311;192;167;240;land;false;plains;5
312;248;33;161;land;false;forest;5
313;47;155;82;land;true;hills;2
314;103;21;3;land;true;forest;1
315;158;142;180;land;true;forest;1
316;214;8;101;land;false;forest;5
317;13;130;22;land;false;hills;2
318;68;251;199;land;true;mountain;2
319;124;117;120;land;true;forest;1
320;179;239;41;land;false;forest;1
321;235;104;218;land;false;forest;5
322;34;226;139;land;false;hills;2
323;90;92;60;land;true;plains;2
324;145;213;237;land;false;hills;2
325;201;79;158;land;true;plains;2
326;0;201;79;land;false;hills;1
327;56;67;0;land;false;plains;2
328;111;188;177;land;false;plains;2
329;167;54;98;land;false;forest;5
330;222;176;19;land;false;plains;2
331;22;41;196;land;true;plains;2
332;77;163;117;land;false;hills;5
333;133;29;38;land;false;hills;5
334;188;150;215;land;false;forest;5
335;244;16;136;land;true;hills;2
336;43;138;57;land;false;forest;5
337;99;3;234;land;true;marsh;5
338;154;125;155;land;true;plains;1
339;209;247;76;land;true;hills;2
340;9;112;253;land;false;hills;2
341;64;234;174;land;false;forest;1
342;120;100;95;land;true;marsh;5
343;175;222;16;land;false;hills;5
344;231;87;193;land;false;marsh;5
345;30;209;114;land;false;forest;5
346;86;75;35;land;false;hills;2
347;141;196;212;land;false;plains;2
348;197;62;133;land;false;plains;2
349;252;184;54;land;true;hills;1
350;52;49;231;land;false;marsh;5
351;107;171;152;land;false;marsh;5
352;163;37;73;land;false;marsh;5
353;218;158;250;land;false;mountain;5
354;18;24;171;land;false;hills;5
355;73;146;92;land;false;forest;5
356;129;12;13;land;false;forest;5
357;184;133;190;land;false;hills;5
358;239;255;111;land;false;hills;2
359;39;121;32;land;true;hills;2
360;94;242;209;land;false;hills;2
361;150;108;130;land;false;plains;5
362;205;230;51;land;false;hills;5
363;5;95;228;land;false;forest;2
364;60;217;149;land;false;hills;2
365;116;83;70;land;false;plains;2
366;171;204;247;land;true;plains;2
367;227;70;168;land;true;plains;2
368;26;192;89;land;false;forest;5
369;82;58;10;land;false;hills;2
370;137;179;187;land;false;hills;2
371;193;45;108;land;false;hills;5
372;248;167;29;land;true;plains;1
373;48;32;206;land;false;hills;2
374;103;154;127;land;false;forest;5
375;159;20;48;land;false;plains;1
376;214;141;225;land;true;plains;1
377;14;7;146;land;false;mountain;2
378;69;129;67;land;true;plains;2
379;124;250;244;land;false;forest;1
380;180;116;165;land;false;forest;1
381;235;238;86;land;true;marsh;5
382;35;104;7;land;true;forest;2
383;90;225;184;land;false;forest;1
384;146;91;105;land;false;plains;1
385;201;213;26;land;false;forest;1
386;1;78;203;land;false;hills;5
387;56;200;124;land;false;forest;5
388;112;66;45;land;false;forest;5
389;167;187;222;land;true;forest;5
390;223;53;143;land;false;mountain;2
391;22;175;64;land;true;hills;1
392;78;40;241;land;true;forest;1
393;133;162;162;land;false;forest;5
394;189;28;83;land;false;forest;5
395;244;150;4;land;false;hills;5
396;44;15;181;land;true;marsh;5
397;99;137;102;land;false;forest;5
398;155;3;23;land;false;hills;2
399;210;124;200;land;false;marsh;5
400;9;246;121;land;false;hills;5
401;65;112;42;land;true;forest;2
402;120;233;219;land;false;plains;2
403;176;99;140;land;false;forest;1
404;231;221;61;land;false;plains;5
405;31;86;238;land;false;marsh;5
406;86;208;159;land;false;plains;5
407;142;74;80;land;false;plains;5
408;197;196;1;land;false;plains;5
409;253;61;178;land;true;plains;2
410;52;183;99;land;true;hills;1
411;108;49;20;land;false;plains;1
412;163;170;197;land;true;forest;1
413;219;36;118;land;false;hills;5
414;18;158;39;land;true;plains;2
415;74;23;216;land;true;plains;1
416;129;145;137;land;false;forest;1
417;185;11;58;land;true;plains;1
418;240;132;235;land;false;marsh;5
419;39;254;156;land;false;forest;2
420;95;120;77;land;false;plains;2
421;150;241;254;land;false;hills;2
422;206;107;175;land;true;forest;1
423;5;229;96;land;false;plains;1
424;61;95;17;land;false;forest;5
425;116;216;194;land;false;forest;5
426;172;82;115;land;false;plains;2
427;227;204;36;land;false;hills;1
428;27;69;213;land;false;forest;5
429;82;191;134;land;false;hills;5
430;138;57;55;land;true;plains;2
431;193;178;232;land;false;forest;2
432;249;44;153;land;false;forest;5
433;48;166;74;land;false;hills;5
434;104;31;251;land;false;plains;2
435;159;153;172;land;true;plains;2
436;215;19;93;land;false;forest;1
437;14;141;14;land;false;hills;5
438;70;6;191;land;false;hills;5
439;125;128;112;land;false;plains;5
440;180;250;33;land;false;forest;5
441;236;115;210;land;true;forest;2
442;35;237;131;land;false;plains;2
443;91;103;52;land;true;hills;1
444;146;224;229;land;false;marsh;5
445;202;90;150;land;false;forest;5
446;1;212;71;land;false;plains;2
447;57;77;248;land;false;forest;2
448;112;199;169;land;true;plains;2
449;168;65;90;land;false;forest;1
450;223;187;11;land;true;forest;1
451;23;52;188;land;false;forest;1
452;78;174;109;land;false;plains;1
453;134;40;30;land;false;hills;5
454;189;161;207;land;false;hills;2
455;245;27;128;land;false;plains;2
456;44;149;49;land;true;hills;1
457;100;14;226;land;true;forest;1
458;155;136;147;land;false;hills;2
459;211;2;68;land;false;hills;5
460;10;123;245;land;false;plains;2
461;65;245;166;land;false;plains;1
462;121;111;87;land;true;forest;1
463;176;233;8;land;false;plains;5
464;232;98;185;land;false;plains;2
465;31;220;106;land;false;marsh;5
466;87;86;27;land;false;forest;5
467;142;207;204;land;false;hills;5
468;198;73;125;land;false;forest;5
469;253;195;46;land;false;hills;5
470;53;60;223;land;false;plains;2
471;108;182;144;land;false;forest;1
472;164;48;65;land;false;marsh;5
473;219;169;242;land;false;forest;5
474;19;35;163;land;false;plains;2
475;74;157;84;land;false;plains;2
476;130;23;5;land;true;hills;1
477;185;144;182;land;false;forest;1
478;241;10;103;land;false;hills;2
479;40;132;24;land;true;plains;2
480;95;253;201;land;false;forest;5
481;151;119;122;land;false;mountain;5
482;206;241;43;land;false;forest;5
483;6;106;220;land;false;mountain;2
484;61;228;141;land;true;forest;1
485;117;94;62;land;false;forest;1
486;172;215;239;land;false;hills;1
487;228;81;160;land;false;forest;5
488;27;203;81;land;true;plains;2
489;83;69;2;land;true;hills;2
490;138;190;179;land;false;hills;2
491;194;56;100;land;false;hills;2
492;249;178;21;land;true;forest;1
493;49;43;198;land;false;forest;1
494;104;165;119;land;false;plains;2
495;160;31;40;land;false;marsh;5
496;215;152;217;land;false;hills;2
497;15;18;138;land;true;plains;2
498;70;140;59;land;true;hills;2
499;126;5;236;land;true;mountain;2
500;181;127;157;land;true;forest;1
501;236;249;78;land;false;forest;1
502;36;114;255;land;false;forest;5
503;91;236;176;land;false;forest;2
504;147;102;97;land;false;mountain;2
505;202;224;18;land;true;hills;1
506;2;89;195;land;false;forest;1
507;57;211;116;land;true;forest;1
508;113;77;37;land;false;forest;1
509;168;198;214;land;true;hills;5
510;224;64;135;land;false;plains;1
511;23;186;56;land;true;forest;1
512;79;51;233;land;false;marsh;5
513;134;173;154;land;false;forest;5
514;190;39;75;land;false;plains;1
515;245;160;252;land;true;forest;1
516;45;26;173;land;false;marsh;5
517;100;148;94;land;false;marsh;5
518;156;14;15;land;false;forest;5
519;211;135;192;land;true;forest;5
520;11;1;113;land;false;forest;1
521;66;123;34;land;false;forest;5
522;121;244;211;land;true;hills;5
523;177;110;132;land;false;marsh;5
524;232;232;53;land;false;hills;5
525;32;97;230;land;true;forest;2
526;87;219;151;land;false;mountain;2
527;143;85;72;land;false;plains;2
528;198;206;249;land;true;hills;1
529;254;72;170;land;false;marsh;5
530;53;194;91;land;false;hills;5
531;109;60;12;land;false;plains;2
532;164;181;189;land;false;hills;2
533;220;47;110;land;true;forest;1
534;19;169;31;land;false;hills;5
535;75;34;208;land;false;plains;5
536;130;156;129;land;false;hills;2
537;186;22;50;land;false;forest;1
538;241;143;227;land;false;hills;2
539;41;9;148;land;false;hills;2
540;96;131;69;land;false;hills;2
541;151;252;246;land;false;plains;2
542;207;118;167;land;false;marsh;5
543;6;240;88;land;false;forest;5
544;62;106;9;land;false;hills;5
545;117;227;186;land;false;hills;5
546;173;93;107;land;false;hills;5
547;228;215;28;land;false;plains;1
548;28;80;205;land;false;forest;1
549;83;202;126;land;false;marsh;5
550;139;68;47;land;false;hills;5
551;194;189;224;land;false;hills;2
552;250;55;145;land;false;plains;2
553;49;177;66;land;false;forest;1
554;105;42;243;land;false;marsh;5
555;160;164;164;land;false;mountain;2
556;216;30;85;land;false;hills;2
557;15;152;6;land;true;hills;2
558;71;17;183;land;true;hills;1
559;126;139;104;land;false;forest;1
560;182;5;25;land;false;plains;5
561;237;126;202;land;false;forest;1
562;36;248;123;land;false;forest;1
563;92;114;44;land;false;marsh;5
564;147;235;221;land;false;forest;5
565;203;101;142;land;false;forest;2
566;2;223;63;land;false;hills;2
567;58;88;240;land;false;forest;2
568;113;210;161;land;true;plains;1
569;169;76;82;land;false;forest;5
570;224;198;3;land;false;forest;5
571;24;63;180;land;true;hills;5
572;79;185;101;land;true;forest;1
573;135;51;22;land;true;forest;1
574;190;172;199;land;false;hills;5
575;246;38;120;land;true;forest;5
576;45;160;41;land;false;plains;1
577;101;25;218;land;false;forest;1
578;156;147;139;land;true;plains;2
579;212;13;60;land;true;forest;1
580;11;134;237;land;false;plains;5
581;67;0;158;land;false;forest;5
582;122;122;79;land;false;plains;2
583;177;244;0;land;false;hills;1
584;233;109;177;land;true;forest;1
585;32;231;98;land;true;forest;1
586;88;97;19;land;false;forest;1
587;143;218;196;land;false;forest;1
588;199;84;117;land;false;plains;2
589;254;206;38;land;true;forest;1
590;54;71;215;land;false;forest;5
591;109;193;136;land;false;hills;5
592;165;59;57;land;false;hills;2
593;220;180;234;land;false;hills;2
594;20;46;155;land;false;plains;1
595;75;168;76;land;true;plains;2
596;131;33;253;land;false;forest;1
597;186;155;174;land;false;forest;5
598;242;21;95;land;false;forest;5
599;41;143;16;land;true;hills;5
600;97;8;193;land;false;mountain;2
601;152;130;114;land;false;forest;1
602;207;252;35;land;false;forest;5
603;7;117;212;land;false;plains;5
604;62;239;133;land;false;hills;5
605;118;105;54;land;false;hills;5
606;173;226;231;land;true;plains;2
607;229;92;152;land;false;plains;1
608;28;214;73;land;false;marsh;5
609;84;79;250;land;false;forest;5
610;139;201;171;land;false;forest;5
611;195;67;92;land;true;forest;2
612;250;189;13;land;true;mountain;2
613;50;54;190;land;false;forest;1
614;105;176;111;land;false;plains;1
615;161;42;32;land;false;hills;2
616;216;163;209;land;false;forest;1
617;16;29;130;land;false;forest;1
618;71;151;51;land;false;marsh;5
619;127;16;228;land;true;plains;2
620;182;138;149;land;true;hills;2
621;238;4;70;land;true;mountain;1
622;37;125;247;land;false;forest;5
623;92;247;168;land;false;forest;5
624;148;113;89;land;true;hills;5
625;203;235;10;land;false;hills;2
626;3;100;187;land;false;hills;1
627;58;222;108;land;false;forest;1
628;114;88;29;land;false;forest;1
629;169;209;206;land;false;forest;1
630;225;75;127;land;false;forest;5
631;24;197;48;land;false;marsh;5
632;80;62;225;land;false;mountain;2
633;135;184;146;land;true;plains;2
634;191;50;67;land;false;plains;2
635;246;171;244;land;false;plains;2
636;46;37;165;land;false;plains;1
637;101;159;86;land;false;plains;5
638;157;25;7;land;false;forest;5
639;212;146;184;land;true;forest;2
640;12;12;105;land;false;hills;2
641;67;134;26;land;false;plains;2
642;122;255;203;land;false;hills;5
643;178;121;124;land;false;plains;2
644;233;243;45;land;false;plains;1
645;33;108;222;land;false;marsh;5
646;88;230;143;land;false;plains;5
647;144;96;64;land;false;forest;1
648;199;217;241;land;false;forest;1
649;255;83;162;land;false;marsh;5
650;54;205;83;land;false;marsh;5
651;110;71;4;land;false;plains;5
652;165;192;181;land;false;plains;5
653;221;58;102;land;true;mountain;2
654;20;180;23;land;false;forest;2
655;76;45;200;land;true;hills;1
656;131;167;121;land;false;forest;1
657;187;33;42;land;false;forest;5
658;242;154;219;land;false;forest;2
659;42;20;140;land;false;plains;2
660;97;142;61;land;true;plains;2
661;153;7;238;land;false;forest;5
662;208;129;159;land;true;hills;5
663;7;251;80;land;false;plains;2
664;63;117;1;land;false;forest;5
665;118;238;178;land;true;hills;2
666;174;104;99;land;false;marsh;5
667;229;226;20;land;false;forest;5
668;29;91;197;land;false;hills;5
669;84;213;118;land;true;forest;5
670;140;79;39;land;false;plains;2
671;195;200;216;land;true;mountain;2
672;251;66;137;land;false;forest;1
673;50;188;58;land;false;forest;5
674;106;53;235;land;true;hills;5
675;161;175;156;land;false;plains;2
676;217;41;77;land;false;forest;1
677;16;162;254;land;false;forest;5
678;72;28;175;land;true;plains;2
679;127;150;96;land;false;hills;1
680;183;16;17;land;false;forest;1
681;238;137;194;land;false;marsh;5
682;38;3;115;land;true;plains;2
683;93;125;36;land;false;forest;1
684;148;246;213;land;false;forest;1
685;204;112;134;land;false;forest;5
686;3;234;55;land;false;forest;5
687;59;99;232;land;false;forest;5
688;114;221;153;land;false;hills;5
689;170;87;74;land;false;forest;1
690;225;208;251;land;false;forest;1
691;25;74;172;land;false;hills;5
692;80;196;93;land;false;hills;5
693;136;62;14;land;true;hills;5
694;191;183;191;land;true;mountain;2
695;247;49;112;land;false;plains;2
696;46;171;33;land;true;plains;2
697;102;36;210;land;false;plains;5
698;157;158;131;land;true;forest;5
699;213;24;52;land;false;forest;2
700;12;145;229;land;false;plains;2
701;68;11;150;land;true;plains;2
702;123;133;71;land;true;plains;2
703;178;254;248;land;true;plains;1
704;234;120;169;land;false;forest;1
705;33;242;90;land;false;forest;1
706;89;108;11;land;false;forest;1
707;144;229;188;land;false;plains;1
708;200;95;109;land;false;plains;5
709;255;217;30;land;false;forest;5
710;55;82;207;land;false;forest;5
711;110;204;128;land;false;hills;2
712;166;70;49;land;false;hills;2
713;221;191;226;land;true;mountain;2
714;21;57;147;land;false;hills;1
715;76;179;68;land;false;hills;1
716;132;44;245;land;true;forest;1
717;187;166;166;land;false;forest;1
718;243;32;87;land;true;mountain;2
719;42;154;8;land;false;hills;2
720;98;19;185;land;false;hills;1
721;153;141;106;land;false;forest;1
722;209;7;27;land;true;forest;1
723;8;128;204;land;false;forest;1
724;63;250;125;land;false;marsh;5
725;119;116;46;land;false;forest;2
726;174;237;223;land;false;mountain;2
727;230;103;144;land;true;mountain;2
728;29;225;65;land;false;hills;2
729;85;90;242;land;false;hills;2
730;140;212;163;land;true;hills;1
731;196;78;84;land;false;plains;1
732;251;200;5;land;false;forest;1
733;51;65;182;land;false;hills;5
734;106;187;103;land;false;mountain;2
735;162;53;24;land;false;forest;2
736;217;174;201;land;false;plains;1
737;17;40;122;land;false;marsh;5
738;72;162;43;land;true;mountain;5
739;128;27;220;land;true;plains;5
740;183;149;141;land;false;forest;1
741;239;15;62;land;false;forest;2
742;38;136;239;land;false;hills;1
743;94;2;160;land;false;forest;1
744;149;124;81;land;false;forest;1
745;204;246;2;land;false;marsh;5
746;4;111;179;land;false;marsh;5
747;59;233;100;land;false;marsh;5
748;115;99;21;land;false;forest;5
749;170;220;198;land;true;mountain;5
750;226;86;119;land;false;plains;2
751;25;208;40;land;true;plains;2
752;81;73;217;land;false;forest;5
753;136;195;138;land;false;forest;5
754;192;61;59;land;true;forest;2
755;247;182;236;land;false;hills;2
756;47;48;157;land;false;forest;2
757;102;170;78;land;true;mountain;2
758;158;35;255;land;false;forest;1
759;213;157;176;land;false;forest;1
760;13;23;97;land;false;plains;5
761;68;145;18;land;false;forest;5
762;124;10;195;land;false;forest;5
763;179;132;116;land;true;mountain;2
764;234;254;37;land;false;hills;1
765;34;119;214;land;false;forest;5
766;89;241;135;land;false;forest;5
767;145;107;56;land;false;hills;5
768;200;228;233;land;false;forest;2
769;0;94;154;land;true;plains;2
770;55;216;75;land;false;forest;1
771;111;81;252;land;false;plains;5
772;166;203;173;land;true;hills;5
773;222;69;94;land;true;mountain;2
774;21;191;15;land;false;forest;1
775;77;56;192;land;false;forest;1
776;132;178;113;land;false;hills;5
777;188;44;34;land;false;forest;1
778;243;165;211;land;false;forest;2
779;43;31;132;land;false;plains;1
780;98;153;53;land;false;forest;2
781;154;18;230;land;false;forest;1
782;209;140;151;land;false;forest;1
783;9;6;72;land;false;forest;5
784;64;127;249;land;true;forest;2
785;119;249;170;land;false;forest;1
786;175;115;91;land;true;plains;1
787;230;237;12;land;false;forest;1
788;30;102;189;land;false;forest;5
789;85;224;110;land;false;forest;5
790;141;90;31;land;false;forest;5
791;196;211;208;land;true;hills;5
792;252;77;129;land;true;plains;2
793;51;199;50;land;false;hills;2
794;107;64;227;land;true;forest;1
795;162;186;148;land;true;forest;1
796;218;52;69;land;false;marsh;5
797;17;173;246;land;false;forest;5
798;73;39;167;land;false;forest;5
799;128;161;88;land;true;plains;2
800;184;27;9;land;false;plains;2
801;239;148;186;land;false;forest;1
802;39;14;107;land;false;forest;1
803;94;136;28;land;false;forest;1
804;150;1;205;land;false;forest;5
805;205;123;126;land;false;marsh;5
806;4;245;47;land;false;forest;5
807;60;110;224;land;true;plains;1
808;115;232;145;land;false;forest;1
809;171;98;66;land;false;forest;1
810;226;219;243;land;false;forest;1
811;26;85;164;land;false;marsh;5
812;81;207;85;land;false;marsh;5
813;137;73;6;land;false;hills;2
814;192;194;183;land;false;hills;1
815;248;60;104;land;false;plains;1
816;47;182;25;land;true;forest;1
817;103;47;202;land;false;forest;1
818;158;169;123;land;false;forest;1
819;214;35;44;land;false;forest;1
820;13;156;221;land;false;plains;5
821;69;22;142;land;true;hills;5
822;124;144;63;land;true;hills;5
823;180;9;240;land;true;hills;1
824;235;131;161;land;false;forest;1
825;34;253;82;land;true;forest;1
826;90;119;3;land;false;marsh;5
827;145;240;180;land;false;forest;5
828;201;106;101;land;false;forest;5
829;0;228;22;land;true;hills;2
830;56;93;199;land;false;hills;1
831;111;215;120;land;false;forest;1
832;167;81;41;land;false;marsh;5
833;222;202;218;land;false;forest;5
834;22;68;139;land;true;hills;5
835;77;190;60;land;false;plains;1
836;133;55;237;land;false;plains;1
837;188;177;158;land;false;forest;5
838;244;43;79;land;false;plains;5
839;43;165;0;land;true;plains;1
840;99;30;177;land;false;hills;1
841;154;152;98;land;false;forest;1
842;210;18;19;land;false;marsh;5
843;9;139;196;land;false;marsh;5
844;65;5;117;land;false;plains;2
845;120;127;38;land;false;forest;1
846;175;248;215;land;false;plains;1
847;231;114;136;land;false;plains;1
848;30;236;57;land;false;forest;1
849;86;101;234;land;false;plains;5
850;141;223;155;land;false;marsh;5
851;197;89;76;land;false;forest;5
852;252;210;253;land;false;forest;5
853;52;76;174;land;true;hills;5
854;107;198;95;land;true;plains;2
855;163;64;16;land;true;hills;2
856;218;185;193;land;true;hills;2
857;18;51;114;land;false;plains;1
858;73;173;35;land;true;forest;1
859;129;38;212;land;false;forest;5
860;184;160;133;land;false;plains;2
861;240;26;54;land;true;plains;2
862;39;147;231;land;true;forest;1
863;95;13;152;land;false;forest;1
864;150;135;73;land;false;marsh;5
865;206;0;250;land;false;hills;5
866;5;122;171;land;false;forest;5
867;60;244;92;land;false;hills;5
868;116;110;13;land;true;hills;5
869;171;231;190;land;true;hills;5
870;227;97;111;land;true;plains;2
871;26;219;32;land;false;plains;5
872;82;84;209;land;true;plains;2
873;137;206;130;land;true;plains;2
874;193;72;51;land;false;hills;5
875;248;193;228;land;true;mountain;2
876;48;59;149;land;false;forest;1
877;103;181;70;land;false;forest;1
878;159;46;247;land;false;forest;1
879;214;168;168;land;false;forest;1
880;14;34;89;land;false;marsh;5
881;69;156;10;land;true;plains;2
882;125;21;187;land;true;hills;2
883;180;143;108;land;true;plains;1
884;236;9;29;land;true;plains;1
885;35;130;206;land;true;urban;1
886;90;252;127;land;false;marsh;5
887;146;118;48;land;false;plains;5
888;201;239;225;land;false;plains;5
889;1;105;146;land;false;hills;1
890;56;227;67;land;false;plains;1
891;112;92;244;land;false;forest;1
892;167;214;165;land;false;forest;1
893;223;80;86;land;false;forest;1
894;22;202;7;land;false;forest;1
895;78;67;184;land;false;plains;1
896;133;189;105;land;false;forest;5
897;189;55;26;land;false;forest;5
898;244;176;203;land;true;plains;2
899;44;42;124;land;true;hills;1
900;99;164;45;land;false;forest;1
901;155;29;222;land;false;forest;1
902;210;151;143;land;false;forest;1
903;10;17;64;land;false;forest;1
904;65;138;241;land;false;forest;1
905;121;4;162;land;false;hills;5
906;176;126;83;land;true;hills;2
907;231;248;4;land;false;mountain;2
908;31;113;181;land;false;forest;2
909;86;235;102;land;false;forest;2
910;142;101;23;land;false;forest;2
911;197;222;200;land;false;hills;2
912;253;88;121;land;false;hills;2
913;52;210;42;land;false;forest;2
914;108;75;219;land;false;plains;2
915;163;197;140;land;false;forest;2
916;219;63;61;land;false;forest;2
917;18;184;238;land;false;forest;2
918;74;50;159;land;false;forest;2
919;129;172;80;land;false;forest;2
920;185;38;1;land;false;forest;2
921;240;159;178;land;true;plains;2
922;40;25;99;land;true;forest;1
923;95;147;20;land;false;plains;1
924;151;12;197;land;false;plains;1
925;206;134;118;land;false;marsh;5
926;6;0;39;land;false;forest;5
927;61;121;216;land;false;forest;5
928;116;243;137;land;false;hills;2
929;172;109;58;land;false;hills;2
930;227;230;235;land;false;hills;2
931;27;96;156;land;false;hills;2
932;82;218;77;land;false;hills;2
933;138;83;254;land;false;hills;2
934;193;205;175;land;false;marsh;5
935;249;71;96;land;true;hills;1
936;48;193;17;land;true;forest;1
937;104;58;194;land;false;plains;5
938;159;180;115;land;true;plains;1
939;215;46;36;land;true;plains;1
940;14;167;213;land;false;forest;1
941;70;33;134;land;false;forest;5
942;125;155;55;land;false;forest;5
943;181;20;232;land;true;mountain;2
944;236;142;153;land;true;urban;1
945;36;8;74;land;false;forest;1
946;91;129;251;land;false;plains;1
947;146;251;172;land;false;forest;1
948;202;117;93;land;false;forest;1
949;1;239;14;land;false;forest;5
950;57;104;191;land;false;forest;5
951;112;226;112;land;true;hills;1
952;168;92;33;land;true;plains;1
953;223;213;210;land;false;forest;1
954;23;79;131;land;false;forest;1
955;78;201;52;land;true;forest;5
956;134;66;229;land;true;plains;1
957;189;188;150;land;false;plains;1
958;245;54;71;land;false;hills;5
959;44;175;248;land;true;plains;2
960;100;41;169;land;true;forest;1
961;155;163;90;land;false;marsh;5
962;211;29;11;land;false;hills;5
963;10;150;188;land;false;forest;5
964;66;16;109;land;false;marsh;5
965;121;138;30;land;true;hills;5
966;177;3;207;land;false;hills;2
967;232;125;128;land;true;forest;1
968;31;247;49;land;false;forest;1
969;87;112;226;land;false;forest;1
970;142;234;147;land;false;forest;1
971;198;100;68;land;false;forest;5
972;253;221;245;land;false;hills;5
973;53;87;166;land;true;plains;1
974;108;209;87;land;false;forest;1
975;164;75;8;land;false;forest;1
976;219;196;185;land;false;forest;1
977;19;62;106;land;false;forest;5
978;74;184;27;land;false;marsh;5
979;130;49;204;land;false;forest;5
980;185;171;125;land;false;forest;5
981;241;37;46;land;false;forest;2
982;40;158;223;land;false;forest;2
983;96;24;144;land;false;forest;1
984;151;146;65;land;false;forest;5
985;207;11;242;land;false;forest;5
986;6;133;163;land;false;hills;5
987;61;255;84;land;false;hills;5
988;117;121;5;land;true;mountain;2
989;172;242;182;land;true;hills;1
990;228;108;103;land;false;forest;1
991;27;230;24;land;false;forest;1
992;83;95;201;land;false;forest;1
993;138;217;122;land;false;forest;1
994;194;83;43;land;false;forest;5
995;249;204;220;land;true;forest;5
996;49;70;141;land;false;forest;1
997;104;192;62;land;false;forest;1
998;160;57;239;land;false;forest;5
999;215;179;160;land;true;hills;2
1000;15;45;81;land;true;forest;2
1001;70;167;2;land;true;forest;1
1002;126;32;179;land;true;forest;1
1003;181;154;100;land;false;forest;1
1004;237;20;21;land;false;plains;1
1005;36;141;198;land;false;marsh;5
1006;92;7;119;land;false;marsh;5
1007;147;129;40;land;false;forest;5
1008;202;250;217;land;false;forest;2
1009;2;116;138;land;false;forest;2
1010;57;238;59;land;true;plains;2
1011;113;103;236;land;false;forest;1
1012;168;225;157;land;true;plains;2
1013;224;91;78;land;false;forest;2
1014;23;212;255;land;false;forest;1
1015;79;78;176;land;false;forest;1
1016;134;200;97;land;true;forest;1
1017;190;66;18;land;false;forest;1
1018;245;187;195;land;false;forest;1
1019;45;53;116;land;false;forest;1
1020;100;175;37;land;false;plains;1
1021;156;40;214;land;false;forest;2
1022;211;162;135;land;false;forest;1
1023;11;28;56;land;false;forest;1
1024;66;149;233;land;false;forest;1
1025;122;15;154;land;false;forest;5
1026;177;137;75;land;true;hills;5
1027;233;2;252;land;true;forest;2
1028;32;124;173;land;false;forest;1
1029;87;246;94;land;false;forest;5
1030;143;112;15;land;true;hills;5
1031;198;233;192;land;false;hills;2
1032;254;99;113;land;true;forest;2
1033;53;221;34;land;false;forest;1
1034;109;86;211;land;false;forest;5
1035;164;208;132;land;false;forest;5
1036;220;74;53;land;false;plains;5
1037;19;195;230;land;false;hills;5
1038;75;61;151;land;false;hills;5
1039;130;183;72;land;false;forest;1
1040;186;48;249;land;true;forest;1
1041;241;170;170;land;true;plains;2
1042;41;36;91;land;false;hills;2
1043;96;158;12;land;false;forest;2
1044;152;23;189;land;false;forest;2
1045;207;145;110;land;true;plains;1
1046;7;11;31;land;true;hills;1
1047;62;132;208;land;false;forest;1
1048;117;254;129;land;false;forest;1
1049;173;120;50;land;false;forest;1
1050;228;241;227;land;false;forest;1
1051;28;107;148;land;false;forest;1
1052;83;229;69;land;false;forest;5
1053;139;94;246;land;true;plains;2
1054;194;216;167;land;false;forest;1
1055;250;82;88;land;false;forest;1
1056;49;204;9;land;false;plains;1
1057;105;69;186;land;false;forest;5
1058;160;191;107;land;false;forest;5
1059;216;57;28;land;false;marsh;5
1060;15;178;205;land;false;plains;5
1061;71;44;126;land;false;forest;5
1062;126;166;47;land;false;hills;2
1063;182;31;224;land;true;forest;2
1064;237;153;145;land;true;plains;1
1065;37;19;66;land;false;forest;5
1066;92;140;243;land;false;forest;5
1067;148;6;164;land;false;forest;2
1068;203;128;85;land;false;forest;1
1069;2;250;6;land;false;forest;1
1070;58;115;183;land;false;plains;1
1071;113;237;104;land;false;forest;5
1072;169;103;25;land;false;hills;5
1073;224;224;202;land;false;forest;5
1074;24;90;123;land;false;forest;2
1075;79;212;44;land;false;plains;2
1076;135;77;221;land;false;plains;1
1077;190;199;142;land;false;forest;1
1078;246;65;63;land;false;forest;1
1079;45;186;240;land;false;plains;5
1080;101;52;161;land;false;hills;5
1081;156;174;82;land;false;plains;2
1082;212;40;3;land;false;plains;2
1083;11;161;180;land;false;forest;1
1084;67;27;101;land;false;forest;1
1085;122;149;22;land;false;marsh;5
1086;178;14;199;land;true;hills;2
1087;233;136;120;land;false;forest;1
1088;33;2;41;land;false;plains;1
1089;88;123;218;land;false;forest;1
1090;143;245;139;land;false;urban;1
1091;199;111;60;land;false;forest;5
1092;254;232;237;land;false;forest;5
1093;54;98;158;land;false;forest;2
1094;109;220;79;land;false;forest;1
1095;165;86;0;land;false;forest;1
1096;220;207;177;land;false;forest;1
1097;20;73;98;land;false;plains;1
1098;75;195;19;land;false;forest;5
1099;131;60;196;land;false;forest;5
1100;186;182;117;land;false;forest;2
1101;242;48;38;land;true;forest;1
1102;41;169;215;land;false;forest;1
1103;97;35;136;land;false;forest;1
1104;152;157;57;land;false;forest;5
1105;208;22;234;land;false;forest;5
1106;7;144;155;land;false;hills;5
1107;63;10;76;land;false;hills;5
1108;118;131;253;land;false;hills;2
1109;173;253;174;land;true;forest;1
1110;229;119;95;land;false;forest;1
1111;28;241;16;land;false;forest;1
1112;84;106;193;land;false;forest;1
1113;139;228;114;land;false;forest;1
1114;195;94;35;land;false;forest;1
1115;250;215;212;land;false;plains;5
1116;50;81;133;land;true;plains;5
1117;105;203;54;land;false;mountain;2
1118;161;68;231;land;false;forest;2
1119;216;190;152;land;false;forest;2
1120;16;56;73;land;true;forest;1
1121;71;177;250;land;false;plains;1
1122;127;43;171;land;false;forest;1
1123;182;165;92;land;false;forest;1
1124;238;31;13;land;false;forest;1
1125;37;152;190;land;false;marsh;5
1126;93;18;111;land;false;forest;5
1127;148;140;32;land;false;hills;5
1128;204;5;209;land;false;plains;2
1129;3;127;130;land;false;plains;1
1130;58;249;51;land;false;forest;5
1131;114;114;228;land;false;forest;5
1132;169;236;149;land;false;plains;5
1133;225;102;70;land;false;forest;5
1134;24;223;247;land;true;hills;5
1135;80;89;168;land;false;mountain;2
1136;135;211;89;land;true;forest;2
1137;191;77;10;land;true;plains;1
1138;246;198;187;land;true;plains;1
1139;46;64;108;land;false;plains;1
1140;101;186;29;land;false;forest;1
1141;157;51;206;land;false;forest;5
1142;212;173;127;land;false;forest;2
1143;12;39;48;land;true;hills;1
1144;67;160;225;land;true;plains;1
1145;123;26;146;land;false;forest;1
1146;178;148;67;land;false;forest;1
1147;234;13;244;land;false;forest;1
1148;33;135;165;land;false;forest;1
1149;89;1;86;land;false;plains;1
1150;144;123;7;land;false;plains;1
1151;199;244;184;land;true;hills;2
1152;255;110;105;land;false;forest;1
1153;54;232;26;land;false;forest;1
1154;110;97;203;land;false;forest;1
1155;165;219;124;land;false;forest;1
1156;221;85;45;land;false;forest;1
1157;20;206;222;land;false;plains;1
1158;76;72;143;land;false;plains;5
1159;131;194;64;land;false;plains;5
1160;187;59;241;land;false;hills;5
1161;242;181;162;land;false;forest;2
1162;42;47;83;land;true;plains;1
1163;97;169;4;land;true;plains;1
1164;153;34;181;land;false;hills;5
1165;208;156;102;land;false;forest;2
1166;8;22;23;land;false;plains;2
1167;63;143;200;land;true;plains;1
1168;119;9;121;land;false;hills;2
1169;174;131;42;land;false;hills;2
1170;229;252;219;land;false;forest;1
1171;29;118;140;land;false;plains;1
1172;84;240;61;land;false;forest;1
1173;140;105;238;land;false;forest;1
1174;195;227;159;land;false;plains;5
1175;251;93;80;land;false;hills;5
1176;50;215;1;land;true;hills;5
1177;106;80;178;land;true;plains;1
1178;161;202;99;land;false;forest;1
1179;217;68;20;land;false;plains;1
1180;16;189;197;land;false;plains;1
1181;72;55;118;land;false;marsh;5
1182;127;177;39;land;false;hills;2
1183;183;42;216;land;false;forest;2
1184;238;164;137;land;true;forest;1
1185;38;30;58;land;false;forest;1
1186;93;151;235;land;false;plains;1
1187;149;17;156;land;false;forest;1
1188;204;139;77;land;false;forest;1
1189;4;4;254;land;false;forest;1
1190;59;126;175;land;false;forest;1
1191;114;248;96;land;false;forest;5
1192;170;114;17;land;false;forest;5
1193;225;235;194;land;true;forest;2
1194;25;101;115;land;false;plains;2
1195;80;223;36;land;true;plains;1
1196;136;88;213;land;true;plains;1
1197;191;210;134;land;false;forest;1
1198;247;76;55;land;false;forest;1
1199;46;197;232;land;false;forest;1
1200;102;63;153;land;false;forest;5
1201;157;185;74;land;false;hills;5
1202;213;50;251;land;false;plains;2
1203;12;172;172;land;false;forest;2
1204;68;38;93;land;true;plains;1
1205;123;160;14;land;false;plains;1
1206;179;25;191;land;false;forest;1
1207;234;147;112;land;false;forest;1
1208;34;13;33;land;false;forest;1
1209;89;134;210;land;false;forest;5
1210;145;0;131;land;false;forest;5
1211;200;122;52;land;false;forest;5
1212;255;243;229;land;false;hills;2
1213;55;109;150;land;true;forest;2
1214;110;231;71;land;false;forest;1
1215;166;96;248;land;false;forest;1
1216;221;218;169;land;false;forest;5
1217;21;84;90;land;false;forest;5
1218;76;206;11;land;false;forest;5
1219;132;71;188;land;false;forest;5
1220;187;193;109;land;false;hills;5
1221;243;59;30;land;false;mountain;5
1222;42;180;207;land;false;hills;5
1223;98;46;128;land;false;forest;2
1224;153;168;49;land;false;forest;1
1225;209;33;226;land;false;forest;1
1226;8;155;147;land;false;forest;1
1227;64;21;68;land;false;forest;1
1228;119;142;245;land;false;hills;5
1229;175;8;166;land;true;mountain;5
1230;230;130;87;land;false;forest;1
1231;29;252;8;land;false;marsh;5
1232;85;117;185;land;false;forest;5
1233;140;239;106;land;false;forest;5
1234;196;105;27;land;false;hills;5
1235;251;226;204;land;false;forest;2
1236;51;92;125;land;false;forest;2
1237;106;214;46;land;false;plains;1
1238;162;79;223;land;true;plains;1
1239;217;201;144;land;false;plains;1
1240;17;67;65;land;false;plains;1
1241;72;188;242;land;false;plains;1
1242;128;54;163;land;false;plains;1
1243;183;176;84;land;false;urban;5
1244;239;42;5;land;false;plains;5
1245;38;163;182;land;false;plains;5
1246;94;29;103;land;false;hills;5
1247;149;151;24;land;true;hills;2
1248;205;16;201;land;true;forest;2
1249;4;138;122;land;true;forest;2
1250;60;4;43;land;false;forest;2
1251;115;125;220;land;true;plains;1
1252;170;247;141;land;false;forest;1
1253;226;113;62;land;false;forest;1
1254;25;234;239;land;false;forest;1
1255;81;100;160;land;false;forest;1
1256;136;222;81;land;false;forest;1
1257;192;88;2;land;false;plains;1
1258;247;209;179;land;false;forest;5
1259;47;75;100;land;true;forest;2
1260;102;197;21;land;false;forest;2
1261;158;62;198;land;false;forest;1
1262;213;184;119;land;false;forest;5
1263;13;50;40;land;false;plains;5
1264;68;171;217;land;false;urban;1
1265;124;37;138;land;false;forest;1
1266;179;159;59;land;false;forest;1
1267;235;24;236;land;false;plains;1
1268;34;146;157;land;false;urban;5
1269;90;12;78;land;false;hills;5
1270;145;133;255;land;false;hills;5
1271;200;255;176;land;false;hills;5
1272;0;121;97;land;false;hills;2
1273;55;243;18;land;false;forest;2
1274;111;108;195;land;true;plains;1
1275;166;230;116;land;true;plains;1
1276;222;96;37;land;true;plains;1
1277;21;217;214;land;false;forest;1
1278;77;83;135;land;false;forest;1
1279;132;205;56;land;false;plains;1
1280;188;70;233;land;false;forest;1
1281;243;192;154;land;false;plains;1
1282;43;58;75;land;false;forest;5
1283;98;179;252;land;false;forest;5
1284;154;45;173;land;true;hills;2
1285;209;167;94;land;true;plains;1
1286;9;33;15;land;false;plains;1
1287;64;154;192;land;false;plains;1
1288;120;20;113;land;false;forest;5
1289;175;142;34;land;false;forest;5
1290;231;7;211;land;false;forest;5
1291;30;129;132;land;true;hills;5
1292;85;251;53;land;true;forest;5
1293;141;116;230;land;false;hills;2
1294;196;238;151;land;false;forest;2
1295;252;104;72;land;false;plains;1
1296;51;225;249;land;false;forest;1
1297;107;91;170;land;false;forest;1
1298;162;213;91;land;false;forest;1
1299;218;79;12;land;false;plains;1
1300;17;200;189;land;false;forest;5
1301;73;66;110;land;false;urban;5
1302;128;188;31;land;false;hills;5
1303;184;53;208;land;true;plains;1
1304;239;175;129;land;true;plains;1
1305;39;41;50;land;false;forest;1
1306;94;162;227;land;false;forest;1
1307;150;28;148;land;false;urban;1
1308;205;150;69;land;false;forest;1
1309;5;15;246;land;false;forest;1
1310;60;137;167;land;false;hills;5
1311;116;3;88;land;true;hills;5
1312;171;125;9;land;false;forest;2
1313;226;246;186;land;false;forest;2
1314;26;112;107;land;true;plains;1
1315;81;234;28;land;false;plains;1
1316;137;99;205;land;false;forest;1
1317;192;221;126;land;false;forest;1
1318;248;87;47;land;false;forest;1
1319;47;208;224;land;false;forest;1
1320;103;74;145;land;false;hills;5
1321;158;196;66;land;false;hills;5
1322;214;61;243;land;false;hills;2
1323;13;183;164;land;false;forest;2
1324;69;49;85;land;false;forest;2
1325;124;171;6;land;false;forest;1
1326;180;36;183;land;false;urban;1
1327;235;158;104;land;false;plains;1
1328;35;24;25;land;false;forest;1
1329;90;145;202;land;false;forest;1
1330;146;11;123;land;false;forest;5
1331;201;133;44;land;true;forest;2
1332;0;254;221;land;false;forest;1
1333;56;120;142;land;false;plains;1
1334;111;242;63;land;false;forest;1
1335;167;107;240;land;false;forest;5
1336;222;229;161;land;false;hills;5
1337;22;95;82;land;false;forest;5
1338;77;217;3;land;false;plains;2
1339;133;82;180;land;false;forest;1
1340;188;204;101;land;false;plains;1
1341;244;70;22;land;false;forest;1
1342;43;191;199;land;false;forest;5
1343;99;57;120;land;false;forest;5
1344;154;179;41;land;false;forest;5
1345;210;44;218;land;false;forest;2
1346;9;166;139;land;true;urban;1
1347;65;32;60;land;false;forest;1
1348;120;153;237;land;false;forest;1
1349;176;19;158;land;false;forest;5
1350;231;141;79;land;false;plains;5
1351;31;7;0;land;false;urban;5
1352;86;128;177;land;false;forest;5
1353;141;250;98;land;false;forest;2
1354;197;116;19;land;true;plains;1
1355;252;237;196;land;true;plains;1
1356;52;103;117;land;false;forest;1
1357;107;225;38;land;false;forest;5
1358;163;90;215;land;false;hills;5
1359;218;212;136;land;false;hills;5
1360;18;78;57;land;false;forest;2
1361;73;199;234;land;false;plains;1
1362;129;65;155;land;true;plains;1
1363;184;187;76;land;true;plains;1
1364;240;52;253;land;false;forest;1
1365;39;174;174;land;false;forest;1
1366;95;40;95;land;false;forest;5
1367;150;162;16;land;false;forest;5
1368;206;27;193;land;false;forest;5
1369;5;149;114;land;false;forest;5
1370;61;15;35;land;false;hills;5
1371;116;136;212;land;false;hills;2
1372;172;2;133;land;true;plains;1
1373;227;124;54;land;false;forest;1
1374;26;245;231;land;false;forest;1
1375;82;111;152;land;false;forest;1
1376;137;233;73;land;false;plains;1
1377;193;98;250;land;false;plains;1
1378;248;220;171;land;false;urban;1
1379;48;86;92;land;false;forest;1
1380;103;208;13;land;true;hills;2
1381;159;73;190;land;false;forest;2
1382;214;195;111;land;false;forest;2
1383;14;61;32;land;false;forest;2
1384;69;182;209;land;false;forest;2
1385;125;48;130;land;false;forest;2
1386;180;170;51;land;false;plains;1
1387;236;35;228;land;false;forest;1
1388;35;157;149;land;false;forest;1
1389;91;23;70;land;false;forest;1
1390;146;144;247;land;false;forest;1
1391;202;10;168;land;false;forest;1
1392;1;132;89;land;false;plains;1
1393;56;254;10;land;false;hills;5
1394;112;119;187;land;true;hills;2
1395;167;241;108;land;false;forest;1
1396;223;107;29;land;false;forest;1
1397;22;228;206;land;false;forest;1
1398;78;94;127;land;false;mountain;5
1399;133;216;48;land;true;plains;1
1400;189;81;225;land;false;plains;1
1401;244;203;146;land;false;forest;1
1402;44;69;67;land;false;forest;1
1403;99;190;244;land;false;forest;5
1404;155;56;165;land;false;forest;5
1405;210;178;86;land;false;hills;5
1406;10;44;7;land;false;hills;5
1407;65;165;184;land;false;plains;2
1408;121;31;105;land;true;plains;1
1409;176;153;26;land;true;plains;1
1410;232;18;203;land;false;plains;1
1411;31;140;124;land;false;forest;1
1412;87;6;45;land;false;forest;1
1413;142;127;222;land;false;plains;5
1414;197;249;143;land;false;forest;5
1415;253;115;64;land;false;hills;2
1416;52;236;241;land;true;plains;2
1417;108;102;162;land;true;forest;2
1418;163;224;83;land;true;plains;1
1419;219;90;4;land;true;plains;1
1420;18;211;181;land;false;hills;5
1421;74;77;102;land;false;plains;1
1422;129;199;23;land;false;plains;1
1423;185;64;200;land;false;forest;1
1424;240;186;121;land;false;forest;1
1425;40;52;42;land;false;forest;1
1426;95;173;219;land;false;forest;1
1427;151;39;140;land;false;forest;1
1428;206;161;61;land;false;forest;5
1429;6;26;238;land;false;forest;5
1430;61;148;159;land;false;hills;5
1431;117;14;80;land;false;hills;5
1432;172;136;1;land;true;hills;5
1433;228;1;178;land;false;hills;2
1434;27;123;99;land;false;forest;2
1435;82;245;20;land;false;forest;1
1436;138;110;197;land;false;forest;1
1437;193;232;118;land;false;forest;1
1438;249;98;39;land;false;forest;1
1439;48;219;216;land;false;forest;1
1440;104;85;137;land;false;forest;1
1441;159;207;58;land;false;forest;5
1442;215;72;235;land;false;forest;5
1443;14;194;156;land;false;forest;5
1444;70;60;77;land;false;plains;5
1445;125;181;254;land;false;hills;2
1446;181;47;175;land;false;forest;2
1447;236;169;96;land;true;plains;1
1448;36;35;17;land;false;plains;1
1449;91;156;194;land;false;forest;1
1450;147;22;115;land;false;forest;1
1451;202;144;36;land;false;forest;1
1452;2;9;213;land;false;forest;1
1453;57;131;134;land;false;forest;1
1454;112;253;55;land;false;forest;5
1455;168;118;232;land;false;hills;5
1456;223;240;153;land;false;forest;5
1457;23;106;74;land;false;plains;5
1458;78;227;251;land;false;mountain;5
1459;134;93;172;land;true;hills;5
1460;189;215;93;land;false;plains;2
1461;245;81;14;land;false;forest;2
1462;44;202;191;land;true;plains;1
1463;100;68;112;land;false;plains;1
1464;155;190;33;land;false;plains;1
1465;211;55;210;land;false;plains;1
1466;10;177;131;land;false;forest;1
1467;66;43;52;land;false;forest;1
1468;121;164;229;land;false;forest;5
1469;177;30;150;land;false;forest;5
1470;232;152;71;land;false;hills;5
1471;32;17;248;land;true;plains;5
1472;87;139;169;land;true;forest;2
1473;143;5;90;land;true;forest;2
1474;198;127;11;land;false;forest;2
1475;253;248;188;land;true;plains;1
1476;53;114;109;land;false;plains;1
1477;108;236;30;land;false;forest;1
1478;164;101;207;land;false;forest;1
1479;219;223;128;land;false;plains;1
1480;19;89;49;land;false;urban;1
1481;74;210;226;land;false;forest;1
1482;130;76;147;land;false;plains;5
1483;185;198;68;land;false;plains;5
1484;241;63;245;land;false;forest;5
1485;40;185;166;land;false;forest;5
1486;96;51;87;land;false;forest;5
1487;151;173;8;land;false;hills;5
1488;207;38;185;land;false;hills;2
1489;6;160;106;land;true;plains;1
1490;62;26;27;land;true;plains;1
1491;117;147;204;land;false;plains;1
1492;173;13;125;land;false;forest;1
1493;228;135;46;land;false;forest;1
1494;28;0;223;land;false;forest;1
1495;83;122;144;land;false;forest;1
1496;138;244;65;land;false;urban;5
1497;194;109;242;land;false;hills;5
1498;249;231;163;land;false;forest;2
1499;49;97;84;land;true;plains;1
1500;104;219;5;land;true;plains;1
1501;160;84;182;land;false;forest;1
1502;215;206;103;land;false;forest;1
1503;15;72;24;land;false;forest;1
1504;70;193;201;land;false;plains;5
1505;126;59;122;land;false;hills;5
1506;181;181;43;land;false;hills;5
1507;237;46;220;land;true;forest;5
1508;36;168;141;land;false;plains;2
1509;92;34;62;land;false;forest;2
1510;147;155;239;land;true;plains;1
1511;203;21;160;land;false;plains;1
1512;2;143;81;land;false;forest;1
1513;58;9;2;land;false;forest;1
1514;113;130;179;land;false;forest;1
1515;168;252;100;land;false;forest;5
1516;224;118;21;land;false;hills;5
1517;23;239;198;land;true;hills;5
1518;79;105;119;land;false;forest;2
1519;134;227;40;land;false;forest;2
1520;190;92;217;land;true;plains;1
1521;245;214;138;land;true;plains;1
1522;45;80;59;land;true;plains;1
1523;100;201;236;land;false;plains;1
1524;156;67;157;land;false;forest;1
1525;211;189;78;land;false;plains;5
1526;11;54;255;land;false;plains;5
1527;66;176;176;land;false;hills;5
1528;122;42;97;land;false;forest;2
1529;177;164;18;land;false;plains;2
1530;233;29;195;land;false;plains;2
1531;32;151;116;land;true;plains;1
1532;88;17;37;land;false;plains;1
1533;143;138;214;land;false;plains;1
1534;199;4;135;land;false;plains;1
1535;254;126;56;land;false;forest;5
1536;53;247;233;land;false;hills;5
1537;109;113;154;land;false;hills;5
1538;164;235;75;land;false;hills;5
1539;220;100;252;land;false;hills;2
1540;19;222;173;land;false;forest;2
1541;75;88;94;land;true;plains;2
1542;130;210;15;land;false;plains;1
1543;186;75;192;land;false;forest;1
1544;241;197;113;land;false;forest;1
1545;41;63;34;land;false;hills;5
1546;96;184;211;land;false;hills;5
1547;152;50;132;land;false;forest;2
1548;207;172;53;land;true;plains;2
1549;7;37;230;land;true;plains;1
1550;62;159;151;land;true;plains;1
1551;118;25;72;land;false;forest;1
1552;173;146;249;land;false;forest;1
1553;229;12;170;land;false;forest;1
1554;28;134;91;land;false;plains;1
1555;84;0;12;land;false;forest;1
1556;139;121;189;land;false;forest;1
1557;194;243;110;land;false;hills;2
1558;250;109;31;land;false;plains;2
1559;49;230;208;land;false;plains;2
1560;105;96;129;land;true;plains;1
1561;160;218;50;land;false;forest;1
1562;216;83;227;land;false;forest;1
1563;15;205;148;land;false;forest;1
1564;71;71;69;land;false;forest;1
1565;126;192;246;land;false;plains;1
1566;182;58;167;land;false;forest;1
1567;237;180;88;land;false;forest;1
1568;37;46;9;land;false;forest;5
1569;92;167;186;land;false;hills;5
1570;148;33;107;land;true;hills;5
1571;203;155;28;land;false;hills;2
1572;3;20;205;land;true;plains;1
1573;58;142;126;land;true;forest;1
1574;114;8;47;land;false;plains;1
1575;169;129;224;land;false;forest;1
1576;224;251;145;land;false;forest;1
1577;24;117;66;land;false;plains;1
1578;79;238;243;land;false;plains;1
1579;135;104;164;land;false;forest;1
1580;190;226;85;land;false;forest;1
1581;246;92;6;land;false;forest;1
1582;45;213;183;land;false;forest;1
1583;101;79;104;land;false;forest;5
1584;156;201;25;land;false;forest;5
1585;212;66;202;land;false;mountain;5
1586;11;188;123;land;false;hills;5
1587;67;54;44;land;false;hills;5
1588;122;175;221;land;true;plains;1
1589;178;41;142;land;true;forest;1
1590;233;163;63;land;true;forest;1
1591;33;28;240;land;false;forest;1
1592;88;150;161;land;false;forest;1
1593;144;16;82;land;false;plains;1
1594;199;138;3;land;false;forest;1
1595;255;3;180;land;false;forest;1
1596;54;125;101;land;false;forest;1
1597;109;247;22;land;false;plains;5
1598;165;112;199;land;false;forest;5
1599;220;234;120;land;true;forest;5
1600;20;100;41;land;true;hills;5
1601;75;221;218;land;true;plains;1
1602;131;87;139;land;false;plains;1
1603;186;209;60;land;true;plains;1
1604;242;74;237;land;false;plains;1
1605;41;196;158;land;false;forest;1
1606;97;62;79;land;false;plains;1
1607;152;184;0;land;false;forest;1
1608;208;49;177;land;false;hills;1
1609;7;171;98;land;false;forest;1
1610;63;37;19;land;false;plains;2
1611;118;158;196;land;false;plains;2
1612;174;24;117;land;true;plains;1
1613;229;146;38;land;true;plains;1
1614;29;11;215;land;false;forest;1
1615;84;133;136;land;false;forest;1
1616;139;255;57;land;false;plains;5
1617;195;120;234;land;false;plains;5
1618;250;242;155;land;false;hills;5
1619;50;108;76;land;true;plains;1
1620;105;229;253;land;false;plains;1
1621;161;95;174;land;true;plains;1
1622;216;217;95;land;false;forest;1
1623;16;83;16;land;false;plains;1
1624;71;204;193;land;false;forest;1
1625;127;70;114;land;false;plains;5
1626;182;192;35;land;false;plains;5
1627;238;57;212;land;false;forest;5
1628;37;179;133;land;false;hills;5
1629;93;45;54;land;false;forest;5
1630;148;166;231;land;true;forest;5
1631;204;32;152;land;true;plains;1
1632;3;154;73;land;true;plains;1
1633;59;19;250;land;false;plains;1
1634;114;141;171;land;false;forest;1
1635;170;7;92;land;false;forest;1
1636;225;129;13;land;false;forest;1
1637;24;250;190;land;false;forest;1
1638;80;116;111;land;false;plains;1
1639;135;238;32;land;false;forest;1
1640;191;103;209;land;false;plains;5
1641;246;225;130;land;false;plains;5
1642;46;91;51;land;false;hills;5
1643;101;212;228;land;true;forest;5
1644;157;78;149;land;true;hills;2
1645;212;200;70;land;true;plains;2
1646;12;65;247;land;true;hills;2
1647;67;187;168;land;false;hills;2
1648;123;53;89;land;false;mountain;2
1649;178;175;10;land;false;plains;2
1650;234;40;187;land;false;plains;1
1651;33;162;108;land;true;plains;1
1652;89;28;29;land;false;plains;1
1653;144;149;206;land;true;forest;1
1654;200;15;127;land;false;forest;1
1655;255;137;48;land;false;forest;1
1656;55;2;225;land;false;plains;5
1657;110;124;146;land;false;forest;5
1658;165;246;67;land;true;forest;5
1659;221;111;244;land;true;plains;1
1660;20;233;165;land;false;plains;1
1661;76;99;86;land;false;forest;1
1662;131;221;7;land;false;plains;1
1663;187;86;184;land;false;plains;1
1664;242;208;105;land;false;plains;5
1665;42;74;26;land;false;plains;5
1666;97;195;203;land;false;hills;5
1667;153;61;124;land;false;forest;5
1668;208;183;45;land;false;marsh;2
1669;8;48;222;land;true;marsh;2
1670;63;170;143;land;false;urban;1
1671;119;36;64;land;false;plains;1
1672;174;157;241;land;false;plains;1
1673;230;23;162;land;false;forest;5
1674;29;145;83;land;false;mountain;2
1675;85;11;4;land;false;forest;2
1676;140;132;181;land;true;forest;1
1677;195;254;102;land;true;forest;1
1678;251;120;23;land;false;plains;1
1679;50;241;200;land;false;forest;1
1680;106;107;121;land;false;plains;1
1681;161;229;42;land;false;forest;1
1682;217;94;219;land;false;plains;5
1683;16;216;140;land;false;hills;5
1684;72;82;61;land;false;hills;5
1685;127;203;238;land;false;plains;2
1686;183;69;159;land;false;forest;2
1687;238;191;80;land;false;plains;2
1688;38;57;1;land;false;plains;1
1689;93;178;178;land;true;plains;1
1690;149;44;99;land;false;urban;1
1691;204;166;20;land;false;plains;1
1692;4;31;197;land;false;plains;1
1693;59;153;118;land;false;forest;1
1694;115;19;39;land;false;forest;5
1695;170;140;216;land;false;forest;5
1696;226;6;137;land;false;forest;5
1697;25;128;58;land;false;hills;5
1698;80;249;235;land;false;plains;2
1699;136;115;156;land;false;plains;1
1700;191;237;77;land;false;forest;1
1701;247;102;254;land;false;forest;1
1702;46;224;175;land;false;plains;1
1703;102;90;96;land;false;plains;1
1704;157;212;17;land;false;plains;1
1705;213;77;194;land;false;hills;5
1706;12;199;115;land;false;plains;2
1707;68;65;36;land;false;forest;2
1708;123;186;213;land;false;urban;1
1709;179;52;134;land;true;plains;1
1710;234;174;55;land;false;forest;1
1711;34;39;232;land;false;forest;1
1712;89;161;153;land;false;forest;1
1713;145;27;74;land;false;plains;1
1714;200;148;251;land;false;forest;1
1715;0;14;172;land;false;forest;1
1716;55;136;93;land;false;plains;1
1717;111;2;14;land;false;plains;1
1718;166;123;191;land;false;plains;5
1719;221;245;112;land;false;hills;5
1720;21;111;33;land;true;mountain;2
1721;76;232;210;land;false;plains;2
1722;132;98;131;land;true;urban;1
1723;187;220;52;land;true;plains;1
1724;243;85;229;land;true;plains;1
1725;42;207;150;land;false;plains;1
1726;98;73;71;land;false;plains;1
1727;153;194;248;land;false;plains;1
1728;209;60;169;land;false;plains;1
1729;8;182;90;land;false;plains;1
1730;64;48;11;land;false;plains;5
1731;119;169;188;land;true;hills;5
1732;175;35;109;land;false;forest;2
1733;230;157;30;land;false;plains;2
1734;30;22;207;land;true;forest;2
1735;85;144;128;land;false;forest;2
1736;141;10;49;land;false;forest;2
1737;196;131;226;land;false;urban;1
1738;251;253;147;land;false;forest;1
1739;51;119;68;land;false;forest;1
1740;106;240;245;land;false;forest;5
1741;162;106;166;land;false;plains;5
1742;217;228;87;land;false;mountain;5
1743;17;94;8;land;false;plains;2
1744;72;215;185;land;false;forest;2
1745;128;81;106;land;false;urban;1
1746;183;203;27;land;false;plains;1
1747;239;68;204;land;false;forest;1
1748;38;190;125;land;false;forest;1
1749;94;56;46;land;false;plains;1
1750;149;177;223;land;false;plains;1
1751;205;43;144;land;false;forest;1
1752;4;165;65;land;false;forest;1
1753;60;30;242;land;false;plains;5
1754;115;152;163;land;false;forest;5
1755;171;18;84;land;false;hills;5
1756;226;140;5;land;false;forest;5
1757;26;5;182;land;false;forest;5
1758;81;127;103;land;false;mountain;2
1759;136;249;24;land;true;plains;2
1760;192;114;201;land;true;plains;1
1761;247;236;122;land;false;plains;1
1762;47;102;43;land;false;forest;1
1763;102;223;220;land;false;plains;1
1764;158;89;141;land;false;plains;1
1765;213;211;62;land;false;plains;1
1766;13;76;239;land;false;forest;1
1767;68;198;160;land;false;plains;1
1768;124;64;81;land;false;plains;5
1769;179;186;2;land;false;plains;5
1770;235;51;179;land;false;hills;5
1771;34;173;100;land;false;hills;5
1772;90;39;21;land;false;hills;5
1773;145;160;198;land;false;hills;5
1774;201;26;119;land;false;hills;2
1775;0;148;40;land;false;plains;2
1776;56;13;217;land;false;plains;2
1777;111;135;138;land;false;forest;1
1778;167;1;59;land;false;plains;1
1779;222;122;236;land;false;forest;1
1780;21;244;157;land;false;plains;1
1781;77;110;78;land;false;forest;1
1782;132;231;255;land;false;forest;1
1783;188;97;176;land;false;forest;1
1784;243;219;97;land;false;plains;2
1785;43;85;18;land;false;plains;1
1786;98;206;195;land;false;plains;1
1787;154;72;116;land;false;plains;1
1788;209;194;37;land;true;plains;1
1789;9;59;214;land;true;plains;1
1790;64;181;135;land;true;plains;1
1791;120;47;56;land;false;forest;1
1792;175;168;233;land;false;forest;1
1793;231;34;154;land;false;plains;1
1794;30;156;75;land;false;urban;1
1795;86;21;252;land;false;hills;5
1796;141;143;173;land;false;plains;2
1797;197;9;94;land;true;plains;1
1798;252;131;15;land;true;plains;1
1799;51;252;192;land;false;plains;1
1800;107;118;113;land;true;plains;1
1801;162;240;34;land;false;forest;1
1802;218;105;211;land;false;forest;1
1803;17;227;132;land;false;forest;1
1804;73;93;53;land;false;forest;1
1805;128;214;230;land;false;plains;1
1806;184;80;151;land;false;plains;1
1807;239;202;72;land;false;plains;5
1808;39;67;249;land;false;forest;5
1809;94;189;170;land;false;hills;5
1810;150;55;91;land;false;plains;2
1811;205;177;12;land;false;forest;2
1812;5;42;189;land;false;plains;1
1813;60;164;110;land;false;plains;1
1814;116;30;31;land;false;plains;1
1815;171;151;208;land;false;forest;1
1816;227;17;129;land;false;forest;1
1817;26;139;50;land;false;forest;1
1818;82;4;227;land;false;plains;1
1819;137;126;148;land;false;forest;1
1820;192;248;69;land;false;forest;1
1821;248;113;246;land;false;plains;5
1822;47;235;167;land;false;plains;5
1823;103;101;88;land;false;plains;5
1824;158;223;9;land;false;mountain;5
1825;214;88;186;land;false;forest;5
1826;13;210;107;land;false;forest;5
1827;69;76;28;land;false;forest;5
1828;124;197;205;land;false;mountain;2
1829;180;63;126;land;true;plains;1
1830;235;185;47;land;false;plains;1
1831;35;50;224;land;false;plains;1
1832;90;172;145;land;false;plains;1
1833;146;38;66;land;false;forest;1
1834;201;159;243;land;false;forest;1
1835;1;25;164;land;false;plains;1
1836;56;147;85;land;false;plains;1
1837;112;13;6;land;false;plains;1
1838;167;134;183;land;false;hills;5
1839;223;0;104;land;true;forest;2
1840;22;122;25;land;false;plains;2
1841;77;243;202;land;false;forest;1
1842;133;109;123;land;false;forest;1
1843;188;231;44;land;false;plains;1
1844;244;96;221;land;false;plains;5
1845;43;218;142;land;false;plains;5
1846;99;84;63;land;false;plains;5
1847;154;205;240;land;false;hills;5
1848;210;71;161;land;false;hills;5
1849;9;193;82;land;false;mountain;2
1850;65;59;3;land;false;plains;2
1851;120;180;180;land;false;marsh;2
1852;176;46;101;land;false;forest;1
1853;231;168;22;land;false;marsh;1
1854;31;33;199;land;false;plains;1
1855;86;155;120;land;false;forest;1
1856;142;21;41;land;false;forest;1
1857;197;142;218;land;false;hills;5
1858;253;8;139;land;false;forest;5
1859;52;130;60;land;false;hills;2
1860;107;251;237;land;false;plains;2
1861;163;117;158;land;false;plains;2
1862;218;239;79;land;false;forest;1
1863;18;105;0;land;false;forest;1
1864;73;226;177;land;false;forest;1
1865;129;92;98;land;false;plains;1
1866;184;214;19;land;false;plains;1
1867;240;79;196;land;false;plains;2
1868;39;201;117;land;true;plains;1
1869;95;67;38;land;false;forest;1
1870;150;188;215;land;false;forest;1
1871;206;54;136;land;false;forest;1
1872;5;176;57;land;false;forest;1
1873;61;41;234;land;false;plains;1
1874;116;163;155;land;false;forest;5
1875;172;29;76;land;false;plains;5
1876;227;150;253;land;false;hills;5
1877;27;16;174;land;false;hills;5
1878;82;138;95;land;false;forest;5
1879;138;4;16;land;true;plains;2
1880;193;125;193;land;false;plains;1
1881;248;247;114;land;true;plains;1
1882;48;113;35;land;false;forest;1
1883;103;234;212;land;false;forest;1
1884;159;100;133;land;false;forest;1
1885;214;222;54;land;false;forest;1
1886;14;87;231;land;false;plains;5
1887;69;209;152;land;false;plains;5
1888;125;75;73;land;false;plains;5
1889;180;196;250;land;false;plains;2
1890;236;62;171;land;true;plains;1
1891;35;184;92;land;false;forest;1
1892;91;50;13;land;false;forest;1
1893;146;171;190;land;false;forest;1
1894;202;37;111;land;false;forest;1
1895;1;159;32;land;false;forest;1
1896;57;24;209;land;false;forest;1
1897;112;146;130;land;false;plains;1
1898;168;12;51;land;false;plains;1
1899;223;133;228;land;false;plains;1
1900;22;255;149;land;false;plains;5
1901;78;121;70;land;false;mountain;5
1902;133;242;247;land;false;hills;5
1903;189;108;168;land;true;hills;5
1904;244;230;89;land;false;hills;2
1905;44;96;10;land;false;plains;2
1906;99;217;187;land;true;forest;2
1907;155;83;108;land;false;urban;1
1908;210;205;29;land;false;plains;1
1909;10;70;206;land;false;plains;1
1910;65;192;127;land;false;plains;1
1911;121;58;48;land;false;forest;1
1912;176;179;225;land;false;forest;1
1913;232;45;146;land;false;plains;1
1914;31;167;67;land;false;plains;1
1915;87;32;244;land;false;plains;1
1916;142;154;165;land;false;forest;1
1917;198;20;86;land;false;hills;5
1918;253;142;7;land;true;forest;5
1919;53;7;184;land;false;plains;2
1920;108;129;105;land;true;plains;1
1921;163;251;26;land;false;plains;1
1922;219;116;203;land;true;urban;1
1923;18;238;124;land;false;forest;1
1924;74;104;45;land;false;forest;1
1925;129;225;222;land;false;forest;1
1926;185;91;143;land;false;plains;1
1927;240;213;64;land;false;plains;1
1928;40;78;241;land;false;plains;1
1929;95;200;162;land;false;plains;5
1930;151;66;83;land;false;plains;5
1931;206;188;4;land;false;plains;5
1932;6;53;181;land;false;hills;5
1933;61;175;102;land;true;plains;1
1934;117;41;23;land;false;plains;1
1935;172;162;200;land;true;plains;1
1936;228;28;121;land;false;forest;1
1937;27;150;42;land;false;plains;1
1938;83;15;219;land;false;forest;1
1939;138;137;140;land;false;plains;1
1940;194;3;61;land;false;plains;1
1941;249;124;238;land;false;plains;1
1942;48;246;159;land;false;forest;1
1943;104;112;80;land;false;plains;5
1944;159;234;1;land;false;plains;5
1945;215;99;178;land;false;plains;1
1946;14;221;99;land;false;plains;1
1947;70;87;20;land;false;forest;1
1948;125;208;197;land;false;forest;1
1949;181;74;118;land;false;urban;1
1950;236;196;39;land;false;plains;1
1951;36;61;216;land;false;plains;1
1952;91;183;137;land;false;plains;1
1953;147;49;58;land;false;plains;1
1954;202;170;235;land;false;forest;1
1955;2;36;156;land;false;forest;1
1956;57;158;77;land;false;plains;5
1957;113;23;254;land;false;mountain;5
1958;168;145;175;land;false;hills;5
1959;224;11;96;land;false;hills;5
1960;23;133;17;land;false;mountain;2
1961;78;254;194;land;false;plains;2
1962;134;120;115;land;true;plains;1
1963;189;242;36;land;true;plains;1
1964;245;107;213;land;false;plains;1
1965;44;229;134;land;false;forest;1
1966;100;95;55;land;false;plains;1
1967;155;216;232;land;false;plains;1
1968;211;82;153;land;false;forest;1
1969;10;204;74;land;false;plains;1
1970;66;69;251;land;false;plains;1
1971;121;191;172;land;false;plains;5
1972;177;57;93;land;false;hills;5
1973;232;179;14;land;false;plains;2
1974;32;44;191;land;false;plains;2
1975;87;166;112;land;true;plains;1
1976;143;32;33;land;false;forest;1
1977;198;153;210;land;false;forest;1
1978;254;19;131;land;false;forest;1
1979;53;141;52;land;false;plains;1
1980;109;6;229;land;false;plains;1
1981;164;128;150;land;false;mountain;5
1982;219;250;71;land;false;plains;1
1983;19;115;248;land;false;forest;1
1984;74;237;169;land;false;plains;1
1985;130;103;90;land;false;plains;1
1986;185;225;11;land;false;plains;1
1987;241;90;188;land;false;plains;1
1988;40;212;109;land;false;plains;1
1989;96;78;30;land;false;plains;5
1990;151;199;207;land;false;plains;5
1991;207;65;128;land;false;mountain;5
1992;6;187;49;land;false;hills;5
1993;62;52;226;land;true;plains;2
1994;117;174;147;land;true;mountain;2
1995;173;40;68;land;false;plains;2
1996;228;161;245;land;false;forest;1
1997;28;27;166;land;false;forest;1
1998;83;149;87;land;false;urban;1
1999;139;15;8;land;false;plains;1
2000;194;136;185;land;false;plains;1
2001;250;2;106;land;false;plains;1
2002;49;124;27;land;false;plains;1
2003;104;245;204;land;false;plains;1
2004;160;111;125;land;false;plains;1
2005;215;233;46;land;false;plains;2
2006;15;98;223;land;true;hills;2
2007;70;220;144;land;false;plains;1
2008;126;86;65;land;false;plains;1
2009;181;207;242;land;true;urban;1
2010;237;73;163;land;false;forest;1
2011;36;195;84;land;false;plains;1
2012;92;61;5;land;false;forest;1
2013;147;182;182;land;false;plains;1
2014;203;48;103;land;false;plains;1
2015;2;170;24;land;false;plains;1
2016;58;35;201;land;false;plains;5
2017;113;157;122;land;false;plains;5
2018;169;23;43;land;false;mountain;5
2019;224;144;220;land;false;hills;2
2020;24;10;141;land;false;plains;2
2021;79;132;62;land;true;plains;2
2022;134;253;239;land;false;forest;1
2023;190;119;160;land;false;forest;1
2024;245;241;81;land;false;forest;1
2025;45;107;2;land;false;plains;1
2026;100;228;179;land;false;plains;1
2027;156;94;100;land;false;mountain;5
2028;211;216;21;land;false;hills;5
2029;11;81;198;land;false;hills;5
2030;66;203;119;land;false;hills;5
2031;122;69;40;land;true;hills;5
2032;177;190;217;land;false;hills;2
2033;233;56;138;land;false;plains;2
2034;32;178;59;land;true;plains;1
2035;88;43;236;land;false;plains;1
2036;143;165;157;land;false;plains;1
2037;199;31;78;land;false;forest;1
2038;254;152;255;land;false;forest;1
2039;54;18;176;land;false;forest;1
2040;109;140;97;land;false;forest;1
2041;165;6;18;land;true;plains;2
2042;220;127;195;land;false;mountain;2
2043;19;249;116;land;false;plains;2
2044;75;115;37;land;false;plains;2
2045;130;236;214;land;false;plains;2
2046;186;102;135;land;true;hills;2
2047;241;224;56;land;false;plains;1
2048;41;89;233;land;false;forest;1
2049;96;211;154;land;false;plains;1
2050;152;77;75;land;false;forest;1
2051;207;198;252;land;false;forest;1
2052;7;64;173;land;false;plains;1
2053;62;186;94;land;false;plains;1
2054;118;52;15;land;false;plains;1
2055;173;173;192;land;false;mountain;5
2056;229;39;113;land;false;mountain;5
2057;28;161;34;land;false;plains;5
2058;84;26;211;land;false;plains;2
2059;139;148;132;land;true;plains;1
2060;195;14;53;land;false;urban;1
2061;250;135;230;land;true;plains;1
2062;50;1;151;land;false;forest;1
2063;105;123;72;land;false;forest;1
2064;160;244;249;land;false;plains;1
2065;216;110;170;land;false;plains;1
2066;15;232;91;land;false;plains;1
2067;71;98;12;land;false;plains;5
2068;126;219;189;land;false;hills;5
2069;182;85;110;land;false;hills;5
2070;237;207;31;land;false;plains;2
2071;37;72;208;land;false;plains;2
2072;92;194;129;land;true;plains;1
2073;148;60;50;land;false;forest;1
2074;203;181;227;land;false;forest;1
2075;3;47;148;land;false;forest;1
2076;58;169;69;land;false;plains;1
2077;114;34;246;land;false;plains;1
2078;169;156;167;land;false;plains;1
2079;225;22;88;land;false;hills;5
2080;24;144;9;land;true;plains;2
2081;80;9;186;land;false;plains;2
2082;135;131;107;land;true;plains;2
2083;190;253;28;land;false;forest;1
2084;246;118;205;land;false;forest;1
2085;45;240;126;land;false;forest;1
2086;101;106;47;land;false;marsh;1
2087;156;227;224;land;false;marsh;1
2088;212;93;145;land;false;plains;1
2089;11;215;66;land;false;plains;1
2090;67;80;243;land;false;plains;1
2091;122;202;164;land;false;plains;1
2092;178;68;85;land;false;hills;5
2093;233;190;6;land;true;mountain;2
2094;33;55;183;land;true;plains;2
2095;88;177;104;land;false;plains;2
2096;144;43;25;land;false;plains;1
2097;199;164;202;land;false;urban;1
2098;255;30;123;land;false;forest;1
2099;54;152;44;land;false;forest;1
2100;110;17;221;land;false;forest;1
2101;165;139;142;land;false;forest;1
2102;221;5;63;land;false;plains;1
2103;20;126;240;land;false;plains;1
2104;75;248;161;land;false;plains;1
2105;131;114;82;land;false;plains;1
2106;186;236;3;land;false;hills;5
2107;242;101;180;land;false;forest;5
2108;41;223;101;land;false;mountain;2
2109;97;89;22;land;false;urban;1
2110;152;210;199;land;false;plains;1
2111;208;76;120;land;false;plains;5
2112;7;198;41;land;false;plains;5
2113;63;63;218;land;false;plains;5
2114;118;185;139;land;false;plains;5
2115;174;51;60;land;false;plains;5
2116;229;172;237;land;false;plains;5
2117;29;38;158;land;false;mountain;2
2118;84;160;79;land;false;plains;2
2119;140;26;0;land;false;plains;1
2120;195;147;177;land;false;plains;1
2121;251;13;98;land;true;forest;1
2122;50;135;19;land;false;forest;1
2123;106;0;196;land;false;plains;1
2124;161;122;117;land;false;forest;1
2125;216;244;38;land;false;plains;1
2126;16;109;215;land;false;forest;1
2127;71;231;136;land;false;forest;1
2128;127;97;57;land;false;plains;1
2129;182;218;234;land;false;plains;1
2130;238;84;155;land;false;plains;1
2131;37;206;76;land;false;plains;5
2132;93;71;253;land;false;plains;5
2133;148;193;174;land;false;plains;2
2134;204;59;95;land;true;hills;2
2135;3;181;16;land;false;forest;1
2136;59;46;193;land;false;forest;1
2137;114;168;114;land;false;forest;1
2138;170;34;35;land;false;forest;1
2139;225;155;212;land;false;forest;1
2140;25;21;133;land;false;forest;1
2141;80;143;54;land;false;plains;1
2142;136;8;231;land;false;plains;1
2143;191;130;152;land;false;plains;1
2144;246;252;73;land;false;plains;5
2145;46;117;250;land;true;hills;5
2146;101;239;171;land;false;plains;2
2147;157;105;92;land;true;plains;2
2148;212;227;13;land;true;plains;2
2149;12;92;190;land;false;plains;1
2150;67;214;111;land;false;forest;1
2151;123;80;32;land;false;forest;1
2152;178;201;209;land;false;hills;1
2153;234;67;130;land;false;plains;1
2154;33;189;51;land;false;forest;1
2155;89;54;228;land;false;forest;1
2156;144;176;149;land;false;plains;1
2157;200;42;70;land;false;plains;1
2158;255;163;247;land;false;plains;1
2159;55;29;168;land;false;urban;1
2160;110;151;89;land;false;plains;5
2161;166;17;10;land;false;plains;5
2162;221;138;187;land;false;plains;5
2163;21;4;108;land;false;hills;5
2164;76;126;29;land;false;mountain;2
2165;131;247;206;land;false;plains;2
2166;187;113;127;land;false;plains;2
2167;242;235;48;land;false;plains;2
2168;42;100;225;land;false;plains;1
2169;97;222;146;land;false;plains;1
2170;153;88;67;land;false;plains;1
2171;208;209;244;land;false;forest;1
2172;8;75;165;land;false;plains;5
2173;63;197;86;land;false;hills;5
2174;119;63;7;land;false;hills;5
2175;174;184;184;land;false;forest;5
2176;230;50;105;land;false;forest;5
2177;29;172;26;land;false;plains;2
2178;85;37;203;land;true;plains;1
2179;140;159;124;land;true;plains;1
2180;196;25;45;land;false;forest;1
2181;251;146;222;land;false;forest;1
2182;51;12;143;land;false;forest;1
2183;106;134;64;land;false;plains;1
2184;161;255;241;land;false;plains;1
2185;217;121;162;land;false;plains;1
2186;16;243;83;land;false;plains;5
2187;72;109;4;land;false;hills;5
2188;127;230;181;land;false;mountain;5
2189;183;96;102;land;false;hills;5
2190;238;218;23;land;false;hills;5
2191;38;83;200;land;false;hills;5
2192;93;205;121;land;false;hills;5
2193;149;71;42;land;false;mountain;2
2194;204;192;219;land;false;mountain;2
2195;4;58;140;land;false;plains;2
2196;59;180;61;land;false;plains;2
2197;115;45;238;land;true;plains;1
2198;170;167;159;land;false;plains;1
2199;226;33;80;land;false;plains;1
2200;25;155;1;land;false;forest;1
2201;81;20;178;land;false;forest;1
2202;136;142;99;land;false;forest;1
2203;192;8;20;land;false;plains;1
2204;247;129;197;land;false;plains;1
2205;46;251;118;land;false;plains;5
2206;102;117;39;land;false;mountain;5
2207;157;238;216;land;false;plains;2
2208;213;104;137;land;true;plains;1
2209;12;226;58;land;true;plains;1
2210;68;91;235;land;true;forest;1
2211;123;213;156;land;false;forest;1
2212;179;79;77;land;false;plains;1
2213;234;200;254;land;false;plains;1
2214;34;66;175;land;false;forest;1
2215;89;188;96;land;false;plains;1
2216;145;54;17;land;false;forest;1
2217;200;175;194;land;false;plains;1
2218;0;41;115;land;false;plains;1
2219;55;163;36;land;false;plains;1
2220;111;28;213;land;false;hills;5
2221;166;150;134;land;false;hills;5
2222;222;16;55;land;false;hills;2
2223;21;137;232;land;false;plains;2
2224;77;3;153;land;false;plains;2
2225;132;125;74;land;false;plains;2
2226;187;246;251;land;false;plains;2
2227;243;112;172;land;true;plains;1
2228;42;234;93;land;true;plains;1
2229;98;100;14;land;true;forest;1
2230;153;221;191;land;false;urban;1
2231;209;87;112;land;false;forest;1
2232;8;209;33;land;false;plains;1
2233;64;74;210;land;false;forest;1
2234;119;196;131;land;false;plains;1
2235;175;62;52;land;false;plains;1
2236;230;183;229;land;false;plains;1
2237;30;49;150;land;false;plains;1
2238;85;171;71;land;false;plains;5
2239;141;36;248;land;true;plains;1
2240;196;158;169;land;true;plains;1
2241;252;24;90;land;false;forest;1
2242;51;146;11;land;false;plains;1
2243;107;11;188;land;false;plains;1
2244;162;133;109;land;false;plains;1
2245;217;255;30;land;false;plains;5
2246;17;120;207;land;false;plains;5
2247;72;242;128;land;false;plains;5
2248;128;108;49;land;false;forest;5
2249;183;229;226;land;false;forest;5
2250;239;95;147;land;false;urban;1
2251;38;217;68;land;false;forest;1
2252;94;82;245;land;false;forest;1
2253;149;204;166;land;false;forest;1
2254;205;70;87;land;false;forest;1
2255;4;192;8;land;false;plains;1
2256;60;57;185;land;false;plains;1
2257;115;179;106;land;false;plains;1
2258;171;45;27;land;false;plains;1
2259;226;166;204;land;false;plains;1
2260;26;32;125;land;false;hills;5
2261;81;154;46;land;true;plains;1
2262;137;19;223;land;true;urban;1
2263;192;141;144;land;false;forest;1
2264;248;7;65;land;false;plains;1
2265;47;128;242;land;false;forest;1
2266;102;250;163;land;false;forest;1
2267;158;116;84;land;false;plains;1
2268;213;238;5;land;false;plains;1
2269;13;103;182;land;false;plains;1
2270;68;225;103;land;false;plains;1
2271;124;91;24;land;false;plains;5
2272;179;212;201;land;false;plains;5
2273;235;78;122;land;false;hills;5
2274;34;200;43;land;false;hills;5
2275;90;65;220;land;true;hills;2
2276;145;187;141;land;false;plains;2
2277;201;53;62;land;true;plains;1
2278;0;174;239;land;true;forest;1
2279;56;40;160;land;false;forest;1
2280;111;162;81;land;false;forest;1
2281;167;28;2;land;false;plains;1
2282;222;149;179;land;false;plains;1
2283;22;15;100;land;false;forest;1
2284;77;137;21;land;false;plains;1
2285;133;2;198;land;false;plains;5
2286;188;124;119;land;false;plains;5
2287;243;246;40;land;false;plains;5
2288;43;111;217;land;false;plains;5
2289;98;233;138;land;false;mountain;5
2290;154;99;59;land;false;plains;5
2291;209;220;236;land;true;plains;2
2292;9;86;157;land;false;plains;2
2293;64;208;78;land;false;hills;2
2294;120;73;255;land;false;plains;1
2295;175;195;176;land;false;forest;1
2296;231;61;97;land;false;forest;1
2297;30;183;18;land;false;forest;1
2298;86;48;195;land;false;forest;1
2299;141;170;116;land;false;plains;1
2300;197;36;37;land;false;plains;5
2301;252;157;214;land;false;hills;5
2302;52;23;135;land;false;hills;5
2303;107;145;56;land;false;forest;5
2304;163;10;233;land;false;hills;2
2305;218;132;154;land;false;plains;2
2306;17;254;75;land;false;plains;1
2307;73;119;252;land;false;forest;1
2308;128;241;173;land;false;forest;1
2309;184;107;94;land;false;plains;1
2310;239;229;15;land;false;plains;5
2311;39;94;192;land;false;hills;5
2312;94;216;113;land;false;hills;5
2313;150;82;34;land;true;hills;5
2314;205;203;211;land;false;plains;2
2315;5;69;132;land;false;plains;2
2316;60;191;53;land;false;forest;1
2317;116;56;230;land;false;forest;1
2318;171;178;151;land;false;plains;1
2319;227;44;72;land;false;plains;5
2320;26;165;249;land;false;plains;5
2321;82;31;170;land;false;mountain;5
2322;137;153;91;land;false;mountain;2
2323;193;19;12;land;false;plains;2
2324;248;140;189;land;false;forest;1
2325;48;6;110;land;false;forest;1
2326;103;128;31;land;false;hills;1
2327;158;249;208;land;false;forest;1
2328;214;115;129;land;false;plains;1
2329;13;237;50;land;false;plains;1
2330;69;102;227;land;false;plains;1
2331;124;224;148;land;false;plains;5
2332;180;90;69;land;false;hills;5
2333;235;211;246;land;false;mountain;2
2334;35;77;167;land;false;hills;2
2335;90;199;88;land;false;plains;2
2336;146;65;9;land;true;plains;1
2337;201;186;186;land;false;forest;1
2338;1;52;107;land;false;plains;1
2339;56;174;28;land;false;forest;1
2340;112;39;205;land;false;plains;1
2341;167;161;126;land;false;plains;1
2342;223;27;47;land;false;plains;1
2343;22;148;224;land;false;plains;1
2344;78;14;145;land;false;plains;1
2345;133;136;66;land;false;plains;5
2346;189;1;243;land;false;plains;5
2347;244;123;164;land;false;plains;5
2348;43;245;85;land;false;mountain;5
2349;99;111;6;land;false;mountain;2
2350;154;232;183;land;false;plains;2
2351;210;98;104;land;false;plains;2
2352;9;220;25;land;true;plains;2
2353;65;85;202;land;false;forest;1
2354;120;207;123;land;false;forest;1
2355;176;73;44;land;false;forest;1
2356;231;194;221;land;false;forest;1
2357;31;60;142;land;false;forest;1
2358;86;182;63;land;false;urban;1
2359;142;47;240;land;false;plains;5
2360;197;169;161;land;true;forest;5
2361;253;35;82;land;false;mountain;2
2362;52;157;3;land;false;plains;2
2363;108;22;180;land;false;plains;2
2364;163;144;101;land;false;plains;2
2365;219;10;22;land;false;forest;1
2366;18;131;199;land;false;forest;1
2367;73;253;120;land;false;plains;1
2368;129;119;41;land;false;plains;5
2369;184;240;218;land;false;plains;5
2370;240;106;139;land;false;hills;5
2371;39;228;60;land;false;forest;5
2372;95;93;237;land;false;plains;2
2373;150;215;158;land;true;forest;2
2374;206;81;79;land;false;forest;1
2375;5;203;0;land;false;urban;1
2376;61;68;177;land;false;forest;1
2377;116;190;98;land;false;plains;1
2378;172;56;19;land;false;forest;1
2379;227;177;196;land;false;plains;1
2380;27;43;117;land;false;plains;5
2381;82;165;38;land;false;hills;5
2382;138;30;215;land;true;hills;5
2383;193;152;136;land;true;mountain;2
2384;249;18;57;land;false;mountain;2
2385;48;139;234;land;false;forest;1
2386;104;5;155;land;false;plains;1
2387;159;127;76;land;false;forest;1
2388;214;248;253;land;false;forest;1
2389;14;114;174;land;false;forest;1
2390;69;236;95;land;false;hills;1
2391;125;102;16;land;false;forest;1
2392;180;223;193;land;false;forest;1
2393;236;89;114;land;false;forest;1
2394;35;211;35;land;false;forest;1
2395;91;76;212;land;false;plains;1
2396;146;198;133;land;false;plains;1
2397;202;64;54;land;false;plains;1
2398;1;185;231;land;false;plains;1
2399;57;51;152;land;false;hills;5
2400;112;173;73;land;false;plains;2
2401;168;38;250;land;false;plains;2
2402;223;160;171;land;true;forest;1
2403;23;26;92;land;false;plains;1
2404;78;148;13;land;false;forest;1
2405;134;13;190;land;false;forest;1
2406;189;135;111;land;false;urban;1
2407;245;1;32;land;false;forest;1
2408;44;122;209;land;false;forest;1
2409;99;244;130;land;false;urban;1
2410;155;110;51;land;false;plains;1
2411;210;231;228;land;false;plains;5
2412;10;97;149;land;false;plains;5
2413;65;219;70;land;false;mountain;5
2414;121;84;247;land;false;hills;5
2415;176;206;168;land;true;plains;2
2416;232;72;89;land;false;plains;1
2417;31;194;10;land;false;forest;1
2418;87;59;187;land;false;forest;1
2419;142;181;108;land;false;forest;1
2420;198;47;29;land;false;forest;1
2421;253;168;206;land;false;forest;1
2422;53;34;127;land;false;plains;1
2423;108;156;48;land;false;plains;5
2424;164;21;225;land;false;hills;5
2425;219;143;146;land;false;hills;5
2426;19;9;67;land;false;hills;5
2427;74;130;244;land;false;forest;5
2428;129;252;165;land;false;plains;5
2429;185;118;86;land;false;plains;2
2430;240;240;7;land;false;plains;2
2431;40;105;184;land;false;forest;2
2432;95;227;105;land;false;forest;2
2433;151;93;26;land;false;plains;2
2434;206;214;203;land;false;plains;2
2435;6;80;124;land;false;forest;1
2436;61;202;45;land;false;forest;1
2437;117;67;222;land;false;forest;1
2438;172;189;143;land;false;plains;1
2439;228;55;64;land;false;plains;1
2440;27;176;241;land;false;plains;1
2441;83;42;162;land;false;plains;1
2442;138;164;83;land;false;plains;5
2443;194;30;4;land;false;plains;5
2444;249;151;181;land;false;plains;5
2445;49;17;102;land;false;mountain;5
2446;104;139;23;land;false;hills;5
2447;160;4;200;land;false;forest;5
2448;215;126;121;land;false;mountain;2
2449;14;248;42;land;false;plains;2
2450;70;113;219;land;false;plains;2
2451;125;235;140;land;true;forest;2
2452;181;101;61;land;false;forest;1
2453;236;222;238;land;false;urban;1
2454;36;88;159;land;false;plains;1
2455;91;210;80;land;false;plains;1
2456;147;76;1;land;false;plains;1
2457;202;197;178;land;false;plains;5
2458;2;63;99;land;false;hills;5
2459;57;185;20;land;false;mountain;5
2460;113;50;197;land;false;hills;5
2461;168;172;118;land;false;forest;5
2462;224;38;39;land;false;forest;5
2463;23;159;216;land;true;hills;2
2464;79;25;137;land;false;plains;2
2465;134;147;58;land;false;forest;1
2466;190;12;235;land;false;forest;1
2467;245;134;156;land;false;forest;1
2468;45;0;77;land;false;plains;1
2469;100;121;254;land;false;plains;1
2470;155;243;175;land;false;hills;5
2471;211;109;96;land;false;hills;2
2472;10;231;17;land;false;hills;2
2473;66;96;194;land;true;forest;1
2474;121;218;115;land;false;forest;1
2475;177;84;36;land;false;urban;1
2476;232;205;213;land;false;plains;1
2477;32;71;134;land;false;plains;1
2478;87;193;55;land;false;plains;1
2479;143;58;232;land;false;plains;5
2480;198;180;153;land;false;hills;5
2481;254;46;74;land;false;forest;1
2482;53;167;251;land;false;forest;1
2483;109;33;172;land;false;forest;1
2484;164;155;93;land;false;forest;1
2485;220;21;14;land;false;hills;1
2486;19;142;191;land;false;forest;1
2487;75;8;112;land;false;plains;1
2488;130;130;33;land;false;mountain;5
2489;185;251;210;land;false;forest;5
2490;241;117;131;land;false;hills;2
2491;40;239;52;land;true;plains;2
2492;96;104;229;land;true;forest;1
2493;151;226;150;land;false;forest;1
2494;207;92;71;land;false;forest;1
2495;6;213;248;land;false;forest;1
2496;62;79;169;land;false;forest;1
2497;117;201;90;land;false;forest;1
2498;173;67;11;land;false;forest;1
2499;228;188;188;land;false;plains;1
2500;28;54;109;land;false;plains;5
2501;83;176;30;land;false;plains;5
2502;139;41;207;land;false;plains;5
2503;194;163;128;land;false;hills;5
2504;250;29;49;land;false;mountain;5
2505;49;150;226;land;false;plains;5
2506;105;16;147;land;false;forest;5
2507;160;138;68;land;false;forest;5
2508;216;3;245;land;false;hills;5
2509;15;125;166;land;true;hills;5
2510;70;247;87;land;false;mountain;2
2511;126;113;8;land;false;forest;2
2512;181;234;185;land;false;forest;1
2513;237;100;106;land;false;hills;1
2514;36;222;27;land;false;hills;1
2515;92;87;204;land;false;forest;1
2516;147;209;125;land;false;forest;1
2517;203;75;46;land;false;forest;1
2518;2;196;223;land;false;forest;1
2519;58;62;144;land;false;plains;1
2520;113;184;65;land;false;plains;5
2521;169;49;242;land;true;plains;1
2522;224;171;163;land;false;forest;1
2523;24;37;84;land;false;forest;1
2524;79;159;5;land;false;forest;1
2525;135;24;182;land;false;forest;1
2526;190;146;103;land;false;plains;1
2527;246;12;24;land;false;hills;1
2528;45;133;201;land;false;forest;1
2529;100;255;122;land;false;forest;1
2530;156;121;43;land;false;plains;1
2531;211;242;220;land;false;plains;5
2532;11;108;141;land;false;plains;5
2533;66;230;62;land;false;plains;5
2534;122;95;239;land;false;plains;5
2535;177;217;160;land;true;urban;2
2536;233;83;81;land;true;forest;1
2537;32;205;2;land;false;forest;1
2538;88;70;179;land;false;plains;1
2539;143;192;100;land;false;plains;1
2540;199;58;21;land;false;plains;5
2541;254;179;198;land;false;mountain;5
2542;54;45;119;land;false;plains;5
2543;109;167;40;land;false;forest;5
2544;165;32;217;land;false;forest;5
2545;220;154;138;land;true;plains;2
2546;20;20;59;land;false;plains;1
2547;75;141;236;land;false;forest;1
2548;131;7;157;land;false;plains;1
2549;186;129;78;land;false;plains;1
2550;241;250;255;land;false;plains;5
2551;41;116;176;land;false;hills;5
2552;96;238;97;land;false;hills;5
2553;152;104;18;land;false;forest;2
2554;207;225;195;land;false;plains;2
2555;7;91;116;land;false;plains;1
2556;62;213;37;land;false;forest;1
2557;118;78;214;land;false;forest;1
2558;173;200;135;land;false;hills;1
2559;229;66;56;land;false;plains;1
2560;28;187;233;land;false;plains;5
2561;84;53;154;land;false;plains;5
2562;139;175;75;land;true;hills;2
2563;195;40;252;land;false;forest;1
2564;250;162;173;land;false;forest;1
2565;50;28;94;land;false;forest;1
2566;105;150;15;land;false;forest;1
2567;161;15;192;land;false;forest;1
2568;216;137;113;land;false;hills;1
2569;16;3;34;land;false;forest;1
2570;71;124;211;land;false;plains;1
2571;126;246;132;land;false;plains;1
2572;182;112;53;land;false;plains;1
2573;237;233;230;land;false;plains;5
2574;37;99;151;land;false;forest;5
2575;92;221;72;land;false;plains;2
2576;148;86;249;land;true;plains;2
2577;203;208;170;land;true;forest;1
2578;3;74;91;land;false;forest;1
2579;58;196;12;land;false;forest;1
2580;114;61;189;land;false;forest;1
2581;169;183;110;land;false;forest;1
2582;225;49;31;land;false;forest;1
2583;24;170;208;land;false;forest;1
2584;80;36;129;land;false;forest;1
2585;135;158;50;land;false;forest;1
2586;191;23;227;land;false;plains;1
2587;246;145;148;land;false;plains;1
2588;46;11;69;land;false;plains;1
2589;101;132;246;land;false;hills;5
2590;156;254;167;land;false;hills;5
2591;212;120;88;land;true;forest;1
2592;11;242;9;land;false;forest;1
2593;67;107;186;land;false;hills;1
2594;122;229;107;land;false;hills;1
2595;178;95;28;land;false;forest;1
2596;233;216;205;land;false;plains;1
2597;33;82;126;land;false;plains;5
2598;88;204;47;land;false;forest;2
2599;144;69;224;land;false;forest;2
2600;199;191;145;land;true;forest;1
2601;255;57;66;land;false;forest;1
2602;54;178;243;land;false;forest;1
2603;110;44;164;land;false;plains;1
2604;165;166;85;land;false;plains;1
2605;221;32;6;land;false;plains;1
2606;20;153;183;land;false;plains;5
2607;76;19;104;land;false;hills;5
2608;131;141;25;land;false;plains;5
2609;187;6;202;land;false;forest;5
2610;242;128;123;land;false;plains;5
2611;41;250;44;land;true;hills;5
2612;97;115;221;land;false;forest;2
2613;152;237;142;land;false;plains;2
2614;208;103;63;land;true;hills;2
2615;7;224;240;land;false;plains;1
2616;63;90;161;land;false;forest;1
2617;118;212;82;land;false;forest;1
2618;174;78;3;land;false;plains;1
2619;229;199;180;land;false;plains;1
2620;29;65;101;land;false;plains;1
2621;84;187;22;land;false;plains;5
2622;140;52;199;land;false;plains;5
2623;195;174;120;land;false;hills;5
2624;251;40;41;land;true;hills;2
2625;50;161;218;land;false;plains;2
2626;106;27;139;land;false;plains;2
2627;161;149;60;land;true;plains;2
2628;217;14;237;land;true;forest;1
2629;16;136;158;land;false;urban;1
2630;72;2;79;land;false;plains;1
2631;127;124;0;land;false;forest;1
2632;182;245;177;land;false;plains;1
2633;238;111;98;land;false;plains;1
2634;37;233;19;land;false;plains;1
2635;93;98;196;land;false;plains;1
2636;148;220;117;land;false;urban;1
2637;204;86;38;land;false;plains;5
2638;3;207;215;land;false;plains;5
2639;59;73;136;land;false;plains;5
2640;114;195;57;land;false;mountain;5
2641;170;60;234;land;false;mountain;5
2642;225;182;155;land;false;plains;5
2643;25;48;76;land;true;plains;2
2644;80;169;253;land;true;plains;2
2645;136;35;174;land;false;forest;1
2646;191;157;95;land;false;forest;1
2647;247;23;16;land;false;plains;1
2648;46;144;193;land;false;forest;1
2649;102;10;114;land;false;hills;1
2650;157;132;35;land;false;plains;1
2651;212;253;212;land;false;plains;1
2652;12;119;133;land;false;forest;1
2653;67;241;54;land;false;forest;1
2654;123;106;231;land;false;forest;1
2655;178;228;152;land;false;forest;1
2656;234;94;73;land;false;hills;1
2657;33;215;250;land;false;plains;1
2658;89;81;171;land;false;forest;1
2659;144;203;92;land;false;plains;1
2660;200;69;13;land;false;plains;1
2661;255;190;190;land;false;plains;5
2662;55;56;111;land;false;mountain;5
2663;110;178;32;land;false;mountain;5
2664;166;43;209;land;false;hills;5
2665;221;165;130;land;false;plains;5
2666;21;31;51;land;true;hills;2
2667;76;152;228;land;false;hills;2
2668;132;18;149;land;false;mountain;2
2669;187;140;70;land;false;hills;2
2670;243;5;247;land;false;hills;2
2671;42;127;168;land;false;hills;2
2672;97;249;89;land;false;hills;2
2673;153;115;10;land;false;mountain;2
2674;208;236;187;land;false;hills;2
2675;8;102;108;land;false;hills;2
2676;63;224;29;land;false;hills;2
2677;119;89;206;land;false;hills;2
2678;174;211;127;land;false;plains;2
2679;230;77;48;land;false;plains;2
2680;29;198;225;land;false;plains;2
2681;85;64;146;land;false;plains;2
2682;140;186;67;land;false;plains;2
2683;196;51;244;land;false;plains;2
2684;251;173;165;land;false;plains;2
2685;51;39;86;land;false;plains;2
2686;106;161;7;land;false;plains;2
2687;162;26;184;land;false;plains;2
2688;217;148;105;land;false;plains;2
2689;17;14;26;land;false;plains;2
2690;72;135;203;land;false;forest;1
2691;128;1;124;land;false;plains;1
2692;183;123;45;land;false;plains;1
2693;238;244;222;land;false;hills;1
2694;38;110;143;land;false;plains;1
2695;93;232;64;land;false;plains;1
2696;149;97;241;land;false;plains;5
2697;204;219;162;land;false;plains;5
2698;4;85;83;land;false;hills;5
2699;59;207;4;land;false;plains;5
2700;115;72;181;land;false;plains;5
2701;170;194;102;land;false;forest;5
2702;226;60;23;land;false;plains;2
2703;25;181;200;land;false;forest;1
2704;81;47;121;land;false;urban;1
2705;136;169;42;land;false;hills;1
2706;192;34;219;land;false;forest;1
2707;247;156;140;land;false;plains;1
2708;47;22;61;land;false;plains;1
2709;102;143;238;land;false;plains;1
2710;158;9;159;land;false;plains;5
2711;213;131;80;land;false;hills;5
2712;12;253;1;land;true;forest;1
2713;68;118;178;land;false;forest;1
2714;123;240;99;land;false;forest;1
2715;179;106;20;land;false;forest;1
2716;234;227;197;land;false;hills;1
2717;34;93;118;land;false;hills;1
2718;89;215;39;land;false;plains;1
2719;145;80;216;land;false;plains;1
2720;200;202;137;land;false;plains;5
2721;0;68;58;land;false;mountain;5
2722;55;189;235;land;false;hills;5
2723;111;55;156;land;false;forest;5
2724;166;177;77;land;true;hills;2
2725;222;42;254;land;false;forest;1
2726;21;164;175;land;false;forest;1
2727;77;30;96;land;false;forest;1
2728;132;152;17;land;false;plains;1
2729;188;17;194;land;false;plains;1
2730;243;139;115;land;false;plains;5
2731;43;5;36;land;false;plains;5
2732;98;126;213;land;false;hills;5
2733;153;248;134;land;false;forest;5
2734;209;114;55;land;false;forest;5
2735;8;235;232;land;true;plains;1
2736;64;101;153;land;false;forest;1
2737;119;223;74;land;false;forest;1
2738;175;88;251;land;false;forest;1
2739;230;210;172;land;false;forest;1
2740;30;76;93;land;false;forest;1
2741;85;198;14;land;false;hills;1
2742;141;63;191;land;false;hills;1
2743;196;185;112;land;false;plains;1
2744;252;51;33;land;false;plains;5
2745;51;172;210;land;false;hills;5
2746;107;38;131;land;false;plains;2
2747;162;160;52;land;true;plains;2
2748;218;25;229;land;true;plains;2
2749;17;147;150;land;true;forest;1
2750;73;13;71;land;false;plains;1
2751;128;134;248;land;false;plains;1
2752;184;0;169;land;false;forest;1
2753;239;122;90;land;false;forest;1
2754;38;244;11;land;false;hills;1
2755;94;109;188;land;false;plains;1
2756;149;231;109;land;false;forest;1
2757;205;97;30;land;false;plains;1
2758;4;218;207;land;false;plains;1
2759;60;84;128;land;false;plains;1
2760;115;206;49;land;false;plains;5
2761;171;71;226;land;false;plains;5
2762;226;193;147;land;false;forest;5
2763;26;59;68;land;false;hills;2
2764;81;180;245;land;false;plains;2
2765;137;46;166;land;false;plains;1
2766;192;168;87;land;false;forest;1
2767;248;34;8;land;false;hills;1
2768;47;155;185;land;false;plains;1
2769;103;21;106;land;false;urban;1
2770;158;143;27;land;false;plains;1
2771;214;8;204;land;false;plains;1
2772;13;130;125;land;false;plains;1
2773;68;252;46;land;false;plains;1
2774;124;117;223;land;true;plains;5
2775;179;239;144;land;false;plains;5
2776;235;105;65;land;false;mountain;5
2777;34;226;242;land;false;mountain;5
2778;90;92;163;land;false;forest;1
2779;145;214;84;land;false;forest;1
2780;201;80;5;land;false;hills;1
2781;0;201;182;land;false;plains;1
2782;56;67;103;land;false;forest;1
2783;111;189;24;land;false;forest;1
2784;167;54;201;land;false;plains;5
2785;222;176;122;land;false;plains;5
2786;22;42;43;land;false;plains;5
2787;77;163;220;land;false;hills;5
2788;133;29;141;land;false;mountain;2
2789;188;151;62;land;false;forest;2
2790;244;16;239;land;false;plains;2
2791;43;138;160;land;true;plains;2
2792;99;4;81;land;false;forest;1
2793;154;126;2;land;false;hills;1
2794;209;247;179;land;false;plains;1
2795;9;113;100;land;false;plains;1
2796;64;235;21;land;false;plains;1
2797;120;100;198;land;false;plains;1
2798;175;222;119;land;false;plains;1
2799;231;88;40;land;false;plains;1
2800;30;209;217;land;false;urban;5
2801;86;75;138;land;false;plains;5
2802;141;197;59;land;false;plains;2
2803;197;62;236;land;false;forest;2
2804;252;184;157;land;false;forest;1
2805;52;50;78;land;false;urban;1
2806;107;171;255;land;false;plains;1
2807;163;37;176;land;false;hills;1
2808;218;159;97;land;false;forest;1
2809;18;25;18;land;false;hills;1
2810;73;146;195;land;false;plains;1
2811;129;12;116;land;false;plains;5
2812;184;134;37;land;false;plains;5
2813;239;255;214;land;false;mountain;5
2814;39;121;135;land;false;mountain;5
2815;94;243;56;land;false;mountain;5
2816;150;108;233;land;false;hills;5
2817;205;230;154;land;true;hills;5
2818;5;96;75;land;true;plains;2
2819;60;217;252;land;false;forest;2
2820;116;83;173;land;false;forest;2
2821;171;205;94;land;false;hills;1
2822;227;71;15;land;false;hills;1
2823;26;192;192;land;false;hills;1
2824;82;58;113;land;false;hills;1
2825;137;180;34;land;false;forest;1
2826;193;45;211;land;false;plains;1
2827;248;167;132;land;false;plains;5
2828;48;33;53;land;false;plains;5
2829;103;154;230;land;false;hills;5
2830;159;20;151;land;false;mountain;5
2831;214;142;72;land;false;hills;5
2832;14;7;249;land;false;plains;5
2833;69;129;170;land;false;forest;5
2834;124;251;91;land;false;plains;2
2835;180;117;12;land;false;plains;1
2836;235;238;189;land;false;forest;1
2837;35;104;110;land;false;forest;1
2838;90;226;31;land;false;plains;1
2839;146;91;208;land;false;forest;1
2840;201;213;129;land;false;plains;1
2841;1;79;50;land;false;plains;1
2842;56;200;227;land;false;hills;5
2843;112;66;148;land;false;plains;5
2844;167;188;69;land;false;forest;5
2845;223;53;246;land;false;hills;2
2846;22;175;167;land;false;mountain;2
2847;78;41;88;land;true;forest;1
2848;133;163;9;land;false;forest;1
2849;189;28;186;land;false;urban;1
2850;244;150;107;land;false;forest;1
2851;44;16;28;land;false;forest;1
2852;99;137;205;land;false;plains;1
2853;155;3;126;land;false;plains;1
2854;210;125;47;land;false;plains;1
2855;9;246;224;land;false;plains;1
2856;65;112;145;land;false;plains;1
2857;120;234;66;land;false;plains;1
2858;176;99;243;land;false;plains;1
2859;231;221;164;land;false;plains;5
2860;31;87;85;land;false;plains;5
2861;86;209;6;land;false;hills;5
2862;142;74;183;land;true;hills;2
2863;197;196;104;land;true;mountain;2
2864;253;62;25;land;false;forest;2
2865;52;183;202;land;true;plains;2
2866;108;49;123;land;false;forest;1
2867;163;171;44;land;false;hills;1
2868;219;36;221;land;false;forest;1
2869;18;158;142;land;false;plains;1
2870;74;24;63;land;false;plains;1
2871;129;145;240;land;false;urban;1
2872;185;11;161;land;false;plains;1
2873;240;133;82;land;false;plains;5
2874;39;255;3;land;false;urban;2
2875;95;120;180;land;true;forest;2
2876;150;242;101;land;false;forest;1
2877;206;108;22;land;false;forest;1
2878;5;229;199;land;false;plains;1
2879;61;95;120;land;false;hills;1
2880;116;217;41;land;false;plains;1
2881;172;82;218;land;false;plains;1
2882;227;204;139;land;false;plains;1
2883;27;70;60;land;false;plains;5
2884;82;191;237;land;false;mountain;5
2885;138;57;158;land;false;mountain;5
2886;193;179;79;land;false;plains;5
2887;249;45;0;land;false;forest;5
2888;48;166;177;land;false;plains;2
2889;104;32;98;land;false;forest;2
2890;159;154;19;land;false;forest;1
2891;215;19;196;land;false;plains;1
2892;14;141;117;land;false;forest;1
2893;70;7;38;land;false;hills;1
2894;125;128;215;land;false;hills;1
2895;180;250;136;land;false;hills;1
2896;236;116;57;land;false;plains;1
2897;35;237;234;land;false;plains;1
2898;91;103;155;land;false;plains;1
2899;146;225;76;land;false;hills;5
2900;202;90;253;land;false;hills;5
2901;1;212;174;land;false;plains;5
2902;57;78;95;land;false;forest;5
2903;112;200;16;land;false;forest;5
2904;168;65;193;land;true;plains;2
2905;223;187;114;land;false;forest;2
2906;23;53;35;land;true;plains;2
2907;78;174;212;land;false;plains;1
2908;134;40;133;land;false;forest;1
2909;189;162;54;land;false;forest;1
2910;245;27;231;land;false;forest;1
2911;44;149;152;land;false;hills;1
2912;100;15;73;land;false;plains;1
2913;155;136;250;land;true;plains;5
2914;211;2;171;land;false;mountain;5
2915;10;124;92;land;false;plains;5
2916;65;246;13;land;false;plains;2
2917;121;111;190;land;false;plains;2
2918;176;233;111;land;false;forest;2
2919;232;99;32;land;false;plains;2
2920;31;220;209;land;false;forest;2
2921;87;86;130;land;false;hills;1
2922;142;208;51;land;false;hills;1
2923;198;73;228;land;false;forest;1
2924;253;195;149;land;false;forest;1
2925;53;61;70;land;false;plains;1
2926;108;182;247;land;false;plains;1
2927;164;48;168;land;false;plains;5
2928;219;170;89;land;false;forest;5
2929;19;36;10;land;false;forest;5
2930;74;157;187;land;false;forest;5
2931;130;23;108;land;true;plains;5
2932;185;145;29;land;false;hills;2
2933;241;10;206;land;true;forest;1
2934;40;132;127;land;false;forest;1
2935;95;254;48;land;false;hills;1
2936;151;119;225;land;false;plains;1
2937;206;241;146;land;false;hills;1
2938;6;107;67;land;false;plains;1
2939;61;228;244;land;true;plains;1
2940;117;94;165;land;false;plains;5
2941;172;216;86;land;false;plains;5
2942;228;82;7;land;false;hills;2
2943;27;203;184;land;false;mountain;2
2944;83;69;105;land;false;hills;2
2945;138;191;26;land;false;plains;2
2946;194;56;203;land;false;plains;2
2947;249;178;124;land;false;forest;1
2948;49;44;45;land;false;hills;1
2949;104;165;222;land;false;forest;1
2950;160;31;143;land;true;plains;1
2951;215;153;64;land;true;plains;1
2952;15;18;241;land;false;plains;1
2953;70;140;162;land;true;plains;5
2954;126;6;83;land;false;plains;5
2955;181;128;4;land;false;hills;5
2956;236;249;181;land;false;hills;5
2957;36;115;102;land;false;hills;5
2958;91;237;23;land;false;plains;5
2959;147;102;200;land;false;hills;2
2960;202;224;121;land;false;forest;1
2961;2;90;42;land;false;forest;1
2962;57;211;219;land;false;forest;1
2963;113;77;140;land;false;hills;1
2964;168;199;61;land;false;hills;1
2965;224;64;238;land;false;forest;1
2966;23;186;159;land;false;forest;1
2967;79;52;80;land;true;plains;1
2968;134;174;1;land;false;plains;1
2969;190;39;178;land;false;plains;1
2970;245;161;99;land;false;plains;5
2971;45;27;20;land;false;plains;5
2972;100;148;197;land;false;mountain;5
2973;156;14;118;land;false;forest;2
2974;211;136;39;land;false;plains;1
2975;11;1;216;land;false;mountain;1
2976;66;123;137;land;false;plains;1
2977;121;245;58;land;true;plains;1
2978;177;110;235;land;false;plains;5
2979;232;232;156;land;false;mountain;5
2980;32;98;77;land;false;mountain;5
2981;87;219;254;land;false;hills;5
2982;143;85;175;land;false;hills;5
2983;198;207;96;land;false;forest;5
2984;254;73;17;land;false;hills;2
2985;53;194;194;land;false;mountain;2
2986;109;60;115;land;false;plains;2
2987;164;182;36;land;false;plains;2
2988;220;47;213;land;false;plains;2
2989;19;169;134;land;false;plains;2
2990;75;35;55;land;false;forest;2
2991;130;156;232;land;false;forest;1
2992;186;22;153;land;false;plains;1
2993;241;144;74;land;false;forest;1
2994;41;9;251;land;false;forest;1
2995;96;131;172;land;false;urban;1
2996;151;253;93;land;false;mountain;1
2997;207;119;14;land;false;mountain;1
2998;6;240;191;land;false;mountain;1
2999;62;106;112;land;false;mountain;1
3000;117;228;33;land;false;urban;1
3001;173;93;210;land;false;forest;1
3002;228;215;131;land;false;forest;1
3003;28;81;52;land;false;forest;1
3004;83;202;229;land;false;hills;1
3005;139;68;150;land;false;plains;1
3006;194;190;71;land;false;plains;1
3007;250;55;248;land;false;plains;1
3008;49;177;169;land;false;plains;1
3009;105;43;90;land;false;plains;2
3010;160;165;11;land;false;forest;2
3011;216;30;188;land;false;hills;1
3012;15;152;109;land;false;hills;1
3013;71;18;30;land;false;mountain;1
3014;126;139;207;land;false;mountain;1
3015;182;5;128;land;false;forest;1
3016;237;127;49;land;false;forest;1
3017;36;248;226;land;false;plains;1
3018;92;114;147;land;false;plains;1
3019;147;236;68;land;false;plains;1
3020;203;101;245;land;true;plains;1
3021;2;223;166;land;false;urban;1
3022;58;89;87;land;false;mountain;5
3023;113;211;8;land;false;plains;5
3024;169;76;185;land;true;forest;2
3025;224;198;106;land;false;plains;2
3026;24;64;27;land;false;forest;2
3027;79;185;204;land;false;forest;2
3028;135;51;125;land;false;hills;2
3029;190;173;46;land;false;forest;2
3030;246;38;223;land;false;forest;2
3031;45;160;144;land;false;plains;1
3032;101;26;65;land;false;mountain;1
3033;156;147;242;land;false;forest;1
3034;212;13;163;land;false;forest;1
3035;11;135;84;land;false;plains;1
3036;67;1;5;land;false;plains;1
3037;122;122;182;land;false;plains;5
3038;177;244;103;land;false;hills;2
3039;233;110;24;land;false;plains;2
3040;32;231;201;land;false;hills;1
3041;88;97;122;land;false;forest;1
3042;143;219;43;land;false;forest;1
3043;199;84;220;land;false;hills;1
3044;254;206;141;land;false;forest;1
3045;54;72;62;land;false;plains;1
3046;109;193;239;land;true;plains;5
3047;165;59;160;land;false;plains;5
3048;220;181;81;land;false;plains;5
3049;20;47;2;land;false;mountain;5
3050;75;168;179;land;false;plains;5
3051;131;34;100;land;false;plains;5
3052;186;156;21;land;false;hills;2
3053;242;21;198;land;false;plains;2
3054;41;143;119;land;false;forest;1
3055;97;9;40;land;false;forest;1
3056;152;130;217;land;false;hills;1
3057;207;252;138;land;false;plains;1
3058;7;118;59;land;true;plains;1
3059;62;239;236;land;true;plains;1
3060;118;105;157;land;false;plains;1
3061;173;227;78;land;false;plains;5
3062;229;92;255;land;false;plains;5
3063;28;214;176;land;false;plains;5
3064;84;80;97;land;false;mountain;5
3065;139;202;18;land;false;hills;5
3066;195;67;195;land;false;urban;5
3067;250;189;116;land;false;forest;5
3068;50;55;37;land;false;hills;2
3069;105;176;214;land;false;plains;2
3070;161;42;135;land;false;plains;2
3071;216;164;56;land;false;forest;2
3072;16;29;233;land;false;forest;2
3073;71;151;154;land;false;hills;1
3074;127;17;75;land;false;hills;1
3075;182;138;252;land;false;hills;5
3076;238;4;173;land;false;plains;5
3077;37;126;94;land;false;mountain;5
3078;92;248;15;land;false;forest;5
3079;148;113;192;land;false;forest;5
3080;203;235;113;land;false;mountain;2
3081;3;101;34;land;false;mountain;2
3082;58;222;211;land;false;forest;1
3083;114;88;132;land;false;mountain;1
3084;169;210;53;land;false;mountain;1
3085;225;75;230;land;false;forest;1
3086;24;197;151;land;false;forest;1
3087;80;63;72;land;true;plains;1
3088;135;184;249;land;false;plains;5
3089;191;50;170;land;false;hills;5
3090;246;172;91;land;false;forest;2
3091;46;38;12;land;false;forest;1
3092;101;159;189;land;false;forest;1
3093;157;25;110;land;false;hills;1
3094;212;147;31;land;false;plains;5
3095;12;12;208;land;false;mountain;5
3096;67;134;129;land;false;mountain;5
3097;123;0;50;land;false;forest;5
3098;178;121;227;land;false;hills;2
3099;233;243;148;land;false;forest;2
3100;33;109;69;land;true;forest;2
3101;88;230;246;land;true;forest;2
3102;144;96;167;land;true;forest;2
3103;199;218;88;land;true;plains;2
3104;255;84;9;land;true;forest;1
3105;54;205;186;land;false;mountain;1
3106;110;71;107;land;false;mountain;1
3107;165;193;28;land;false;mountain;1
3108;221;58;205;land;false;hills;1
3109;20;180;126;land;false;hills;1
3110;76;46;47;land;false;forest;1
3111;131;167;224;land;false;forest;1
3112;187;33;145;land;false;plains;1
3113;242;155;66;land;true;plains;1
3114;42;20;243;land;false;plains;1
3115;97;142;164;land;false;plains;5
3116;153;8;85;land;false;forest;5
3117;208;130;6;land;false;plains;2
3118;7;251;183;land;false;forest;2
3119;63;117;104;land;false;forest;1
3120;118;239;25;land;false;hills;1
3121;174;104;202;land;false;mountain;1
3122;229;226;123;land;false;mountain;1
3123;29;92;44;land;false;mountain;1
3124;84;213;221;land;false;forest;1
3125;140;79;142;land;false;forest;1
3126;195;201;63;land;false;forest;1
3127;251;66;240;land;false;forest;1
3128;50;188;161;land;false;hills;1
3129;106;54;82;land;false;plains;1
3130;161;176;3;land;false;mountain;5
3131;217;41;180;land;false;mountain;5
3132;16;163;101;land;false;plains;5
3133;72;29;22;land;false;plains;5
3134;127;150;199;land;false;forest;5
3135;183;16;120;land;false;forest;1
3136;238;138;41;land;false;forest;1
3137;38;3;218;land;false;hills;1
3138;93;125;139;land;true;urban;1
3139;148;247;60;land;false;plains;1
3140;204;112;237;land;false;mountain;5
3141;3;234;158;land;false;hills;5
3142;59;100;79;land;true;forest;2
3143;114;222;0;land;false;hills;2
3144;170;87;177;land;false;hills;2
3145;225;209;98;land;false;forest;2
3146;25;75;19;land;false;forest;2
3147;80;196;196;land;false;forest;2
3148;136;62;117;land;false;hills;1
3149;191;184;38;land;false;mountain;1
3150;247;49;215;land;false;forest;1
3151;46;171;136;land;false;plains;1
3152;102;37;57;land;false;plains;1
3153;157;158;234;land;true;plains;1
3154;213;24;155;land;true;plains;1
3155;12;146;76;land;false;plains;1
3156;68;11;253;land;true;plains;1
3157;123;133;174;land;true;plains;1
3158;178;255;95;land;false;plains;1
3159;234;121;16;land;false;plains;1
3160;33;242;193;land;true;plains;1
3161;89;108;114;land;false;plains;5
3162;144;230;35;land;false;plains;5
3163;200;95;212;land;false;mountain;5
3164;255;217;133;land;false;forest;2
3165;55;83;54;land;false;plains;2
3166;110;204;231;land;false;hills;1
3167;166;70;152;land;false;hills;1
3168;221;192;73;land;false;forest;1
3169;21;57;250;land;false;hills;1
3170;76;179;171;land;false;forest;1
3171;132;45;92;land;false;hills;1
3172;187;167;13;land;false;plains;1
3173;243;32;190;land;true;plains;1
3174;42;154;111;land;false;plains;1
3175;98;20;32;land;false;plains;1
3176;153;141;209;land;false;plains;5
3177;209;7;130;land;false;hills;5
3178;8;129;51;land;false;hills;5
3179;63;250;228;land;false;plains;5
3180;119;116;149;land;false;forest;5
3181;174;238;70;land;false;forest;2
3182;230;103;247;land;false;forest;2
3183;29;225;168;land;false;forest;2
3184;85;91;89;land;true;plains;1
3185;140;213;10;land;true;plains;1
3186;196;78;187;land;false;hills;5
3187;251;200;108;land;false;forest;5
3188;51;66;29;land;false;hills;2
3189;106;187;206;land;false;forest;2
3190;162;53;127;land;false;forest;1
3191;217;175;48;land;false;mountain;1
3192;17;40;225;land;false;mountain;1
3193;72;162;146;land;false;forest;1
3194;128;28;67;land;false;forest;1
3195;183;149;244;land;false;plains;1
3196;239;15;165;land;false;mountain;5
3197;38;137;86;land;false;plains;5
3198;94;3;7;land;false;plains;5
3199;149;124;184;land;false;forest;5
3200;204;246;105;land;false;forest;5
3201;4;112;26;land;false;forest;5
3202;59;233;203;land;false;forest;5
3203;115;99;124;land;false;plains;2
3204;170;221;45;land;false;forest;2
3205;226;86;222;land;false;mountain;1
3206;25;208;143;land;true;mountain;1
3207;81;74;64;land;false;hills;1
3208;136;195;241;land;false;forest;1
3209;192;61;162;land;false;forest;1
3210;247;183;83;land;false;plains;1
3211;47;49;4;land;false;plains;1
3212;102;170;181;land;false;plains;1
3213;158;36;102;land;false;plains;1
3214;213;158;23;land;false;mountain;5
3215;13;23;200;land;false;hills;5
3216;68;145;121;land;false;plains;5
3217;124;11;42;land;false;forest;5
3218;179;132;219;land;false;forest;5
3219;234;254;140;land;true;hills;5
3220;34;120;61;land;false;mountain;2
3221;89;241;238;land;false;hills;2
3222;145;107;159;land;false;forest;2
3223;200;229;80;land;false;mountain;1
3224;0;95;1;land;false;mountain;1
3225;55;216;178;land;false;hills;1
3226;111;82;99;land;false;forest;1
3227;166;204;20;land;false;plains;5
3228;222;69;197;land;false;plains;5
3229;21;191;118;land;false;hills;2
3230;77;57;39;land;false;hills;2
3231;132;178;216;land;false;forest;2
3232;188;44;137;land;false;forest;1
3233;243;166;58;land;false;forest;1
3234;43;31;235;land;false;mountain;1
3235;98;153;156;land;false;mountain;1
3236;154;19;77;land;false;mountain;1
3237;209;140;254;land;false;forest;1
3238;9;6;175;land;false;forest;1
3239;64;128;96;land;false;hills;1
3240;119;250;17;land;false;forest;1
3241;175;115;194;land;false;plains;1
3242;230;237;115;land;false;plains;5
3243;30;103;36;land;false;plains;5
3244;85;224;213;land;false;forest;5
3245;141;90;134;land;false;mountain;2
3246;196;212;55;land;false;forest;2
3247;252;77;232;land;false;forest;1
3248;51;199;153;land;false;mountain;1
3249;107;65;74;land;false;mountain;1
3250;162;186;251;land;false;forest;1
3251;218;52;172;land;false;plains;1
3252;17;174;93;land;false;plains;5
3253;73;40;14;land;false;plains;5
3254;128;161;191;land;false;hills;5
3255;184;27;112;land;false;forest;2
3256;239;149;33;land;true;forest;2
3257;39;14;210;land;false;hills;1
3258;94;136;131;land;false;urban;1
3259;150;2;52;land;false;mountain;1
3260;205;123;229;land;false;forest;1
3261;4;245;150;land;false;plains;1
3262;60;111;71;land;false;plains;5
3263;115;232;248;land;false;plains;5
3264;171;98;169;land;false;mountain;2
3265;226;220;90;land;false;forest;2
3266;26;86;11;land;false;forest;2
3267;81;207;188;land;false;forest;2
3268;137;73;109;land;false;forest;2
3269;192;195;30;land;true;plains;2
3270;248;60;207;land;true;forest;1
3271;47;182;128;land;false;hills;1
3272;103;48;49;land;false;hills;1
3273;158;169;226;land;false;mountain;1
3274;214;35;147;land;false;hills;1
3275;13;157;68;land;false;hills;1
3276;69;22;245;land;false;hills;1
3277;124;144;166;land;false;hills;1
3278;180;10;87;land;false;hills;1
3279;235;132;8;land;true;plains;1
3280;34;253;185;land;false;plains;1
3281;90;119;106;land;false;plains;5
3282;145;241;27;land;false;plains;5
3283;201;106;204;land;false;plains;5
3284;0;228;125;land;false;mountain;5
3285;56;94;46;land;false;plains;5
3286;111;215;223;land;false;plains;5
3287;167;81;144;land;false;plains;5
3288;222;203;65;land;true;forest;2
3289;22;68;242;land;false;hills;2
3290;77;190;163;land;false;hills;1
3291;133;56;84;land;true;forest;1
3292;188;178;5;land;true;plains;1
3293;244;43;182;land;false;plains;1
3294;43;165;103;land;false;plains;1
3295;99;31;24;land;false;plains;5
3296;154;152;201;land;false;desert;5
3297;210;18;122;land;false;mountain;5
3298;9;140;43;land;false;hills;5
3299;65;5;220;land;false;plains;5
3300;120;127;141;land;true;hills;5
3301;175;249;62;land;false;forest;2
3302;231;114;239;land;false;forest;2
3303;30;236;160;land;false;plains;1
3304;86;102;81;land;false;forest;1
3305;141;224;2;land;false;forest;1
3306;197;89;179;land;false;forest;1
3307;252;211;100;land;false;plains;1
3308;52;77;21;land;false;plains;1
3309;107;198;198;land;true;plains;1
3310;163;64;119;land;false;plains;5
3311;218;186;40;land;false;hills;5
3312;18;51;217;land;false;mountain;2
3313;73;173;138;land;false;forest;2
3314;129;39;59;land;false;forest;2
3315;184;160;236;land;false;plains;2
3316;240;26;157;land;true;forest;2
3317;39;148;78;land;false;mountain;1
3318;95;13;255;land;false;mountain;1
3319;150;135;176;land;true;plains;1
3320;206;1;97;land;false;plains;1
3321;5;123;18;land;false;hills;5
3322;60;244;195;land;false;mountain;2
3323;116;110;116;land;false;forest;2
3324;171;232;37;land;true;forest;2
3325;227;97;214;land;false;urban;1
3326;26;219;135;land;false;forest;1
3327;82;85;56;land;true;hills;1
3328;137;206;233;land;false;mountain;1
3329;193;72;154;land;false;mountain;1
3330;248;194;75;land;false;plains;1
3331;48;59;252;land;false;plains;1
3332;103;181;173;land;false;plains;5
3333;159;47;94;land;false;forest;5
3334;214;169;15;land;false;plains;5
3335;14;34;192;land;false;forest;5
3336;69;156;113;land;false;forest;5
3337;125;22;34;land;false;hills;2
3338;180;143;211;land;false;hills;2
3339;236;9;132;land;false;mountain;2
3340;35;131;53;land;false;hills;1
3341;90;252;230;land;false;mountain;1
3342;146;118;151;land;false;hills;1
3343;201;240;72;land;false;forest;1
3344;1;105;249;land;false;forest;1
3345;56;227;170;land;false;forest;1
3346;112;93;91;land;false;forest;1
3347;167;215;12;land;false;forest;1
3348;223;80;189;land;false;forest;1
3349;22;202;110;land;false;plains;1
3350;78;68;31;land;false;hills;1
3351;133;189;208;land;true;plains;1
3352;189;55;129;land;false;plains;1
3353;244;177;50;land;false;plains;1
3354;44;42;227;land;false;plains;5
3355;99;164;148;land;false;plains;5
3356;155;30;69;land;false;plains;5
3357;210;151;246;land;false;plains;5
3358;10;17;167;land;false;hills;5
3359;65;139;88;land;false;mountain;5
3360;121;5;9;land;false;hills;2
3361;176;126;186;land;false;plains;2
3362;231;248;107;land;false;plains;2
3363;31;114;28;land;false;plains;2
3364;86;235;205;land;false;plains;2
3365;142;101;126;land;false;plains;2
3366;197;223;47;land;false;forest;2
3367;253;88;224;land;false;forest;2
3368;52;210;145;land;false;mountain;1
3369;108;76;66;land;false;hills;1
3370;163;197;243;land;false;hills;1
3371;219;63;164;land;false;plains;1
3372;18;185;85;land;false;forest;1
3373;74;51;6;land;false;plains;5
3374;129;172;183;land;false;urban;5
3375;185;38;104;land;false;plains;5
3376;240;160;25;land;false;mountain;2
3377;40;25;202;land;false;plains;2
3378;95;147;123;land;true;plains;2
3379;151;13;44;land;false;hills;1
3380;206;134;221;land;false;hills;1
3381;6;0;142;land;false;hills;1
3382;61;122;63;land;false;plains;1
3383;116;243;240;land;true;plains;1
3384;172;109;161;land;true;plains;1
3385;227;231;82;land;false;plains;1
3386;27;97;3;land;false;desert;5
3387;82;218;180;land;false;mountain;5
3388;138;84;101;land;false;hills;5
3389;193;206;22;land;false;urban;2
3390;249;71;199;land;false;hills;2
3391;48;193;120;land;false;urban;2
3392;104;59;41;land;true;forest;2
3393;159;180;218;land;false;forest;1
3394;215;46;139;land;false;mountain;1
3395;14;168;60;land;false;urban;1
3396;70;33;237;land;false;hills;1
3397;125;155;158;land;false;forest;1
3398;181;21;79;land;false;plains;1
3399;236;143;0;land;false;plains;1
3400;36;8;177;land;true;plains;5
3401;91;130;98;land;false;forest;5
3402;146;252;19;land;false;mountain;1
3403;202;117;196;land;false;mountain;1
3404;1;239;117;land;false;plains;1
3405;57;105;38;land;false;hills;1
3406;112;226;215;land;false;plains;1
3407;168;92;136;land;false;mountain;5
3408;223;214;57;land;false;hills;5
3409;23;79;234;land;false;forest;5
3410;78;201;155;land;false;hills;2
3411;134;67;76;land;false;plains;2
3412;189;188;253;land;false;forest;2
3413;245;54;174;land;false;urban;2
3414;44;176;95;land;false;forest;2
3415;100;42;16;land;false;plains;1
3416;155;163;193;land;false;forest;1
3417;211;29;114;land;false;forest;1
3418;10;151;35;land;false;hills;1
3419;66;16;212;land;false;hills;1
3420;121;138;133;land;false;hills;1
3421;177;4;54;land;true;plains;1
3422;232;125;231;land;false;desert;5
3423;31;247;152;land;false;plains;5
3424;87;113;73;land;false;hills;5
3425;142;234;250;land;false;hills;5
3426;198;100;171;land;false;plains;5
3427;253;222;92;land;false;plains;5
3428;53;88;13;land;false;plains;5
3429;108;209;190;land;false;hills;2
3430;164;75;111;land;false;forest;2
3431;219;197;32;land;true;plains;2
3432;19;62;209;land;true;plains;1
3433;74;184;130;land;false;plains;1
3434;130;50;51;land;false;forest;1
3435;185;171;228;land;false;forest;1
3436;241;37;149;land;false;hills;1
3437;40;159;70;land;false;plains;5
3438;96;24;247;land;false;plains;5
3439;151;146;168;land;false;plains;5
3440;207;12;89;land;false;plains;5
3441;6;134;10;land;true;forest;2
3442;61;255;187;land;false;mountain;2
3443;117;121;108;land;false;forest;2
3444;172;243;29;land;false;hills;1
3445;228;108;206;land;false;forest;1
3446;27;230;127;land;true;forest;1
3447;83;96;48;land;true;plains;1
3448;138;217;225;land;false;plains;1
3449;194;83;146;land;false;plains;1
3450;249;205;67;land;false;hills;5
3451;49;70;244;land;false;mountain;5
3452;104;192;165;land;false;plains;5
3453;160;58;86;land;false;plains;5
3454;215;180;7;land;true;plains;5
3455;15;45;184;land;true;plains;5
3456;70;167;105;land;false;plains;2
3457;126;33;26;land;false;hills;1
3458;181;154;203;land;true;hills;1
3459;237;20;124;land;false;forest;1
3460;36;142;45;land;false;forest;1
3461;92;7;222;land;false;plains;1
3462;147;129;143;land;true;plains;1
3463;202;251;64;land;false;plains;1
3464;2;116;241;land;false;plains;1
3465;57;238;162;land;false;plains;5
3466;113;104;83;land;false;mountain;5
3467;168;226;4;land;false;plains;2
3468;224;91;181;land;false;hills;2
3469;23;213;102;land;false;hills;1
3470;79;79;23;land;false;urban;1
3471;134;200;200;land;false;forest;1
3472;190;66;121;land;false;forest;1
3473;245;188;42;land;false;forest;1
3474;45;53;219;land;false;forest;1
3475;100;175;140;land;false;plains;1
3476;156;41;61;land;false;hills;5
3477;211;162;238;land;false;hills;5
3478;11;28;159;land;false;forest;5
3479;66;150;80;land;false;mountain;2
3480;122;16;1;land;false;plains;2
3481;177;137;178;land;false;forest;2
3482;233;3;99;land;false;mountain;1
3483;32;125;20;land;false;plains;1
3484;87;246;197;land;false;hills;1
3485;143;112;118;land;false;plains;1
3486;198;234;39;land;false;plains;1
3487;254;99;216;land;false;plains;1
3488;53;221;137;land;true;plains;5
3489;109;87;58;land;false;hills;5
3490;164;208;235;land;false;mountain;5
3491;220;74;156;land;false;forest;5
3492;19;196;77;land;false;plains;5
3493;75;61;254;land;false;forest;5
3494;130;183;175;land;false;forest;2
3495;186;49;96;land;false;hills;1
3496;241;171;17;land;false;hills;1
3497;41;36;194;land;false;forest;1
3498;96;158;115;land;true;plains;1
3499;152;24;36;land;false;plains;5
3500;207;145;213;land;false;plains;5
3501;7;11;134;land;false;mountain;5
3502;62;133;55;land;false;forest;5
3503;117;254;232;land;false;forest;5
3504;173;120;153;land;false;mountain;2
3505;228;242;74;land;false;urban;2
3506;28;107;251;land;false;forest;2
3507;83;229;172;land;false;forest;2
3508;139;95;93;land;false;forest;2
3509;194;217;14;land;false;forest;2
3510;250;82;191;land;false;forest;1
3511;49;204;112;land;false;plains;1
3512;105;70;33;land;false;plains;1
3513;160;191;210;land;true;hills;1
3514;216;57;131;land;false;plains;1
3515;15;179;52;land;false;plains;1
3516;71;44;229;land;false;plains;5
3517;126;166;150;land;false;plains;5
3518;182;32;71;land;false;plains;5
3519;237;153;248;land;true;hills;5
3520;37;19;169;land;false;hills;2
3521;92;141;90;land;false;forest;2
3522;148;7;11;land;false;plains;1
3523;203;128;188;land;false;hills;1
3524;2;250;109;land;false;mountain;1
3525;58;116;30;land;false;plains;1
3526;113;237;207;land;false;plains;5
3527;169;103;128;land;false;plains;5
3528;224;225;49;land;false;hills;5
3529;24;90;226;land;false;hills;5
3530;79;212;147;land;false;forest;5
3531;135;78;68;land;false;forest;5
3532;190;199;245;land;false;plains;2
3533;246;65;166;land;false;forest;2
3534;45;187;87;land;false;forest;2
3535;101;53;8;land;false;forest;2
3536;156;174;185;land;false;forest;2
3537;212;40;106;land;false;forest;1
3538;11;162;27;land;false;hills;1
3539;67;27;204;land;false;hills;1
3540;122;149;125;land;false;hills;1
3541;178;15;46;land;false;forest;1
3542;233;136;223;land;false;plains;1
3543;33;2;144;land;false;plains;1
3544;88;124;65;land;false;plains;1
3545;143;245;242;land;false;plains;1
3546;199;111;163;land;false;plains;1
3547;254;233;84;land;false;plains;5
3548;54;99;5;land;false;plains;5
3549;109;220;182;land;false;forest;5
3550;165;86;103;land;false;mountain;2
3551;220;208;24;land;false;mountain;2
3552;20;73;201;land;false;mountain;2
3553;75;195;122;land;false;mountain;2
3554;131;61;43;land;false;mountain;2
3555;186;182;220;land;false;hills;2
3556;242;48;141;land;false;forest;2
3557;41;170;62;land;false;forest;2
3558;97;35;239;land;false;forest;2
3559;152;157;160;land;false;hills;2
3560;208;23;81;land;false;forest;2
3561;7;145;2;land;false;forest;2
3562;63;10;179;land;false;hills;1
3563;118;132;100;land;false;urban;1
3564;173;254;21;land;true;plains;1
3565;229;119;198;land;false;plains;5
3566;28;241;119;land;false;plains;5
3567;84;107;40;land;false;mountain;5
3568;139;228;217;land;false;mountain;5
3569;195;94;138;land;false;plains;5
3570;250;216;59;land;false;plains;5
3571;50;81;236;land;false;hills;5
3572;105;203;157;land;false;forest;5
3573;161;69;78;land;false;forest;2
3574;216;190;255;land;true;forest;2
3575;16;56;176;land;false;hills;1
3576;71;178;97;land;false;forest;1
3577;127;44;18;land;false;hills;1
3578;182;165;195;land;true;plains;1
3579;238;31;116;land;false;plains;1
3580;37;153;37;land;false;plains;5
3581;93;18;214;land;false;desert;5
3582;148;140;135;land;false;mountain;5
3583;204;6;56;land;false;mountain;5
3584;3;127;233;land;false;mountain;5
3585;58;249;154;land;false;plains;5
3586;114;115;75;land;false;plains;5
3587;169;236;252;land;false;forest;5
3588;225;102;173;land;false;forest;5
3589;24;224;94;land;false;forest;2
3590;80;90;15;land;true;forest;2
3591;135;211;192;land;false;hills;1
3592;191;77;113;land;false;mountain;1
3593;246;199;34;land;true;hills;1
3594;46;64;211;land;true;hills;1
3595;101;186;132;land;false;forest;1
3596;157;52;53;land;false;plains;1
3597;212;173;230;land;false;plains;1
3598;12;39;151;land;false;desert;5
3599;67;161;72;land;false;hills;5
3600;123;26;249;land;false;hills;1
3601;178;148;170;land;false;hills;1
3602;234;14;91;land;true;hills;1
3603;33;136;12;land;false;hills;1
3604;89;1;189;land;false;urban;1
3605;144;123;110;land;true;plains;1
3606;199;245;31;land;false;plains;1
3607;255;110;208;land;false;hills;2
3608;54;232;129;land;false;mountain;2
3609;110;98;50;land;false;hills;2
3610;165;219;227;land;false;hills;2
3611;221;85;148;land;false;hills;2
3612;20;207;69;land;false;plains;1
3613;76;72;246;land;true;hills;1
3614;131;194;167;land;false;hills;1
3615;187;60;88;land;false;plains;1
3616;242;182;9;land;false;plains;1
3617;42;47;186;land;false;desert;5
3618;97;169;107;land;false;hills;5
3619;153;35;28;land;false;mountain;5
3620;208;156;205;land;false;hills;5
3621;8;22;126;land;false;forest;5
3622;63;144;47;land;false;forest;5
3623;119;9;224;land;false;hills;2
3624;174;131;145;land;false;forest;2
3625;229;253;66;land;false;plains;1
3626;29;118;243;land;false;hills;1
3627;84;240;164;land;true;hills;1
3628;140;106;85;land;false;mountain;1
3629;195;228;6;land;false;hills;5
3630;251;93;183;land;false;hills;5
3631;50;215;104;land;false;plains;5
3632;106;81;25;land;false;plains;5
3633;161;202;202;land;false;forest;5
3634;217;68;123;land;true;forest;2
3635;16;190;44;land;false;hills;2
3636;72;55;221;land;false;mountain;2
3637;127;177;142;land;false;forest;2
3638;183;43;63;land;false;forest;2
3639;238;164;240;land;false;hills;1
3640;38;30;161;land;false;plains;1
3641;93;152;82;land;false;plains;1
3642;149;18;3;land;false;hills;1
3643;204;139;180;land;false;mountain;5
3644;4;5;101;land;false;mountain;5
3645;59;127;22;land;false;hills;5
3646;114;248;199;land;false;forest;5
3647;170;114;120;land;true;hills;5
3648;225;236;41;land;false;mountain;2
3649;25;101;218;land;false;plains;2
3650;80;223;139;land;false;forest;2
3651;136;89;60;land;false;forest;2
3652;191;210;237;land;false;plains;2
3653;247;76;158;land;false;forest;2
3654;46;198;79;land;true;forest;1
3655;102;64;0;land;false;hills;1
3656;157;185;177;land;false;mountain;1
3657;213;51;98;land;true;mountain;1
3658;12;173;19;land;true;hills;1
3659;68;38;196;land;false;hills;1
3660;123;160;117;land;false;plains;1
3661;179;26;38;land;true;hills;1
3662;234;147;215;land;false;mountain;1
3663;34;13;136;land;false;plains;5
3664;89;135;57;land;false;plains;5
3665;145;0;234;land;false;plains;5
3666;200;122;155;land;false;hills;5
3667;255;244;76;land;true;plains;5
3668;55;109;253;land;false;mountain;2
3669;110;231;174;land;false;hills;2
3670;166;97;95;land;false;forest;2
3671;221;219;16;land;false;forest;2
3672;21;84;193;land;false;plains;1
3673;76;206;114;land;false;mountain;1
3674;132;72;35;land;false;hills;1
3675;187;193;212;land;false;plains;1
3676;243;59;133;land;false;plains;1
3677;42;181;54;land;false;hills;1
3678;98;46;231;land;false;plains;1
3679;153;168;152;land;true;plains;1
3680;209;34;73;land;false;desert;5
3681;8;155;250;land;false;plains;5
3682;64;21;171;land;false;plains;5
3683;119;143;92;land;false;forest;5
3684;175;9;13;land;false;hills;1
3685;230;130;190;land;false;plains;1
3686;29;252;111;land;false;plains;1
3687;85;118;32;land;false;plains;5
3688;140;239;209;land;false;plains;5
3689;196;105;130;land;false;hills;5
3690;251;227;51;land;false;hills;5
3691;51;92;228;land;false;plains;5
3692;106;214;149;land;false;forest;5
3693;162;80;70;land;false;hills;2
3694;217;201;247;land;false;hills;2
3695;17;67;168;land;false;plains;2
3696;72;189;89;land;false;forest;2
3697;128;55;10;land;false;urban;2
3698;183;176;187;land;false;forest;2
3699;239;42;108;land;false;forest;2
3700;38;164;29;land;false;hills;1
3701;94;29;206;land;false;hills;1
3702;149;151;127;land;true;plains;1
3703;205;17;48;land;true;plains;5
3704;4;138;225;land;false;hills;5
3705;60;4;146;land;false;forest;5
3706;115;126;67;land;false;forest;5
3707;170;247;244;land;true;forest;5
3708;226;113;165;land;false;forest;2
3709;25;235;86;land;false;forest;2
3710;81;101;7;land;false;hills;2
3711;136;222;184;land;true;forest;2
3712;192;88;105;land;true;hills;1
3713;247;210;26;land;false;hills;1
3714;47;75;203;land;false;mountain;5
3715;102;197;124;land;false;forest;5
3716;158;63;45;land;false;mountain;2
3717;213;184;222;land;false;mountain;2
3718;13;50;143;land;false;plains;2
3719;68;172;64;land;false;hills;1
3720;124;37;241;land;false;urban;1
3721;179;159;162;land;true;hills;1
3722;235;25;83;land;false;plains;1
3723;34;147;4;land;false;hills;1
3724;90;12;181;land;false;plains;1
3725;145;134;102;land;false;desert;5
3726;201;0;23;land;false;hills;5
3727;0;121;200;land;false;mountain;5
3728;55;243;121;land;false;mountain;5
3729;111;109;42;land;false;urban;5
3730;166;230;219;land;false;mountain;5
3731;222;96;140;land;false;hills;2
3732;21;218;61;land;false;hills;2
3733;77;83;238;land;false;forest;2
3734;132;205;159;land;false;hills;2
3735;188;71;80;land;true;hills;1
3736;243;193;1;land;true;forest;1
3737;43;58;178;land;true;plains;1
3738;98;180;99;land;false;hills;1
3739;154;46;20;land;false;plains;1
3740;209;167;197;land;false;mountain;1
3741;9;33;118;land;false;desert;5
3742;64;155;39;land;false;urban;5
3743;120;20;216;land;false;mountain;5
3744;175;142;137;land;false;urban;5
3745;231;8;58;land;false;hills;5
3746;30;129;235;land;true;forest;5
3747;85;251;156;land;false;hills;2
3748;141;117;77;land;false;plains;2
3749;196;238;254;land;false;forest;2
3750;252;104;175;land;false;forest;2
3751;51;226;96;land;true;urban;1
3752;107;92;17;land;false;hills;1
3753;162;213;194;land;false;hills;1
3754;218;79;115;land;false;plains;1
3755;17;201;36;land;false;mountain;1
3756;73;66;213;land;false;desert;5
3757;128;188;134;land;false;plains;5
3758;184;54;55;land;false;hills;5
3759;239;175;232;land;false;mountain;5
3760;39;41;153;land;false;hills;5
3761;94;163;74;land;false;forest;2
3762;150;28;251;land;false;forest;2
3763;205;150;172;land;false;forest;1
3764;5;16;93;land;true;mountain;1
3765;60;138;14;land;true;hills;1
3766;116;3;191;land;true;plains;1
3767;171;125;112;land;false;mountain;1
3768;226;247;33;land;false;plains;1
3769;26;112;210;land;false;plains;1
3770;81;234;131;land;false;hills;1
3771;137;100;52;land;false;desert;5
3772;192;221;229;land;false;plains;5
3773;248;87;150;land;false;mountain;5
3774;47;209;71;land;false;mountain;5
3775;103;74;248;land;false;plains;5
3776;158;196;169;land;false;plains;5
3777;214;62;90;land;false;forest;5
3778;13;184;11;land;true;hills;5
3779;69;49;188;land;true;hills;1
3780;124;171;109;land;false;hills;1
3781;180;37;30;land;false;plains;1
3782;235;158;207;land;false;mountain;1
3783;35;24;128;land;false;mountain;1
3784;90;146;49;land;false;plains;5
3785;146;11;226;land;false;urban;5
3786;201;133;147;land;false;forest;5
3787;0;255;68;land;true;hills;5
3788;56;120;245;land;false;hills;2
3789;111;242;166;land;true;plains;1
3790;167;108;87;land;false;hills;1
3791;222;230;8;land;false;hills;1
3792;22;95;185;land;false;plains;1
3793;77;217;106;land;false;plains;1
3794;133;83;27;land;false;hills;5
3795;188;204;204;land;false;plains;5
3796;244;70;125;land;false;plains;5
3797;43;192;46;land;false;plains;5
3798;99;57;223;land;false;mountain;2
3799;154;179;144;land;true;plains;1
3800;210;45;65;land;false;hills;1
3801;9;166;242;land;false;hills;1
3802;65;32;163;land;false;plains;1
3803;120;154;84;land;false;plains;1
3804;176;20;5;land;false;plains;1
3805;231;141;182;land;false;hills;5
3806;31;7;103;land;false;mountain;5
3807;86;129;24;land;false;plains;5
3808;141;250;201;land;false;forest;5
3809;197;116;122;land;false;forest;2
3810;252;238;43;land;true;hills;1
3811;52;103;220;land;true;hills;1
3812;107;225;141;land;false;hills;1
3813;163;91;62;land;false;hills;1
3814;218;212;239;land;false;plains;5
3815;18;78;160;land;false;desert;5
3816;73;200;81;land;false;mountain;5
3817;129;66;2;land;false;plains;5
3818;184;187;179;land;false;plains;5
3819;240;53;100;land;false;forest;5
3820;39;175;21;land;false;mountain;2
3821;95;40;198;land;false;forest;2
3822;150;162;119;land;false;urban;2
3823;206;28;40;land;false;forest;2
3824;5;149;217;land;true;mountain;1
3825;61;15;138;land;false;mountain;1
3826;116;137;59;land;true;plains;1
3827;172;2;236;land;false;plains;1
3828;227;124;157;land;true;hills;1
3829;26;246;78;land;false;hills;1
3830;82;111;255;land;false;hills;1
3831;137;233;176;land;false;plains;1
3832;193;99;97;land;false;plains;1
3833;248;221;18;land;false;hills;2
3834;48;86;195;land;false;forest;2
3835;103;208;116;land;false;plains;2
3836;159;74;37;land;false;forest;2
3837;214;195;214;land;true;mountain;1
3838;14;61;135;land;false;mountain;1
3839;69;183;56;land;true;plains;1
3840;125;48;233;land;true;hills;1
3841;180;170;154;land;false;hills;1
3842;236;36;75;land;false;plains;1
3843;35;157;252;land;false;desert;5
3844;91;23;173;land;false;desert;5
3845;146;145;94;land;false;hills;5
3846;202;11;15;land;false;mountain;5
3847;1;132;192;land;false;plains;5
3848;56;254;113;land;false;forest;5
3849;112;120;34;land;true;forest;5
3850;167;241;211;land;true;hills;5
3851;223;107;132;land;false;plains;2
3852;22;229;53;land;false;forest;2
3853;78;94;230;land;false;forest;2
3854;133;216;151;land;false;forest;2
3855;189;82;72;land;true;hills;1
3856;244;203;249;land;false;hills;1
3857;44;69;170;land;true;mountain;5
3858;99;191;91;land;false;desert;5
3859;155;57;12;land;false;plains;5
3860;210;178;189;land;false;hills;2
3861;10;44;110;land;false;plains;2
3862;65;166;31;land;false;forest;2
3863;121;31;208;land;false;forest;2
3864;176;153;129;land;false;forest;2
3865;232;19;50;land;false;forest;2
3866;31;140;227;land;true;forest;2
3867;87;6;148;land;true;hills;1
3868;142;128;69;land;false;plains;1
3869;197;249;246;land;false;hills;1
3870;253;115;167;land;false;mountain;1
3871;52;237;88;land;false;plains;5
3872;108;103;9;land;true;hills;2
3873;163;224;186;land;false;forest;2
3874;219;90;107;land;false;urban;2
3875;18;212;28;land;false;forest;2
3876;74;77;205;land;false;forest;2
3877;129;199;126;land;false;forest;2
3878;185;65;47;land;true;mountain;1
3879;240;186;224;land;true;hills;1
3880;40;52;145;land;true;hills;1
3881;95;174;66;land;false;mountain;1
3882;151;39;243;land;false;plains;1
3883;206;161;164;land;true;plains;1
3884;6;27;85;land;false;plains;1
3885;61;149;6;land;true;plains;1
3886;117;14;183;land;false;mountain;1
3887;172;136;104;land;false;desert;5
3888;228;2;25;land;false;desert;5
3889;27;123;202;land;false;hills;5
3890;82;245;123;land;false;mountain;5
3891;138;111;44;land;false;mountain;5
3892;193;232;221;land;false;hills;5
3893;249;98;142;land;false;plains;5
3894;48;220;63;land;false;plains;5
3895;104;85;240;land;true;forest;5
3896;159;207;161;land;false;hills;2
3897;215;73;82;land;false;hills;2
3898;14;195;3;land;false;forest;2
3899;70;60;180;land;false;forest;2
3900;125;182;101;land;true;plains;1
3901;181;48;22;land;true;mountain;5
3902;236;169;199;land;false;mountain;1
3903;36;35;120;land;true;mountain;1
3904;91;157;41;land;true;plains;5
3905;147;22;218;land;false;mountain;5
3906;202;144;139;land;false;mountain;5
3907;2;10;60;land;false;hills;5
3908;57;131;237;land;false;plains;5
3909;112;253;158;land;false;forest;5
3910;168;119;79;land;true;urban;5
3911;223;241;0;land;false;hills;2
3912;23;106;177;land;false;mountain;2
3913;78;228;98;land;false;mountain;2
3914;134;94;19;land;false;hills;2
3915;189;215;196;land;false;hills;2
3916;245;81;117;land;false;forest;2
3917;44;203;38;land;false;forest;2
3918;100;68;215;land;false;forest;2
3919;155;190;136;land;false;forest;2
3920;211;56;57;land;true;hills;1
3921;10;177;234;land;false;plains;1
3922;66;43;155;land;false;hills;1
3923;121;165;76;land;false;hills;1
3924;177;30;253;land;false;mountain;1
3925;232;152;174;land;false;desert;5
3926;32;18;95;land;false;desert;5
3927;87;140;16;land;false;hills;5
3928;143;5;193;land;false;hills;5
3929;198;127;114;land;false;plains;5
3930;253;249;35;land;false;hills;5
3931;53;114;212;land;false;plains;5
3932;108;236;133;land;false;plains;5
3933;164;102;54;land;false;plains;5
3934;219;223;231;land;false;forest;5
3935;19;89;152;land;false;hills;2
3936;74;211;73;land;false;forest;2
3937;130;76;250;land;false;forest;2
3938;185;198;171;land;false;forest;2
3939;241;64;92;land;false;plains;1
3940;40;186;13;land;true;hills;1
3941;96;51;190;land;false;hills;1
3942;151;173;111;land;false;hills;1
3943;207;39;32;land;false;mountain;5
3944;6;160;209;land;false;mountain;1
3945;62;26;130;land;false;mountain;5
3946;117;148;51;land;false;mountain;5
3947;173;13;228;land;false;mountain;5
3948;228;135;149;land;false;hills;5
3949;28;1;70;land;false;plains;5
3950;83;122;247;land;false;forest;5
3951;138;244;168;land;false;mountain;2
3952;194;110;89;land;false;hills;2
3953;249;232;10;land;false;forest;2
3954;49;97;187;land;false;forest;2
3955;104;219;108;land;false;hills;1
3956;160;85;29;land;false;hills;1
3957;215;206;206;land;false;hills;1
3958;15;72;127;land;false;mountain;5
3959;70;194;48;land;false;hills;5
3960;126;59;225;land;false;hills;1
3961;181;181;146;land;true;plains;1
3962;237;47;67;land;false;hills;1
3963;36;168;244;land;false;urban;1
3964;92;34;165;land;false;mountain;5
3965;147;156;86;land;false;plains;5
3966;203;22;7;land;false;plains;5
3967;2;143;184;land;false;plains;5
3968;58;9;105;land;false;forest;5
3969;113;131;26;land;false;hills;2
3970;168;252;203;land;false;hills;2
3971;224;118;124;land;false;forest;2
3972;23;240;45;land;true;mountain;1
3973;79;105;222;land;false;plains;1
3974;134;227;143;land;false;hills;1
3975;190;93;64;land;true;mountain;1
3976;245;214;241;land;false;hills;1
3977;45;80;162;land;false;hills;1
3978;100;202;83;land;false;hills;1
3979;156;68;4;land;false;plains;1
3980;211;189;181;land;true;plains;1
3981;11;55;102;land;false;hills;5
3982;66;177;23;land;false;hills;5
3983;122;42;200;land;true;hills;5
3984;177;164;121;land;true;forest;5
3985;233;30;42;land;true;hills;5
3986;32;151;219;land;false;hills;2
3987;88;17;140;land;false;hills;2
3988;143;139;61;land;false;plains;2
3989;199;4;238;land;false;plains;2
3990;254;126;159;land;false;plains;2
3991;53;248;80;land;false;forest;2
3992;109;114;1;land;false;forest;2
3993;164;235;178;land;false;hills;1
3994;220;101;99;land;false;hills;1
3995;19;223;20;land;false;hills;1
3996;75;88;197;land;false;hills;1
3997;130;210;118;land;false;hills;1
3998;186;76;39;land;false;hills;1
3999;241;197;216;land;false;mountain;1
4000;41;63;137;land;true;mountain;1
4001;96;185;58;land;false;mountain;1
4002;152;50;235;land;false;hills;1
4003;207;172;156;land;false;desert;5
4004;7;38;77;land;false;plains;5
4005;62;159;254;land;false;mountain;5
4006;118;25;175;land;false;hills;5
4007;173;147;96;land;false;hills;5
4008;229;13;17;land;false;hills;5
4009;28;134;194;land;false;plains;5
4010;84;0;115;land;true;hills;5
4011;139;122;36;land;false;plains;2
4012;194;243;213;land;true;urban;2
4013;250;109;134;land;true;plains;1
4014;49;231;55;land;false;mountain;5
4015;105;96;232;land;false;plains;5
4016;160;218;153;land;false;mountain;5
4017;216;84;74;land;false;mountain;5
4018;15;205;251;land;false;mountain;2
4019;71;71;172;land;false;plains;2
4020;126;193;93;land;false;forest;2
4021;182;59;14;land;false;forest;2
4022;237;180;191;land;false;hills;1
4023;37;46;112;land;false;mountain;1
4024;92;168;33;land;false;mountain;1
4025;148;33;210;land;false;plains;5
4026;203;155;131;land;false;mountain;5
4027;3;21;52;land;false;plains;5
4028;58;142;229;land;false;plains;5
4029;114;8;150;land;false;hills;2
4030;169;130;71;land;false;forest;2
4031;224;251;248;land;false;forest;2
4032;24;117;169;land;false;forest;2
4033;79;239;90;land;false;forest;2
4034;135;105;11;land;true;hills;1
4035;190;226;188;land;false;mountain;1
4036;246;92;109;land;false;mountain;1
4037;45;214;30;land;false;hills;1
4038;101;79;207;land;false;mountain;1
4039;156;201;128;land;false;plains;1
4040;212;67;49;land;false;mountain;5
4041;11;188;226;land;false;desert;5
4042;67;54;147;land;false;mountain;5
4043;122;176;68;land;false;mountain;5
4044;178;41;245;land;false;mountain;5
4045;233;163;166;land;false;plains;2
4046;33;29;87;land;false;plains;2
4047;88;151;8;land;false;forest;2
4048;144;16;185;land;false;plains;2
4049;199;138;106;land;false;plains;2
4050;255;4;27;land;false;plains;1
4051;54;125;204;land;false;hills;1
4052;109;247;125;land;false;desert;5
4053;165;113;46;land;false;mountain;5
4054;220;234;223;land;false;hills;5
4055;20;100;144;land;false;hills;5
4056;75;222;65;land;false;plains;5
4057;131;87;242;land;false;plains;5
4058;186;209;163;land;false;forest;5
4059;242;75;84;land;false;plains;2
4060;41;197;5;land;false;forest;2
4061;97;62;182;land;false;plains;2
4062;152;184;103;land;false;forest;2
4063;208;50;24;land;false;hills;1
4064;7;171;201;land;false;hills;1
4065;63;37;122;land;false;mountain;1
4066;118;159;43;land;false;hills;1
4067;174;24;220;land;false;mountain;5
4068;229;146;141;land;false;mountain;5
4069;29;12;62;land;false;mountain;1
4070;84;133;239;land;false;hills;5
4071;139;255;160;land;false;hills;5
4072;195;121;81;land;false;hills;5
4073;250;243;2;land;false;urban;2
4074;50;108;179;land;false;forest;2
4075;105;230;100;land;false;hills;1
4076;161;96;21;land;true;mountain;1
4077;216;217;198;land;false;desert;5
4078;16;83;119;land;false;mountain;2
4079;71;205;40;land;false;forest;2
4080;127;70;217;land;false;forest;2
4081;182;192;138;land;false;forest;2
4082;238;58;59;land;false;plains;2
4083;37;179;236;land;false;urban;2
4084;93;45;157;land;false;plains;2
4085;148;167;78;land;false;hills;1
4086;204;32;255;land;false;hills;1
4087;3;154;176;land;false;hills;1
4088;59;20;97;land;false;hills;1
4089;114;142;18;land;false;plains;1
4090;170;7;195;land;false;plains;1
4091;225;129;116;land;false;mountain;5
4092;24;251;37;land;false;mountain;5
4093;80;116;214;land;false;desert;5
4094;135;238;135;land;false;desert;5
4095;191;104;56;land;false;hills;5
4096;246;225;233;land;false;plains;5
4097;46;91;154;land;false;plains;5
4098;101;213;75;land;false;hills;5
4099;157;78;252;land;false;forest;2
4100;212;200;173;land;true;urban;1
4101;12;66;94;land;true;mountain;1
4102;67;188;15;land;true;hills;1
4103;123;53;192;land;false;hills;1
4104;178;175;113;land;false;mountain;1
4105;234;41;34;land;false;plains;1
4106;33;162;211;land;true;plains;1
4107;89;28;132;land;true;mountain;5
4108;144;150;53;land;false;plains;5
4109;200;15;230;land;false;desert;5
4110;255;137;151;land;false;plains;5
4111;55;3;72;land;false;plains;5
4112;110;124;249;land;false;forest;5
4113;165;246;170;land;true;hills;5
4114;221;112;91;land;false;plains;2
4115;20;234;12;land;false;forest;2
4116;76;99;189;land;false;forest;2
4117;131;221;110;land;false;forest;2
4118;187;87;31;land;false;forest;2
4119;242;208;208;land;false;forest;2
4120;42;74;129;land;false;plains;1
4121;97;196;50;land;true;hills;1
4122;153;61;227;land;true;plains;1
4123;208;183;148;land;true;mountain;1
4124;8;49;69;land;false;mountain;5
4125;63;170;246;land;false;mountain;1
4126;119;36;167;land;false;hills;5
4127;174;158;88;land;false;mountain;5
4128;230;24;9;land;false;hills;5
4129;29;145;186;land;false;hills;5
4130;85;11;107;land;false;hills;5
4131;140;133;28;land;false;plains;5
4132;195;254;205;land;false;plains;5
4133;251;120;126;land;false;forest;5
4134;50;242;47;land;false;mountain;2
4135;106;107;224;land;false;forest;2
4136;161;229;145;land;false;plains;1
4137;217;95;66;land;false;hills;1
4138;16;216;243;land;false;hills;1
4139;72;82;164;land;false;mountain;5
4140;127;204;85;land;true;plains;5
4141;183;70;6;land;false;urban;5
4142;238;191;183;land;true;urban;1
4143;38;57;104;land;true;mountain;1
4144;93;179;25;land;false;desert;5
4145;149;44;202;land;false;desert;5
4146;204;166;123;land;false;mountain;5
4147;4;32;44;land;false;hills;5
4148;59;153;221;land;false;hills;5
4149;115;19;142;land;false;hills;5
4150;170;141;63;land;false;hills;5
4151;226;6;240;land;false;hills;5
4152;25;128;161;land;false;mountain;2
4153;80;250;82;land;false;forest;2
4154;136;116;3;land;false;forest;2
4155;191;237;180;land;false;forest;2
4156;247;103;101;land;true;plains;2
4157;46;225;22;land;false;hills;1
4158;102;90;199;land;false;plains;1
4159;157;212;120;land;true;hills;1
4160;213;78;41;land;false;mountain;1
4161;12;199;218;land;false;mountain;1
4162;68;65;139;land;false;desert;5
4163;123;187;60;land;false;mountain;5
4164;179;52;237;land;false;mountain;5
4165;234;174;158;land;false;hills;5
4166;34;40;79;land;false;hills;5
4167;89;162;0;land;true;plains;5
4168;145;27;177;land;false;forest;2
4169;200;149;98;land;true;hills;1
4170;0;15;19;land;false;plains;1
4171;55;136;196;land;false;hills;1
4172;111;2;117;land;true;hills;1
4173;166;124;38;land;false;hills;1
4174;221;245;215;land;false;plains;1
4175;21;111;136;land;true;hills;5
4176;76;233;57;land;false;mountain;5
4177;132;98;234;land;false;mountain;5
4178;187;220;155;land;false;mountain;5
4179;243;86;76;land;false;plains;5
4180;42;207;253;land;true;mountain;5
4181;98;73;174;land;true;forest;2
4182;153;195;95;land;false;plains;2
4183;209;61;16;land;false;hills;1
4184;8;182;193;land;true;plains;1
4185;64;48;114;land;false;hills;1
4186;119;170;35;land;false;hills;1
4187;175;35;212;land;false;mountain;5
4188;230;157;133;land;false;mountain;5
4189;30;23;54;land;false;hills;5
4190;85;144;231;land;false;hills;5
4191;141;10;152;land;false;hills;5
4192;196;132;73;land;false;hills;5
4193;251;253;250;land;false;plains;5
4194;51;119;171;land;false;urban;5
4195;106;241;92;land;false;hills;5
4196;162;107;13;land;false;hills;2
4197;217;228;190;land;false;hills;2
4198;17;94;111;land;false;mountain;2
4199;72;216;32;land;false;forest;2
4200;128;81;209;land;false;forest;2
4201;183;203;130;land;false;forest;2
4202;239;69;51;land;false;forest;2
4203;38;190;228;land;false;forest;2
4204;94;56;149;land;false;forest;2
4205;149;178;70;land;false;forest;2
4206;205;43;247;land;true;plains;2
4207;4;165;168;land;true;urban;2
4208;60;31;89;land;false;hills;1
4209;115;153;10;land;false;hills;1
4210;171;18;187;land;false;mountain;1
4211;226;140;108;land;false;plains;1
4212;26;6;29;land;true;plains;1
4213;81;127;206;land;true;hills;5
4214;136;249;127;land;true;hills;5
4215;192;115;48;land;false;desert;5
4216;247;236;225;land;false;plains;5
4217;47;102;146;land;false;plains;5
4218;102;224;67;land;false;hills;5
4219;158;89;244;land;false;forest;5
4220;213;211;165;land;true;mountain;2
4221;13;77;86;land;false;hills;2
4222;68;199;7;land;false;mountain;2
4223;124;64;184;land;false;hills;2
4224;179;186;105;land;false;hills;2
4225;235;52;26;land;false;hills;2
4226;34;173;203;land;false;hills;2
4227;90;39;124;land;false;hills;2
4228;145;161;45;land;false;hills;2
4229;201;26;222;land;false;hills;2
4230;0;148;143;land;false;plains;2
4231;56;14;64;land;false;forest;2
4232;111;135;241;land;false;plains;2
4233;167;1;162;land;false;forest;2
4234;222;123;83;land;false;hills;1
4235;21;245;4;land;true;hills;1
4236;77;110;181;land;false;hills;1
4237;132;232;102;land;false;plains;1
4238;188;98;23;land;true;hills;5
4239;243;219;200;land;false;mountain;5
4240;43;85;121;land;false;mountain;1
4241;98;207;42;land;true;mountain;1
4242;154;72;219;land;false;desert;5
4243;209;194;140;land;false;plains;5
4244;9;60;61;land;false;mountain;5
4245;64;181;238;land;false;mountain;5
4246;120;47;159;land;false;hills;5
4247;175;169;80;land;false;hills;5
4248;231;35;1;land;false;forest;2
4249;30;156;178;land;false;forest;2
4250;86;22;99;land;false;hills;1
4251;141;144;20;land;false;plains;1
4252;197;9;197;land;false;hills;1
4253;252;131;118;land;true;hills;5
4254;51;253;39;land;false;urban;5
4255;107;118;216;land;false;mountain;5
4256;162;240;137;land;false;mountain;5
4257;218;106;58;land;false;mountain;5
4258;17;227;235;land;false;hills;5
4259;73;93;156;land;false;plains;5
4260;128;215;77;land;false;plains;5
4261;184;80;254;land;false;forest;5
4262;239;202;175;land;false;mountain;2
4263;39;68;96;land;false;hills;2
4264;94;190;17;land;false;plains;2
4265;150;55;194;land;false;plains;1
4266;205;177;115;land;true;mountain;1
4267;5;43;36;land;false;hills;1
4268;60;164;213;land;false;hills;1
4269;116;30;134;land;false;hills;5
4270;171;152;55;land;false;plains;5
4271;227;17;232;land;false;hills;5
4272;26;139;153;land;false;hills;5
4273;82;5;74;land;true;plains;5
4274;137;126;251;land;false;forest;5
4275;192;248;172;land;false;hills;5
4276;248;114;93;land;false;forest;2
4277;47;236;14;land;false;plains;2
4278;103;101;191;land;false;plains;2
4279;158;223;112;land;false;forest;2
4280;214;89;33;land;false;forest;2
4281;13;210;210;land;false;forest;2
4282;69;76;131;land;false;plains;1
4283;124;198;52;land;true;hills;5
4284;180;63;229;land;false;mountain;5
4285;235;185;150;land;false;mountain;5
4286;35;51;71;land;false;desert;5
4287;90;172;248;land;false;plains;5
4288;146;38;169;land;false;mountain;5
4289;201;160;90;land;false;forest;5
4290;1;26;11;land;false;hills;5
4291;56;147;188;land;false;plains;2
4292;112;13;109;land;false;plains;2
4293;167;135;30;land;false;plains;2
4294;223;0;207;land;false;urban;2
4295;22;122;128;land;true;forest;2
4296;77;244;49;land;true;plains;2
4297;133;109;226;land;true;plains;1
4298;188;231;147;land;true;hills;5
4299;244;97;68;land;false;hills;5
4300;43;218;245;land;false;hills;2
4301;99;84;166;land;false;plains;2
4302;154;206;87;land;false;forest;2
4303;210;72;8;land;false;hills;1
4304;9;193;185;land;true;hills;1
4305;65;59;106;land;false;mountain;5
4306;120;181;27;land;false;mountain;5
4307;176;46;204;land;false;hills;5
4308;231;168;125;land;false;hills;5
4309;31;34;46;land;false;plains;5
4310;86;155;223;land;false;forest;5
4311;142;21;144;land;false;forest;2
4312;197;143;65;land;false;forest;2
4313;253;8;242;land;true;hills;1
4314;52;130;163;land;false;hills;1
4315;107;252;84;land;true;plains;1
4316;163;118;5;land;false;plains;5
4317;218;239;182;land;false;urban;5
4318;18;105;103;land;false;hills;5
4319;73;227;24;land;false;mountain;5
4320;129;92;201;land;false;mountain;5
4321;184;214;122;land;false;mountain;5
4322;240;80;43;land;false;urban;5
4323;39;201;220;land;false;hills;5
4324;95;67;141;land;false;hills;5
4325;150;189;62;land;true;hills;5
4326;206;54;239;land;false;plains;2
4327;5;176;160;land;false;plains;2
4328;61;42;81;land;false;forest;2
4329;116;164;2;land;false;forest;2
4330;172;29;179;land;false;forest;2
4331;227;151;100;land;true;urban;1
4332;27;17;21;land;false;hills;1
4333;82;138;198;land;true;hills;1
4334;138;4;119;land;false;hills;1
4335;193;126;40;land;true;mountain;5
4336;248;247;217;land;false;desert;5
4337;48;113;138;land;false;mountain;5
4338;103;235;59;land;false;urban;5
4339;159;100;236;land;false;mountain;5
4340;214;222;157;land;false;forest;2
4341;14;88;78;land;false;hills;1
4342;69;209;255;land;true;plains;1
4343;125;75;176;land;false;mountain;5
4344;180;197;97;land;false;mountain;5
4345;236;63;18;land;false;hills;5
4346;35;184;195;land;false;desert;5
4347;91;50;116;land;false;mountain;5
4348;146;172;37;land;false;plains;5
4349;202;37;214;land;false;urban;5
4350;1;159;135;land;false;hills;5
4351;57;25;56;land;false;hills;5
4352;112;146;233;land;true;urban;5
4353;168;12;154;land;true;hills;5
4354;223;134;75;land;false;mountain;2
4355;22;255;252;land;false;plains;2
4356;78;121;173;land;false;plains;2
4357;133;243;94;land;false;forest;2
4358;189;109;15;land;false;forest;2
4359;244;230;192;land;false;forest;2
4360;44;96;113;land;false;forest;2
4361;99;218;34;land;false;forest;2
4362;155;83;211;land;false;forest;2
4363;210;205;132;land;false;hills;1
4364;10;71;53;land;true;hills;1
4365;65;192;230;land;true;plains;1
4366;121;58;151;land;false;hills;1
4367;176;180;72;land;true;hills;1
4368;232;45;249;land;true;hills;1
4369;31;167;170;land;true;plains;1
4370;87;33;91;land;true;hills;5
4371;142;155;12;land;true;hills;5
4372;198;20;189;land;false;mountain;5
4373;253;142;110;land;true;mountain;5
4374;53;8;31;land;false;forest;2
4375;108;129;208;land;false;forest;2
4376;163;251;129;land;false;forest;2
4377;219;117;50;land;false;forest;2
4378;18;238;227;land;false;forest;2
4379;74;104;148;land;true;hills;1
4380;129;226;69;land;true;hills;1
4381;185;91;246;land;false;hills;1
4382;240;213;167;land;false;mountain;1
4383;40;79;88;land;true;plains;1
4384;95;201;9;land;true;plains;1
4385;151;66;186;land;true;urban;1
4386;206;188;107;land;false;hills;5
4387;6;54;28;land;false;hills;5
4388;61;175;205;land;true;mountain;5
4389;117;41;126;land;false;plains;5
4390;172;163;47;land;false;urban;5
4391;228;28;224;land;true;hills;5
4392;27;150;145;land;false;forest;2
4393;83;16;66;land;false;forest;2
4394;138;137;243;land;false;plains;2
4395;194;3;164;land;false;forest;2
4396;249;125;85;land;false;forest;2
4397;48;247;6;land;false;forest;2
4398;104;112;183;land;false;urban;2
4399;159;234;104;land;false;plains;1
4400;215;100;25;land;false;hills;1
4401;14;221;202;land;false;hills;1
4402;70;87;123;land;true;hills;1
4403;125;209;44;land;true;hills;5
4404;181;74;221;land;false;mountain;5
4405;236;196;142;land;false;mountain;5
4406;36;62;63;land;false;desert;5
4407;91;183;240;land;false;plains;5
4408;147;49;161;land;false;mountain;5
4409;202;171;82;land;false;hills;5
4410;2;37;3;land;false;plains;5
4411;57;158;180;land;false;forest;2
4412;113;24;101;land;false;forest;2
4413;168;146;22;land;true;forest;2
4414;224;11;199;land;false;hills;1
4415;23;133;120;land;false;hills;1
4416;78;255;41;land;false;hills;1
4417;134;120;218;land;false;hills;1
4418;189;242;139;land;true;hills;1
4419;245;108;60;land;false;hills;1
4420;44;229;237;land;true;plains;1
4421;100;95;158;land;true;hills;5
4422;155;217;79;land;true;mountain;5
4423;211;83;0;land;true;mountain;5
4424;10;204;177;land;false;mountain;5
4425;66;70;98;land;false;desert;5
4426;121;192;19;land;false;desert;5
4427;177;57;196;land;false;hills;5
4428;232;179;117;land;false;hills;5
4429;32;45;38;land;false;mountain;5
4430;87;166;215;land;false;mountain;5
4431;143;32;136;land;false;mountain;5
4432;198;154;57;land;false;hills;5
4433;254;19;234;land;false;forest;5
4434;53;141;155;land;false;forest;2
4435;109;7;76;land;false;forest;2
4436;164;128;253;land;false;forest;2
4437;219;250;174;land;false;forest;2
4438;19;116;95;land;true;hills;1
4439;74;238;16;land;false;urban;1
4440;130;103;193;land;true;plains;1
4441;185;225;114;land;false;hills;1
4442;241;91;35;land;false;hills;5
4443;40;212;212;land;false;hills;5
4444;96;78;133;land;false;hills;5
4445;151;200;54;land;true;mountain;5
4446;207;65;231;land;false;mountain;5
4447;6;187;152;land;true;desert;5
4448;62;53;73;land;false;hills;5
4449;117;174;250;land;false;hills;5
4450;173;40;171;land;false;hills;5
4451;228;162;92;land;true;plains;5
4452;28;28;13;land;false;forest;5
4453;83;149;190;land;false;forest;5
4454;139;15;111;land;false;forest;5
4455;194;137;32;land;false;hills;5
4456;250;2;209;land;false;hills;5
4457;49;124;130;land;true;mountain;5
4458;104;246;51;land;false;mountain;2
4459;160;111;228;land;false;mountain;2
4460;215;233;149;land;false;mountain;2
4461;15;99;70;land;false;mountain;2
4462;70;220;247;land;false;mountain;2
4463;126;86;168;land;false;mountain;2
4464;181;208;89;land;false;hills;2
4465;237;74;10;land;false;forest;2
4466;36;195;187;land;false;forest;2
4467;92;61;108;land;true;urban;1
4468;147;183;29;land;false;hills;5
4469;203;48;206;land;true;mountain;5
4470;2;170;127;land;true;mountain;5
4471;58;36;48;land;false;mountain;5
4472;113;157;225;land;false;plains;5
4473;169;23;146;land;false;hills;5
4474;224;145;67;land;false;hills;5
4475;24;10;244;land;false;hills;5
4476;79;132;165;land;false;mountain;5
4477;134;254;86;land;false;mountain;2
4478;190;120;7;land;false;hills;2
4479;245;241;184;land;false;mountain;2
4480;45;107;105;land;false;hills;2
4481;100;229;26;land;false;plains;2
4482;156;94;203;land;false;forest;2
4483;211;216;124;land;true;hills;1
4484;11;82;45;land;false;hills;5
4485;66;203;222;land;false;mountain;5
4486;122;69;143;land;false;hills;5
4487;177;191;64;land;false;desert;5
4488;233;56;241;land;false;plains;5
4489;32;178;162;land;false;plains;5
4490;88;44;83;land;false;mountain;5
4491;143;166;4;land;false;mountain;5
4492;199;31;181;land;false;mountain;5
4493;254;153;102;land;false;hills;5
4494;54;19;23;land;false;hills;5
4495;109;140;200;land;false;hills;2
4496;165;6;121;land;false;hills;2
4497;220;128;42;land;false;plains;2
4498;19;249;219;land;false;forest;2
4499;75;115;140;land;false;hills;1
4500;130;237;61;land;false;hills;5
4501;186;102;238;land;false;hills;5
4502;241;224;159;land;true;desert;5
4503;41;90;80;land;false;desert;5
4504;96;212;1;land;false;mountain;5
4505;152;77;178;land;false;hills;5
4506;207;199;99;land;false;hills;5
4507;7;65;20;land;false;forest;2
4508;62;186;197;land;false;hills;1
4509;118;52;118;land;false;hills;1
4510;173;174;39;land;true;hills;1
4511;229;39;216;land;true;hills;1
4512;28;161;137;land;false;mountain;5
4513;84;27;58;land;false;mountain;5
4514;139;148;235;land;false;mountain;5
4515;195;14;156;land;false;hills;5
4516;250;136;77;land;true;hills;2
4517;50;1;254;land;false;plains;2
4518;105;123;175;land;false;forest;2
4519;160;245;96;land;false;forest;2
4520;216;111;17;land;false;mountain;1
4521;15;232;194;land;true;hills;1
4522;71;98;115;land;true;plains;1
4523;126;220;36;land;false;hills;1
4524;182;85;213;land;false;hills;1
4525;237;207;134;land;false;hills;5
4526;37;73;55;land;false;mountain;5
4527;92;194;232;land;false;urban;5
4528;148;60;153;land;true;urban;5
4529;203;182;74;land;false;mountain;5
4530;3;47;251;land;false;hills;5
4531;58;169;172;land;false;plains;5
4532;114;35;93;land;false;hills;5
4533;169;157;14;land;false;hills;5
4534;225;22;191;land;false;hills;5
4535;24;144;112;land;false;plains;2
4536;80;10;33;land;false;plains;2
4537;135;131;210;land;false;forest;2
4538;190;253;131;land;true;hills;1
4539;246;119;52;land;true;hills;1
4540;45;240;229;land;true;hills;1
4541;101;106;150;land;true;hills;1
4542;156;228;71;land;false;hills;5
4543;212;93;248;land;false;plains;5
4544;11;215;169;land;false;hills;5
4545;67;81;90;land;false;hills;5
4546;122;203;11;land;false;hills;5
4547;178;68;188;land;false;plains;5
4548;233;190;109;land;false;hills;5
4549;33;56;30;land;false;hills;2
4550;88;177;207;land;false;hills;2
4551;144;43;128;land;false;mountain;2
4552;199;165;49;land;false;hills;2
4553;255;30;226;land;false;plains;2
4554;54;152;147;land;false;forest;2
4555;110;18;68;land;false;forest;2
4556;165;139;245;land;false;forest;2
4557;221;5;166;land;false;forest;2
4558;20;127;87;land;false;hills;1
4559;75;249;8;land;true;plains;5
4560;131;114;185;land;true;plains;5
4561;186;236;106;land;false;urban;5
4562;242;102;27;land;false;hills;5
4563;41;223;204;land;false;mountain;5
4564;97;89;125;land;false;mountain;5
4565;152;211;46;land;false;desert;5
4566;208;76;223;land;false;plains;5
4567;7;198;144;land;false;hills;5
4568;63;64;65;land;false;hills;5
4569;118;185;242;land;false;hills;5
4570;174;51;163;land;false;forest;5
4571;229;173;84;land;false;hills;2
4572;29;39;5;land;false;urban;2
4573;84;160;182;land;false;forest;2
4574;140;26;103;land;false;hills;1
4575;195;148;24;land;false;hills;5
4576;251;13;201;land;false;hills;5
4577;50;135;122;land;false;mountain;5
4578;106;1;43;land;false;mountain;5
4579;161;122;220;land;true;plains;5
4580;216;244;141;land;true;plains;5
4581;16;110;62;land;true;forest;5
4582;71;231;239;land;false;forest;2
4583;127;97;160;land;false;forest;2
4584;182;219;81;land;false;forest;2
4585;238;85;2;land;false;forest;2
4586;37;206;179;land;false;urban;2
4587;93;72;100;land;false;urban;2
4588;148;194;21;land;false;forest;2
4589;204;59;198;land;false;forest;2
4590;3;181;119;land;false;forest;2
4591;59;47;40;land;false;forest;2
4592;114;168;217;land;false;urban;2
4593;170;34;138;land;true;forest;2
4594;225;156;59;land;true;plains;1
4595;25;21;236;land;true;hills;1
4596;80;143;157;land;true;plains;1
4597;136;9;78;land;false;hills;5
4598;191;130;255;land;false;mountain;5
4599;246;252;176;land;false;mountain;5
4600;46;118;97;land;false;mountain;5
4601;101;240;18;land;false;plains;5
4602;157;105;195;land;false;mountain;5
4603;212;227;116;land;false;hills;5
4604;12;93;37;land;true;hills;5
4605;67;214;214;land;true;forest;5
4606;123;80;135;land;true;hills;5
4607;178;202;56;land;false;mountain;2
4608;234;67;233;land;false;plains;2
4609;33;189;154;land;false;forest;2
4610;89;55;75;land;false;forest;2
4611;144;176;252;land;false;plains;1
4612;200;42;173;land;false;hills;1
4613;255;164;94;land;false;hills;1
4614;55;30;15;land;true;hills;5
4615;110;151;192;land;false;mountain;5
4616;166;17;113;land;false;plains;5
4617;221;139;34;land;false;desert;5
4618;21;4;211;land;false;plains;5
4619;76;126;132;land;false;mountain;5
4620;131;248;53;land;false;hills;5
4621;187;113;230;land;false;hills;5
4622;242;235;151;land;false;urban;5
4623;42;101;72;land;true;forest;5
4624;97;222;249;land;true;hills;5
4625;153;88;170;land;false;forest;2
4626;208;210;91;land;false;urban;2
4627;8;76;12;land;false;forest;2
4628;63;197;189;land;false;hills;1
4629;119;63;110;land;true;hills;5
4630;174;185;31;land;false;hills;5
4631;230;50;208;land;false;hills;5
4632;29;172;129;land;false;mountain;5
4633;85;38;50;land;false;mountain;5
4634;140;159;227;land;false;hills;5
4635;196;25;148;land;false;hills;5
4636;251;147;69;land;false;hills;5
4637;51;12;246;land;false;urban;5
4638;106;134;167;land;true;forest;5
4639;162;0;88;land;true;hills;5
4640;217;122;9;land;false;mountain;2
4641;16;243;186;land;false;mountain;2
4642;72;109;107;land;true;hills;1
4643;127;231;28;land;true;hills;1
4644;183;96;205;land;false;hills;1
4645;238;218;126;land;false;hills;5
4646;38;84;47;land;false;hills;5
4647;93;205;224;land;false;hills;5
4648;149;71;145;land;false;mountain;5
4649;204;193;66;land;false;mountain;5
4650;4;58;243;land;false;mountain;5
4651;59;180;164;land;false;hills;5
4652;115;46;85;land;false;hills;5
4653;170;168;6;land;false;hills;5
4654;226;33;183;land;false;hills;2
4655;25;155;104;land;false;hills;1
4656;81;21;25;land;false;hills;5
4657;136;142;202;land;false;mountain;5
4658;192;8;123;land;false;hills;5
4659;247;130;44;land;false;plains;5
4660;46;251;221;land;false;mountain;5
4661;102;117;142;land;false;plains;5
4662;157;239;63;land;false;mountain;5
4663;213;104;240;land;false;hills;5
4664;12;226;161;land;false;plains;5
4665;68;92;82;land;true;plains;5
4666;123;214;3;land;false;hills;5
4667;179;79;180;land;false;mountain;2
4668;234;201;101;land;false;plains;2
4669;34;67;22;land;false;plains;2
4670;89;188;199;land;false;plains;2
4671;145;54;120;land;false;plains;1
4672;200;176;41;land;false;plains;1
4673;0;41;218;land;false;plains;1
4674;55;163;139;land;false;hills;1
4675;111;29;60;land;false;hills;1
4676;166;150;237;land;true;mountain;1
4677;222;16;158;land;false;hills;5
4678;21;138;79;land;true;hills;5
4679;77;4;0;land;false;desert;5
4680;132;125;177;land;false;desert;5
4681;187;247;98;land;false;mountain;5
4682;243;113;19;land;false;mountain;5
4683;42;234;196;land;false;mountain;5
4684;98;100;117;land;false;plains;5
4685;153;222;38;land;false;hills;5
4686;209;87;215;land;false;urban;5
4687;8;209;136;land;false;forest;2
4688;64;75;57;land;false;forest;2
4689;119;196;234;land;false;plains;1
4690;175;62;155;land;true;hills;5
4691;230;184;76;land;false;hills;5
4692;30;49;253;land;false;plains;5
4693;85;171;174;land;false;hills;5
4694;141;37;95;land;false;plains;5
4695;196;159;16;land;false;plains;5
4696;252;24;193;land;false;forest;2
4697;51;146;114;land;true;hills;1
4698;107;12;35;land;true;hills;1
4699;162;133;212;land;false;hills;5
4700;217;255;133;land;false;hills;5
4701;17;121;54;land;false;hills;5
4702;72;242;231;land;false;hills;5
4703;128;108;152;land;false;mountain;5
4704;183;230;73;land;false;mountain;5
4705;239;95;250;land;false;mountain;5
4706;38;217;171;land;true;plains;5
4707;94;83;92;land;false;desert;5
4708;149;205;13;land;false;plains;5
4709;205;70;190;land;false;hills;5
4710;4;192;111;land;false;hills;5
4711;60;58;32;land;false;mountain;5
4712;115;179;209;land;false;hills;5
4713;171;45;130;land;true;forest;5
4714;226;167;51;land;false;plains;2
4715;26;32;228;land;false;mountain;2
4716;81;154;149;land;false;mountain;2
4717;137;20;70;land;false;hills;2
4718;192;141;247;land;false;forest;2
4719;248;7;168;land;false;forest;2
4720;47;129;89;land;false;urban;2
4721;102;251;10;land;false;plains;1
4722;158;116;187;land;true;plains;1
4723;213;238;108;land;true;hills;1
4724;13;104;29;land;false;plains;5
4725;68;225;206;land;false;hills;5
4726;124;91;127;land;false;hills;5
4727;179;213;48;land;false;mountain;5
4728;235;78;225;land;false;mountain;5
4729;34;200;146;land;false;hills;5
4730;90;66;67;land;false;mountain;5
4731;145;187;244;land;false;hills;5
4732;201;53;165;land;false;mountain;5
4733;0;175;86;land;false;mountain;5
4734;56;41;7;land;false;plains;5
4735;111;162;184;land;false;hills;5
4736;167;28;105;land;false;mountain;5
4737;222;150;26;land;false;plains;5
4738;22;15;203;land;true;hills;5
4739;77;137;124;land;false;mountain;2
4740;133;3;45;land;false;plains;2
4741;188;124;222;land;false;plains;2
4742;243;246;143;land;false;plains;2
4743;43;112;64;land;false;plains;2
4744;98;233;241;land;false;plains;2
4745;154;99;162;land;false;plains;2
4746;209;221;83;land;false;forest;2
4747;9;87;4;land;false;forest;2
4748;64;208;181;land;false;plains;1
4749;120;74;102;land;false;hills;5
4750;175;196;23;land;false;hills;5
4751;231;61;200;land;false;desert;5
4752;30;183;121;land;false;mountain;5
4753;86;49;42;land;false;plains;5
4754;141;170;219;land;false;mountain;2
4755;197;36;140;land;false;hills;2
4756;252;158;61;land;false;plains;2
4757;52;23;238;land;true;plains;2
4758;107;145;159;land;true;plains;2
4759;163;11;80;land;true;plains;1
4760;218;133;1;land;false;hills;5
4761;17;254;178;land;false;mountain;5
4762;73;120;99;land;false;hills;5
4763;128;242;20;land;true;plains;5
4764;184;107;197;land;true;urban;5
4765;239;229;118;land;false;mountain;2
4766;39;95;39;land;false;forest;2
4767;94;216;216;land;true;plains;2
4768;150;82;137;land;false;mountain;1
4769;205;204;58;land;false;hills;5
4770;5;69;235;land;false;hills;5
4771;60;191;156;land;false;mountain;5
4772;116;57;77;land;false;mountain;5
4773;171;178;254;land;false;hills;5
4774;227;44;175;land;true;plains;5
4775;26;166;96;land;false;forest;5
4776;82;32;17;land;false;hills;2
4777;137;153;194;land;false;hills;2
4778;193;19;115;land;false;forest;2
4779;248;141;36;land;false;forest;2
4780;48;6;213;land;false;urban;2
4781;103;128;134;land;false;plains;1
4782;158;250;55;land;true;hills;1
4783;214;115;232;land;true;hills;1
4784;13;237;153;land;true;hills;5
4785;69;103;74;land;false;hills;5
4786;124;224;251;land;false;hills;5
4787;180;90;172;land;false;hills;5
4788;235;212;93;land;false;mountain;5
4789;35;78;14;land;false;mountain;5
4790;90;199;191;land;false;hills;5
4791;146;65;112;land;false;hills;5
4792;201;187;33;land;false;forest;5
4793;1;52;210;land;false;hills;2
4794;56;174;131;land;false;mountain;2
4795;112;40;52;land;false;hills;2
4796;167;161;229;land;false;forest;2
4797;223;27;150;land;false;plains;2
4798;22;149;71;land;false;plains;2
4799;78;14;248;land;false;plains;2
4800;133;136;169;land;false;forest;2
4801;189;2;90;land;true;plains;1
4802;244;124;11;land;true;mountain;1
4803;43;245;188;land;false;hills;5
4804;99;111;109;land;false;hills;5
4805;154;233;30;land;false;hills;5
4806;210;98;207;land;false;hills;5
4807;9;220;128;land;false;hills;5
4808;65;86;49;land;false;hills;5
4809;120;207;226;land;false;urban;5
4810;176;73;147;land;true;hills;5
4811;231;195;68;land;false;mountain;2
4812;31;60;245;land;false;mountain;2
4813;86;182;166;land;false;mountain;2
4814;142;48;87;land;false;mountain;2
4815;197;170;8;land;false;plains;2
4816;253;35;185;land;false;urban;2
4817;52;157;106;land;false;plains;2
4818;108;23;27;land;true;mountain;1
4819;163;144;204;land;false;hills;5
4820;219;10;125;land;false;hills;5
4821;18;132;46;land;false;hills;5
4822;73;253;223;land;false;mountain;5
4823;129;119;144;land;false;hills;5
4824;184;241;65;land;false;mountain;5
4825;240;106;242;land;false;desert;5
4826;39;228;163;land;false;plains;5
4827;95;94;84;land;false;hills;5
4828;150;216;5;land;true;plains;5
4829;206;81;182;land;false;mountain;2
4830;5;203;103;land;false;mountain;2
4831;61;69;24;land;false;forest;2
4832;116;190;201;land;false;forest;2
4833;172;56;122;land;false;forest;2
4834;227;178;43;land;false;plains;1
4835;27;43;220;land;false;hills;1
4836;82;165;141;land;false;hills;5
4837;138;31;62;land;false;mountain;5
4838;193;152;239;land;false;mountain;5
4839;249;18;160;land;true;mountain;5
4840;48;140;81;land;false;plains;5
4841;104;6;2;land;false;mountain;5
4842;159;127;179;land;false;mountain;5
4843;214;249;100;land;false;hills;5
4844;14;115;21;land;false;hills;5
4845;69;236;198;land;false;mountain;5
4846;125;102;119;land;false;plains;5
4847;180;224;40;land;false;plains;5
4848;236;89;217;land;true;forest;5
4849;35;211;138;land;true;hills;2
4850;91;77;59;land;false;hills;2
4851;146;198;236;land;false;hills;2
4852;202;64;157;land;false;plains;2
4853;1;186;78;land;false;plains;1
4854;57;51;255;land;false;plains;1
4855;112;173;176;land;true;hills;5
4856;168;39;97;land;false;hills;5
4857;223;161;18;land;false;mountain;5
4858;23;26;195;land;false;mountain;5
4859;78;148;116;land;false;hills;5
4860;134;14;37;land;false;mountain;5
4861;189;135;214;land;false;hills;5
4862;245;1;135;land;false;desert;5
4863;44;123;56;land;false;desert;5
4864;99;244;233;land;false;plains;5
4865;155;110;154;land;false;plains;5
4866;210;232;75;land;false;plains;5
4867;10;97;252;land;false;hills;5
4868;65;219;173;land;false;plains;2
4869;121;85;94;land;false;forest;2
4870;176;207;15;land;false;forest;2
4871;232;72;192;land;true;urban;1
4872;31;194;113;land;false;plains;1
4873;87;60;34;land;false;hills;1
4874;142;181;211;land;true;plains;1
4875;198;47;132;land;false;hills;5
4876;253;169;53;land;false;plains;5
4877;53;34;230;land;false;mountain;5
4878;108;156;151;land;false;mountain;5
4879;164;22;72;land;false;mountain;5
4880;219;143;249;land;false;hills;5
4881;19;9;170;land;false;hills;5
4882;74;131;91;land;false;hills;5
4883;129;253;12;land;false;plains;2
4884;185;118;189;land;false;mountain;2
4885;240;240;110;land;false;plains;2
4886;40;106;31;land;false;urban;2
4887;95;227;208;land;false;forest;2
4888;151;93;129;land;false;plains;1
4889;206;215;50;land;false;hills;1
4890;6;80;227;land;false;hills;1
4891;61;202;148;land;false;hills;5
4892;117;68;69;land;false;hills;5
4893;172;189;246;land;false;mountain;5
4894;228;55;167;land;false;mountain;5
4895;27;177;88;land;false;hills;5
4896;83;43;9;land;false;forest;2
4897;138;164;186;land;false;plains;1
4898;194;30;107;land;false;hills;5
4899;249;152;28;land;false;hills;5
4900;49;17;205;land;false;mountain;5
4901;104;139;126;land;false;mountain;5
4902;160;5;47;land;false;mountain;5
4903;215;126;224;land;false;mountain;5
4904;14;248;145;land;false;urban;5
4905;70;114;66;land;true;hills;5
4906;125;235;243;land;false;hills;2
4907;181;101;164;land;false;plains;2
4908;236;223;85;land;false;forest;2
4909;36;89;6;land;false;urban;2
4910;91;210;183;land;false;mountain;1
4911;147;76;104;land;false;hills;5
4912;202;198;25;land;false;hills;5
4913;2;63;202;land;false;hills;5
4914;57;185;123;land;false;mountain;5
4915;113;51;44;land;false;mountain;5
4916;168;172;221;land;false;mountain;5
4917;224;38;142;land;false;mountain;2
4918;23;160;63;land;false;plains;2
4919;79;25;240;land;false;plains;2
4920;134;147;161;land;false;forest;2
4921;190;13;82;land;false;forest;2
4922;245;135;3;land;true;hills;1
4923;45;0;180;land;false;hills;5
4924;100;122;101;land;false;hills;5
4925;155;244;22;land;false;hills;5
4926;211;109;199;land;false;plains;5
4927;10;231;120;land;false;hills;5
4928;66;97;41;land;false;hills;5
4929;121;218;218;land;false;mountain;5
4930;177;84;139;land;false;mountain;5
4931;232;206;60;land;false;hills;5
4932;32;71;237;land;false;plains;5
4933;87;193;158;land;false;forest;5
4934;143;59;79;land;true;hills;5
4935;198;181;0;land;false;hills;2
4936;254;46;177;land;false;forest;2
4937;53;168;98;land;true;plains;2
4938;109;34;19;land;true;hills;1
4939;164;155;196;land;false;hills;5
4940;220;21;117;land;false;mountain;5
4941;19;143;38;land;false;mountain;5
4942;75;8;215;land;false;hills;5
4943;130;130;136;land;false;hills;5
4944;185;252;57;land;false;mountain;5
4945;241;117;234;land;false;plains;5
4946;40;239;155;land;false;plains;5
4947;96;105;76;land;false;plains;5
4948;151;226;253;land;false;hills;5
4949;207;92;174;land;false;hills;5
4950;6;214;95;land;true;plains;5
4951;62;80;16;land;false;hills;2
4952;117;201;193;land;false;hills;2
4953;173;67;114;land;true;plains;2
4954;228;189;35;land;true;hills;1
4955;28;54;212;land;true;hills;1
4956;83;176;133;land;true;urban;5
4957;139;42;54;land;false;plains;5
4958;194;163;231;land;false;hills;5
4959;250;29;152;land;false;hills;5
4960;49;151;73;land;false;mountain;5
4961;105;16;250;land;false;mountain;5
4962;160;138;171;land;false;mountain;5
4963;216;4;92;land;false;mountain;5
4964;15;126;13;land;false;mountain;5
4965;70;247;190;land;false;hills;5
4966;126;113;111;land;false;plains;5
4967;181;235;32;land;true;urban;5
4968;237;100;209;land;false;mountain;2
4969;36;222;130;land;false;hills;2
4970;92;88;51;land;false;plains;2
4971;147;209;228;land;true;plains;2
4972;203;75;149;land;false;plains;1
4973;2;197;70;land;false;hills;1
4974;58;62;247;land;false;hills;5
4975;113;184;168;land;false;forest;2
4976;169;50;89;land;false;forest;2
4977;224;172;10;land;false;forest;2
4978;24;37;187;land;false;forest;2
4979;79;159;108;land;false;plains;1
4980;135;25;29;land;false;hills;1
4981;190;146;206;land;true;hills;1
4982;246;12;127;land;false;hills;5
4983;45;134;48;land;false;hills;5
4984;100;255;225;land;false;mountain;5
4985;156;121;146;land;false;hills;5
4986;211;243;67;land;false;hills;5
4987;11;108;244;land;false;plains;5
4988;66;230;165;land;false;plains;5
4989;122;96;86;land;false;mountain;5
4990;177;218;7;land;false;mountain;5
4991;233;83;184;land;false;hills;5
4992;32;205;105;land;false;hills;5
4993;88;71;26;land;false;hills;5
4994;143;192;203;land;false;plains;5
4995;199;58;124;land;true;hills;5
4996;254;180;45;land;false;mountain;2
4997;54;45;222;land;false;plains;2
4998;109;167;143;land;false;forest;2
4999;165;33;64;land;false;plains;2
5000;220;154;241;land;false;forest;2
5001;20;20;162;land;true;plains;1
5002;75;142;83;land;false;plains;1
5003;131;8;4;land;true;hills;1
5004;186;129;181;land;false;hills;5
5005;241;251;102;land;false;hills;5
5006;41;117;23;land;false;hills;5
5007;96;238;200;land;false;mountain;5
5008;152;104;121;land;false;mountain;5
5009;207;226;42;land;false;plains;5
5010;7;91;219;land;false;plains;5
5011;62;213;140;land;false;forest;5
5012;118;79;61;land;false;urban;2
5013;173;200;238;land;false;hills;2
5014;229;66;159;land;false;mountain;2
5015;28;188;80;land;false;forest;2
5016;84;54;1;land;false;forest;2
5017;139;175;178;land;false;forest;2
5018;195;41;99;land;false;plains;1
5019;250;163;20;land;false;plains;1
5020;50;28;197;land;false;hills;1
5021;105;150;118;land;false;hills;5
5022;161;16;39;land;false;hills;5
5023;216;137;216;land;false;mountain;5
5024;16;3;137;land;true;mountain;5
5025;71;125;58;land;false;desert;5
5026;126;246;235;land;false;mountain;5
5027;182;112;156;land;false;mountain;5
5028;237;234;77;land;false;mountain;5
5029;37;99;254;land;false;forest;5
5030;92;221;175;land;false;mountain;2
5031;148;87;96;land;false;forest;2
5032;203;209;17;land;false;forest;2
5033;3;74;194;land;false;forest;2
5034;58;196;115;land;true;plains;5
5035;114;62;36;land;false;hills;5
5036;169;183;213;land;false;plains;5
5037;225;49;134;land;false;mountain;5
5038;24;171;55;land;false;plains;5
5039;80;36;232;land;false;hills;5
5040;135;158;153;land;false;mountain;5
5041;191;24;74;land;false;plains;5
5042;246;145;251;land;false;hills;5
5043;46;11;172;land;false;hills;5
5044;101;133;93;land;true;forest;5
5045;156;255;14;land;false;forest;5
5046;212;120;191;land;true;plains;2
5047;11;242;112;land;false;mountain;2
5048;67;108;33;land;false;hills;2
5049;122;229;210;land;false;plains;2
5050;178;95;131;land;false;forest;2
5051;233;217;52;land;false;forest;2
5052;33;82;229;land;false;mountain;5
5053;88;204;150;land;false;hills;5
5054;144;70;71;land;true;desert;5
5055;199;191;248;land;false;mountain;5
5056;255;57;169;land;true;hills;5
5057;54;179;90;land;false;mountain;2
5058;110;45;11;land;false;hills;2
5059;165;166;188;land;false;mountain;2
5060;221;32;109;land;false;forest;2
5061;20;154;30;land;false;forest;2
5062;76;19;207;land;false;forest;2
5063;131;141;128;land;false;hills;1
5064;187;7;49;land;true;plains;1
5065;242;128;226;land;true;hills;5
5066;41;250;147;land;false;mountain;5
5067;97;116;68;land;false;mountain;5
5068;152;237;245;land;false;hills;5
5069;208;103;166;land;false;mountain;5
5070;7;225;87;land;false;plains;5
5071;63;91;8;land;false;hills;5
5072;118;212;185;land;false;hills;5
5073;174;78;106;land;false;plains;5
5074;229;200;27;land;true;plains;5
5075;29;65;204;land;true;hills;5
5076;84;187;125;land;false;plains;2
5077;140;53;46;land;false;hills;2
5078;195;174;223;land;false;forest;2
5079;251;40;144;land;false;hills;1
5080;50;162;65;land;false;hills;1
5081;106;27;242;land;true;hills;1
5082;161;149;163;land;false;hills;5
5083;217;15;84;land;false;hills;5
5084;16;137;5;land;false;hills;5
5085;72;2;182;land;false;mountain;5
5086;127;124;103;land;false;mountain;5
5087;182;246;24;land;false;mountain;5
5088;238;111;201;land;false;mountain;5
5089;37;233;122;land;false;mountain;5
5090;93;99;43;land;false;mountain;5
5091;148;220;220;land;false;plains;5
5092;204;86;141;land;false;forest;5
5093;3;208;62;land;true;hills;5
5094;59;73;239;land;false;plains;2
5095;114;195;160;land;false;plains;2
5096;170;61;81;land;false;forest;2
5097;225;183;2;land;false;forest;2
5098;25;48;179;land;true;plains;2
5099;80;170;100;land;false;hills;1
5100;136;36;21;land;false;hills;5
5101;191;157;198;land;false;hills;5
5102;247;23;119;land;false;hills;5
5103;46;145;40;land;false;hills;5
5104;102;10;217;land;false;urban;5
5105;157;132;138;land;false;hills;5
5106;212;254;59;land;false;hills;5
5107;12;119;236;land;false;mountain;5
5108;67;241;157;land;false;mountain;5
5109;123;107;78;land;false;mountain;5
5110;178;228;255;land;false;mountain;5
5111;234;94;176;land;false;urban;5
5112;33;216;97;land;false;plains;5
5113;89;82;18;land;false;hills;2
5114;144;203;195;land;false;mountain;2
5115;200;69;116;land;false;mountain;2
5116;255;191;37;land;false;plains;2
5117;55;56;214;land;false;forest;2
5118;110;178;135;land;false;plains;1
5119;166;44;56;land;false;plains;1
5120;221;165;233;land;false;hills;1
5121;21;31;154;land;false;mountain;1
5122;76;153;75;land;true;urban;1
5123;132;18;252;land;false;hills;5
5124;187;140;173;land;false;plains;5
5125;243;6;94;land;false;mountain;5
5126;42;128;15;land;false;mountain;5
5127;97;249;192;land;false;mountain;5
5128;153;115;113;land;true;mountain;5
5129;208;237;34;land;false;plains;5
5130;8;102;211;land;false;mountain;5
5131;63;224;132;land;false;hills;5
5132;119;90;53;land;false;mountain;2
5133;174;211;230;land;false;mountain;2
5134;230;77;151;land;false;plains;2
5135;29;199;72;land;false;plains;2
5136;85;64;249;land;false;forest;2
5137;140;186;170;land;true;mountain;1
5138;196;52;91;land;false;hills;5
5139;251;174;12;land;false;mountain;5
5140;51;39;189;land;false;plains;5
5141;106;161;110;land;false;hills;5
5142;162;27;31;land;false;hills;5
5143;217;148;208;land;false;mountain;5
5144;17;14;129;land;false;mountain;5
5145;72;136;50;land;false;urban;5
5146;128;1;227;land;true;plains;5
5147;183;123;148;land;false;plains;2
5148;238;245;69;land;false;forest;2
5149;38;110;246;land;false;forest;2
5150;93;232;167;land;false;forest;2
5151;149;98;88;land;true;forest;2
5152;204;220;9;land;false;plains;1
5153;4;85;186;land;true;hills;1
5154;59;207;107;land;false;hills;1
5155;115;73;28;land;false;hills;5
5156;170;194;205;land;false;hills;5
5157;226;60;126;land;false;hills;5
5158;25;182;47;land;false;hills;5
5159;81;47;224;land;false;mountain;5
5160;136;169;145;land;false;plains;5
5161;192;35;66;land;false;mountain;5
5162;247;156;243;land;false;hills;5
5163;47;22;164;land;false;plains;5
5164;102;144;85;land;false;plains;5
5165;158;10;6;land;true;plains;5
5166;213;131;183;land;true;forest;5
5167;12;253;104;land;false;forest;5
5168;68;119;25;land;false;forest;5
5169;123;240;202;land;false;mountain;2
5170;179;106;123;land;false;plains;2
5171;234;228;44;land;false;forest;2
5172;34;93;221;land;false;forest;2
5173;89;215;142;land;false;hills;1
5174;145;81;63;land;true;hills;1
5175;200;202;240;land;false;mountain;5
5176;0;68;161;land;false;mountain;5
5177;55;190;82;land;false;plains;5
5178;111;56;3;land;false;plains;5
5179;166;177;180;land;false;mountain;5
5180;222;43;101;land;false;mountain;5
5181;21;165;22;land;false;hills;5
5182;77;30;199;land;true;forest;5
5183;132;152;120;land;false;forest;2
5184;188;18;41;land;false;forest;2
5185;243;139;218;land;false;forest;2
5186;43;5;139;land;false;hills;1
5187;98;127;60;land;true;hills;1
5188;153;248;237;land;true;hills;1
5189;209;114;158;land;false;hills;5
5190;8;236;79;land;false;hills;5
5191;64;102;0;land;false;hills;5
5192;119;223;177;land;false;hills;5
5193;175;89;98;land;false;mountain;5
5194;230;211;19;land;false;plains;5
5195;30;76;196;land;false;mountain;5
5196;85;198;117;land;false;mountain;5
5197;141;64;38;land;false;hills;5
5198;196;185;215;land;true;plains;5
5199;252;51;136;land;false;plains;2
5200;51;173;57;land;false;mountain;2
5201;107;38;234;land;false;hills;2
5202;162;160;155;land;false;plains;2
5203;218;26;76;land;false;forest;2
5204;17;147;253;land;false;forest;2
5205;73;13;174;land;true;forest;2
5206;128;135;95;land;true;plains;1
5207;184;1;16;land;true;plains;1
5208;239;122;193;land;true;hills;1
5209;38;244;114;land;false;hills;5
5210;94;110;35;land;false;hills;5
5211;149;231;212;land;false;mountain;5
5212;205;97;133;land;false;plains;5
5213;4;219;54;land;false;hills;5
5214;60;84;231;land;false;mountain;5
5215;115;206;152;land;false;plains;5
5216;171;72;73;land;false;mountain;2
5217;226;193;250;land;false;mountain;2
5218;26;59;171;land;false;forest;2
5219;81;181;92;land;false;forest;2
5220;137;47;13;land;false;mountain;5
5221;192;168;190;land;false;hills;5
5222;248;34;111;land;false;mountain;5
5223;47;156;32;land;false;hills;5
5224;103;21;209;land;false;hills;5
5225;158;143;130;land;true;plains;5
5226;214;9;51;land;true;hills;5
5227;13;130;228;land;true;urban;2
5228;68;252;149;land;false;hills;2
5229;124;118;70;land;false;hills;2
5230;179;239;247;land;false;forest;2
5231;235;105;168;land;false;forest;2
5232;34;227;89;land;false;forest;2
5233;90;93;10;land;false;forest;2
5234;145;214;187;land;true;plains;1
5235;201;80;108;land;true;hills;1
5236;0;202;29;land;true;plains;5
5237;56;67;206;land;false;hills;5
5238;111;189;127;land;false;hills;5
5239;167;55;48;land;false;hills;5
5240;222;176;225;land;false;mountain;5
5241;22;42;146;land;false;mountain;5
5242;77;164;67;land;false;mountain;5
5243;133;29;244;land;false;plains;5
5244;188;151;165;land;false;hills;5
5245;244;17;86;land;false;mountain;5
5246;43;139;7;land;false;hills;5
5247;99;4;184;land;false;hills;2
5248;154;126;105;land;false;mountain;2
5249;209;248;26;land;false;forest;2
5250;9;113;203;land;false;forest;2
5251;64;235;124;land;false;forest;2
5252;120;101;45;land;false;hills;5
5253;175;222;222;land;false;mountain;5
5254;231;88;143;land;false;hills;5
5255;30;210;64;land;false;mountain;5
5256;86;75;241;land;false;plains;5
5257;141;197;162;land;false;plains;5
5258;197;63;83;land;true;urban;5
5259;252;185;4;land;true;hills;5
5260;52;50;181;land;true;hills;5
5261;107;172;102;land;false;mountain;2
5262;163;38;23;land;false;hills;2
5263;218;159;200;land;false;forest;2
5264;18;25;121;land;true;urban;2
5265;73;147;42;land;true;plains;1
5266;129;12;219;land;true;plains;1
5267;184;134;140;land;true;plains;1
5268;240;0;61;land;false;hills;5
5269;39;121;238;land;false;mountain;5
5270;94;243;159;land;false;mountain;5
5271;150;109;80;land;false;hills;5
5272;205;231;1;land;false;hills;5
5273;5;96;178;land;false;mountain;5
5274;60;218;99;land;false;mountain;5
5275;116;84;20;land;false;mountain;5
5276;171;205;197;land;false;mountain;5
5277;227;71;118;land;false;mountain;5
5278;26;193;39;land;false;mountain;5
5279;82;58;216;land;false;mountain;5
5280;137;180;137;land;false;hills;5
5281;193;46;58;land;false;plains;5
5282;248;167;235;land;false;plains;5
5283;48;33;156;land;false;hills;5
5284;103;155;77;land;false;hills;5
5285;159;20;254;land;false;urban;1
5286;214;142;175;land;false;hills;1
5287;14;8;96;land;false;hills;5
5288;69;130;17;land;false;hills;5
5289;124;251;194;land;false;mountain;5
5290;180;117;115;land;false;hills;5
5291;235;239;36;land;false;forest;5
5292;35;104;213;land;false;plains;2
5293;90;226;134;land;false;plains;1
5294;146;92;55;land;true;mountain;1
5295;201;213;232;land;false;hills;5
5296;1;79;153;land;false;mountain;5
5297;56;201;74;land;false;hills;5
5298;112;66;251;land;false;mountain;5
5299;167;188;172;land;true;plains;5
5300;223;54;93;land;false;mountain;2
5301;22;176;14;land;false;plains;5
5302;78;41;191;land;false;hills;5
5303;133;163;112;land;false;hills;5
5304;189;29;33;land;true;mountain;5
5305;244;150;210;land;false;plains;5
5306;44;16;131;land;false;mountain;5
5307;99;138;52;land;false;mountain;5
5308;155;3;229;land;false;hills;5
5309;210;125;150;land;false;plains;5
5310;9;247;71;land;true;forest;5
5311;65;112;248;land;false;urban;5
5312;120;234;169;land;true;hills;5
5313;176;100;90;land;false;plains;2
5314;231;222;11;land;false;forest;2
5315;31;87;188;land;false;forest;2
5316;86;209;109;land;true;plains;1
5317;142;75;30;land;true;hills;1
5318;197;196;207;land;true;hills;1
5319;253;62;128;land;true;plains;5
5320;52;184;49;land;true;hills;5
5321;108;49;226;land;false;plains;5
5322;163;171;147;land;false;mountain;5
5323;219;37;68;land;false;mountain;5
5324;18;158;245;land;false;mountain;5
5325;74;24;166;land;false;mountain;5
5326;129;146;87;land;false;hills;5
5327;185;12;8;land;true;forest;5
5328;240;133;185;land;true;forest;5
5329;39;255;106;land;true;urban;2
5330;95;121;27;land;false;mountain;2
5331;150;242;204;land;false;forest;2
5332;206;108;125;land;false;forest;2
5333;5;230;46;land;false;hills;2
5334;61;95;223;land;false;plains;2
5335;116;217;144;land;false;plains;1
5336;172;83;65;land;true;hills;1
5337;227;204;242;land;false;hills;5
5338;27;70;163;land;false;plains;5
5339;82;192;84;land;false;plains;5
5340;138;58;5;land;true;hills;5
5341;193;179;182;land;false;hills;5
5342;249;45;103;land;false;mountain;5
5343;48;167;24;land;false;plains;5
5344;104;32;201;land;false;mountain;5
5345;159;154;122;land;false;mountain;5
5346;215;20;43;land;false;mountain;5
5347;14;141;220;land;false;mountain;5
5348;70;7;141;land;false;mountain;5
5349;125;129;62;land;false;hills;5
5350;180;250;239;land;false;hills;5
5351;236;116;160;land;false;plains;5
5352;35;238;81;land;false;plains;5
5353;91;104;2;land;false;urban;5
5354;146;225;179;land;true;plains;5
5355;202;91;100;land;false;plains;2
5356;1;213;21;land;false;forest;2
5357;57;78;198;land;false;hills;2
5358;112;200;119;land;false;forest;2
5359;168;66;40;land;true;mountain;1
5360;223;187;217;land;true;mountain;5
5361;23;53;138;land;true;hills;5
5362;78;175;59;land;false;hills;5
5363;134;40;236;land;true;mountain;5
5364;189;162;157;land;true;mountain;5
5365;245;28;78;land;false;plains;5
5366;44;149;255;land;false;plains;5
5367;100;15;176;land;false;mountain;5
5368;155;137;97;land;false;hills;5
5369;211;3;18;land;false;hills;2
5370;10;124;195;land;false;mountain;2
5371;65;246;116;land;false;hills;2
5372;121;112;37;land;false;forest;2
5373;176;233;214;land;false;forest;2
5374;232;99;135;land;false;forest;2
5375;31;221;56;land;false;plains;2
5376;87;86;233;land;false;plains;2
5377;142;208;154;land;true;plains;6
5378;198;74;75;land;true;urban;6
5379;253;195;252;land;true;mountain;5
5380;53;61;173;land;false;mountain;5
5381;108;183;94;land;false;mountain;5
5382;164;49;15;land;false;hills;5
5383;219;170;192;land;false;hills;5
5384;19;36;113;land;false;hills;5
5385;74;158;34;land;false;mountain;5
5386;130;23;211;land;false;hills;5
5387;185;145;132;land;false;mountain;5
5388;241;11;53;land;false;mountain;5
5389;40;132;230;land;false;hills;5
5390;95;254;151;land;true;mountain;5
5391;151;120;72;land;true;hills;5
5392;206;241;249;land;false;mountain;2
5393;6;107;170;land;false;forest;2
5394;61;229;91;land;false;forest;2
5395;117;95;12;land;false;hills;2
5396;172;216;189;land;true;hills;1
5397;228;82;110;land;true;hills;1
5398;27;204;31;land;true;hills;1
5399;83;69;208;land;true;mountain;5
5400;138;191;129;land;true;mountain;5
5401;194;57;50;land;true;plains;5
5402;249;178;227;land;false;plains;5
5403;49;44;148;land;false;hills;5
5404;104;166;69;land;false;hills;5
5405;160;31;246;land;false;plains;5
5406;215;153;167;land;false;hills;5
5407;15;19;88;land;false;plains;5
5408;70;141;9;land;false;mountain;5
5409;126;6;186;land;false;plains;5
5410;181;128;107;land;false;forest;2
5411;236;250;28;land;true;plains;1
5412;36;115;205;land;true;plains;5
5413;91;237;126;land;false;mountain;5
5414;147;103;47;land;false;hills;5
5415;202;224;224;land;false;mountain;5
5416;2;90;145;land;false;mountain;5
5417;57;212;66;land;false;hills;5
5418;113;77;243;land;false;hills;5
5419;168;199;164;land;false;hills;5
5420;224;65;85;land;false;plains;5
5421;23;187;6;land;false;forest;5
5422;79;52;183;land;false;plains;2
5423;134;174;104;land;true;urban;5
5424;190;40;25;land;false;plains;5
5425;245;161;202;land;false;hills;5
5426;45;27;123;land;false;mountain;5
5427;100;149;44;land;false;hills;5
5428;156;14;221;land;false;mountain;5
5429;211;136;142;land;false;mountain;5
5430;11;2;63;land;false;hills;5
5431;66;123;240;land;false;plains;5
5432;121;245;161;land;true;plains;5
5433;177;111;82;land;true;plains;5
5434;232;233;3;land;false;forest;5
5435;32;98;180;land;false;hills;5
5436;87;220;101;land;false;hills;1
5437;143;86;22;land;true;hills;6
5438;198;207;199;land;true;hills;6
5439;254;73;120;land;true;plains;6
5440;53;195;41;land;true;plains;6
5441;109;60;218;land;true;plains;6
5442;164;182;139;land;true;mountain;5
5443;220;48;60;land;false;plains;5
5444;19;169;237;land;false;plains;5
5445;75;35;158;land;false;mountain;5
5446;130;157;79;land;false;hills;5
5447;186;23;0;land;false;mountain;5
5448;241;144;177;land;false;mountain;5
5449;41;10;98;land;false;mountain;5
5450;96;132;19;land;false;mountain;5
5451;151;253;196;land;false;mountain;5
5452;207;119;117;land;false;hills;5
5453;6;241;38;land;false;urban;5
5454;62;106;215;land;false;hills;5
5455;117;228;136;land;true;hills;5
5456;173;94;57;land;false;mountain;5
5457;228;215;234;land;false;hills;2
5458;28;81;155;land;false;plains;2
5459;83;203;76;land;false;plains;2
5460;139;68;253;land;false;plains;2
5461;194;190;174;land;false;plains;2
5462;250;56;95;land;false;plains;2
5463;49;178;16;land;false;plains;2
5464;105;43;193;land;false;plains;2
5465;160;165;114;land;false;forest;2
5466;216;31;35;land;false;forest;2
5467;15;152;212;land;true;mountain;5
5468;71;18;133;land;true;mountain;5
5469;126;140;54;land;false;plains;5
5470;182;5;231;land;false;plains;5
5471;237;127;152;land;false;mountain;5
5472;36;249;73;land;false;hills;5
5473;92;114;250;land;false;plains;5
5474;147;236;171;land;false;urban;5
5475;203;102;92;land;true;plains;5
5476;2;224;13;land;true;mountain;5
5477;58;89;190;land;true;plains;5
5478;113;211;111;land;false;mountain;2
5479;169;77;32;land;false;mountain;2
5480;224;198;209;land;false;mountain;2
5481;24;64;130;land;false;hills;2
5482;79;186;51;land;false;hills;2
5483;135;51;228;land;false;hills;2
5484;190;173;149;land;false;mountain;2
5485;246;39;70;land;false;mountain;2
5486;45;160;247;land;false;mountain;2
5487;101;26;168;land;false;hills;2
5488;156;148;89;land;true;plains;1
5489;212;14;10;land;true;hills;1
5490;11;135;187;land;true;hills;6
5491;67;1;108;land;true;hills;6
5492;122;123;29;land;true;hills;6
5493;177;244;206;land;true;mountain;5
5494;233;110;127;land;false;plains;5
5495;32;232;48;land;false;plains;5
5496;88;97;225;land;false;hills;5
5497;143;219;146;land;true;mountain;5
5498;199;85;67;land;false;hills;5
5499;254;206;244;land;false;plains;5
5500;54;72;165;land;false;forest;5
5501;109;194;86;land;false;hills;5
5502;165;60;7;land;false;plains;2
5503;220;181;184;land;true;hills;6
5504;20;47;105;land;false;plains;5
5505;75;169;26;land;true;mountain;5
5506;131;34;203;land;false;hills;5
5507;186;156;124;land;false;hills;5
5508;242;22;45;land;false;plains;5
5509;41;143;222;land;false;plains;5
5510;97;9;143;land;true;hills;5
5511;152;131;64;land;true;hills;2
5512;207;252;241;land;true;urban;6
5513;7;118;162;land;true;hills;6
5514;62;240;83;land;false;plains;5
5515;118;106;4;land;false;mountain;5
5516;173;227;181;land;true;hills;5
5517;229;93;102;land;false;urban;5
5518;28;215;23;land;false;mountain;5
5519;84;80;200;land;false;mountain;5
5520;139;202;121;land;false;mountain;5
5521;195;68;42;land;false;mountain;5
5522;250;189;219;land;false;hills;5
5523;50;55;140;land;false;hills;5
5524;105;177;61;land;false;hills;5
5525;161;42;238;land;false;urban;5
5526;216;164;159;land;false;plains;5
5527;16;30;80;land;false;plains;5
5528;71;152;1;land;false;hills;5
5529;127;17;178;land;false;plains;2
5530;182;139;99;land;false;plains;2
5531;238;5;20;land;false;forest;2
5532;37;126;197;land;false;plains;6
5533;92;248;118;land;false;plains;6
5534;148;114;39;land;true;hills;5
5535;203;235;216;land;false;plains;5
5536;3;101;137;land;false;plains;5
5537;58;223;58;land;false;hills;5
5538;114;88;235;land;false;hills;5
5539;169;210;156;land;false;mountain;5
5540;225;76;77;land;false;mountain;5
5541;24;197;254;land;false;plains;5
5542;80;63;175;land;false;forest;5
5543;135;185;96;land;false;hills;2
5544;191;51;17;land;false;plains;2
5545;246;172;194;land;false;plains;5
5546;46;38;115;land;false;plains;5
5547;101;160;36;land;false;plains;5
5548;157;25;213;land;true;mountain;5
5549;212;147;134;land;false;mountain;5
5550;12;13;55;land;false;mountain;5
5551;67;134;232;land;false;mountain;5
5552;123;0;153;land;false;mountain;5
5553;178;122;74;land;false;plains;5
5554;233;243;251;land;false;hills;2
5555;33;109;172;land;false;plains;2
5556;88;231;93;land;false;forest;2
5557;144;97;14;land;false;forest;2
5558;199;218;191;land;true;hills;6
5559;255;84;112;land;false;hills;6
5560;54;206;33;land;false;plains;5
5561;110;71;210;land;false;hills;5
5562;165;193;131;land;false;mountain;5
5563;221;59;52;land;true;mountain;5
5564;20;180;229;land;true;mountain;5
5565;76;46;150;land;false;mountain;5
5566;131;168;71;land;false;hills;5
5567;187;33;248;land;false;hills;5
5568;242;155;169;land;false;hills;5
5569;42;21;90;land;false;mountain;5
5570;97;143;11;land;false;hills;5
5571;153;8;188;land;false;plains;5
5572;208;130;109;land;false;forest;5
5573;7;252;30;land;false;plains;5
5574;63;117;207;land;false;mountain;2
5575;118;239;128;land;false;mountain;2
5576;174;105;49;land;false;forest;2
5577;229;226;226;land;false;forest;2
5578;29;92;147;land;false;hills;2
5579;84;214;68;land;false;hills;2
5580;140;79;245;land;false;hills;2
5581;195;201;166;land;false;hills;2
5582;251;67;87;land;true;hills;6
5583;50;189;8;land;true;hills;6
5584;106;54;185;land;false;plains;6
5585;161;176;106;land;true;hills;5
5586;217;42;27;land;false;urban;5
5587;16;163;204;land;false;hills;5
5588;72;29;125;land;false;mountain;5
5589;127;151;46;land;false;mountain;5
5590;183;16;223;land;false;hills;5
5591;238;138;144;land;true;forest;5
5592;38;4;65;land;false;urban;5
5593;93;125;242;land;false;forest;5
5594;148;247;163;land;true;mountain;5
5595;204;113;84;land;false;mountain;5
5596;3;235;5;land;false;hills;2
5597;59;100;182;land;false;hills;2
5598;114;222;103;land;false;plains;2
5599;170;88;24;land;false;plains;2
5600;225;209;201;land;false;forest;2
5601;25;75;122;land;false;forest;2
5602;80;197;43;land;false;plains;2
5603;136;62;220;land;false;plains;2
5604;191;184;141;land;false;plains;2
5605;247;50;62;land;false;plains;2
5606;46;171;239;land;false;forest;2
5607;102;37;160;land;false;forest;2
5608;157;159;81;land;true;forest;2
5609;213;25;2;land;true;plains;1
5610;12;146;179;land;false;hills;6
5611;68;12;100;land;false;hills;6
5612;123;134;21;land;false;hills;6
5613;178;255;198;land;true;plains;1
5614;234;121;119;land;false;mountain;5
5615;33;243;40;land;false;hills;5
5616;89;108;217;land;false;hills;5
5617;144;230;138;land;false;hills;5
5618;200;96;59;land;false;hills;5
5619;255;217;236;land;false;hills;5
5620;55;83;157;land;false;mountain;5
5621;110;205;78;land;false;mountain;5
5622;166;70;255;land;false;mountain;5
5623;221;192;176;land;true;urban;5
5624;21;58;97;land;false;hills;5
5625;76;180;18;land;false;hills;2
5626;132;45;195;land;false;plains;2
5627;187;167;116;land;false;plains;2
5628;243;33;37;land;false;plains;2
5629;42;154;214;land;false;plains;2
5630;98;20;135;land;false;forest;2
5631;153;142;56;land;false;forest;2
5632;209;7;233;land;true;plains;6
5633;8;129;154;land;false;plains;5
5634;63;251;75;land;false;hills;5
5635;119;116;252;land;false;hills;5
5636;174;238;173;land;false;hills;5
5637;230;104;94;land;false;mountain;5
5638;29;226;15;land;false;mountain;5
5639;85;91;192;land;false;urban;5
5640;140;213;113;land;false;hills;5
5641;196;79;34;land;false;plains;5
5642;251;200;211;land;false;plains;5
5643;51;66;132;land;false;plains;5
5644;106;188;53;land;false;urban;5
5645;162;53;230;land;false;hills;5
5646;217;175;151;land;false;mountain;5
5647;17;41;72;land;false;mountain;2
5648;72;162;249;land;false;forest;2
5649;128;28;170;land;false;hills;6
5650;183;150;91;land;false;plains;6
5651;239;16;12;land;false;plains;5
5652;38;137;189;land;false;plains;5
5653;94;3;110;land;false;plains;5
5654;149;125;31;land;false;plains;5
5655;204;246;208;land;false;mountain;5
5656;4;112;129;land;false;mountain;5
5657;59;234;50;land;false;mountain;5
5658;115;99;227;land;false;mountain;5
5659;170;221;148;land;false;plains;5
5660;226;87;69;land;false;plains;5
5661;25;208;246;land;false;plains;5
5662;81;74;167;land;false;mountain;2
5663;136;196;88;land;false;mountain;2
5664;192;62;9;land;false;plains;2
5665;247;183;186;land;false;hills;6
5666;47;49;107;land;false;plains;5
5667;102;171;28;land;false;plains;5
5668;158;36;205;land;false;mountain;5
5669;213;158;126;land;false;mountain;5
5670;13;24;47;land;false;mountain;5
5671;68;145;224;land;false;hills;5
5672;124;11;145;land;true;forest;5
5673;179;133;66;land;true;hills;5
5674;234;254;243;land;true;plains;5
5675;34;120;164;land;false;plains;2
5676;89;242;85;land;true;plains;6
5677;145;108;6;land;true;plains;1
5678;200;229;183;land;false;plains;5
5679;0;95;104;land;false;plains;5
5680;55;217;25;land;false;hills;5
5681;111;82;202;land;false;mountain;5
5682;166;204;123;land;false;mountain;5
5683;222;70;44;land;false;mountain;5
5684;21;191;221;land;false;hills;5
5685;77;57;142;land;false;hills;5
5686;132;179;63;land;false;plains;5
5687;188;44;240;land;false;plains;5
5688;243;166;161;land;false;hills;5
5689;43;32;82;land;false;hills;2
5690;98;154;3;land;false;mountain;2
5691;154;19;180;land;false;plains;2
5692;209;141;101;land;false;hills;2
5693;9;7;22;land;false;hills;6
5694;64;128;199;land;false;plains;6
5695;119;250;120;land;false;hills;6
5696;175;116;41;land;false;plains;5
5697;230;237;218;land;false;plains;5
5698;30;103;139;land;false;hills;5
5699;85;225;60;land;false;hills;5
5700;141;90;237;land;false;mountain;5
5701;196;212;158;land;false;mountain;5
5702;252;78;79;land;false;plains;5
5703;51;200;0;land;false;plains;5
5704;107;65;177;land;false;hills;2
5705;162;187;98;land;false;mountain;2
5706;218;53;19;land;false;plains;2
5707;17;174;196;land;false;hills;6
5708;73;40;117;land;false;plains;6
5709;128;162;38;land;false;plains;5
5710;184;27;215;land;false;hills;5
5711;239;149;136;land;false;urban;5
5712;39;15;57;land;false;mountain;5
5713;94;136;234;land;false;hills;5
5714;150;2;155;land;false;mountain;5
5715;205;124;76;land;false;urban;5
5716;4;245;253;land;false;hills;2
5717;60;111;174;land;false;hills;2
5718;115;233;95;land;false;plains;2
5719;171;99;16;land;false;hills;2
5720;226;220;193;land;false;plains;2
5721;26;86;114;land;false;forest;2
5722;81;208;35;land;true;hills;6
5723;137;73;212;land;false;plains;6
5724;192;195;133;land;false;hills;6
5725;248;61;54;land;false;hills;5
5726;47;182;231;land;false;mountain;5
5727;103;48;152;land;false;hills;5
5728;158;170;73;land;false;mountain;5
5729;214;35;250;land;false;mountain;5
5730;13;157;171;land;false;mountain;5
5731;69;23;92;land;false;mountain;5
5732;124;145;13;land;false;hills;5
5733;180;10;190;land;true;forest;5
5734;235;132;111;land;false;forest;5
5735;34;254;32;land;true;plains;5
5736;90;119;209;land;false;hills;2
5737;145;241;130;land;false;hills;2
5738;201;107;51;land;false;forest;2
5739;0;228;228;land;false;hills;6
5740;56;94;149;land;false;hills;6
5741;111;216;70;land;true;hills;5
5742;167;81;247;land;false;plains;5
5743;222;203;168;land;false;mountain;5
5744;22;69;89;land;false;mountain;5
5745;77;191;10;land;false;mountain;5
5746;133;56;187;land;false;mountain;5
5747;188;178;108;land;false;mountain;5
5748;244;44;29;land;false;hills;5
5749;43;165;206;land;false;plains;5
5750;99;31;127;land;false;plains;5
5751;154;153;48;land;false;plains;5
5752;210;18;225;land;false;hills;5
5753;9;140;146;land;false;mountain;5
5754;65;6;67;land;false;hills;2
5755;120;127;244;land;false;plains;2
5756;175;249;165;land;false;forest;2
5757;231;115;86;land;false;forest;2
5758;30;237;7;land;false;plains;2
5759;86;102;184;land;false;plains;2
5760;141;224;105;land;false;forest;2
5761;197;90;26;land;true;hills;6
5762;252;211;203;land;true;plains;6
5763;52;77;124;land;false;plains;5
5764;107;199;45;land;false;plains;5
5765;163;64;222;land;false;plains;5
5766;218;186;143;land;false;hills;5
5767;18;52;64;land;false;hills;5
5768;73;173;241;land;false;mountain;5
5769;129;39;162;land;false;mountain;5
5770;184;161;83;land;false;mountain;5
5771;240;27;4;land;false;hills;5
5772;39;148;181;land;false;forest;5
5773;95;14;102;land;false;plains;5
5774;150;136;23;land;false;hills;5
5775;206;1;200;land;false;urban;5
5776;5;123;121;land;true;hills;2
5777;60;245;42;land;false;mountain;2
5778;116;110;219;land;false;plains;2
5779;171;232;140;land;false;forest;2
5780;227;98;61;land;false;hills;2
5781;26;219;238;land;false;forest;2
5782;82;85;159;land;false;plains;6
5783;137;207;80;land;false;hills;6
5784;193;73;1;land;false;plains;6
5785;248;194;178;land;false;plains;5
5786;48;60;99;land;false;plains;5
5787;103;182;20;land;false;plains;5
5788;159;47;197;land;false;hills;5
5789;214;169;118;land;false;mountain;5
5790;14;35;39;land;false;mountain;5
5791;69;156;216;land;false;hills;5
5792;125;22;137;land;false;forest;5
5793;180;144;58;land;false;plains;5
5794;236;9;235;land;false;forest;5
5795;35;131;156;land;false;hills;5
5796;90;253;77;land;false;hills;5
5797;146;118;254;land;false;hills;2
5798;201;240;175;land;false;forest;2
5799;1;106;96;land;false;forest;2
5800;56;228;17;land;false;forest;2
5801;112;93;194;land;false;forest;2
5802;167;215;115;land;true;plains;6
5803;223;81;36;land;false;plains;6
5804;22;202;213;land;false;hills;6
5805;78;68;134;land;true;plains;6
5806;133;190;55;land;false;plains;5
5807;189;55;232;land;false;hills;5
5808;244;177;153;land;false;plains;5
5809;44;43;74;land;false;mountain;5
5810;99;164;251;land;false;mountain;5
5811;155;30;172;land;false;mountain;5
5812;210;152;93;land;false;mountain;5
5813;10;18;14;land;false;mountain;5
5814;65;139;191;land;false;mountain;5
5815;121;5;112;land;false;hills;5
5816;176;127;33;land;false;hills;5
5817;231;248;210;land;false;forest;5
5818;31;114;131;land;true;plains;5
5819;86;236;52;land;false;hills;5
5820;142;101;229;land;false;mountain;5
5821;197;223;150;land;false;plains;2
5822;253;89;71;land;false;forest;2
5823;52;210;248;land;false;forest;2
5824;108;76;169;land;false;hills;6
5825;163;198;90;land;false;hills;6
5826;219;64;11;land;false;hills;6
5827;18;185;188;land;true;hills;1
5828;74;51;109;land;true;plains;5
5829;129;173;30;land;true;hills;5
5830;185;38;207;land;false;plains;5
5831;240;160;128;land;false;plains;5
5832;40;26;49;land;false;hills;5
5833;95;147;226;land;false;hills;5
5834;151;13;147;land;false;mountain;5
5835;206;135;68;land;false;mountain;5
5836;6;0;245;land;false;hills;5
5837;61;122;166;land;false;forest;5
5838;116;244;87;land;true;plains;5
5839;172;110;8;land;false;forest;5
5840;227;231;185;land;true;forest;5
5841;27;97;106;land;true;plains;5
5842;82;219;27;land;false;mountain;2
5843;138;84;204;land;false;hills;2
5844;193;206;125;land;false;hills;2
5845;249;72;46;land;false;hills;5
5846;48;193;223;land;false;mountain;5
5847;104;59;144;land;false;mountain;5
5848;159;181;65;land;false;mountain;5
5849;215;46;242;land;false;hills;5
5850;14;168;163;land;false;mountain;5
5851;70;34;84;land;false;mountain;5
5852;125;156;5;land;false;mountain;5
5853;181;21;182;land;false;mountain;5
5854;236;143;103;land;false;plains;5
5855;36;9;24;land;true;plains;5
5856;91;130;201;land;true;urban;5
5857;146;252;122;land;false;hills;2
5858;202;118;43;land;false;hills;2
5859;1;239;220;land;false;hills;6
5860;57;105;141;land;false;plains;6
5861;112;227;62;land;false;plains;5
5862;168;92;239;land;false;plains;5
5863;223;214;160;land;false;plains;5
5864;23;80;81;land;false;hills;5
5865;78;202;2;land;false;mountain;5
5866;134;67;179;land;false;plains;5
5867;189;189;100;land;true;urban;5
5868;245;55;21;land;true;hills;5
5869;44;176;198;land;true;hills;5
5870;100;42;119;land;true;hills;5
5871;155;164;40;land;false;hills;2
5872;211;29;217;land;false;plains;2
5873;10;151;138;land;false;plains;2
5874;66;17;59;land;true;forest;2
5875;121;138;236;land;false;hills;6
5876;177;4;157;land;false;hills;6
5877;232;126;78;land;false;plains;5
5878;31;247;255;land;false;plains;5
5879;87;113;176;land;false;hills;5
5880;142;235;97;land;false;hills;5
5881;198;101;18;land;false;hills;5
5882;253;222;195;land;false;plains;5
5883;53;88;116;land;false;hills;5
5884;108;210;37;land;false;mountain;5
5885;164;75;214;land;false;mountain;5
5886;219;197;135;land;false;mountain;5
5887;19;63;56;land;false;urban;5
5888;74;184;233;land;false;desert;2
5889;130;50;154;land;false;mountain;2
5890;185;172;75;land;false;plains;2
5891;241;37;252;land;false;plains;2
5892;40;159;173;land;false;forest;2
5893;96;25;94;land;true;hills;6
5894;151;147;15;land;true;hills;6
5895;207;12;192;land;false;hills;6
5896;6;134;113;land;false;plains;6
5897;62;0;34;land;false;hills;5
5898;117;121;211;land;false;hills;5
5899;172;243;132;land;false;hills;5
5900;228;109;53;land;false;hills;5
5901;27;230;230;land;false;hills;5
5902;83;96;151;land;false;hills;5
5903;138;218;72;land;false;forest;5
5904;194;83;249;land;false;plains;5
5905;249;205;170;land;false;urban;5
5906;49;71;91;land;true;plains;5
5907;104;193;12;land;false;hills;2
5908;160;58;189;land;false;hills;2
5909;215;180;110;land;false;plains;2
5910;15;46;31;land;false;plains;2
5911;70;167;208;land;false;hills;6
5912;126;33;129;land;false;hills;6
5913;181;155;50;land;false;hills;6
5914;237;20;227;land;false;hills;6
5915;36;142;148;land;true;hills;5
5916;92;8;69;land;false;mountain;5
5917;147;129;246;land;false;mountain;5
5918;202;251;167;land;false;mountain;5
5919;2;117;88;land;false;mountain;5
5920;57;239;9;land;false;urban;5
5921;113;104;186;land;false;hills;5
5922;168;226;107;land;true;urban;5
5923;224;92;28;land;false;urban;5
5924;23;213;205;land;true;urban;5
5925;79;79;126;land;false;hills;2
5926;134;201;47;land;false;plains;2
5927;190;66;224;land;true;forest;2
5928;245;188;145;land;false;hills;6
5929;45;54;66;land;true;hills;6
5930;100;175;243;land;false;hills;6
5931;156;41;164;land;false;hills;6
5932;211;163;85;land;false;plains;5
5933;11;29;6;land;false;plains;5
5934;66;150;183;land;false;plains;5
5935;122;16;104;land;false;plains;5
5936;177;138;25;land;false;mountain;5
5937;233;3;202;land;false;mountain;5
5938;32;125;123;land;false;mountain;5
5939;87;247;44;land;false;hills;5
5940;143;112;221;land;true;hills;5
5941;198;234;142;land;true;hills;2
5942;254;100;63;land;false;hills;2
5943;53;221;240;land;false;plains;2
5944;109;87;161;land;false;forest;2
5945;164;209;82;land;false;forest;2
5946;220;75;3;land;true;hills;6
5947;19;196;180;land;false;hills;6
5948;75;62;101;land;false;hills;6
5949;130;184;22;land;true;hills;5
5950;186;49;199;land;false;mountain;5
5951;241;171;120;land;false;hills;5
5952;41;37;41;land;false;hills;5
5953;96;158;218;land;false;mountain;5
5954;152;24;139;land;false;urban;5
5955;207;146;60;land;false;urban;5
5956;7;11;237;land;false;forest;5
5957;62;133;158;land;true;hills;5
5958;117;255;79;land;true;hills;5
5959;173;121;0;land;false;hills;2
5960;228;242;177;land;false;mountain;2
5961;28;108;98;land;false;hills;2
5962;83;230;19;land;false;plains;2
5963;139;95;196;land;false;forest;2
5964;194;217;117;land;false;forest;2
5965;250;83;38;land;false;forest;2
5966;49;204;215;land;true;hills;6
5967;105;70;136;land;false;plains;6
5968;160;192;57;land;true;plains;6
5969;216;57;234;land;false;plains;5
5970;15;179;155;land;false;hills;5
5971;71;45;76;land;false;hills;5
5972;126;166;253;land;false;hills;5
5973;182;32;174;land;false;mountain;5
5974;237;154;95;land;false;mountain;5
5975;37;20;16;land;false;mountain;5
5976;92;141;193;land;false;mountain;5
5977;148;7;114;land;false;mountain;5
5978;203;129;35;land;false;mountain;5
5979;2;250;212;land;false;hills;5
5980;58;116;133;land;false;forest;5
5981;113;238;54;land;false;forest;5
5982;169;103;231;land;false;plains;5
5983;224;225;152;land;true;forest;5
5984;24;91;73;land;false;urban;5
5985;79;212;250;land;false;plains;2
5986;135;78;171;land;false;forest;2
5987;190;200;92;land;false;forest;2
5988;246;66;13;land;false;forest;2
5989;45;187;190;land;false;hills;6
5990;101;53;111;land;false;plains;5
5991;156;175;32;land;false;plains;5
5992;212;40;209;land;false;plains;5
5993;11;162;130;land;false;mountain;5
5994;67;28;51;land;false;mountain;5
5995;122;149;228;land;false;mountain;5
5996;178;15;149;land;false;mountain;5
5997;233;137;70;land;false;forest;5
5998;33;2;247;land;false;forest;5
5999;88;124;168;land;false;plains;5
6000;143;246;89;land;true;plains;5
6001;199;112;10;land;true;forest;5
6002;254;233;187;land;true;hills;5
6003;54;99;108;land;false;hills;2
6004;109;221;29;land;false;hills;2
6005;165;86;206;land;false;hills;2
6006;220;208;127;land;false;forest;2
6007;20;74;48;land;false;hills;6
6008;75;195;225;land;false;hills;6
6009;131;61;146;land;false;hills;6
6010;186;183;67;land;true;plains;6
6011;242;48;244;land;false;hills;5
6012;41;170;165;land;false;plains;5
6013;97;36;86;land;false;plains;5
6014;152;158;7;land;false;plains;5
6015;208;23;184;land;false;hills;5
6016;7;145;105;land;false;mountain;5
6017;63;11;26;land;false;plains;5
6018;118;132;203;land;false;hills;5
6019;173;254;124;land;false;mountain;5
6020;229;120;45;land;false;hills;5
6021;28;241;222;land;true;forest;5
6022;84;107;143;land;true;plains;5
6023;139;229;64;land;false;hills;2
6024;195;94;241;land;false;hills;2
6025;250;216;162;land;true;plains;6
6026;50;82;83;land;false;plains;6
6027;105;204;4;land;false;plains;6
6028;161;69;181;land;true;plains;6
6029;216;191;102;land;false;plains;5
6030;16;57;23;land;false;hills;5
6031;71;178;200;land;false;urban;5
6032;127;44;121;land;false;mountain;5
6033;182;166;42;land;false;mountain;5
6034;238;31;219;land;false;hills;5
6035;37;153;140;land;false;forest;5
6036;93;19;61;land;true;forest;5
6037;148;140;238;land;false;hills;5
6038;204;6;159;land;true;urban;5
6039;3;128;80;land;false;hills;2
6040;58;250;1;land;false;mountain;2
6041;114;115;178;land;false;forest;2
6042;169;237;99;land;false;forest;2
6043;225;103;20;land;false;forest;2
6044;24;224;197;land;false;forest;2
6045;80;90;118;land;false;forest;2
6046;135;212;39;land;false;forest;2
6047;191;77;216;land;false;forest;2
6048;246;199;137;land;false;urban;2
6049;46;65;58;land;false;hills;2
6050;101;186;235;land;false;hills;6
6051;157;52;156;land;false;hills;5
6052;212;174;77;land;false;plains;5
6053;12;39;254;land;false;hills;5
6054;67;161;175;land;false;hills;5
6055;123;27;96;land;false;urban;5
6056;178;149;17;land;false;hills;5
6057;234;14;194;land;false;mountain;5
6058;33;136;115;land;false;mountain;5
6059;89;2;36;land;false;forest;5
6060;144;123;213;land;true;mountain;2
6061;199;245;134;land;false;plains;2
6062;255;111;55;land;false;hills;2
6063;54;232;232;land;false;forest;2
6064;110;98;153;land;false;plains;6
6065;165;220;74;land;false;hills;6
6066;221;85;251;land;false;hills;6
6067;20;207;172;land;false;plains;6
6068;76;73;93;land;false;plains;5
6069;131;195;14;land;false;plains;5
6070;187;60;191;land;false;mountain;5
6071;242;182;112;land;false;hills;5
6072;42;48;33;land;false;mountain;5
6073;97;169;210;land;false;hills;5
6074;153;35;131;land;false;mountain;5
6075;208;157;52;land;false;urban;5
6076;8;22;229;land;true;plains;5
6077;63;144;150;land;false;hills;2
6078;119;10;71;land;false;hills;2
6079;174;131;248;land;false;plains;2
6080;229;253;169;land;false;forest;2
6081;29;119;90;land;false;forest;2
6082;84;241;11;land;false;forest;2
6083;140;106;188;land;false;hills;6
6084;195;228;109;land;false;plains;6
6085;251;94;30;land;false;plains;6
6086;50;215;207;land;false;hills;6
6087;106;81;128;land;false;plains;5
6088;161;203;49;land;false;plains;5
6089;217;68;226;land;false;hills;5
6090;16;190;147;land;false;mountain;5
6091;72;56;68;land;false;mountain;5
6092;127;177;245;land;false;mountain;5
6093;183;43;166;land;false;hills;5
6094;238;165;87;land;false;forest;5
6095;38;31;8;land;true;plains;5
6096;93;152;185;land;true;forest;5
6097;149;18;106;land;true;hills;5
6098;204;140;27;land;false;hills;6
6099;4;5;204;land;false;plains;6
6100;59;127;125;land;false;plains;6
6101;114;249;46;land;false;hills;5
6102;170;114;223;land;false;mountain;5
6103;225;236;144;land;false;mountain;5
6104;25;102;65;land;false;mountain;5
6105;80;223;242;land;false;mountain;5
6106;136;89;163;land;false;forest;5
6107;191;211;84;land;false;hills;5
6108;247;77;5;land;false;forest;5
6109;46;198;182;land;false;urban;5
6110;102;64;103;land;false;mountain;2
6111;157;186;24;land;false;plains;2
6112;213;51;201;land;true;forest;2
6113;12;173;122;land;true;plains;6
6114;68;39;43;land;false;hills;6
6115;123;160;220;land;false;mountain;5
6116;179;26;141;land;false;mountain;5
6117;234;148;62;land;false;hills;5
6118;34;13;239;land;false;hills;5
6119;89;135;160;land;false;mountain;5
6120;145;1;81;land;false;urban;5
6121;200;123;2;land;false;plains;5
6122;255;244;179;land;true;plains;5
6123;55;110;100;land;false;mountain;2
6124;110;232;21;land;false;mountain;2
6125;166;97;198;land;false;plains;2
6126;221;219;119;land;false;plains;2
6127;21;85;40;land;false;forest;2
6128;76;206;217;land;false;plains;6
6129;132;72;138;land;true;mountain;5
6130;187;194;59;land;false;mountain;5
6131;243;59;236;land;false;mountain;5
6132;42;181;157;land;false;plains;5
6133;98;47;78;land;false;mountain;5
6134;153;168;255;land;false;mountain;5
6135;209;34;176;land;false;hills;5
6136;8;156;97;land;false;forest;5
6137;64;22;18;land;false;forest;5
6138;119;143;195;land;false;urban;5
6139;175;9;116;land;false;hills;2
6140;230;131;37;land;false;plains;2
6141;29;252;214;land;true;forest;2
6142;85;118;135;land;false;mountain;6
6143;140;240;56;land;false;plains;6
6144;196;105;233;land;false;hills;5
6145;251;227;154;land;false;hills;5
6146;51;93;75;land;false;mountain;5
6147;106;214;252;land;false;mountain;5
6148;162;80;173;land;false;mountain;5
6149;217;202;94;land;false;forest;5
6150;17;68;15;land;true;hills;5
6151;72;189;192;land;false;hills;2
6152;128;55;113;land;false;hills;2
6153;183;177;34;land;false;forest;2
6154;239;42;211;land;false;plains;5
6155;38;164;132;land;false;plains;5
6156;94;30;53;land;false;hills;5
6157;149;151;230;land;false;mountain;5
6158;205;17;151;land;false;hills;5
6159;4;139;72;land;false;hills;5
6160;60;4;249;land;false;mountain;5
6161;115;126;170;land;false;hills;5
6162;170;248;91;land;false;forest;5
6163;226;114;12;land;false;urban;5
6164;25;235;189;land;true;plains;5
6165;81;101;110;land;true;hills;5
6166;136;223;31;land;true;urban;2
6167;192;88;208;land;false;urban;2
6168;247;210;129;land;false;forest;2
6169;47;76;50;land;false;hills;6
6170;102;197;227;land;false;plains;6
6171;158;63;148;land;false;hills;6
6172;213;185;69;land;false;plains;6
6173;13;50;246;land;false;hills;5
6174;68;172;167;land;false;hills;5
6175;124;38;88;land;false;mountain;5
6176;179;160;9;land;false;mountain;5
6177;235;25;186;land;false;mountain;5
6178;34;147;107;land;false;mountain;5
6179;90;13;28;land;false;mountain;5
6180;145;134;205;land;false;hills;5
6181;201;0;126;land;true;hills;5
6182;0;122;47;land;true;urban;2
6183;55;243;224;land;false;hills;2
6184;111;109;145;land;false;plains;2
6185;166;231;66;land;false;forest;2
6186;222;96;243;land;false;plains;2
6187;21;218;164;land;false;hills;6
6188;77;84;85;land;false;plains;6
6189;132;206;6;land;false;plains;5
6190;188;71;183;land;false;plains;5
6191;243;193;104;land;false;hills;5
6192;43;59;25;land;false;hills;5
6193;98;180;202;land;false;hills;5
6194;154;46;123;land;false;plains;5
6195;209;168;44;land;false;mountain;5
6196;9;33;221;land;false;mountain;5
6197;64;155;142;land;false;mountain;5
6198;120;21;63;land;false;hills;5
6199;175;142;240;land;false;hills;5
6200;231;8;161;land;false;forest;5
6201;30;130;82;land;false;plains;5
6202;85;252;3;land;true;hills;5
6203;141;117;180;land;false;plains;2
6204;196;239;101;land;false;mountain;2
6205;252;105;22;land;false;mountain;2
6206;51;226;199;land;false;plains;2
6207;107;92;120;land;false;plains;6
6208;162;214;41;land;false;plains;6
6209;218;79;218;land;false;plains;6
6210;17;201;139;land;false;hills;5
6211;73;67;60;land;false;hills;5
6212;128;188;237;land;false;hills;5
6213;184;54;158;land;false;mountain;5
6214;239;176;79;land;false;mountain;5
6215;39;42;0;land;false;mountain;5
6216;94;163;177;land;false;mountain;5
6217;150;29;98;land;false;mountain;5
6218;205;151;19;land;false;mountain;5
6219;5;16;196;land;false;forest;5
6220;60;138;117;land;true;hills;5
6221;116;4;38;land;false;urban;2
6222;171;125;215;land;false;hills;2
6223;226;247;136;land;false;plains;2
6224;26;113;57;land;false;forest;2
6225;81;234;234;land;false;mountain;5
6226;137;100;155;land;false;hills;5
6227;192;222;76;land;false;hills;5
6228;248;87;253;land;false;mountain;5
6229;47;209;174;land;false;mountain;5
6230;103;75;95;land;false;hills;5
6231;158;197;16;land;false;desert;2
6232;214;62;193;land;false;hills;2
6233;13;184;114;land;false;plains;2
6234;69;50;35;land;false;plains;2
6235;124;171;212;land;false;forest;2
6236;180;37;133;land;false;forest;2
6237;235;159;54;land;false;hills;6
6238;35;24;231;land;false;plains;6
6239;90;146;152;land;false;plains;6
6240;146;12;73;land;false;plains;5
6241;201;133;250;land;false;mountain;5
6242;0;255;171;land;false;hills;5
6243;56;121;92;land;false;mountain;5
6244;111;243;13;land;false;urban;5
6245;167;108;190;land;false;forest;5
6246;222;230;111;land;false;plains;2
6247;22;96;32;land;false;plains;2
6248;77;217;209;land;false;forest;2
6249;133;83;130;land;false;forest;2
6250;188;205;51;land;true;urban;6
6251;244;70;228;land;false;hills;6
6252;43;192;149;land;false;mountain;6
6253;99;58;70;land;false;plains;6
6254;154;179;247;land;true;plains;6
6255;210;45;168;land;false;plains;5
6256;9;167;89;land;false;plains;5
6257;65;33;10;land;false;plains;5
6258;120;154;187;land;false;hills;5
6259;176;20;108;land;false;mountain;5
6260;231;142;29;land;false;hills;5
6261;31;7;206;land;false;forest;5
6262;86;129;127;land;false;forest;5
6263;141;251;48;land;false;mountain;2
6264;197;116;225;land;false;forest;2
6265;252;238;146;land;false;forest;2
6266;52;104;67;land;false;forest;2
6267;107;225;244;land;false;plains;2
6268;163;91;165;land;false;plains;6
6269;218;213;86;land;false;plains;6
6270;18;79;7;land;true;urban;5
6271;73;200;184;land;false;urban;5
6272;129;66;105;land;false;plains;5
6273;184;188;26;land;false;mountain;5
6274;240;53;203;land;false;mountain;5
6275;39;175;124;land;false;mountain;5
6276;95;41;45;land;false;mountain;5
6277;150;162;222;land;false;mountain;5
6278;206;28;143;land;false;mountain;5
6279;5;150;64;land;false;mountain;5
6280;61;15;241;land;false;mountain;5
6281;116;137;162;land;false;mountain;5
6282;172;3;83;land;false;mountain;5
6283;227;125;4;land;true;hills;5
6284;26;246;181;land;false;mountain;2
6285;82;112;102;land;false;mountain;2
6286;137;234;23;land;false;forest;2
6287;193;99;200;land;false;plains;2
6288;248;221;121;land;false;hills;6
6289;48;87;42;land;false;plains;6
6290;103;208;219;land;false;plains;5
6291;159;74;140;land;false;plains;5
6292;214;196;61;land;false;mountain;5
6293;14;61;238;land;false;plains;5
6294;69;183;159;land;false;mountain;5
6295;125;49;80;land;false;hills;5
6296;180;171;1;land;false;hills;5
6297;236;36;178;land;false;forest;5
6298;35;158;99;land;false;forest;5
6299;91;24;20;land;false;forest;5
6300;146;145;197;land;true;hills;5
6301;202;11;118;land;true;hills;2
6302;1;133;39;land;false;hills;2
6303;56;254;216;land;false;plains;2
6304;112;120;137;land;true;forest;2
6305;167;242;58;land;true;forest;2
6306;223;107;235;land;false;hills;6
6307;22;229;156;land;false;plains;6
6308;78;95;77;land;true;plains;6
6309;133;216;254;land;false;plains;5
6310;189;82;175;land;false;mountain;5
6311;244;204;96;land;false;mountain;5
6312;44;70;17;land;false;hills;5
6313;99;191;194;land;false;mountain;5
6314;155;57;115;land;false;forest;5
6315;210;179;36;land;false;urban;5
6316;10;44;213;land;true;plains;5
6317;65;166;134;land;false;desert;2
6318;121;32;55;land;false;mountain;2
6319;176;153;232;land;false;plains;2
6320;232;19;153;land;false;plains;2
6321;31;141;74;land;true;plains;6
6322;87;6;251;land;false;plains;5
6323;142;128;172;land;false;hills;5
6324;197;250;93;land;false;mountain;5
6325;253;116;14;land;false;mountain;5
6326;52;237;191;land;false;urban;5
6327;108;103;112;land;false;hills;5
6328;163;225;33;land;false;forest;5
6329;219;90;210;land;false;plains;5
6330;18;212;131;land;false;mountain;2
6331;74;78;52;land;false;plains;2
6332;129;199;229;land;false;forest;2
6333;185;65;150;land;false;plains;2
6334;240;187;71;land;true;urban;6
6335;40;52;248;land;false;hills;6
6336;95;174;169;land;false;plains;6
6337;151;40;90;land;false;plains;5
6338;206;162;11;land;false;mountain;5
6339;6;27;188;land;false;hills;5
6340;61;149;109;land;false;hills;5
6341;117;15;30;land;false;hills;5
6342;172;136;207;land;true;urban;5
6343;228;2;128;land;true;hills;5
6344;27;124;49;land;true;hills;5
6345;82;245;226;land;false;desert;2
6346;138;111;147;land;false;plains;2
6347;193;233;68;land;false;forest;2
6348;249;98;245;land;false;forest;2
6349;48;220;166;land;false;forest;2
6350;104;86;87;land;false;plains;2
6351;159;208;8;land;false;hills;6
6352;215;73;185;land;false;plains;5
6353;14;195;106;land;false;plains;5
6354;70;61;27;land;false;mountain;5
6355;125;182;204;land;false;hills;5
6356;181;48;125;land;false;mountain;5
6357;236;170;46;land;false;plains;5
6358;36;35;223;land;false;plains;5
6359;91;157;144;land;false;hills;5
6360;147;23;65;land;false;mountain;5
6361;202;144;242;land;false;mountain;5
6362;2;10;163;land;false;forest;5
6363;57;132;84;land;false;forest;5
6364;112;254;5;land;true;plains;5
6365;168;119;182;land;false;plains;2
6366;223;241;103;land;false;forest;2
6367;23;107;24;land;false;hills;6
6368;78;228;201;land;false;mountain;6
6369;134;94;122;land;true;hills;5
6370;189;216;43;land;false;mountain;5
6371;245;81;220;land;false;mountain;5
6372;44;203;141;land;false;hills;5
6373;100;69;62;land;false;hills;5
6374;155;190;239;land;false;plains;5
6375;211;56;160;land;false;mountain;5
6376;10;178;81;land;false;hills;5
6377;66;44;2;land;false;hills;5
6378;121;165;179;land;false;forest;5
6379;177;31;100;land;true;plains;5
6380;232;153;21;land;false;desert;2
6381;32;18;198;land;false;hills;2
6382;87;140;119;land;false;plains;2
6383;143;6;40;land;false;hills;6
6384;198;127;217;land;false;plains;6
6385;253;249;138;land;false;plains;5
6386;53;115;59;land;false;mountain;5
6387;108;236;236;land;false;mountain;5
6388;164;102;157;land;false;hills;5
6389;219;224;78;land;false;plains;5
6390;19;89;255;land;true;hills;5
6391;74;211;176;land;false;hills;2
6392;130;77;97;land;false;plains;2
6393;185;199;18;land;false;forest;2
6394;241;64;195;land;true;plains;6
6395;40;186;116;land;false;plains;5
6396;96;52;37;land;false;hills;5
6397;151;173;214;land;false;hills;5
6398;207;39;135;land;false;mountain;5
6399;6;161;56;land;false;forest;5
6400;62;26;233;land;false;forest;5
6401;117;148;154;land;false;forest;5
6402;173;14;75;land;false;forest;5
6403;228;135;252;land;false;hills;2
6404;28;1;173;land;false;desert;2
6405;83;123;94;land;false;mountain;2
6406;138;245;15;land;false;forest;2
6407;194;110;192;land;false;hills;6
6408;249;232;113;land;false;mountain;6
6409;49;98;34;land;false;hills;5
6410;104;219;211;land;false;hills;5
6411;160;85;132;land;false;urban;5
6412;215;207;53;land;false;hills;5
6413;15;72;230;land;false;mountain;5
6414;70;194;151;land;false;mountain;5
6415;126;60;72;land;false;forest;5
6416;181;181;249;land;false;plains;2
6417;237;47;170;land;false;plains;2
6418;36;169;91;land;false;plains;6
6419;92;35;12;land;true;desert;6
6420;147;156;189;land;false;plains;5
6421;203;22;110;land;false;plains;5
6422;2;144;31;land;false;mountain;5
6423;58;9;208;land;false;plains;5
6424;113;131;129;land;false;plains;5
6425;168;253;50;land;false;plains;5
6426;224;118;227;land;false;hills;5
6427;23;240;148;land;false;mountain;5
6428;79;106;69;land;false;mountain;5
6429;134;227;246;land;true;urban;2
6430;190;93;167;land;false;desert;2
6431;245;215;88;land;false;hills;2
6432;45;81;9;land;false;hills;2
6433;100;202;186;land;false;plains;2
6434;156;68;107;land;false;hills;6
6435;211;190;28;land;false;desert;6
6436;11;55;205;land;false;hills;5
6437;66;177;126;land;false;hills;5
6438;122;43;47;land;false;hills;5
6439;177;164;224;land;false;mountain;5
6440;233;30;145;land;false;mountain;5
6441;32;152;66;land;false;mountain;5
6442;88;17;243;land;false;mountain;5
6443;143;139;164;land;false;mountain;5
6444;199;5;85;land;false;mountain;5
6445;254;127;6;land;false;hills;5
6446;53;248;183;land;false;forest;5
6447;109;114;104;land;false;forest;5
6448;164;236;25;land;false;forest;5
6449;220;101;202;land;false;plains;5
6450;19;223;123;land;true;plains;5
6451;75;89;44;land;true;hills;5
6452;130;210;221;land;false;hills;2
6453;186;76;142;land;false;hills;2
6454;241;198;63;land;false;hills;6
6455;41;63;240;land;false;hills;6
6456;96;185;161;land;false;plains;5
6457;152;51;82;land;false;plains;5
6458;207;173;3;land;false;plains;5
6459;7;38;180;land;false;mountain;5
6460;62;160;101;land;false;mountain;5
6461;118;26;22;land;false;plains;5
6462;173;147;199;land;false;mountain;5
6463;229;13;120;land;false;mountain;5
6464;28;135;41;land;false;mountain;5
6465;84;0;218;land;false;hills;5
6466;139;122;139;land;false;urban;5
6467;194;244;60;land;true;plains;5
6468;250;109;237;land;false;hills;2
6469;49;231;158;land;false;desert;2
6470;105;97;79;land;false;urban;2
6471;160;219;0;land;false;plains;2
6472;216;84;177;land;false;desert;6
6473;15;206;98;land;true;desert;6
6474;71;72;19;land;false;plains;5
6475;126;193;196;land;false;mountain;5
6476;182;59;117;land;false;urban;5
6477;237;181;38;land;false;plains;5
6478;37;46;215;land;false;mountain;5
6479;92;168;136;land;false;mountain;5
6480;148;34;57;land;false;mountain;5
6481;203;155;234;land;false;hills;5
6482;3;21;155;land;false;hills;5
6483;58;143;76;land;false;forest;5
6484;114;8;253;land;false;forest;5
6485;169;130;174;land;true;plains;5
6486;224;252;95;land;false;plains;2
6487;24;118;16;land;false;plains;2
6488;79;239;193;land;false;plains;2
6489;135;105;114;land;false;plains;2
6490;190;227;35;land;false;forest;2
6491;246;92;212;land;true;forest;2
6492;45;214;133;land;false;hills;6
6493;101;80;54;land;false;plains;5
6494;156;201;231;land;false;plains;5
6495;212;67;152;land;false;plains;5
6496;11;189;73;land;false;hills;5
6497;67;54;250;land;false;hills;5
6498;122;176;171;land;false;plains;2
6499;178;42;92;land;false;forest;2
6500;233;164;13;land;false;forest;2
6501;33;29;190;land;false;forest;2
6502;88;151;111;land;false;forest;2
6503;144;17;32;land;false;plains;2
6504;199;138;209;land;true;plains;6
6505;255;4;130;land;false;plains;6
6506;54;126;51;land;false;desert;6
6507;109;247;228;land;true;plains;5
6508;165;113;149;land;false;hills;5
6509;220;235;70;land;false;plains;5
6510;20;100;247;land;false;hills;5
6511;75;222;168;land;false;mountain;5
6512;131;88;89;land;false;mountain;5
6513;186;210;10;land;false;mountain;5
6514;242;75;187;land;false;mountain;5
6515;41;197;108;land;false;mountain;5
6516;97;63;29;land;false;mountain;5
6517;152;184;206;land;false;forest;5
6518;208;50;127;land;false;forest;5
6519;7;172;48;land;false;forest;5
6520;63;37;225;land;false;hills;2
6521;118;159;146;land;false;plains;2
6522;174;25;67;land;false;plains;2
6523;229;146;244;land;false;forest;2
6524;29;12;165;land;false;plains;2
6525;84;134;86;land;false;plains;6
6526;140;0;7;land;true;hills;6
6527;195;121;184;land;true;plains;6
6528;250;243;105;land;false;plains;5
6529;50;109;26;land;false;mountain;5
6530;105;230;203;land;false;plains;5
6531;161;96;124;land;false;forest;5
6532;216;218;45;land;false;desert;2
6533;16;83;222;land;false;desert;2
6534;71;205;143;land;false;mountain;2
6535;127;71;64;land;false;plains;2
6536;182;192;241;land;false;forest;2
6537;238;58;162;land;false;plains;6
6538;37;180;83;land;false;desert;6
6539;93;46;4;land;true;urban;6
6540;148;167;181;land;false;hills;5
6541;204;33;102;land;false;plains;5
6542;3;155;23;land;false;mountain;5
6543;59;20;200;land;false;mountain;5
6544;114;142;121;land;false;hills;5
6545;170;8;42;land;false;plains;5
6546;225;129;219;land;false;plains;5
6547;24;251;140;land;false;mountain;5
6548;80;117;61;land;false;forest;5
6549;135;238;238;land;false;forest;5
6550;191;104;159;land;false;forest;5
6551;246;226;80;land;false;plains;5
6552;46;92;1;land;false;urban;2
6553;101;213;178;land;false;forest;2
6554;157;79;99;land;true;desert;6
6555;212;201;20;land;false;plains;5
6556;12;66;197;land;false;plains;5
6557;67;188;118;land;false;plains;5
6558;123;54;39;land;false;mountain;5
6559;178;175;216;land;false;hills;5
6560;234;41;137;land;false;plains;5
6561;33;163;58;land;false;mountain;5
6562;89;28;235;land;false;hills;5
6563;144;150;156;land;false;forest;5
6564;200;16;77;land;false;forest;5
6565;255;137;254;land;false;hills;2
6566;55;3;175;land;false;hills;2
6567;110;125;96;land;false;hills;2
6568;165;247;17;land;false;forest;2
6569;221;112;194;land;false;mountain;6
6570;20;234;115;land;false;mountain;6
6571;76;100;36;land;false;desert;6
6572;131;221;213;land;false;desert;6
6573;187;87;134;land;true;desert;6
6574;242;209;55;land;true;desert;6
6575;42;74;232;land;false;plains;5
6576;97;196;153;land;false;mountain;5
6577;153;62;74;land;false;mountain;5
6578;208;183;251;land;false;hills;5
6579;8;49;172;land;false;forest;5
6580;63;171;93;land;false;forest;5
6581;119;37;14;land;false;forest;5
6582;174;158;191;land;false;forest;5
6583;230;24;112;land;true;hills;5
6584;29;146;33;land;false;desert;2
6585;85;11;210;land;false;forest;2
6586;140;133;131;land;false;hills;6
6587;195;255;52;land;false;hills;6
6588;251;120;229;land;false;hills;6
6589;50;242;150;land;false;plains;6
6590;106;108;71;land;false;desert;6
6591;161;229;248;land;false;hills;5
6592;217;95;169;land;false;mountain;5
6593;16;217;90;land;false;mountain;5
6594;72;83;11;land;false;hills;5
6595;127;204;188;land;false;mountain;5
6596;183;70;109;land;false;forest;5
6597;238;192;30;land;false;forest;5
6598;38;57;207;land;false;mountain;2
6599;93;179;128;land;false;desert;2
6600;149;45;49;land;false;hills;2
6601;204;166;226;land;false;desert;6
6602;4;32;147;land;false;mountain;5
6603;59;154;68;land;false;mountain;5
6604;115;19;245;land;false;mountain;5
6605;170;141;166;land;false;hills;5
6606;226;7;87;land;false;plains;5
6607;25;129;8;land;false;mountain;5
6608;80;250;185;land;false;mountain;5
6609;136;116;106;land;false;hills;5
6610;191;238;27;land;false;plains;5
6611;247;103;204;land;true;plains;5
6612;46;225;125;land;true;hills;5
6613;102;91;46;land;true;hills;2
6614;157;212;223;land;false;plains;2
6615;213;78;144;land;false;plains;2
6616;12;200;65;land;false;plains;2
6617;68;65;242;land;false;forest;2
6618;123;187;163;land;true;desert;6
6619;179;53;84;land;false;hills;5
6620;234;175;5;land;false;plains;5
6621;34;40;182;land;false;plains;5
6622;89;162;103;land;false;mountain;5
6623;145;28;24;land;false;mountain;5
6624;200;149;201;land;false;mountain;5
6625;0;15;122;land;false;mountain;5
6626;55;137;43;land;false;mountain;5
6627;111;2;220;land;false;mountain;5
6628;166;124;141;land;false;forest;5
6629;221;246;62;land;true;desert;2
6630;21;111;239;land;false;forest;2
6631;76;233;160;land;false;plains;2
6632;132;99;81;land;true;forest;2
6633;187;221;2;land;false;plains;5
6634;243;86;179;land;false;plains;5
6635;42;208;100;land;false;hills;5
6636;98;74;21;land;false;mountain;5
6637;153;195;198;land;false;plains;5
6638;209;61;119;land;false;mountain;5
6639;8;183;40;land;false;hills;5
6640;64;48;217;land;false;forest;5
6641;119;170;138;land;false;plains;2
6642;175;36;59;land;true;desert;6
6643;230;157;236;land;false;hills;5
6644;30;23;157;land;false;hills;5
6645;85;145;78;land;false;desert;5
6646;141;10;255;land;false;plains;5
6647;196;132;176;land;false;mountain;5
6648;251;254;97;land;false;hills;5
6649;51;120;18;land;false;forest;5
6650;106;241;195;land;false;forest;5
6651;162;107;116;land;false;plains;2
6652;217;229;37;land;false;forest;2
6653;17;94;214;land;false;plains;2
6654;72;216;135;land;false;desert;6
6655;128;82;56;land;false;plains;5
6656;183;203;233;land;false;hills;5
6657;239;69;154;land;false;hills;5
6658;38;191;75;land;false;hills;5
6659;94;56;252;land;false;plains;5
6660;149;178;173;land;true;plains;6
6661;205;44;94;land;false;hills;6
6662;4;166;15;land;false;desert;6
6663;60;31;192;land;true;urban;5
6664;115;153;113;land;false;plains;5
6665;171;19;34;land;false;mountain;5
6666;226;140;211;land;false;plains;5
6667;26;6;132;land;false;forest;5
6668;81;128;53;land;false;forest;5
6669;136;249;230;land;false;hills;2
6670;192;115;151;land;false;hills;2
6671;247;237;72;land;false;plains;2
6672;47;102;249;land;false;plains;2
6673;102;224;170;land;false;forest;2
6674;158;90;91;land;false;forest;2
6675;213;212;12;land;false;forest;2
6676;13;77;189;land;false;mountain;6
6677;68;199;110;land;false;desert;6
6678;124;65;31;land;false;plains;5
6679;179;186;208;land;false;plains;5
6680;235;52;129;land;false;mountain;5
6681;34;174;50;land;false;mountain;5
6682;90;39;227;land;false;hills;5
6683;145;161;148;land;false;plains;5
6684;201;27;69;land;false;plains;5
6685;0;148;246;land;false;urban;5
6686;56;14;167;land;false;forest;5
6687;111;136;88;land;false;forest;5
6688;167;2;9;land;true;plains;5
6689;222;123;186;land;false;hills;2
6690;21;245;107;land;false;plains;2
6691;77;111;28;land;false;plains;2
6692;132;232;205;land;false;forest;2
6693;188;98;126;land;false;forest;2
6694;243;220;47;land;false;desert;6
6695;43;85;224;land;false;desert;6
6696;98;207;145;land;true;desert;6
6697;154;73;66;land;false;hills;5
6698;209;194;243;land;false;plains;5
6699;9;60;164;land;false;hills;5
6700;64;182;85;land;false;plains;5
6701;120;48;6;land;false;mountain;5
6702;175;169;183;land;false;mountain;5
6703;231;35;104;land;false;mountain;5
6704;30;157;25;land;false;mountain;5
6705;86;22;202;land;false;hills;5
6706;141;144;123;land;false;hills;5
6707;197;10;44;land;false;forest;5
6708;252;131;221;land;false;urban;5
6709;51;253;142;land;false;plains;5
6710;107;119;63;land;true;hills;2
6711;162;240;240;land;true;hills;2
6712;218;106;161;land;false;hills;2
6713;17;228;82;land;false;forest;2
6714;73;94;3;land;false;forest;2
6715;128;215;180;land;false;plains;5
6716;184;81;101;land;false;plains;5
6717;239;203;22;land;false;mountain;5
6718;39;68;199;land;false;plains;5
6719;94;190;120;land;false;plains;5
6720;150;56;41;land;false;hills;5
6721;205;177;218;land;false;hills;5
6722;5;43;139;land;false;forest;5
6723;60;165;60;land;false;forest;5
6724;116;30;237;land;true;forest;5
6725;171;152;158;land;false;plains;2
6726;227;18;79;land;false;forest;2
6727;26;140;0;land;false;hills;6
6728;82;5;177;land;false;desert;6
6729;137;127;98;land;false;desert;6
6730;192;249;19;land;false;desert;5
6731;248;114;196;land;false;hills;5
6732;47;236;117;land;false;forest;5
6733;103;102;38;land;false;hills;5
6734;158;223;215;land;false;forest;5
6735;214;89;136;land;false;urban;5
6736;13;211;57;land;false;forest;2
6737;69;76;234;land;false;desert;6
6738;124;198;155;land;false;desert;6
6739;180;64;76;land;false;plains;5
6740;235;185;253;land;false;plains;5
6741;35;51;174;land;false;plains;5
6742;90;173;95;land;false;plains;5
6743;146;39;16;land;false;mountain;5
6744;201;160;193;land;false;mountain;5
6745;1;26;114;land;false;hills;5
6746;56;148;35;land;false;plains;5
6747;112;13;212;land;false;mountain;5
6748;167;135;133;land;false;forest;5
6749;223;1;54;land;true;hills;2
6750;22;122;231;land;false;hills;2
6751;77;244;152;land;false;hills;2
6752;133;110;73;land;false;hills;2
6753;188;231;250;land;false;forest;2
6754;244;97;171;land;false;mountain;6
6755;43;219;92;land;false;mountain;6
6756;99;85;13;land;false;desert;6
6757;154;206;190;land;false;desert;6
6758;210;72;111;land;false;hills;5
6759;9;194;32;land;false;hills;5
6760;65;59;209;land;false;plains;5
6761;120;181;130;land;false;desert;5
6762;176;47;51;land;false;plains;5
6763;231;168;228;land;false;hills;5
6764;31;34;149;land;false;mountain;5
6765;86;156;70;land;false;hills;5
6766;142;21;247;land;false;mountain;5
6767;197;143;168;land;false;urban;5
6768;253;9;89;land;false;forest;5
6769;52;131;10;land;true;mountain;2
6770;107;252;187;land;false;plains;2
6771;163;118;108;land;false;plains;2
6772;218;240;29;land;false;plains;2
6773;18;105;206;land;false;forest;2
6774;73;227;127;land;true;hills;6
6775;129;93;48;land;false;mountain;6
6776;184;214;225;land;false;plains;5
6777;240;80;146;land;false;urban;5
6778;39;202;67;land;true;urban;5
6779;95;67;244;land;false;hills;2
6780;150;189;165;land;false;plains;2
6781;206;55;86;land;false;hills;2
6782;5;177;7;land;false;plains;2
6783;61;42;184;land;false;desert;6
6784;116;164;105;land;true;plains;5
6785;172;30;26;land;false;plains;5
6786;227;151;203;land;false;desert;5
6787;27;17;124;land;false;mountain;5
6788;82;139;45;land;false;plains;5
6789;138;4;222;land;false;plains;5
6790;193;126;143;land;false;mountain;5
6791;248;248;64;land;false;mountain;5
6792;48;113;241;land;false;forest;5
6793;103;235;162;land;false;forest;5
6794;159;101;83;land;false;hills;5
6795;214;223;4;land;false;plains;2
6796;14;88;181;land;false;plains;2
6797;69;210;102;land;false;plains;2
6798;125;76;23;land;false;plains;2
6799;180;197;200;land;false;forest;2
6800;236;63;121;land;false;hills;6
6801;35;185;42;land;false;plains;5
6802;91;50;219;land;false;mountain;5
6803;146;172;140;land;false;plains;5
6804;202;38;61;land;false;urban;5
6805;1;159;238;land;false;mountain;5
6806;57;25;159;land;false;hills;5
6807;112;147;80;land;false;hills;5
6808;168;13;1;land;false;forest;5
6809;223;134;178;land;false;hills;2
6810;23;0;99;land;false;forest;2
6811;78;122;20;land;false;forest;2
6812;133;243;197;land;false;hills;6
6813;189;109;118;land;false;desert;6
6814;244;231;39;land;false;plains;5
6815;44;96;216;land;false;plains;5
6816;99;218;137;land;false;desert;5
6817;155;84;58;land;false;plains;5
6818;210;205;235;land;false;plains;5
6819;10;71;156;land;false;plains;5
6820;65;193;77;land;false;mountain;5
6821;121;58;254;land;false;forest;5
6822;176;180;175;land;false;mountain;5
6823;232;46;96;land;false;forest;5
6824;31;168;17;land;false;forest;5
6825;87;33;194;land;false;plains;5
6826;142;155;115;land;false;forest;5
6827;198;21;36;land;false;plains;2
6828;253;142;213;land;true;forest;2
6829;53;8;134;land;false;desert;6
6830;108;130;55;land;false;desert;6
6831;163;251;232;land;true;desert;6
6832;219;117;153;land;true;plains;6
6833;18;239;74;land;true;plains;6
6834;74;104;251;land;false;mountain;5
6835;129;226;172;land;false;hills;5
6836;185;92;93;land;false;hills;5
6837;240;214;14;land;false;hills;5
6838;40;79;191;land;false;hills;5
6839;95;201;112;land;false;plains;5
6840;151;67;33;land;false;urban;5
6841;206;188;210;land;false;mountain;5
6842;6;54;131;land;false;mountain;5
6843;61;176;52;land;false;mountain;5
6844;117;41;229;land;false;mountain;5
6845;172;163;150;land;false;plains;2
6846;228;29;71;land;false;forest;2
6847;27;150;248;land;false;plains;2
6848;83;16;169;land;false;desert;6
6849;138;138;90;land;false;desert;6
6850;194;4;11;land;true;plains;6
6851;249;125;188;land;false;desert;5
6852;48;247;109;land;false;hills;5
6853;104;113;30;land;false;mountain;5
6854;159;234;207;land;false;mountain;5
6855;215;100;128;land;false;forest;5
6856;14;222;49;land;false;hills;5
6857;70;87;226;land;false;forest;2
6858;125;209;147;land;false;desert;6
6859;181;75;68;land;true;desert;6
6860;236;196;245;land;false;mountain;5
6861;36;62;166;land;false;hills;5
6862;91;184;87;land;false;plains;5
6863;147;50;8;land;false;hills;5
6864;202;171;185;land;false;mountain;5
6865;2;37;106;land;false;forest;5
6866;57;159;27;land;false;forest;5
6867;113;24;204;land;false;forest;5
6868;168;146;125;land;false;forest;5
6869;224;12;46;land;false;forest;5
6870;23;133;223;land;false;forest;5
6871;78;255;144;land;true;forest;2
6872;134;121;65;land;false;plains;2
6873;189;242;242;land;false;desert;6
6874;245;108;163;land;true;desert;6
6875;44;230;84;land;false;hills;5
6876;100;96;5;land;false;plains;5
6877;155;217;182;land;false;plains;5
6878;211;83;103;land;false;plains;5
6879;10;205;24;land;false;hills;5
6880;66;70;201;land;false;plains;5
6881;121;192;122;land;false;mountain;5
6882;177;58;43;land;false;mountain;5
6883;232;179;220;land;false;forest;5
6884;32;45;141;land;false;forest;5
6885;87;167;62;land;false;plains;5
6886;143;32;239;land;false;plains;5
6887;198;154;160;land;true;forest;5
6888;254;20;81;land;false;hills;2
6889;53;142;2;land;false;hills;2
6890;109;7;179;land;false;hills;2
6891;164;129;100;land;false;hills;2
6892;219;251;21;land;false;plains;2
6893;19;116;198;land;false;plains;2
6894;74;238;119;land;false;forest;2
6895;130;104;40;land;false;forest;2
6896;185;225;217;land;false;mountain;6
6897;241;91;138;land;false;desert;6
6898;40;213;59;land;true;urban;6
6899;96;78;236;land;false;hills;5
6900;151;200;157;land;false;desert;5
6901;207;66;78;land;false;plains;5
6902;6;187;255;land;false;hills;5
6903;62;53;176;land;false;mountain;5
6904;117;175;97;land;true;forest;5
6905;173;41;18;land;true;hills;2
6906;228;162;195;land;false;plains;2
6907;28;28;116;land;false;forest;2
6908;83;150;37;land;false;desert;6
6909;139;15;214;land;true;desert;6
6910;194;137;135;land;true;desert;6
6911;250;3;56;land;true;desert;6
6912;49;124;233;land;false;plains;5
6913;104;246;154;land;false;plains;5
6914;160;112;75;land;false;mountain;5
6915;215;233;252;land;false;mountain;5
6916;15;99;173;land;false;forest;5
6917;70;221;94;land;false;hills;5
6918;126;87;15;land;false;forest;5
6919;181;208;192;land;false;plains;5
6920;237;74;113;land;false;hills;2
6921;36;196;34;land;false;plains;2
6922;92;61;211;land;false;plains;2
6923;147;183;132;land;false;desert;6
6924;203;49;53;land;false;desert;6
6925;2;170;230;land;true;desert;6
6926;58;36;151;land;false;desert;6
6927;113;158;72;land;true;desert;6
6928;169;23;249;land;true;plains;6
6929;224;145;170;land;true;plains;6
6930;24;11;91;land;false;plains;5
6931;79;133;12;land;false;plains;5
6932;134;254;189;land;false;mountain;5
6933;190;120;110;land;false;plains;5
6934;245;242;31;land;false;urban;5
6935;45;107;208;land;false;mountain;5
6936;100;229;129;land;false;urban;5
6937;156;95;50;land;false;hills;5
6938;211;216;227;land;false;forest;5
6939;11;82;148;land;false;hills;2
6940;66;204;69;land;false;plains;2
6941;122;69;246;land;true;forest;2
6942;177;191;167;land;false;desert;6
6943;233;57;88;land;false;plains;5
6944;32;179;9;land;false;desert;5
6945;88;44;186;land;false;mountain;5
6946;143;166;107;land;false;mountain;5
6947;199;32;28;land;false;desert;5
6948;254;153;205;land;false;plains;5
6949;54;19;126;land;false;urban;5
6950;109;141;47;land;false;forest;5
6951;165;6;224;land;false;hills;5
6952;220;128;145;land;false;plains;5
6953;19;250;66;land;false;urban;5
6954;75;115;243;land;true;mountain;2
6955;130;237;164;land;true;desert;6
6956;186;103;85;land;false;desert;6
6957;241;225;6;land;false;desert;6
6958;41;90;183;land;false;hills;5
6959;96;212;104;land;false;desert;5
6960;152;78;25;land;true;plains;5
6961;207;199;202;land;false;mountain;5
6962;7;65;123;land;false;mountain;5
6963;62;187;44;land;false;plains;5
6964;118;52;221;land;false;forest;2
6965;173;174;142;land;false;forest;2
6966;229;40;63;land;false;desert;6
6967;28;161;240;land;false;desert;6
6968;84;27;161;land;false;mountain;5
6969;139;149;82;land;false;hills;5
6970;195;15;3;land;false;plains;5
6971;250;136;180;land;false;mountain;5
6972;50;2;101;land;false;hills;5
6973;105;124;22;land;false;urban;5
6974;160;245;199;land;false;forest;5
6975;216;111;120;land;true;forest;5
6976;15;233;41;land;false;hills;2
6977;71;98;218;land;false;hills;2
6978;126;220;139;land;false;plains;2
6979;182;86;60;land;false;plains;2
6980;237;207;237;land;false;plains;2
6981;37;73;158;land;true;plains;2
6982;92;195;79;land;true;plains;2
6983;148;61;0;land;true;forest;2
6984;203;182;177;land;true;desert;6
6985;3;48;98;land;false;desert;6
6986;58;170;19;land;false;plains;5
6987;114;35;196;land;false;plains;5
6988;169;157;117;land;false;desert;5
6989;225;23;38;land;false;mountain;5
6990;24;144;215;land;false;mountain;5
6991;80;10;136;land;false;hills;5
6992;135;132;57;land;false;plains;5
6993;190;253;234;land;false;plains;5
6994;246;119;155;land;false;hills;5
6995;45;241;76;land;false;mountain;5
6996;101;106;253;land;false;mountain;5
6997;156;228;174;land;false;mountain;5
6998;212;94;95;land;false;forest;5
6999;11;216;16;land;false;hills;5
7000;67;81;193;land;false;plains;5
7001;122;203;114;land;false;hills;2
7002;178;69;35;land;false;plains;2
7003;233;190;212;land;true;mountain;6
7004;33;56;133;land;false;mountain;6
7005;88;178;54;land;false;desert;6
7006;144;43;231;land;false;desert;6
7007;199;165;152;land;false;desert;6
7008;255;31;73;land;true;plains;5
7009;54;152;250;land;false;plains;5
7010;110;18;171;land;false;plains;5
7011;165;140;92;land;false;mountain;5
7012;221;6;13;land;false;mountain;5
7013;20;127;190;land;false;forest;5
7014;75;249;111;land;false;urban;5
7015;131;115;32;land;false;forest;5
7016;186;236;209;land;false;hills;5
7017;242;102;130;land;false;forest;5
7018;41;224;51;land;false;urban;5
7019;97;89;228;land;false;plains;5
7020;152;211;149;land;false;hills;5
7021;208;77;70;land;false;plains;2
7022;7;198;247;land;true;forest;2
7023;63;64;168;land;false;forest;2
7024;118;186;89;land;false;forest;2
7025;174;52;10;land;true;plains;2
7026;229;173;187;land;true;forest;2
7027;29;39;108;land;false;hills;6
7028;84;161;29;land;false;desert;6
7029;140;26;206;land;false;desert;6
7030;195;148;127;land;false;desert;5
7031;251;14;48;land;false;mountain;5
7032;50;135;225;land;false;mountain;5
7033;106;1;146;land;false;hills;5
7034;161;123;67;land;false;mountain;5
7035;216;244;244;land;false;mountain;5
7036;16;110;165;land;false;mountain;5
7037;71;232;86;land;false;urban;5
7038;127;98;7;land;false;mountain;2
7039;182;219;184;land;false;hills;2
7040;238;85;105;land;false;forest;2
7041;37;207;26;land;false;desert;6
7042;93;72;203;land;false;desert;6
7043;148;194;124;land;false;desert;5
7044;204;60;45;land;false;desert;5
7045;3;181;222;land;true;plains;5
7046;59;47;143;land;false;hills;5
7047;114;169;64;land;false;forest;5
7048;170;34;241;land;false;hills;5
7049;225;156;162;land;false;forest;5
7050;25;22;83;land;false;hills;2
7051;80;144;4;land;false;plains;2
7052;136;9;181;land;true;forest;2
7053;191;131;102;land;false;desert;6
7054;246;253;23;land;false;desert;6
7055;46;118;200;land;false;desert;6
7056;101;240;121;land;false;desert;6
7057;157;106;42;land;false;mountain;5
7058;212;227;219;land;false;plains;5
7059;12;93;140;land;false;plains;5
7060;67;215;61;land;false;mountain;5
7061;123;80;238;land;false;mountain;5
7062;178;202;159;land;false;mountain;5
7063;234;68;80;land;false;hills;5
7064;33;190;1;land;true;hills;2
7065;89;55;178;land;false;hills;2
7066;144;177;99;land;false;plains;2
7067;200;43;20;land;false;plains;2
7068;255;164;197;land;false;plains;2
7069;55;30;118;land;true;forest;2
7070;110;152;39;land;false;forest;2
7071;166;17;216;land;false;desert;6
7072;221;139;137;land;false;plains;6
7073;21;5;58;land;true;hills;5
7074;76;126;235;land;true;plains;5
7075;131;248;156;land;false;plains;5
7076;187;114;77;land;false;mountain;5
7077;242;235;254;land;false;mountain;5
7078;42;101;175;land;false;mountain;5
7079;97;223;96;land;false;forest;5
7080;153;89;17;land;false;hills;2
7081;208;210;194;land;false;plains;2
7082;8;76;115;land;false;forest;2
7083;63;198;36;land;false;desert;6
7084;119;63;213;land;false;urban;6
7085;174;185;134;land;false;plains;6
7086;230;51;55;land;false;hills;5
7087;29;172;232;land;false;hills;5
7088;85;38;153;land;false;mountain;5
7089;140;160;74;land;false;mountain;5
7090;196;25;251;land;false;plains;5
7091;251;147;172;land;false;mountain;5
7092;51;13;93;land;false;mountain;5
7093;106;135;14;land;false;mountain;5
7094;162;0;191;land;false;plains;5
7095;217;122;112;land;false;hills;5
7096;16;244;33;land;false;hills;5
7097;72;109;210;land;false;forest;5
7098;127;231;131;land;false;plains;5
7099;183;97;52;land;true;forest;2
7100;238;218;229;land;false;desert;6
7101;38;84;150;land;false;desert;6
7102;93;206;71;land;false;desert;6
7103;149;71;248;land;false;plains;5
7104;204;193;169;land;false;desert;5
7105;4;59;90;land;false;desert;5
7106;59;181;11;land;false;desert;5
7107;115;46;188;land;false;plains;5
7108;170;168;109;land;false;plains;5
7109;226;34;30;land;false;forest;5
7110;25;155;207;land;false;plains;5
7111;81;21;128;land;false;plains;2
7112;136;143;49;land;true;forest;2
7113;192;8;226;land;false;hills;6
7114;247;130;147;land;true;desert;6
7115;46;252;68;land;false;plains;6
7116;102;117;245;land;true;hills;5
7117;157;239;166;land;false;hills;5
7118;213;105;87;land;false;hills;5
7119;12;227;8;land;false;plains;5
7120;68;92;185;land;false;mountain;5
7121;123;214;106;land;false;forest;5
7122;179;80;27;land;false;forest;5
7123;234;201;204;land;false;forest;5
7124;34;67;125;land;false;plains;5
7125;89;189;46;land;false;plains;5
7126;145;54;223;land;true;forest;5
7127;200;176;144;land;false;hills;2
7128;0;42;65;land;false;plains;2
7129;55;163;242;land;false;urban;2
7130;111;29;163;land;true;forest;2
7131;166;151;84;land;false;hills;5
7132;222;17;5;land;false;urban;5
7133;21;138;182;land;false;plains;5
7134;77;4;103;land;false;plains;5
7135;132;126;24;land;false;mountain;5
7136;187;247;201;land;false;forest;5
7137;243;113;122;land;false;forest;5
7138;42;235;43;land;false;hills;5
7139;98;100;220;land;false;urban;5
7140;153;222;141;land;true;urban;5
7141;209;88;62;land;true;plains;5
7142;8;209;239;land;false;desert;6
7143;64;75;160;land;false;desert;6
7144;119;197;81;land;false;desert;6
7145;175;63;2;land;false;desert;6
7146;230;184;179;land;false;desert;5
7147;30;50;100;land;false;hills;5
7148;85;172;21;land;false;mountain;5
7149;141;37;198;land;false;plains;5
7150;196;159;119;land;false;plains;5
7151;252;25;40;land;false;forest;5
7152;51;146;217;land;false;hills;5
7153;107;12;138;land;false;forest;5
7154;162;134;59;land;false;hills;2
7155;217;255;236;land;false;mountain;2
7156;17;121;157;land;false;mountain;2
7157;72;243;78;land;false;hills;2
7158;128;108;255;land;false;plains;2
7159;183;230;176;land;true;marsh;2
7160;239;96;97;land;false;urban;6
7161;38;218;18;land;true;plains;5
7162;94;83;195;land;false;hills;5
7163;149;205;116;land;false;hills;5
7164;205;71;37;land;false;desert;6
7165;4;192;214;land;false;desert;6
7166;60;58;135;land;false;desert;6
7167;115;180;56;land;true;desert;6
7168;171;45;233;land;false;desert;5
7169;226;167;154;land;false;urban;5
7170;26;33;75;land;false;plains;5
7171;81;154;252;land;false;plains;5
7172;137;20;173;land;false;hills;5
7173;192;142;94;land;false;mountain;5
7174;248;8;15;land;false;mountain;5
7175;47;129;192;land;false;mountain;5
7176;102;251;113;land;false;urban;5
7177;158;117;34;land;false;hills;2
7178;213;238;211;land;false;plains;2
7179;13;104;132;land;true;urban;2
7180;68;226;53;land;false;forest;2
7181;124;91;230;land;false;desert;6
7182;179;213;151;land;false;hills;5
7183;235;79;72;land;false;desert;5
7184;34;200;249;land;true;urban;5
7185;90;66;170;land;false;mountain;5
7186;145;188;91;land;false;hills;5
7187;201;54;12;land;false;mountain;5
7188;0;175;189;land;false;hills;5
7189;56;41;110;land;false;forest;5
7190;111;163;31;land;false;mountain;2
7191;167;28;208;land;false;plains;2
7192;222;150;129;land;false;plains;2
7193;22;16;50;land;true;plains;2
7194;77;137;227;land;true;forest;2
7195;133;3;148;land;true;mountain;6
7196;188;125;69;land;false;desert;6
7197;243;246;246;land;false;desert;6
7198;43;112;167;land;false;plains;5
7199;98;234;88;land;false;desert;5
7200;154;100;9;land;false;hills;5
7201;209;221;186;land;false;hills;5
7202;9;87;107;land;false;plains;5
7203;64;209;28;land;false;mountain;5
7204;120;74;205;land;false;mountain;5
7205;175;196;126;land;false;hills;5
7206;231;62;47;land;false;hills;5
7207;30;183;224;land;false;forest;5
7208;86;49;145;land;false;plains;5
7209;141;171;66;land;false;forest;5
7210;197;36;243;land;true;hills;2
7211;252;158;164;land;false;hills;2
7212;52;24;85;land;false;desert;6
7213;107;146;6;land;false;desert;6
7214;163;11;183;land;false;desert;6
7215;218;133;104;land;false;desert;6
7216;17;255;25;land;false;desert;5
7217;73;120;202;land;false;plains;5
7218;128;242;123;land;false;forest;5
7219;184;108;44;land;false;urban;5
7220;239;229;221;land;false;forest;5
7221;39;95;142;land;false;forest;5
7222;94;217;63;land;false;forest;5
7223;150;82;240;land;false;plains;5
7224;205;204;161;land;false;plains;5
7225;5;70;82;land;false;plains;5
7226;60;192;3;land;false;hills;2
7227;116;57;180;land;false;hills;6
7228;171;179;101;land;false;desert;6
7229;227;45;22;land;false;desert;6
7230;26;166;199;land;false;desert;6
7231;82;32;120;land;false;desert;6
7232;137;154;41;land;false;desert;5
7233;193;19;218;land;false;desert;5
7234;248;141;139;land;false;mountain;5
7235;48;7;60;land;false;plains;5
7236;103;128;237;land;false;urban;5
7237;158;250;158;land;false;plains;5
7238;214;116;79;land;false;forest;5
7239;13;238;0;land;false;urban;2
7240;69;103;177;land;false;desert;6
7241;124;225;98;land;false;desert;6
7242;180;91;19;land;false;desert;6
7243;235;212;196;land;true;hills;6
7244;35;78;117;land;false;hills;6
7245;90;200;38;land;false;desert;5
7246;146;65;215;land;false;plains;5
7247;201;187;136;land;false;plains;5
7248;1;53;57;land;false;mountain;5
7249;56;174;234;land;false;forest;5
7250;112;40;155;land;false;forest;5
7251;167;162;76;land;false;forest;5
7252;223;27;253;land;false;plains;5
7253;22;149;174;land;false;forest;5
7254;78;15;95;land;true;plains;5
7255;133;137;16;land;false;hills;2
7256;189;2;193;land;false;plains;2
7257;244;124;114;land;true;marsh;2
7258;43;246;35;land;false;desert;6
7259;99;111;212;land;false;mountain;5
7260;154;233;133;land;false;mountain;5
7261;210;99;54;land;false;plains;5
7262;9;220;231;land;false;hills;2
7263;65;86;152;land;false;plains;2
7264;120;208;73;land;true;forest;2
7265;176;73;250;land;false;hills;6
7266;231;195;171;land;false;hills;5
7267;31;61;92;land;false;hills;5
7268;86;183;13;land;false;plains;5
7269;142;48;190;land;false;plains;5
7270;197;170;111;land;false;mountain;5
7271;253;36;32;land;false;mountain;5
7272;52;157;209;land;false;forest;5
7273;108;23;130;land;false;forest;5
7274;163;145;51;land;false;forest;5
7275;219;10;228;land;false;forest;5
7276;18;132;149;land;true;plains;2
7277;73;254;70;land;true;plains;2
7278;129;119;247;land;false;desert;6
7279;184;241;168;land;false;desert;6
7280;240;107;89;land;false;desert;6
7281;39;229;10;land;false;desert;6
7282;95;94;187;land;true;hills;6
7283;150;216;108;land;false;mountain;5
7284;206;82;29;land;false;plains;5
7285;5;203;206;land;false;plains;5
7286;61;69;127;land;false;hills;5
7287;116;191;48;land;false;mountain;5
7288;172;56;225;land;false;mountain;5
7289;227;178;146;land;false;hills;5
7290;27;44;67;land;false;forest;5
7291;82;165;244;land;false;mountain;2
7292;138;31;165;land;false;desert;6
7293;193;153;86;land;true;hills;6
7294;249;19;7;land;true;hills;5
7295;48;140;184;land;false;hills;5
7296;104;6;105;land;false;plains;5
7297;159;128;26;land;false;forest;5
7298;214;249;203;land;true;hills;2
7299;14;115;124;land;false;desert;6
7300;69;237;45;land;false;desert;6
7301;125;102;222;land;false;desert;6
7302;180;224;143;land;true;hills;5
7303;236;90;64;land;false;desert;5
7304;35;211;241;land;false;mountain;5
7305;91;77;162;land;false;hills;5
7306;146;199;83;land;false;hills;5
7307;202;65;4;land;false;plains;5
7308;1;186;181;land;false;mountain;5
7309;57;52;102;land;false;mountain;5
7310;112;174;23;land;false;forest;5
7311;168;39;200;land;false;forest;5
7312;223;161;121;land;false;forest;5
7313;23;27;42;land;false;plains;5
7314;78;148;219;land;false;hills;5
7315;134;14;140;land;false;plains;5
7316;189;136;61;land;false;hills;2
7317;245;1;238;land;false;plains;2
7318;44;123;159;land;false;desert;6
7319;99;245;80;land;false;desert;6
7320;155;111;1;land;false;desert;6
7321;210;232;178;land;false;mountain;5
7322;10;98;99;land;false;mountain;5
7323;65;220;20;land;false;desert;5
7324;121;85;197;land;false;plains;5
7325;176;207;118;land;false;mountain;5
7326;232;73;39;land;false;mountain;5
7327;31;194;216;land;false;mountain;5
7328;87;60;137;land;false;hills;5
7329;142;182;58;land;false;urban;5
7330;198;47;235;land;false;hills;5
7331;253;169;156;land;false;forest;5
7332;53;35;77;land;false;urban;5
7333;108;156;254;land;false;forest;5
7334;164;22;175;land;true;forest;5
7335;219;144;96;land;false;hills;2
7336;19;10;17;land;false;mountain;2
7337;74;131;194;land;false;plains;2
7338;129;253;115;land;true;plains;2
7339;185;119;36;land;false;desert;6
7340;240;240;213;land;false;desert;6
7341;40;106;134;land;true;hills;6
7342;95;228;55;land;false;hills;5
7343;151;93;232;land;false;hills;5
7344;206;215;153;land;false;plains;5
7345;6;81;74;land;false;mountain;5
7346;61;202;251;land;false;mountain;5
7347;117;68;172;land;false;mountain;5
7348;172;190;93;land;false;hills;5
7349;228;56;14;land;false;hills;5
7350;27;177;191;land;false;plains;2
7351;83;43;112;land;false;plains;2
7352;138;165;33;land;false;desert;6
7353;194;30;210;land;false;desert;5
7354;249;152;131;land;true;desert;5
7355;49;18;52;land;false;hills;5
7356;104;139;229;land;false;plains;5
7357;160;5;150;land;false;plains;5
7358;215;127;71;land;false;plains;5
7359;14;248;248;land;false;mountain;5
7360;70;114;169;land;false;hills;5
7361;125;236;90;land;false;forest;5
7362;181;102;11;land;true;plains;2
7363;236;223;188;land;false;mountain;2
7364;36;89;109;land;false;plains;2
7365;91;211;30;land;true;plains;2
7366;147;76;207;land;false;desert;6
7367;202;198;128;land;false;desert;6
7368;2;64;49;land;false;desert;6
7369;57;185;226;land;false;mountain;5
7370;113;51;147;land;false;plains;5
7371;168;173;68;land;false;mountain;5
7372;224;38;245;land;false;mountain;5
7373;23;160;166;land;false;hills;5
7374;79;26;87;land;false;hills;5
7375;134;148;8;land;false;mountain;5
7376;190;13;185;land;false;plains;5
7377;245;135;106;land;false;plains;5
7378;45;1;27;land;false;mountain;5
7379;100;122;204;land;false;forest;5
7380;155;244;125;land;false;forest;5
7381;211;110;46;land;false;plains;2
7382;10;231;223;land;false;plains;2
7383;66;97;144;land;false;desert;6
7384;121;219;65;land;false;desert;6
7385;177;84;242;land;false;desert;6
7386;232;206;163;land;false;desert;5
7387;32;72;84;land;false;plains;5
7388;87;194;5;land;false;mountain;5
7389;143;59;182;land;false;hills;5
7390;198;181;103;land;false;urban;5
7391;254;47;24;land;false;forest;5
7392;53;168;201;land;false;hills;5
7393;109;34;122;land;false;plains;2
7394;164;156;43;land;true;desert;6
7395;220;21;220;land;false;desert;6
7396;19;143;141;land;false;desert;6
7397;75;9;62;land;true;hills;6
7398;130;130;239;land;false;plains;5
7399;185;252;160;land;false;forest;5
7400;241;118;81;land;false;forest;5
7401;40;240;2;land;false;forest;5
7402;96;105;179;land;false;hills;5
7403;151;227;100;land;false;urban;5
7404;207;93;21;land;false;forest;5
7405;6;214;198;land;false;hills;2
7406;62;80;119;land;false;hills;2
7407;117;202;40;land;false;desert;6
7408;173;67;217;land;true;mountain;5
7409;228;189;138;land;false;desert;5
7410;28;55;59;land;false;plains;5
7411;83;176;236;land;false;plains;5
7412;139;42;157;land;false;plains;5
7413;194;164;78;land;false;plains;5
7414;250;29;255;land;false;plains;5
7415;49;151;176;land;false;mountain;5
7416;105;17;97;land;false;mountain;5
7417;160;139;18;land;false;forest;5
7418;216;4;195;land;false;forest;5
7419;15;126;116;land;false;hills;6
7420;70;248;37;land;false;hills;5
7421;126;113;214;land;false;desert;5
7422;181;235;135;land;false;hills;5
7423;237;101;56;land;false;forest;5
7424;36;222;233;land;false;hills;5
7425;92;88;154;land;false;hills;2
7426;147;210;75;land;true;plains;2
7427;203;75;252;land;true;mountain;6
7428;2;197;173;land;false;hills;5
7429;58;63;94;land;false;desert;5
7430;113;185;15;land;false;urban;5
7431;169;50;192;land;false;mountain;5
7432;224;172;113;land;false;mountain;5
7433;24;38;34;land;false;mountain;5
7434;79;159;211;land;false;forest;5
7435;135;25;132;land;false;plains;5
7436;190;147;53;land;false;hills;5
7437;246;12;230;land;false;plains;2
7438;45;134;151;land;true;plains;2
7439;101;0;72;land;false;desert;6
7440;156;121;249;land;false;desert;5
7441;211;243;170;land;false;desert;5
7442;11;109;91;land;false;plains;5
7443;66;231;12;land;false;plains;5
7444;122;96;189;land;false;plains;5
7445;177;218;110;land;false;mountain;5
7446;233;84;31;land;false;mountain;5
7447;32;205;208;land;false;hills;5
7448;88;71;129;land;false;hills;5
7449;143;193;50;land;false;hills;5
7450;199;58;227;land;true;plains;1
7451;254;180;148;land;false;desert;6
7452;54;46;69;land;false;desert;6
7453;109;167;246;land;false;desert;6
7454;165;33;167;land;true;hills;5
7455;220;155;88;land;false;hills;5
7456;20;21;9;land;false;mountain;5
7457;75;142;186;land;false;desert;5
7458;131;8;107;land;false;plains;5
7459;186;130;28;land;false;plains;5
7460;241;251;205;land;false;hills;5
7461;41;117;126;land;false;forest;5
7462;96;239;47;land;true;plains;5
7463;152;104;224;land;false;mountain;2
7464;207;226;145;land;false;desert;6
7465;7;92;66;land;false;desert;6
7466;62;213;243;land;false;desert;6
7467;118;79;164;land;false;hills;5
7468;173;201;85;land;false;plains;5
7469;229;67;6;land;false;mountain;5
7470;28;188;183;land;false;mountain;5
7471;84;54;104;land;false;mountain;5
7472;139;176;25;land;false;mountain;5
7473;195;41;202;land;false;plains;5
7474;250;163;123;land;false;hills;5
7475;50;29;44;land;true;plains;2
7476;105;150;221;land;false;desert;6
7477;161;16;142;land;false;desert;6
7478;216;138;63;land;false;desert;6
7479;16;3;240;land;false;desert;6
7480;71;125;161;land;false;desert;5
7481;126;247;82;land;false;desert;5
7482;182;113;3;land;false;mountain;5
7483;237;234;180;land;false;plains;5
7484;37;100;101;land;false;plains;5
7485;92;222;22;land;false;hills;5
7486;148;87;199;land;false;urban;5
7487;203;209;120;land;false;hills;5
7488;3;75;41;land;false;plains;2
7489;58;196;218;land;true;mountain;1
7490;114;62;139;land;false;desert;6
7491;169;184;60;land;false;desert;6
7492;225;49;237;land;false;desert;6
7493;24;171;158;land;false;hills;5
7494;80;37;79;land;false;plains;5
7495;135;159;0;land;false;plains;5
7496;191;24;177;land;false;plains;5
7497;246;146;98;land;false;mountain;5
7498;46;12;19;land;false;mountain;5
7499;101;133;196;land;false;plains;2
7500;156;255;117;land;false;hills;2
7501;212;121;38;land;false;plains;2
7502;11;242;215;land;false;plains;2
7503;67;108;136;land;false;desert;6
7504;122;230;57;land;false;desert;6
7505;178;95;234;land;true;desert;5
7506;233;217;155;land;false;plains;5
7507;33;83;76;land;false;plains;5
7508;88;204;253;land;false;plains;5
7509;144;70;174;land;false;hills;5
7510;199;192;95;land;false;hills;5
7511;255;58;16;land;false;hills;5
7512;54;179;193;land;false;forest;5
7513;110;45;114;land;false;urban;5
7514;165;167;35;land;false;plains;5
7515;221;32;212;land;true;plains;5
7516;20;154;133;land;false;mountain;2
7517;76;20;54;land;false;mountain;2
7518;131;141;231;land;false;plains;2
7519;187;7;152;land;false;desert;6
7520;242;129;73;land;false;hills;5
7521;41;250;250;land;false;hills;5
7522;97;116;171;land;false;plains;5
7523;152;238;92;land;false;plains;5
7524;208;104;13;land;false;plains;5
7525;7;225;190;land;false;mountain;5
7526;63;91;111;land;false;forest;5
7527;118;213;32;land;false;forest;5
7528;174;78;209;land;false;plains;5
7529;229;200;130;land;false;forest;5
7530;29;66;51;land;false;forest;5
7531;84;187;228;land;false;hills;5
7532;140;53;149;land;false;plains;2
7533;195;175;70;land;false;desert;6
7534;251;40;247;land;false;desert;6
7535;50;162;168;land;false;mountain;5
7536;106;28;89;land;false;mountain;5
7537;161;150;10;land;false;mountain;5
7538;217;15;187;land;true;plains;2
7539;16;137;108;land;false;plains;2
7540;72;3;29;land;true;desert;6
7541;127;124;206;land;false;desert;6
7542;182;246;127;land;false;desert;6
7543;238;112;48;land;true;hills;6
7544;37;233;225;land;true;mountain;5
7545;93;99;146;land;true;mountain;5
7546;148;221;67;land;false;hills;5
7547;204;86;244;land;false;hills;5
7548;3;208;165;land;false;plains;5
7549;59;74;86;land;false;mountain;5
7550;114;196;7;land;false;hills;5
7551;170;61;184;land;false;urban;5
7552;225;183;105;land;false;hills;5
7553;25;49;26;land;false;hills;2
7554;80;170;203;land;true;plains;6
7555;136;36;124;land;false;desert;6
7556;191;158;45;land;false;desert;6
7557;247;23;222;land;false;desert;5
7558;46;145;143;land;false;hills;5
7559;102;11;64;land;false;plains;5
7560;157;132;241;land;false;plains;5
7561;212;254;162;land;false;plains;5
7562;12;120;83;land;false;hills;5
7563;67;242;4;land;false;mountain;5
7564;123;107;181;land;false;hills;2
7565;178;229;102;land;true;hills;1
7566;234;95;23;land;false;desert;6
7567;33;216;200;land;false;desert;5
7568;89;82;121;land;false;plains;5
7569;144;204;42;land;false;plains;5
7570;200;69;219;land;false;mountain;5
7571;255;191;140;land;false;hills;5
7572;55;57;61;land;false;plains;5
7573;110;178;238;land;false;plains;5
7574;166;44;159;land;false;desert;6
7575;221;166;80;land;false;desert;5
7576;21;32;1;land;false;mountain;5
7577;76;153;178;land;false;mountain;5
7578;132;19;99;land;false;mountain;5
7579;187;141;20;land;false;hills;5
7580;243;6;197;land;false;plains;5
7581;42;128;118;land;false;forest;5
7582;97;250;39;land;true;urban;2
7583;153;115;216;land;true;plains;2
7584;208;237;137;land;false;desert;6
7585;8;103;58;land;false;desert;6
7586;63;224;235;land;false;desert;6
7587;119;90;156;land;false;desert;6
7588;174;212;77;land;false;desert;6
7589;230;77;254;land;false;hills;5
7590;29;199;175;land;false;desert;5
7591;85;65;96;land;false;plains;5
7592;140;187;17;land;false;plains;5
7593;196;52;194;land;false;plains;5
7594;251;174;115;land;false;plains;5
7595;51;40;36;land;false;hills;5
7596;106;161;213;land;false;mountain;5
7597;162;27;134;land;false;mountain;5
7598;217;149;55;land;false;plains;5
7599;17;14;232;land;false;hills;5
7600;72;136;153;land;true;plains;2
7601;128;2;74;land;false;plains;2
7602;183;123;251;land;false;hills;6
7603;238;245;172;land;false;plains;5
7604;38;111;93;land;false;plains;5
7605;93;233;14;land;false;mountain;5
7606;149;98;191;land;false;mountain;5
7607;204;220;112;land;false;plains;5
7608;4;86;33;land;false;mountain;5
7609;59;207;210;land;false;hills;5
7610;115;73;131;land;false;forest;5
7611;170;195;52;land;false;hills;5
7612;226;60;229;land;true;plains;5
7613;25;182;150;land;false;hills;2
7614;81;48;71;land;false;desert;5
7615;136;169;248;land;false;plains;5
7616;192;35;169;land;false;plains;5
7617;247;157;90;land;false;plains;5
7618;47;23;11;land;false;plains;5
7619;102;144;188;land;false;hills;5
7620;158;10;109;land;false;mountain;5
7621;213;132;30;land;false;mountain;5
7622;12;253;207;land;false;mountain;5
7623;68;119;128;land;false;hills;5
7624;123;241;49;land;false;mountain;2
7625;179;106;226;land;false;plains;2
7626;234;228;147;land;true;plains;2
7627;34;94;68;land;false;desert;6
7628;89;215;245;land;false;plains;5
7629;145;81;166;land;false;mountain;5
7630;200;203;87;land;false;hills;5
7631;0;69;8;land;false;forest;5
7632;55;190;185;land;false;hills;5
7633;111;56;106;land;true;plains;2
7634;166;178;27;land;false;hills;2
7635;222;43;204;land;false;mountain;2
7636;21;165;125;land;false;hills;2
7637;77;31;46;land;false;plains;2
7638;132;152;223;land;false;desert;6
7639;188;18;144;land;false;hills;5
7640;243;140;65;land;false;plains;5
7641;43;5;242;land;false;plains;5
7642;98;127;163;land;false;mountain;5
7643;153;249;84;land;false;hills;5
7644;209;115;5;land;false;hills;5
7645;8;236;182;land;false;hills;5
7646;64;102;103;land;true;plains;2
7647;119;224;24;land;false;plains;2
7648;175;89;201;land;false;desert;6
7649;230;211;122;land;false;desert;6
7650;30;77;43;land;false;hills;5
7651;85;198;220;land;true;desert;5
7652;141;64;141;land;true;hills;5
7653;196;186;62;land;false;hills;5
7654;252;51;239;land;false;plains;5
7655;51;173;160;land;false;plains;5
7656;107;39;81;land;false;plains;5
7657;162;161;2;land;false;mountain;5
7658;218;26;179;land;false;mountain;5
7659;17;148;100;land;false;hills;5
7660;73;14;21;land;false;forest;5
7661;128;135;198;land;true;hills;2
7662;184;1;119;land;false;hills;2
7663;239;123;40;land;false;plains;2
7664;38;244;217;land;false;desert;6
7665;94;110;138;land;false;desert;6
7666;149;232;59;land;false;desert;6
7667;205;97;236;land;false;desert;6
7668;4;219;157;land;false;desert;5
7669;60;85;78;land;false;hills;5
7670;115;206;255;land;false;plains;5
7671;171;72;176;land;false;plains;5
7672;226;194;97;land;false;forest;5
7673;26;60;18;land;false;plains;5
7674;81;181;195;land;false;plains;5
7675;137;47;116;land;false;desert;6
7676;192;169;37;land;false;desert;6
7677;248;34;214;land;false;desert;6
7678;47;156;135;land;false;desert;6
7679;103;22;56;land;false;desert;6
7680;158;143;233;land;false;desert;6
7681;214;9;154;land;false;desert;5
7682;13;131;75;land;false;plains;5
7683;68;252;252;land;true;plains;6
7684;124;118;173;land;false;desert;6
7685;179;240;94;land;false;desert;6
7686;235;106;15;land;true;hills;5
7687;34;227;192;land;true;mountain;5
7688;90;93;113;land;false;plains;5
7689;145;215;34;land;false;plains;5
7690;201;80;211;land;false;mountain;5
7691;0;202;132;land;false;mountain;5
7692;56;68;53;land;false;hills;5
7693;111;189;230;land;false;hills;5
7694;167;55;151;land;false;hills;2
7695;222;177;72;land;true;plains;2
7696;22;42;249;land;false;desert;6
7697;77;164;170;land;true;hills;6
7698;133;30;91;land;true;hills;5
7699;188;152;12;land;false;desert;5
7700;244;17;189;land;false;hills;5
7701;43;139;110;land;false;plains;5
7702;99;5;31;land;false;plains;5
7703;154;126;208;land;false;plains;5
7704;209;248;129;land;false;plains;5
7705;9;114;50;land;false;mountain;5
7706;64;235;227;land;false;hills;5
7707;120;101;148;land;false;plains;5
7708;175;223;69;land;false;plains;5
7709;231;88;246;land;false;hills;2
7710;30;210;167;land;false;plains;2
7711;86;76;88;land;false;plains;2
7712;141;198;9;land;false;hills;5
7713;197;63;186;land;false;plains;5
7714;252;185;107;land;false;urban;5
7715;52;51;28;land;false;plains;5
7716;107;172;205;land;false;plains;5
7717;163;38;126;land;false;plains;5
7718;218;160;47;land;false;hills;5
7719;18;25;224;land;false;plains;5
7720;73;147;145;land;false;plains;5
7721;129;13;66;land;false;forest;5
7722;184;134;243;land;false;desert;6
7723;240;0;164;land;false;hills;5
7724;39;122;85;land;false;desert;5
7725;94;244;6;land;false;plains;5
7726;150;109;183;land;false;mountain;5
7727;205;231;104;land;true;hills;5
7728;5;97;25;land;false;plains;2
7729;60;218;202;land;false;plains;5
7730;116;84;123;land;false;urban;5
7731;171;206;44;land;false;mountain;5
7732;227;71;221;land;true;urban;2
7733;26;193;142;land;false;desert;6
7734;82;59;63;land;false;hills;6
7735;137;180;240;land;false;desert;6
7736;193;46;161;land;false;desert;6
7737;248;168;82;land;false;desert;5
7738;48;34;3;land;false;hills;5
7739;103;155;180;land;false;hills;5
7740;159;21;101;land;false;plains;5
7741;214;143;22;land;false;plains;5
7742;14;8;199;land;false;plains;5
7743;69;130;120;land;false;mountain;5
7744;124;252;41;land;false;hills;5
7745;180;117;218;land;true;plains;2
7746;235;239;139;land;false;desert;6
7747;35;105;60;land;false;desert;6
7748;90;226;237;land;false;plains;5
7749;146;92;158;land;false;plains;5
7750;201;214;79;land;false;mountain;5
7751;1;80;0;land;false;mountain;5
7752;56;201;177;land;false;mountain;5
7753;112;67;98;land;false;mountain;5
7754;167;189;19;land;false;hills;5
7755;223;54;196;land;true;plains;2
7756;22;176;117;land;false;mountain;2
7757;78;42;38;land;false;mountain;2
7758;133;163;215;land;true;plains;2
7759;189;29;136;land;false;marsh;2
7760;244;151;57;land;false;desert;6
7761;44;16;234;land;false;desert;6
7762;99;138;155;land;false;desert;6
7763;155;4;76;land;false;desert;5
7764;210;125;253;land;false;desert;5
7765;9;247;174;land;true;desert;5
7766;65;113;95;land;false;plains;5
7767;120;235;16;land;false;plains;5
7768;176;100;193;land;false;plains;5
7769;231;222;114;land;false;hills;5
7770;31;88;35;land;false;plains;5
7771;86;209;212;land;false;hills;5
7772;142;75;133;land;false;mountain;5
7773;197;197;54;land;false;mountain;5
7774;253;62;231;land;false;mountain;5
7775;52;184;152;land;false;hills;5
7776;108;50;73;land;false;urban;5
7777;163;171;250;land;false;forest;5
7778;219;37;171;land;false;urban;5
7779;18;159;92;land;false;forest;5
7780;74;25;13;land;false;forest;5
7781;129;146;190;land;false;desert;6
7782;185;12;111;land;false;desert;6
7783;240;134;32;land;false;desert;6
7784;39;255;209;land;false;plains;5
7785;95;121;130;land;false;urban;5
7786;150;243;51;land;false;plains;5
7787;206;108;228;land;false;plains;5
7788;5;230;149;land;false;mountain;5
7789;61;96;70;land;false;forest;5
7790;116;217;247;land;false;hills;2
7791;172;83;168;land;true;plains;2
7792;227;205;89;land;false;hills;6
7793;27;71;10;land;false;hills;6
7794;82;192;187;land;false;desert;6
7795;138;58;108;land;false;desert;6
7796;193;180;29;land;false;desert;6
7797;249;45;206;land;false;desert;6
7798;48;167;127;land;false;hills;5
7799;104;33;48;land;false;hills;5
7800;159;154;225;land;false;plains;5
7801;215;20;146;land;false;hills;5
7802;14;142;67;land;false;mountain;5
7803;70;7;244;land;false;hills;5
7804;125;129;165;land;false;plains;5
7805;180;251;86;land;false;forest;5
7806;236;117;7;land;false;mountain;2
7807;35;238;184;land;false;hills;2
7808;91;104;105;land;false;hills;2
7809;146;226;26;land;false;desert;6
7810;202;91;203;land;false;desert;5
7811;1;213;124;land;false;plains;5
7812;57;79;45;land;false;plains;5
7813;112;200;222;land;false;hills;5
7814;168;66;143;land;false;hills;5
7815;223;188;64;land;false;hills;5
7816;23;53;241;land;true;plains;5
7817;78;175;162;land;false;hills;2
7818;134;41;83;land;true;plains;2
7819;189;163;4;land;false;plains;2
7820;245;28;181;land;true;plains;2
7821;44;150;102;land;false;desert;6
7822;100;16;23;land;false;desert;5
7823;155;137;200;land;false;plains;5
7824;211;3;121;land;false;plains;5
7825;10;125;42;land;false;plains;5
7826;65;246;219;land;false;urban;5
7827;121;112;140;land;false;plains;5
7828;176;234;61;land;false;plains;5
7829;232;99;238;land;false;mountain;5
7830;31;221;159;land;false;hills;5
7831;87;87;80;land;true;forest;5
7832;142;209;1;land;false;hills;2
7833;198;74;178;land;false;desert;6
7834;253;196;99;land;false;hills;5
7835;53;62;20;land;false;plains;5
7836;108;183;197;land;false;plains;5
7837;164;49;118;land;false;plains;5
7838;219;171;39;land;false;plains;5
7839;19;36;216;land;false;plains;5
7840;74;158;137;land;false;hills;5
7841;130;24;58;land;false;hills;5
7842;185;145;235;land;false;hills;5
7843;241;11;156;land;true;hills;2
7844;40;133;77;land;false;desert;6
7845;95;254;254;land;false;desert;6
7846;151;120;175;land;false;desert;5
7847;206;242;96;land;true;hills;5
7848;6;108;17;land;true;hills;5
7849;61;229;194;land;false;plains;5
7850;117;95;115;land;false;hills;5
7851;172;217;36;land;false;hills;2
7852;228;82;213;land;false;desert;6
7853;27;204;134;land;false;desert;5
7854;83;70;55;land;true;hills;5
7855;138;191;232;land;true;plains;5
7856;194;57;153;land;false;plains;5
7857;249;179;74;land;false;plains;5
7858;49;44;251;land;false;plains;5
7859;104;166;172;land;false;plains;5
7860;160;32;93;land;false;plains;5
7861;215;154;14;land;false;plains;5
7862;15;19;191;land;false;plains;5
7863;70;141;112;land;false;plains;5
7864;126;7;33;land;false;plains;5
7865;181;128;210;land;false;mountain;5
7866;236;250;131;land;false;hills;5
7867;36;116;52;land;false;hills;5
7868;91;237;229;land;false;hills;2
7869;147;103;150;land;false;hills;2
7870;202;225;71;land;true;urban;2
7871;2;90;248;land;false;desert;6
7872;57;212;169;land;false;plains;5
7873;113;78;90;land;false;plains;5
7874;168;200;11;land;false;plains;5
7875;224;65;188;land;false;hills;2
7876;23;187;109;land;true;plains;2
7877;79;53;30;land;true;plains;6
7878;134;174;207;land;false;desert;6
7879;190;40;128;land;false;desert;6
7880;245;162;49;land;false;desert;6
7881;45;27;226;land;false;desert;6
7882;100;149;147;land;true;hills;5
7883;156;15;68;land;false;plains;5
7884;211;136;245;land;false;plains;5
7885;11;2;166;land;false;plains;5
7886;66;124;87;land;false;plains;5
7887;121;246;8;land;false;hills;5
7888;177;111;185;land;false;plains;2
7889;232;233;106;land;false;plains;2
7890;32;99;27;land;false;plains;2
7891;87;220;204;land;true;hills;5
7892;143;86;125;land;true;desert;5
7893;198;208;46;land;false;plains;5
7894;254;73;223;land;false;plains;5
7895;53;195;144;land;false;mountain;5
7896;109;61;65;land;false;urban;5
7897;164;182;242;land;true;hills;6
7898;220;48;163;land;false;desert;5
7899;19;170;84;land;true;hills;5
7900;75;36;5;land;false;plains;5
7901;130;157;182;land;false;plains;5
7902;186;23;103;land;false;plains;5
7903;241;145;24;land;false;mountain;5
7904;41;10;201;land;false;mountain;5
7905;96;132;122;land;false;hills;5
7906;151;254;43;land;false;hills;5
7907;207;119;220;land;false;hills;5
7908;6;241;141;land;false;desert;6
7909;62;107;62;land;false;desert;6
7910;117;228;239;land;false;desert;6
7911;173;94;160;land;true;desert;5
7912;228;216;81;land;true;desert;5
7913;28;82;2;land;false;plains;5
7914;83;203;179;land;false;plains;5
7915;139;69;100;land;false;plains;5
7916;194;191;21;land;false;forest;5
7917;250;56;198;land;false;hills;5
7918;49;178;119;land;false;forest;5
7919;105;44;40;land;false;hills;5
7920;160;165;217;land;false;forest;5
7921;216;31;138;land;true;urban;5
7922;15;153;59;land;false;urban;2
7923;71;18;236;land;false;desert;6
7924;126;140;157;land;false;hills;6
7925;182;6;78;land;false;desert;5
7926;237;127;255;land;false;plains;5
7927;36;249;176;land;false;plains;5
7928;92;115;97;land;false;plains;5
7929;147;237;18;land;false;hills;5
7930;203;102;195;land;false;mountain;5
7931;2;224;116;land;false;forest;5
7932;58;90;37;land;false;desert;6
7933;113;211;214;land;false;desert;6
7934;169;77;135;land;false;desert;5
7935;224;199;56;land;true;desert;5
7936;24;64;233;land;false;plains;5
7937;79;186;154;land;false;plains;5
7938;135;52;75;land;false;plains;5
7939;190;173;252;land;false;plains;5
7940;246;39;173;land;false;plains;5
7941;45;161;94;land;false;mountain;5
7942;101;27;15;land;false;hills;5
7943;156;148;192;land;false;hills;5
7944;212;14;113;land;false;hills;5
7945;11;136;34;land;false;plains;2
7946;67;1;211;land;true;plains;2
7947;122;123;132;land;true;urban;2
7948;177;245;53;land;false;hills;6
7949;233;110;230;land;false;desert;6
7950;32;232;151;land;true;hills;5
7951;88;98;72;land;true;desert;5
7952;143;219;249;land;true;plains;5
7953;199;85;170;land;false;plains;5
7954;254;207;91;land;false;plains;5
7955;54;73;12;land;false;plains;5
7956;109;194;189;land;false;plains;5
7957;165;60;110;land;false;plains;5
7958;220;182;31;land;false;mountain;5
7959;20;47;208;land;false;mountain;5
7960;75;169;129;land;false;hills;5
7961;131;35;50;land;false;hills;5
7962;186;156;227;land;false;hills;5
7963;242;22;148;land;false;mountain;2
7964;41;144;69;land;false;hills;2
7965;97;9;246;land;true;plains;2
7966;152;131;167;land;false;desert;5
7967;207;253;88;land;false;plains;5
7968;7;119;9;land;false;plains;5
7969;62;240;186;land;false;hills;5
7970;118;106;107;land;false;hills;5
7971;173;228;28;land;false;mountain;5
7972;229;93;205;land;false;hills;5
7973;28;215;126;land;false;forest;5
7974;84;81;47;land;false;mountain;2
7975;139;202;224;land;false;desert;6
7976;195;68;145;land;false;desert;6
7977;250;190;66;land;false;desert;6
7978;50;55;243;land;false;hills;6
7979;105;177;164;land;false;desert;6
7980;161;43;85;land;false;urban;5
7981;216;165;6;land;false;plains;5
7982;16;30;183;land;false;urban;5
7983;71;152;104;land;false;hills;5
7984;127;18;25;land;false;mountain;5
7985;182;139;202;land;false;hills;5
7986;238;5;123;land;false;hills;2
7987;37;127;44;land;false;mountain;2
7988;92;248;221;land;false;plains;2
7989;148;114;142;land;false;desert;6
7990;203;236;63;land;false;desert;6
7991;3;101;240;land;false;desert;6
7992;58;223;161;land;false;desert;5
7993;114;89;82;land;true;plains;5
7994;169;211;3;land;false;plains;5
7995;225;76;180;land;false;urban;5
7996;24;198;101;land;false;hills;5
7997;80;64;22;land;false;hills;5
7998;135;185;199;land;false;hills;5
7999;191;51;120;land;true;plains;2
8000;246;173;41;land;false;mountain;2
8001;46;38;218;land;false;desert;6
8002;101;160;139;land;false;desert;5
8003;157;26;60;land;false;plains;5
8004;212;147;237;land;false;plains;5
8005;12;13;158;land;false;plains;5
8006;67;135;79;land;false;plains;5
8007;123;1;0;land;false;plains;5
8008;178;122;177;land;false;mountain;5
8009;233;244;98;land;false;forest;5
8010;33;110;19;land;false;mountain;2
8011;88;231;196;land;false;mountain;2
8012;144;97;117;land;false;desert;6
8013;199;219;38;land;false;desert;5
8014;255;84;215;land;false;desert;5
8015;54;206;136;land;false;plains;5
8016;110;72;57;land;false;plains;5
8017;165;193;234;land;false;plains;5
8018;221;59;155;land;false;plains;5
8019;20;181;76;land;false;hills;5
8020;76;46;253;land;false;mountain;5
8021;131;168;174;land;false;forest;5
8022;187;34;95;land;false;forest;5
8023;242;156;16;land;true;forest;5
8024;42;21;193;land;true;forest;5
8025;97;143;114;land;false;hills;6
8026;153;9;35;land;false;desert;6
8027;208;130;212;land;false;plains;5
8028;7;252;133;land;false;mountain;2
8029;63;118;54;land;false;mountain;2
8030;118;239;231;land;false;desert;6
8031;174;105;152;land;false;desert;6
8032;229;227;73;land;false;desert;6
8033;29;92;250;land;false;desert;6
8034;84;214;171;land;true;hills;5
8035;140;80;92;land;true;desert;5
8036;195;202;13;land;false;plains;5
8037;251;67;190;land;false;plains;5
8038;50;189;111;land;false;hills;5
8039;106;55;32;land;false;mountain;5
8040;161;176;209;land;false;hills;5
8041;217;42;130;land;false;hills;5
8042;16;164;51;land;false;hills;2
8043;72;29;228;land;false;plains;2
8044;127;151;149;land;true;plains;2
8045;183;17;70;land;false;hills;6
8046;238;138;247;land;false;desert;6
8047;38;4;168;land;false;plains;5
8048;93;126;89;land;false;plains;5
8049;148;248;10;land;false;plains;5
8050;204;113;187;land;false;plains;5
8051;3;235;108;land;false;plains;5
8052;59;101;29;land;false;mountain;5
8053;114;222;206;land;false;mountain;5
8054;170;88;127;land;false;hills;5
8055;225;210;48;land;false;forest;5
8056;25;75;225;land;true;desert;6
8057;80;197;146;land;false;desert;5
8058;136;63;67;land;false;desert;5
8059;191;184;244;land;true;desert;5
8060;247;50;165;land;false;plains;5
8061;46;172;86;land;false;hills;5
8062;102;38;7;land;false;hills;5
8063;157;159;184;land;false;hills;5
8064;213;25;105;land;false;plains;2
8065;12;147;26;land;false;desert;6
8066;68;12;203;land;false;hills;5
8067;123;134;124;land;false;desert;5
8068;179;0;45;land;false;plains;5
8069;234;121;222;land;false;plains;5
8070;33;243;143;land;false;plains;5
8071;89;109;64;land;false;hills;5
8072;144;230;241;land;false;urban;5
8073;200;96;162;land;false;hills;5
8074;255;218;83;land;false;hills;5
8075;55;84;4;land;true;plains;2
8076;110;205;181;land;true;plains;2
8077;166;71;102;land;false;desert;6
8078;221;193;23;land;false;desert;6
8079;21;58;200;land;true;desert;6
8080;76;180;121;land;true;urban;5
8081;132;46;42;land;true;urban;5
8082;187;167;219;land;false;plains;5
8083;243;33;140;land;false;plains;5
8084;42;155;61;land;false;plains;5
8085;98;20;238;land;false;plains;5
8086;153;142;159;land;false;plains;5
8087;209;8;80;land;false;plains;5
8088;8;130;1;land;false;hills;5
8089;63;251;178;land;false;mountain;5
8090;119;117;99;land;true;forest;5
8091;174;239;20;land;true;plains;2
8092;230;104;197;land;false;desert;5
8093;29;226;118;land;false;desert;5
8094;85;92;39;land;true;plains;5
8095;140;213;216;land;true;hills;5
8096;196;79;137;land;false;plains;5
8097;251;201;58;land;false;plains;5
8098;51;66;235;land;false;hills;5
8099;106;188;156;land;false;hills;5
8100;162;54;77;land;true;urban;5
8101;217;175;254;land;false;hills;2
8102;17;41;175;land;false;mountain;2
8103;72;163;96;land;false;desert;6
8104;128;29;17;land;false;hills;6
8105;183;150;194;land;false;desert;6
8106;239;16;115;land;false;desert;6
8107;38;138;36;land;false;desert;5
8108;94;3;213;land;false;urban;5
8109;149;125;134;land;false;desert;5
8110;204;247;55;land;false;plains;5
8111;4;112;232;land;false;plains;5
8112;59;234;153;land;false;plains;5
8113;115;100;74;land;false;plains;5
8114;170;221;251;land;false;plains;5
8115;226;87;172;land;false;plains;5
8116;25;209;93;land;false;forest;5
8117;81;75;14;land;false;mountain;2
8118;136;196;191;land;false;hills;2
8119;192;62;112;land;true;plains;2
8120;247;184;33;land;false;desert;6
8121;47;49;210;land;false;desert;5
8122;102;171;131;land;false;plains;5
8123;158;37;52;land;false;plains;5
8124;213;158;229;land;false;plains;5
8125;13;24;150;land;false;plains;5
8126;68;146;71;land;false;jungle;5
8127;124;11;248;land;false;hills;5
8128;179;133;169;land;false;hills;5
8129;234;255;90;land;false;hills;5
8130;34;121;11;land;false;mountain;2
8131;89;242;188;land;false;hills;2
8132;145;108;109;land;false;hills;2
8133;200;230;30;land;false;desert;6
8134;0;95;207;land;false;desert;6
8135;55;217;128;land;false;plains;5
8136;111;83;49;land;false;plains;5
8137;166;204;226;land;false;plains;5
8138;222;70;147;land;false;plains;5
8139;21;192;68;land;false;plains;5
8140;77;57;245;land;false;plains;5
8141;132;179;166;land;false;plains;5
8142;188;45;87;land;false;mountain;5
8143;243;167;8;land;false;mountain;5
8144;43;32;185;land;false;urban;5
8145;98;154;106;land;false;plains;5
8146;154;20;27;land;false;hills;5
8147;209;141;204;land;false;forest;5
8148;9;7;125;land;true;forest;5
8149;64;129;46;land;true;urban;5
8150;119;250;223;land;true;plains;2
8151;175;116;144;land;false;desert;6
8152;230;238;65;land;false;desert;6
8153;30;103;242;land;false;desert;6
8154;85;225;163;land;true;desert;5
8155;141;91;84;land;false;plains;5
8156;196;213;5;land;false;plains;5
8157;252;78;182;land;false;plains;5
8158;51;200;103;land;false;plains;5
8159;107;66;24;land;false;plains;5
8160;162;187;201;land;false;desert;6
8161;218;53;122;land;false;hills;6
8162;17;175;43;land;false;mountain;5
8163;73;40;220;land;true;hills;2
8164;128;162;141;land;false;desert;6
8165;184;28;62;land;false;desert;6
8166;239;149;239;land;false;desert;5
8167;39;15;160;land;false;desert;5
8168;94;137;81;land;false;plains;5
8169;150;3;2;land;false;plains;5
8170;205;124;179;land;false;mountain;5
8171;4;246;100;land;false;hills;5
8172;60;112;21;land;false;hills;5
8173;115;233;198;land;false;mountain;2
8174;171;99;119;land;false;hills;2
8175;226;221;40;land;false;desert;6
8176;26;86;217;land;false;desert;6
8177;81;208;138;land;false;desert;5
8178;137;74;59;land;false;hills;5
8179;192;195;236;land;false;hills;5
8180;248;61;157;land;false;forest;5
8181;47;183;78;land;true;mountain;5
8182;103;48;255;land;false;mountain;2
8183;158;170;176;land;true;plains;2
8184;214;36;97;land;false;desert;5
8185;13;158;18;land;false;desert;5
8186;69;23;195;land;false;plains;5
8187;124;145;116;land;false;plains;5
8188;180;11;37;land;false;plains;5
8189;235;132;214;land;false;plains;5
8190;34;254;135;land;false;plains;5
8191;90;120;56;land;false;plains;5
8192;145;241;233;land;false;mountain;5
8193;201;107;154;land;false;forest;5
8194;0;229;75;land;false;forest;5
8195;56;94;252;land;false;urban;5
8196;111;216;173;land;true;forest;5
8197;167;82;94;land;true;hills;5
8198;222;204;15;land;true;plains;5
8199;22;69;192;land;false;plains;5
8200;77;191;113;land;false;plains;5
8201;133;57;34;land;false;plains;5
8202;188;178;211;land;false;plains;5
8203;244;44;132;land;false;plains;5
8204;43;166;53;land;false;plains;5
8205;99;31;230;land;false;mountain;5
8206;154;153;151;land;false;hills;5
8207;210;19;72;land;false;hills;5
8208;9;140;249;land;false;forest;5
8209;65;6;170;land;true;mountain;5
8210;120;128;91;land;false;desert;6
8211;175;250;12;land;false;desert;6
8212;231;115;189;land;false;hills;5
8213;30;237;110;land;true;desert;5
8214;86;103;31;land;false;plains;5
8215;141;224;208;land;false;plains;5
8216;197;90;129;land;false;plains;5
8217;252;212;50;land;false;hills;5
8218;52;77;227;land;false;plains;5
8219;107;199;148;land;false;forest;5
8220;163;65;69;land;false;desert;6
8221;218;186;246;land;false;hills;6
8222;18;52;167;land;false;desert;6
8223;73;174;88;land;false;desert;5
8224;129;40;9;land;true;desert;5
8225;184;161;186;land;false;plains;5
8226;240;27;107;land;false;plains;5
8227;39;149;28;land;false;plains;5
8228;95;14;205;land;false;plains;5
8229;150;136;126;land;false;plains;5
8230;206;2;47;land;false;hills;5
8231;5;123;224;land;false;hills;5
8232;60;245;145;land;false;hills;5
8233;116;111;66;land;false;plains;5
8234;171;232;243;land;false;hills;2
8235;227;98;164;land;false;hills;2
8236;26;220;85;land;false;hills;2
8237;82;86;6;land;false;plains;2
8238;137;207;183;land;true;desert;6
8239;193;73;104;land;true;desert;6
8240;248;195;25;land;true;hills;6
8241;48;60;202;land;false;plains;5
8242;103;182;123;land;false;plains;5
8243;159;48;44;land;false;plains;5
8244;214;169;221;land;false;plains;5
8245;14;35;142;land;false;plains;5
8246;69;157;63;land;false;jungle;5
8247;125;22;240;land;false;jungle;5
8248;180;144;161;land;false;hills;5
8249;236;10;82;land;false;forest;5
8250;35;132;3;land;false;mountain;2
8251;90;253;180;land;false;mountain;2
8252;146;119;101;land;false;desert;6
8253;201;241;22;land;false;desert;6
8254;1;106;199;land;false;desert;6
8255;56;228;120;land;false;desert;5
8256;112;94;41;land;false;desert;5
8257;167;215;218;land;false;desert;5
8258;223;81;139;land;true;hills;5
8259;22;203;60;land;false;hills;5
8260;78;68;237;land;false;forest;5
8261;133;190;158;land;false;forest;5
8262;189;56;79;land;false;forest;5
8263;244;178;0;land;true;mountain;5
8264;44;43;177;land;true;hills;2
8265;99;165;98;land;true;mountain;2
8266;155;31;19;land;false;hills;6
8267;210;152;196;land;false;desert;6
8268;10;18;117;land;false;hills;5
8269;65;140;38;land;true;desert;5
8270;121;5;215;land;false;hills;5
8271;176;127;136;land;false;mountain;2
8272;231;249;57;land;false;desert;6
8273;31;114;234;land;false;desert;6
8274;86;236;155;land;false;desert;6
8275;142;102;76;land;false;plains;5
8276;197;223;253;land;false;plains;5
8277;253;89;174;land;false;plains;5
8278;52;211;95;land;false;plains;5
8279;108;77;16;land;false;plains;5
8280;163;198;193;land;false;plains;5
8281;219;64;114;land;false;desert;6
8282;18;186;35;land;false;desert;6
8283;74;51;212;land;true;plains;5
8284;129;173;133;land;false;plains;5
8285;185;39;54;land;false;urban;5
8286;240;160;231;land;false;jungle;5
8287;40;26;152;land;false;hills;2
8288;95;148;73;land;false;desert;6
8289;151;13;250;land;false;desert;5
8290;206;135;171;land;true;desert;5
8291;6;1;92;land;false;plains;5
8292;61;123;13;land;false;plains;5
8293;116;244;190;land;false;plains;5
8294;172;110;111;land;false;jungle;5
8295;227;232;32;land;false;hills;5
8296;27;97;209;land;false;hills;5
8297;82;219;130;land;false;plains;5
8298;138;85;51;land;true;plains;5
8299;193;206;228;land;false;hills;5
8300;249;72;149;land;false;desert;5
8301;48;194;70;land;false;desert;5
8302;104;59;247;land;false;plains;5
8303;159;181;168;land;false;plains;5
8304;215;47;89;land;false;plains;5
8305;14;169;10;land;false;plains;5
8306;70;34;187;land;false;plains;5
8307;125;156;108;land;false;plains;5
8308;181;22;29;land;false;plains;5
8309;236;143;206;land;false;plains;5
8310;36;9;127;land;false;hills;5
8311;91;131;48;land;false;mountain;5
8312;146;252;225;land;false;plains;5
8313;202;118;146;land;false;plains;5
8314;1;240;67;land;false;desert;6
8315;57;105;244;land;false;desert;6
8316;112;227;165;land;false;desert;5
8317;168;93;86;land;false;hills;5
8318;223;215;7;land;false;plains;5
8319;23;80;184;land;false;plains;5
8320;78;202;105;land;false;plains;5
8321;134;68;26;land;false;mountain;5
8322;189;189;203;land;false;hills;5
8323;245;55;124;land;false;hills;5
8324;44;177;45;land;false;hills;5
8325;100;42;222;land;false;plains;5
8326;155;164;143;land;false;plains;5
8327;211;30;64;land;false;plains;5
8328;10;151;241;land;true;hills;5
8329;66;17;162;land;false;mountain;5
8330;121;139;83;land;false;desert;6
8331;177;5;4;land;false;desert;6
8332;232;126;181;land;false;hills;6
8333;31;248;102;land;false;desert;5
8334;87;114;23;land;false;hills;5
8335;142;235;200;land;false;plains;5
8336;198;101;121;land;false;plains;5
8337;253;223;42;land;false;hills;5
8338;53;88;219;land;false;mountain;5
8339;108;210;140;land;false;plains;5
8340;164;76;61;land;true;plains;5
8341;219;197;238;land;false;mountain;2
8342;19;63;159;land;false;mountain;2
8343;74;185;80;land;true;hills;2
8344;130;51;1;land;false;hills;6
8345;185;172;178;land;false;desert;6
8346;241;38;99;land;false;desert;5
8347;40;160;20;land;false;plains;5
8348;96;25;197;land;false;plains;5
8349;151;147;118;land;false;mountain;5
8350;207;13;39;land;false;plains;5
8351;6;134;216;land;false;plains;5
8352;62;0;137;land;false;mountain;2
8353;117;122;58;land;false;plains;5
8354;172;243;235;land;false;plains;5
8355;228;109;156;land;false;plains;5
8356;27;231;77;land;false;plains;5
8357;83;96;254;land;false;plains;5
8358;138;218;175;land;false;mountain;5
8359;194;84;96;land;false;plains;5
8360;249;206;17;land;false;plains;5
8361;49;71;194;land;false;hills;5
8362;104;193;115;land;false;mountain;2
8363;160;59;36;land;false;mountain;2
8364;215;180;213;land;false;desert;6
8365;15;46;134;land;false;desert;6
8366;70;168;55;land;false;desert;6
8367;126;33;232;land;false;desert;5
8368;181;155;153;land;true;hills;5
8369;237;21;74;land;false;plains;5
8370;36;142;251;land;false;plains;5
8371;92;8;172;land;false;plains;5
8372;147;130;93;land;true;mountain;5
8373;202;252;14;land;false;desert;5
8374;2;117;191;land;false;desert;5
8375;57;239;112;land;true;plains;5
8376;113;105;33;land;false;plains;5
8377;168;226;210;land;false;jungle;5
8378;224;92;131;land;false;mountain;5
8379;23;214;52;land;false;hills;2
8380;79;79;229;land;false;desert;6
8381;134;201;150;land;true;mountain;5
8382;190;67;71;land;false;plains;5
8383;245;188;248;land;false;urban;5
8384;45;54;169;land;false;plains;5
8385;100;176;90;land;false;jungle;5
8386;156;42;11;land;false;hills;5
8387;211;163;188;land;false;hills;5
8388;11;29;109;land;false;plains;5
8389;66;151;30;land;false;plains;5
8390;122;16;207;land;true;mountain;2
8391;177;138;128;land;false;mountain;2
8392;233;4;49;land;false;hills;6
8393;32;125;226;land;false;desert;5
8394;87;247;147;land;false;plains;5
8395;143;113;68;land;false;plains;5
8396;198;234;245;land;false;jungle;5
8397;254;100;166;land;false;jungle;5
8398;53;222;87;land;false;jungle;5
8399;109;88;8;land;false;plains;5
8400;164;209;185;land;false;hills;5
8401;220;75;106;land;false;plains;5
8402;19;197;27;land;false;plains;5
8403;75;62;204;land;false;plains;5
8404;130;184;125;land;false;plains;5
8405;186;50;46;land;false;plains;5
8406;241;171;223;land;false;mountain;2
8407;41;37;144;land;false;hills;6
8408;96;159;65;land;false;desert;5
8409;152;24;242;land;false;desert;5
8410;207;146;163;land;false;mountain;5
8411;7;12;84;land;false;plains;5
8412;62;134;5;land;false;hills;5
8413;117;255;182;land;false;urban;5
8414;173;121;103;land;true;plains;5
8415;228;243;24;land;false;desert;6
8416;28;108;201;land;false;desert;6
8417;83;230;122;land;false;desert;6
8418;139;96;43;land;false;desert;6
8419;194;217;220;land;false;hills;5
8420;250;83;141;land;false;desert;5
8421;49;205;62;land;false;plains;5
8422;105;70;239;land;false;plains;5
8423;160;192;160;land;false;plains;5
8424;216;58;81;land;false;plains;5
8425;15;180;2;land;false;plains;5
8426;71;45;179;land;false;urban;5
8427;126;167;100;land;false;jungle;5
8428;182;33;21;land;false;plains;5
8429;237;154;198;land;false;mountain;5
8430;37;20;119;land;false;mountain;2
8431;92;142;40;land;false;desert;6
8432;148;7;217;land;false;desert;6
8433;203;129;138;land;false;desert;6
8434;2;251;59;land;false;hills;6
8435;58;116;236;land;false;desert;6
8436;113;238;157;land;true;desert;5
8437;169;104;78;land;false;desert;5
8438;224;225;255;land;false;plains;5
8439;24;91;176;land;false;plains;5
8440;79;213;97;land;false;plains;5
8441;135;79;18;land;false;hills;5
8442;190;200;195;land;false;plains;5
8443;246;66;116;land;false;plains;5
8444;45;188;37;land;false;urban;5
8445;101;53;214;land;true;mountain;5
8446;156;175;135;land;false;desert;6
8447;212;41;56;land;false;plains;5
8448;11;162;233;land;false;mountain;5
8449;67;28;154;land;false;hills;5
8450;122;150;75;land;false;urban;5
8451;178;15;252;land;true;plains;5
8452;233;137;173;land;false;plains;2
8453;33;3;94;land;true;plains;2
8454;88;125;15;land;false;hills;6
8455;143;246;192;land;true;plains;5
8456;199;112;113;land;false;plains;5
8457;254;234;34;land;false;plains;5
8458;54;99;211;land;false;hills;5
8459;109;221;132;land;false;hills;5
8460;165;87;53;land;false;plains;5
8461;220;208;230;land;false;plains;5
8462;20;74;151;land;false;plains;5
8463;75;196;72;land;false;plains;5
8464;131;61;249;land;false;plains;5
8465;186;183;170;land;true;plains;5
8466;242;49;91;land;true;plains;2
8467;41;171;12;land;true;plains;2
8468;97;36;189;land;true;plains;2
8469;152;158;110;land;false;desert;6
8470;208;24;31;land;false;hills;6
8471;7;145;208;land;false;desert;6
8472;63;11;129;land;false;desert;6
8473;118;133;50;land;true;hills;6
8474;173;254;227;land;false;desert;5
8475;229;120;148;land;false;urban;5
8476;28;242;69;land;false;urban;5
8477;84;107;246;land;false;plains;5
8478;139;229;167;land;false;plains;5
8479;195;95;88;land;false;plains;5
8480;250;217;9;land;false;plains;5
8481;50;82;186;land;false;jungle;5
8482;105;204;107;land;false;hills;2
8483;161;70;28;land;true;urban;2
8484;216;191;205;land;true;plains;2
8485;16;57;126;land;false;hills;6
8486;71;179;47;land;false;hills;5
8487;127;44;224;land;false;desert;5
8488;182;166;145;land;false;desert;5
8489;238;32;66;land;false;hills;5
8490;37;153;243;land;false;plains;5
8491;93;19;164;land;false;plains;5
8492;148;141;85;land;false;plains;5
8493;204;7;6;land;false;hills;5
8494;3;128;183;land;false;hills;5
8495;58;250;104;land;false;desert;6
8496;114;116;25;land;false;desert;6
8497;169;237;202;land;false;desert;6
8498;225;103;123;land;false;desert;5
8499;24;225;44;land;false;desert;5
8500;80;90;221;land;false;plains;5
8501;135;212;142;land;false;jungle;5
8502;191;78;63;land;false;jungle;5
8503;246;199;240;land;false;mountain;5
8504;46;65;161;land;true;mountain;2
8505;101;187;82;land;true;plains;2
8506;157;53;3;land;true;plains;2
8507;212;174;180;land;false;desert;6
8508;12;40;101;land;false;desert;6
8509;67;162;22;land;false;desert;5
8510;123;27;199;land;false;plains;5
8511;178;149;120;land;true;jungle;5
8512;234;15;41;land;false;hills;5
8513;33;136;218;land;false;plains;5
8514;89;2;139;land;false;plains;5
8515;144;124;60;land;true;plains;5
8516;199;245;237;land;false;mountain;2
8517;255;111;158;land;false;mountain;2
8518;54;233;79;land;false;mountain;2
8519;110;99;0;land;false;hills;2
8520;165;220;177;land;true;desert;6
8521;221;86;98;land;false;desert;6
8522;20;208;19;land;false;hills;6
8523;76;73;196;land;false;desert;6
8524;131;195;117;land;false;desert;5
8525;187;61;38;land;false;plains;5
8526;242;182;215;land;false;plains;5
8527;42;48;136;land;false;urban;5
8528;97;170;57;land;false;jungle;5
8529;153;35;234;land;false;hills;5
8530;208;157;155;land;false;plains;5
8531;8;23;76;land;false;plains;5
8532;63;144;253;land;false;plains;5
8533;119;10;174;land;false;hills;5
8534;174;132;95;land;false;plains;5
8535;229;254;16;land;false;desert;6
8536;29;119;193;land;false;desert;6
8537;84;241;114;land;true;hills;5
8538;140;107;35;land;false;plains;5
8539;195;228;212;land;false;plains;5
8540;251;94;133;land;false;jungle;5
8541;50;216;54;land;false;plains;5
8542;106;81;231;land;false;plains;5
8543;161;203;152;land;false;plains;5
8544;217;69;73;land;true;urban;5
8545;16;190;250;land;true;plains;2
8546;72;56;171;land;true;plains;2
8547;127;178;92;land;false;mountain;6
8548;183;44;13;land;false;desert;5
8549;238;165;190;land;true;plains;5
8550;38;31;111;land;false;plains;5
8551;93;153;32;land;false;plains;5
8552;149;18;209;land;false;hills;5
8553;204;140;130;land;false;hills;5
8554;4;6;51;land;false;hills;5
8555;59;127;228;land;false;hills;5
8556;114;249;149;land;false;desert;6
8557;170;115;70;land;true;plains;5
8558;225;236;247;land;false;urban;5
8559;25;102;168;land;false;plains;5
8560;80;224;89;land;false;plains;5
8561;136;90;10;land;false;plains;5
8562;191;211;187;land;false;plains;5
8563;247;77;108;land;false;plains;5
8564;46;199;29;land;false;hills;5
8565;102;64;206;land;false;hills;5
8566;157;186;127;land;false;mountain;5
8567;213;52;48;land;false;mountain;5
8568;12;173;225;land;false;plains;5
8569;68;39;146;land;false;hills;2
8570;123;161;67;land;false;desert;6
8571;179;26;244;land;false;desert;5
8572;234;148;165;land;false;plains;5
8573;34;14;86;land;false;plains;5
8574;89;136;7;land;false;hills;5
8575;145;1;184;land;false;plains;5
8576;200;123;105;land;true;urban;5
8577;255;245;26;land;false;plains;5
8578;55;110;203;land;false;plains;5
8579;110;232;124;land;false;plains;5
8580;166;98;45;land;false;plains;5
8581;221;219;222;land;false;plains;5
8582;21;85;143;land;false;mountain;2
8583;76;207;64;land;false;hills;5
8584;132;72;241;land;false;desert;5
8585;187;194;162;land;true;plains;5
8586;243;60;83;land;false;plains;5
8587;42;182;4;land;false;urban;5
8588;98;47;181;land;false;plains;2
8589;153;169;102;land;true;plains;2
8590;209;35;23;land;false;desert;5
8591;8;156;200;land;false;desert;5
8592;64;22;121;land;true;desert;5
8593;119;144;42;land;true;plains;5
8594;175;9;219;land;false;plains;5
8595;230;131;140;land;false;plains;5
8596;29;253;61;land;false;urban;5
8597;85;118;238;land;true;jungle;5
8598;140;240;159;land;false;plains;5
8599;196;106;80;land;false;plains;5
8600;251;228;1;land;false;plains;5
8601;51;93;178;land;false;mountain;2
8602;106;215;99;land;false;mountain;2
8603;162;81;20;land;false;desert;6
8604;217;202;197;land;false;desert;6
8605;17;68;118;land;true;desert;5
8606;72;190;39;land;false;plains;5
8607;128;55;216;land;false;hills;5
8608;183;177;137;land;false;plains;5
8609;239;43;58;land;false;plains;5
8610;38;164;235;land;true;urban;5
8611;94;30;156;land;false;mountain;2
8612;149;152;77;land;false;plains;2
8613;205;17;254;land;true;plains;2
8614;4;139;175;land;true;plains;2
8615;60;5;96;land;true;plains;2
8616;115;127;17;land;false;desert;6
8617;170;248;194;land;false;desert;5
8618;226;114;115;land;false;plains;5
8619;25;236;36;land;false;plains;5
8620;81;101;213;land;false;hills;5
8621;136;223;134;land;true;jungle;5
8622;192;89;55;land;false;plains;5
8623;247;210;232;land;false;desert;6
8624;47;76;153;land;false;hills;5
8625;102;198;74;land;true;plains;5
8626;158;63;251;land;false;plains;5
8627;213;185;172;land;false;plains;5
8628;13;51;93;land;true;jungle;5
8629;68;173;14;land;false;hills;5
8630;124;38;191;land;true;plains;5
8631;179;160;112;land;false;mountain;2
8632;235;26;33;land;false;hills;2
8633;34;147;210;land;false;hills;5
8634;90;13;131;land;false;hills;5
8635;145;135;52;land;false;desert;5
8636;201;0;229;land;false;plains;5
8637;0;122;150;land;true;plains;5
8638;55;244;71;land;true;marsh;5
8639;111;109;248;land;false;mountain;5
8640;166;231;169;land;false;plains;5
8641;222;97;90;land;true;hills;4
8642;21;219;11;land;false;desert;6
8643;77;84;188;land;false;desert;6
8644;132;206;109;land;false;desert;6
8645;188;72;30;land;false;desert;6
8646;243;193;207;land;true;plains;5
8647;43;59;128;land;false;plains;5
8648;98;181;49;land;false;hills;5
8649;154;46;226;land;true;plains;5
8650;209;168;147;land;false;plains;5
8651;9;34;68;land;false;hills;2
8652;64;155;245;land;false;plains;5
8653;120;21;166;land;false;plains;5
8654;175;143;87;land;true;plains;5
8655;231;9;8;land;false;hills;5
8656;30;130;185;land;false;plains;5
8657;85;252;106;land;true;plains;5
8658;141;118;27;land;true;plains;5
8659;196;239;204;land;true;hills;2
8660;252;105;125;land;false;desert;6
8661;51;227;46;land;false;desert;6
8662;107;92;223;land;false;desert;5
8663;162;214;144;land;false;plains;5
8664;218;80;65;land;false;plains;5
8665;17;201;242;land;false;plains;5
8666;73;67;163;land;false;hills;5
8667;128;189;84;land;true;plains;5
8668;184;55;5;land;true;plains;5
8669;239;176;182;land;true;plains;5
8670;39;42;103;land;true;plains;5
8671;94;164;24;land;false;mountain;2
8672;150;29;201;land;false;desert;6
8673;205;151;122;land;false;desert;6
8674;5;17;43;land;false;mountain;6
8675;60;138;220;land;false;desert;6
8676;116;4;141;land;false;plains;5
8677;171;126;62;land;true;plains;5
8678;226;247;239;land;false;hills;5
8679;26;113;160;land;false;mountain;5
8680;81;235;81;land;false;plains;5
8681;137;101;2;land;false;hills;2
8682;192;222;179;land;false;hills;2
8683;248;88;100;land;true;plains;2
8684;47;210;21;land;false;hills;6
8685;103;75;198;land;false;desert;6
8686;158;197;119;land;false;desert;6
8687;214;63;40;land;false;desert;6
8688;13;184;217;land;false;desert;6
8689;69;50;138;land;false;desert;5
8690;124;172;59;land;false;desert;5
8691;180;37;236;land;false;plains;5
8692;235;159;157;land;false;plains;5
8693;35;25;78;land;false;hills;5
8694;90;146;255;land;false;plains;5
8695;146;12;176;land;false;plains;5
8696;201;134;97;land;false;mountain;2
8697;1;0;18;land;true;plains;2
8698;56;121;195;land;false;desert;6
8699;111;243;116;land;false;desert;6
8700;167;109;37;land;true;hills;6
8701;222;230;214;land;false;desert;5
8702;22;96;135;land;true;plains;5
8703;77;218;56;land;false;plains;5
8704;133;83;233;land;false;hills;5
8705;188;205;154;land;false;hills;5
8706;244;71;75;land;false;mountain;2
8707;43;192;252;land;false;desert;6
8708;99;58;173;land;false;plains;6
8709;154;180;94;land;false;hills;5
8710;210;46;15;land;true;plains;5
8711;9;167;192;land;false;hills;5
8712;65;33;113;land;false;hills;5
8713;120;155;34;land;false;hills;5
8714;176;20;211;land;false;plains;5
8715;231;142;132;land;false;plains;2
8716;31;8;53;land;true;plains;2
8717;86;129;230;land;false;plains;5
8718;141;251;151;land;false;plains;5
8719;197;117;72;land;false;hills;5
8720;252;238;249;land;false;plains;5
8721;52;104;170;land;false;hills;5
8722;107;226;91;land;true;plains;4
8723;163;92;12;land;false;hills;2
8724;218;213;189;land;false;hills;2
8725;18;79;110;land;false;mountain;2
8726;73;201;31;land;false;desert;6
8727;129;66;208;land;true;plains;5
8728;184;188;129;land;false;plains;5
8729;240;54;50;land;false;hills;5
8730;39;175;227;land;false;hills;5
8731;95;41;148;land;false;mountain;2
8732;150;163;69;land;false;hills;2
8733;206;28;246;land;true;plains;2
8734;5;150;167;land;true;urban;5
8735;61;16;88;land;false;desert;5
8736;116;138;9;land;false;plains;5
8737;172;3;186;land;false;jungle;5
8738;227;125;107;land;false;plains;5
8739;26;247;28;land;true;hills;5
8740;82;112;205;land;false;mountain;2
8741;137;234;126;land;true;plains;2
8742;193;100;47;land;true;plains;2
8743;248;221;224;land;true;plains;2
8744;48;87;145;land;false;desert;6
8745;103;209;66;land;false;desert;6
8746;159;74;243;land;false;hills;5
8747;214;196;164;land;true;desert;5
8748;14;62;85;land;false;urban;5
8749;69;184;6;land;false;mountain;5
8750;125;49;183;land;false;mountain;5
8751;180;171;104;land;false;mountain;2
8752;236;37;25;land;false;mountain;2
8753;35;158;202;land;true;plains;2
8754;91;24;123;land;true;plains;2
8755;146;146;44;land;false;desert;6
8756;202;11;221;land;false;desert;6
8757;1;133;142;land;false;desert;6
8758;56;255;63;land;false;desert;6
8759;112;120;240;land;true;urban;5
8760;167;242;161;land;false;plains;5
8761;223;108;82;land;false;plains;5
8762;22;230;3;land;false;plains;5
8763;78;95;180;land;false;plains;5
8764;133;217;101;land;false;plains;5
8765;189;83;22;land;false;hills;5
8766;244;204;199;land;true;mountain;2
8767;44;70;120;land;true;plains;2
8768;99;192;41;land;false;desert;6
8769;155;57;218;land;false;desert;6
8770;210;179;139;land;false;desert;5
8771;10;45;60;land;false;plains;5
8772;65;166;237;land;false;plains;5
8773;121;32;158;land;false;hills;2
8774;176;154;79;land;false;urban;2
8775;232;20;0;land;false;hills;2
8776;31;141;177;land;false;desert;6
8777;87;7;98;land;false;desert;6
8778;142;129;19;land;false;plains;5
8779;197;250;196;land;false;plains;5
8780;253;116;117;land;false;plains;5
8781;52;238;38;land;false;plains;5
8782;108;103;215;land;true;urban;5
8783;163;225;136;land;false;hills;2
8784;219;91;57;land;false;mountain;2
8785;18;212;234;land;true;desert;6
8786;74;78;155;land;false;desert;6
8787;129;200;76;land;false;plains;5
8788;185;65;253;land;false;plains;5
8789;240;187;174;land;true;plains;5
8790;40;53;95;land;true;plains;5
8791;95;175;16;land;false;plains;5
8792;151;40;193;land;false;hills;5
8793;206;162;114;land;false;urban;5
8794;6;28;35;land;true;plains;5
8795;61;149;212;land;true;plains;2
8796;117;15;133;land;false;desert;5
8797;172;137;54;land;false;hills;5
8798;228;2;231;land;false;plains;5
8799;27;124;152;land;false;hills;2
8800;82;246;73;land;false;mountain;2
8801;138;111;250;land;false;mountain;2
8802;193;233;171;land;true;plains;2
8803;249;99;92;land;true;hills;5
8804;48;221;13;land;false;plains;5
8805;104;86;190;land;false;plains;5
8806;159;208;111;land;false;plains;5
8807;215;74;32;land;false;hills;5
8808;14;195;209;land;false;hills;5
8809;70;61;130;land;false;desert;6
8810;125;183;51;land;false;desert;6
8811;181;48;228;land;false;desert;6
8812;236;170;149;land;false;plains;5
8813;36;36;70;land;false;hills;5
8814;91;157;247;land;false;hills;5
8815;147;23;168;land;false;urban;2
8816;202;145;89;land;false;desert;6
8817;2;11;10;land;false;desert;5
8818;57;132;187;land;false;plains;5
8819;112;254;108;land;false;plains;5
8820;168;120;29;land;false;hills;5
8821;223;241;206;land;false;hills;5
8822;23;107;127;land;false;hills;5
8823;78;229;48;land;true;mountain;4
8824;134;94;225;land;false;hills;2
8825;189;216;146;land;false;hills;2
8826;245;82;67;land;false;mountain;2
8827;44;203;244;land;false;plains;2
8828;100;69;165;land;false;desert;6
8829;155;191;86;land;false;hills;6
8830;211;57;7;land;false;desert;6
8831;10;178;184;land;false;desert;5
8832;66;44;105;land;false;desert;5
8833;121;166;26;land;false;plains;5
8834;177;31;203;land;false;hills;5
8835;232;153;124;land;true;urban;5
8836;32;19;45;land;true;mountain;2
8837;87;140;222;land;false;hills;2
8838;143;6;143;land;false;plains;2
8839;198;128;64;land;false;desert;6
8840;253;249;241;land;false;mountain;6
8841;53;115;162;land;false;hills;5
8842;108;237;83;land;false;desert;5
8843;164;103;4;land;false;plains;5
8844;219;224;181;land;false;mountain;2
8845;19;90;102;land;true;plains;2
8846;74;212;23;land;false;desert;6
8847;130;77;200;land;false;desert;6
8848;185;199;121;land;false;desert;6
8849;241;65;42;land;false;desert;6
8850;40;186;219;land;true;mountain;5
8851;96;52;140;land;false;plains;5
8852;151;174;61;land;false;plains;5
8853;207;39;238;land;true;hills;5
8854;6;161;159;land;false;hills;5
8855;62;27;80;land;false;hills;2
8856;117;149;1;land;false;hills;2
8857;173;14;178;land;false;hills;2
8858;228;136;99;land;false;mountain;2
8859;28;2;20;land;true;hills;6
8860;83;123;197;land;false;desert;5
8861;138;245;118;land;false;plains;5
8862;194;111;39;land;false;plains;5
8863;249;232;216;land;false;hills;5
8864;49;98;137;land;false;desert;6
8865;104;220;58;land;false;desert;6
8866;160;85;235;land;true;mountain;5
8867;215;207;156;land;true;plains;5
8868;15;73;77;land;false;plains;5
8869;70;194;254;land;false;mountain;2
8870;126;60;175;land;true;plains;2
8871;181;182;96;land;true;plains;2
8872;237;48;17;land;true;hills;2
8873;36;169;194;land;false;plains;5
8874;92;35;115;land;true;plains;5
8875;147;157;36;land;false;plains;5
8876;203;22;213;land;false;hills;5
8877;2;144;134;land;true;jungle;5
8878;58;10;55;land;false;hills;2
8879;113;131;232;land;false;mountain;2
8880;168;253;153;land;false;desert;6
8881;224;119;74;land;false;plains;5
8882;23;240;251;land;false;plains;5
8883;79;106;172;land;true;plains;5
8884;134;228;93;land;false;hills;5
8885;190;94;14;land;false;hills;5
8886;245;215;191;land;false;hills;5
8887;45;81;112;land;false;mountain;2
8888;100;203;33;land;true;plains;2
8889;156;68;210;land;true;hills;2
8890;211;190;131;land;false;desert;6
8891;11;56;52;land;false;desert;6
8892;66;177;229;land;false;desert;6
8893;122;43;150;land;false;hills;5
8894;177;165;71;land;true;desert;5
8895;233;30;248;land;false;plains;5
8896;32;152;169;land;true;hills;2
8897;88;18;90;land;true;plains;2
8898;143;140;11;land;false;desert;6
8899;199;5;188;land;false;desert;6
8900;254;127;109;land;false;desert;6
8901;53;249;30;land;false;desert;5
8902;109;114;207;land;false;plains;5
8903;164;236;128;land;false;hills;5
8904;220;102;49;land;true;plains;5
8905;19;223;226;land;false;mountain;2
8906;75;89;147;land;false;mountain;2
8907;130;211;68;land;false;plains;2
8908;186;76;245;land;false;desert;6
8909;241;198;166;land;false;plains;5
8910;41;64;87;land;false;plains;5
8911;96;186;8;land;false;hills;5
8912;152;51;185;land;false;hills;5
8913;207;173;106;land;false;jungle;5
8914;7;39;27;land;false;hills;2
8915;62;160;204;land;false;desert;5
8916;118;26;125;land;false;plains;5
8917;173;148;46;land;false;plains;5
8918;229;13;223;land;false;hills;5
8919;28;135;144;land;false;mountain;2
8920;84;1;65;land;false;hills;2
8921;139;122;242;land;true;desert;6
8922;194;244;163;land;false;desert;6
8923;250;110;84;land;false;desert;6
8924;49;232;5;land;false;plains;5
8925;105;97;182;land;false;plains;5
8926;160;219;103;land;true;mountain;4
8927;216;85;24;land;false;mountain;2
8928;15;206;201;land;false;mountain;2
8929;71;72;122;land;false;mountain;2
8930;126;194;43;land;false;mountain;2
8931;182;59;220;land;false;desert;6
8932;237;181;141;land;false;plains;6
8933;37;47;62;land;false;desert;5
8934;92;168;239;land;false;plains;5
8935;148;34;160;land;false;hills;5
8936;203;156;81;land;false;desert;6
8937;3;22;2;land;false;desert;6
8938;58;143;179;land;false;desert;6
8939;114;9;100;land;false;plains;5
8940;169;131;21;land;false;plains;5
8941;224;252;198;land;false;hills;5
8942;24;118;119;land;true;urban;5
8943;79;240;40;land;false;mountain;2
8944;135;105;217;land;false;plains;2
8945;190;227;138;land;true;hills;2
8946;246;93;59;land;false;desert;6
8947;45;214;236;land;false;hills;6
8948;101;80;157;land;true;urban;5
8949;156;202;78;land;false;hills;5
8950;212;67;255;land;false;plains;5
8951;11;189;176;land;false;hills;5
8952;67;55;97;land;true;jungle;5
8953;122;177;18;land;false;mountain;2
8954;178;42;195;land;false;desert;6
8955;233;164;116;land;false;desert;6
8956;33;30;37;land;false;desert;6
8957;88;151;214;land;false;desert;6
8958;144;17;135;land;false;plains;5
8959;199;139;56;land;false;hills;5
8960;255;4;233;land;true;plains;5
8961;54;126;154;land;false;hills;5
8962;109;248;75;land;false;mountain;2
8963;165;113;252;land;false;mountain;2
8964;220;235;173;land;false;plains;2
8965;20;101;94;land;false;desert;6
8966;75;223;15;land;false;hills;6
8967;131;88;192;land;false;desert;6
8968;186;210;113;land;false;hills;5
8969;242;76;34;land;false;hills;5
8970;41;197;211;land;false;hills;5
8971;97;63;132;land;false;hills;5
8972;152;185;53;land;true;plains;5
8973;208;50;230;land;false;mountain;2
8974;7;172;151;land;false;mountain;2
8975;63;38;72;land;true;hills;2
8976;118;159;249;land;true;hills;2
8977;174;25;170;land;true;urban;2
8978;229;147;91;land;false;desert;6
8979;29;13;12;land;false;desert;6
8980;84;134;189;land;false;hills;5
8981;140;0;110;land;false;plains;5
8982;195;122;31;land;false;hills;5
8983;250;243;208;land;false;plains;5
8984;50;109;129;land;false;hills;5
8985;105;231;50;land;true;mountain;2
8986;161;96;227;land;false;mountain;2
8987;216;218;148;land;false;desert;5
8988;16;84;69;land;false;plains;5
8989;71;205;246;land;false;plains;5
8990;127;71;167;land;true;hills;5
8991;182;193;88;land;false;hills;5
8992;238;59;9;land;false;mountain;2
8993;37;180;186;land;true;hills;2
8994;93;46;107;land;true;plains;2
8995;148;168;28;land;false;plains;5
8996;204;33;205;land;false;hills;5
8997;3;155;126;land;false;mountain;2
8998;59;21;47;land;false;desert;6
8999;114;142;224;land;false;desert;6
9000;170;8;145;land;true;hills;5
9001;225;130;66;land;false;plains;5
9002;24;251;243;land;false;plains;5
9003;80;117;164;land;true;hills;5
9004;135;239;85;land;false;mountain;2
9005;191;105;6;land;false;mountain;2
9006;246;226;183;land;false;desert;6
9007;46;92;104;land;false;desert;6
9008;101;214;25;land;false;desert;6
9009;157;79;202;land;false;plains;5
9010;212;201;123;land;true;mountain;2
9011;12;67;44;land;false;mountain;2
9012;67;188;221;land;false;urban;2
9013;123;54;142;land;false;mountain;2
9014;178;176;63;land;true;plains;2
9015;234;41;240;land;false;desert;6
9016;33;163;161;land;false;desert;6
9017;89;29;82;land;false;hills;5
9018;144;151;3;land;false;plains;5
9019;200;16;180;land;false;hills;5
9020;255;138;101;land;false;hills;5
9021;55;4;22;land;false;plains;2
9022;110;125;199;land;false;mountain;5
9023;165;247;120;land;false;desert;5
9024;221;113;41;land;false;plains;5
9025;20;234;218;land;false;plains;5
9026;76;100;139;land;false;hills;2
9027;131;222;60;land;false;desert;6
9028;187;87;237;land;false;desert;6
9029;242;209;158;land;false;hills;5
9030;42;75;79;land;true;desert;5
9031;97;197;0;land;false;plains;5
9032;153;62;177;land;false;plains;5
9033;208;184;98;land;false;plains;5
9034;8;50;19;land;false;plains;5
9035;63;171;196;land;false;hills;5
9036;119;37;117;land;false;plains;2
9037;174;159;38;land;false;hills;2
9038;230;24;215;land;true;plains;2
9039;29;146;136;land;false;desert;6
9040;85;12;57;land;false;desert;6
9041;140;133;234;land;false;desert;6
9042;195;255;155;land;true;hills;6
9043;251;121;76;land;false;desert;5
9044;50;242;253;land;false;plains;5
9045;106;108;174;land;false;hills;5
9046;161;230;95;land;true;jungle;5
9047;217;96;16;land;false;plains;2
9048;16;217;193;land;false;desert;6
9049;72;83;114;land;false;desert;5
9050;127;205;35;land;false;desert;5
9051;183;70;212;land;false;plains;5
9052;238;192;133;land;false;plains;5
9053;38;58;54;land;false;hills;5
9054;93;179;231;land;true;hills;5
9055;149;45;152;land;false;mountain;2
9056;204;167;73;land;false;urban;2
9057;4;32;250;land;true;plains;2
9058;59;154;171;land;false;mountain;2
9059;115;20;92;land;false;desert;6
9060;170;142;13;land;false;desert;6
9061;226;7;190;land;false;plains;5
9062;25;129;111;land;false;mountain;2
9063;80;251;32;land;false;mountain;2
9064;136;116;209;land;false;mountain;2
9065;191;238;130;land;true;plains;2
9066;247;104;51;land;false;mountain;2
9067;46;225;228;land;false;desert;6
9068;102;91;149;land;false;desert;6
9069;157;213;70;land;true;urban;5
9070;213;78;247;land;false;hills;5
9071;12;200;168;land;true;mountain;2
9072;68;66;89;land;false;mountain;2
9073;123;188;10;land;false;plains;6
9074;179;53;187;land;false;mountain;5
9075;234;175;108;land;false;hills;5
9076;34;41;29;land;false;plains;5
9077;89;162;206;land;false;plains;5
9078;145;28;127;land;false;plains;5
9079;200;150;48;land;false;plains;5
9080;0;15;225;land;false;hills;5
9081;55;137;146;land;false;hills;5
9082;111;3;67;land;false;hills;2
9083;166;124;244;land;false;mountain;2
9084;221;246;165;land;true;plains;2
9085;21;112;86;land;false;desert;6
9086;76;234;7;land;false;desert;6
9087;132;99;184;land;false;desert;5
9088;187;221;105;land;false;plains;5
9089;243;87;26;land;false;plains;5
9090;42;208;203;land;true;plains;5
9091;98;74;124;land;true;hills;5
9092;153;196;45;land;false;plains;5
9093;209;61;222;land;false;hills;5
9094;8;183;143;land;false;hills;5
9095;64;49;64;land;false;hills;2
9096;119;170;241;land;false;hills;2
9097;175;36;162;land;true;plains;2
9098;230;158;83;land;false;desert;6
9099;30;24;4;land;false;desert;6
9100;85;145;181;land;false;hills;6
9101;141;11;102;land;false;desert;6
9102;196;133;23;land;false;desert;5
9103;251;254;200;land;true;hills;5
9104;51;120;121;land;true;plains;2
9105;106;242;42;land;true;hills;2
9106;162;107;219;land;true;desert;6
9107;217;229;140;land;false;desert;5
9108;17;95;61;land;false;plains;5
9109;72;216;238;land;false;hills;5
9110;128;82;159;land;false;plains;2
9111;183;204;80;land;false;mountain;2
9112;239;70;1;land;true;hills;2
9113;38;191;178;land;false;plains;2
9114;94;57;99;land;true;urban;2
9115;149;179;20;land;false;mountain;2
9116;205;44;197;land;false;desert;6
9117;4;166;118;land;false;hills;5
9118;60;32;39;land;true;mountain;2
9119;115;153;216;land;false;hills;2
9120;171;19;137;land;false;plains;2
9121;226;141;58;land;true;urban;2
9122;26;6;235;land;false;desert;6
9123;81;128;156;land;false;plains;5
9124;136;250;77;land;false;plains;5
9125;192;115;254;land;false;desert;6
9126;247;237;175;land;false;desert;6
9127;47;103;96;land;false;desert;6
9128;102;225;17;land;false;desert;6
9129;158;90;194;land;true;mountain;6
9130;213;212;115;land;false;mountain;5
9131;13;78;36;land;true;hills;5
9132;68;199;213;land;false;plains;5
9133;124;65;134;land;false;hills;5
9134;179;187;55;land;false;plains;5
9135;235;52;232;land;false;plains;5
9136;34;174;153;land;false;jungle;5
9137;90;40;74;land;true;hills;5
9138;145;161;251;land;false;hills;2
9139;201;27;172;land;false;mountain;2
9140;0;149;93;land;true;hills;2
9141;56;15;14;land;false;plains;2
9142;111;136;191;land;true;hills;2
9143;167;2;112;land;false;desert;6
9144;222;124;33;land;false;desert;5
9145;21;245;210;land;false;plains;5
9146;77;111;131;land;false;plains;5
9147;132;233;52;land;false;hills;5
9148;188;98;229;land;false;jungle;5
9149;243;220;150;land;false;hills;2
9150;43;86;71;land;false;hills;2
9151;98;207;248;land;true;plains;2
9152;154;73;169;land;false;plains;2
9153;209;195;90;land;false;desert;6
9154;9;61;11;land;false;desert;6
9155;64;182;188;land;false;desert;6
9156;120;48;109;land;false;desert;6
9157;175;170;30;land;true;hills;5
9158;231;35;207;land;true;mountain;2
9159;30;157;128;land;false;hills;2
9160;86;23;49;land;false;hills;2
9161;141;144;226;land;true;hills;2
9162;197;10;147;land;true;urban;2
9163;252;132;68;land;false;desert;6
9164;51;253;245;land;false;desert;6
9165;107;119;166;land;false;desert;6
9166;162;241;87;land;false;desert;6
9167;218;107;8;land;false;desert;6
9168;17;228;185;land;false;hills;5
9169;73;94;106;land;false;urban;5
9170;128;216;27;land;false;plains;5
9171;184;81;204;land;false;urban;5
9172;239;203;125;land;true;hills;5
9173;39;69;46;land;false;mountain;2
9174;94;190;223;land;false;plains;6
9175;150;56;144;land;false;plains;5
9176;205;178;65;land;false;plains;5
9177;5;43;242;land;false;plains;5
9178;60;165;163;land;false;hills;2
9179;116;31;84;land;true;plains;2
9180;171;153;5;land;false;plains;2
9181;227;18;182;land;true;hills;2
9182;26;140;103;land;true;desert;6
9183;82;6;24;land;false;desert;6
9184;137;127;201;land;false;desert;6
9185;192;249;122;land;false;desert;5
9186;248;115;43;land;false;plains;5
9187;47;236;220;land;true;urban;5
9188;103;102;141;land;false;plains;5
9189;158;224;62;land;false;hills;5
9190;214;89;239;land;false;jungle;5
9191;13;211;160;land;true;mountain;2
9192;69;77;81;land;true;plains;2
9193;124;199;2;land;false;plains;5
9194;180;64;179;land;false;hills;5
9195;235;186;100;land;true;desert;6
9196;35;52;21;land;false;plains;6
9197;90;173;198;land;false;hills;6
9198;146;39;119;land;false;desert;6
9199;201;161;40;land;true;hills;5
9200;1;26;217;land;false;desert;5
9201;56;148;138;land;false;plains;5
9202;112;14;59;land;false;plains;5
9203;167;135;236;land;false;hills;5
9204;223;1;157;land;false;plains;5
9205;22;123;78;land;false;jungle;5
9206;77;244;255;land;false;hills;2
9207;133;110;176;land;true;plains;2
9208;188;232;97;land;false;desert;6
9209;244;98;18;land;false;desert;6
9210;43;219;195;land;false;desert;6
9211;99;85;116;land;false;plains;6
9212;154;207;37;land;true;hills;5
9213;210;72;214;land;false;plains;5
9214;9;194;135;land;false;plains;5
9215;65;60;56;land;true;hills;5
9216;120;181;233;land;false;hills;5
9217;176;47;154;land;false;jungle;5
9218;231;169;75;land;false;mountain;2
9219;31;34;252;land;false;mountain;2
9220;86;156;173;land;false;mountain;2
9221;142;22;94;land;false;plains;2
9222;197;144;15;land;true;plains;2
9223;253;9;192;land;false;hills;6
9224;52;131;113;land;true;hills;5
9225;107;253;34;land;false;hills;5
9226;163;118;211;land;false;plains;2
9227;218;240;132;land;false;desert;6
9228;18;106;53;land;false;hills;5
9229;73;227;230;land;false;hills;5
9230;129;93;151;land;false;jungle;5
9231;184;215;72;land;false;mountain;2
9232;240;80;249;land;false;mountain;2
9233;39;202;170;land;false;desert;6
9234;95;68;91;land;false;desert;6
9235;150;190;12;land;false;hills;6
9236;206;55;189;land;true;mountain;6
9237;5;177;110;land;true;hills;5
9238;61;43;31;land;false;plains;5
9239;116;164;208;land;true;hills;5
9240;172;30;129;land;false;mountain;2
9241;227;152;50;land;false;hills;2
9242;27;17;227;land;false;plains;2
9243;82;139;148;land;false;desert;6
9244;138;5;69;land;false;desert;6
9245;193;126;246;land;false;plains;5
9246;248;248;167;land;false;plains;5
9247;48;114;88;land;true;hills;5
9248;103;236;9;land;false;hills;5
9249;159;101;186;land;true;mountain;2
9250;214;223;107;land;false;hills;2
9251;14;89;28;land;false;desert;6
9252;69;210;205;land;false;plains;6
9253;125;76;126;land;false;plains;6
9254;180;198;47;land;false;desert;6
9255;236;63;224;land;false;desert;6
9256;35;185;145;land;false;desert;6
9257;91;51;66;land;false;hills;5
9258;146;172;243;land;false;plains;5
9259;202;38;164;land;false;hills;5
9260;1;160;85;land;false;mountain;2
9261;57;26;6;land;false;plains;2
9262;112;147;183;land;false;plains;2
9263;168;13;104;land;false;plains;2
9264;223;135;25;land;false;plains;5
9265;23;0;202;land;false;urban;5
9266;78;122;123;land;false;plains;5
9267;133;244;44;land;false;jungle;5
9268;189;109;221;land;true;mountain;5
9269;244;231;142;land;false;mountain;2
9270;44;97;63;land;false;desert;6
9271;99;218;240;land;true;mountain;5
9272;155;84;161;land;false;plains;5
9273;210;206;82;land;false;plains;5
9274;10;72;3;land;false;jungle;5
9275;65;193;180;land;false;jungle;5
9276;121;59;101;land;false;plains;6
9277;176;181;22;land;false;desert;6
9278;232;46;199;land;false;desert;6
9279;31;168;120;land;false;desert;6
9280;87;34;41;land;false;plains;5
9281;142;155;218;land;true;plains;5
9282;198;21;139;land;true;plains;5
9283;253;143;60;land;true;plains;5
9284;53;8;237;land;false;hills;5
9285;108;130;158;land;false;hills;5
9286;163;252;79;land;false;mountain;2
9287;219;118;0;land;false;hills;2
9288;18;239;177;land;true;hills;5
9289;74;105;98;land;true;mountain;2
9290;129;227;19;land;false;mountain;2
9291;185;92;196;land;true;plains;2
9292;240;214;117;land;false;desert;6
9293;40;80;38;land;false;desert;6
9294;95;201;215;land;false;plains;5
9295;151;67;136;land;false;plains;5
9296;206;189;57;land;false;hills;5
9297;6;54;234;land;false;desert;6
9298;61;176;155;land;false;plains;6
9299;117;42;76;land;false;desert;6
9300;172;163;253;land;false;desert;6
9301;228;29;174;land;false;desert;6
9302;27;151;95;land;false;hills;6
9303;83;17;16;land;false;mountain;5
9304;138;138;193;land;true;hills;5
9305;194;4;114;land;false;plains;5
9306;249;126;35;land;false;jungle;5
9307;48;247;212;land;true;mountain;2
9308;104;113;133;land;true;desert;6
9309;159;235;54;land;false;desert;6
9310;215;100;231;land;false;desert;6
9311;14;222;152;land;false;plains;6
9312;70;88;73;land;false;mountain;5
9313;125;209;250;land;false;hills;5
9314;181;75;171;land;false;plains;5
9315;236;197;92;land;false;plains;5
9316;36;63;13;land;false;mountain;5
9317;91;184;190;land;true;hills;5
9318;147;50;111;land;true;mountain;2
9319;202;172;32;land;true;hills;2
9320;2;37;209;land;true;plains;2
9321;57;159;130;land;false;desert;6
9322;113;25;51;land;false;plains;5
9323;168;146;228;land;false;plains;5
9324;224;12;149;land;true;mountain;2
9325;23;134;70;land;false;desert;6
9326;78;255;247;land;false;plains;5
9327;134;121;168;land;false;plains;5
9328;189;243;89;land;false;hills;5
9329;245;109;10;land;false;mountain;2
9330;44;230;187;land;false;plains;6
9331;100;96;108;land;false;plains;6
9332;155;218;29;land;false;desert;5
9333;211;83;206;land;false;plains;5
9334;10;205;127;land;false;hills;5
9335;66;71;48;land;false;mountain;2
9336;121;192;225;land;false;mountain;2
9337;177;58;146;land;false;plains;2
9338;232;180;67;land;true;hills;2
9339;32;45;244;land;false;plains;6
9340;87;167;165;land;false;plains;6
9341;143;33;86;land;false;plains;5
9342;198;155;7;land;false;jungle;5
9343;254;20;184;land;true;hills;5
9344;53;142;105;land;true;mountain;2
9345;109;8;26;land;true;hills;2
9346;164;129;203;land;false;plains;6
9347;219;251;124;land;true;hills;5
9348;19;117;45;land;false;plains;5
9349;74;238;222;land;false;plains;5
9350;130;104;143;land;true;plains;5
9351;185;226;64;land;true;urban;5
9352;241;91;241;land;false;jungle;5
9353;40;213;162;land;false;hills;6
9354;96;79;83;land;false;plains;6
9355;151;201;4;land;false;hills;6
9356;207;66;181;land;false;hills;5
9357;6;188;102;land;false;urban;5
9358;62;54;23;land;true;plains;5
9359;117;175;200;land;false;jungle;5
9360;173;41;121;land;false;jungle;5
9361;228;163;42;land;false;desert;6
9362;28;28;219;land;false;desert;6
9363;83;150;140;land;false;desert;6
9364;139;16;61;land;false;hills;5
9365;194;137;238;land;false;hills;5
9366;250;3;159;land;false;jungle;5
9367;49;125;80;land;false;mountain;2
9368;104;247;1;land;false;hills;2
9369;160;112;178;land;false;plains;2
9370;215;234;99;land;false;plains;6
9371;15;100;20;land;false;plains;6
9372;70;221;197;land;false;plains;6
9373;126;87;118;land;false;desert;6
9374;181;209;39;land;false;desert;6
9375;237;74;216;land;false;desert;6
9376;36;196;137;land;false;hills;5
9377;92;62;58;land;false;plains;5
9378;147;183;235;land;true;mountain;5
9379;203;49;156;land;true;mountain;2
9380;2;171;77;land;false;plains;6
9381;58;36;254;land;false;desert;6
9382;113;158;175;land;true;mountain;6
9383;169;24;96;land;true;hills;5
9384;224;146;17;land;false;jungle;5
9385;24;11;194;land;false;desert;6
9386;79;133;115;land;true;plains;5
9387;134;255;36;land;false;jungle;5
9388;190;120;213;land;false;hills;2
9389;245;242;134;land;true;hills;5
9390;45;108;55;land;false;plains;5
9391;100;229;232;land;false;plains;5
9392;156;95;153;land;true;plains;5
9393;211;217;74;land;true;hills;5
9394;11;82;251;land;true;hills;2
9395;66;204;172;land;true;hills;2
9396;122;70;93;land;false;desert;6
9397;177;192;14;land;false;desert;6
9398;233;57;191;land;false;plains;6
9399;32;179;112;land;false;desert;6
9400;88;45;33;land;false;desert;6
9401;143;166;210;land;true;mountain;5
9402;199;32;131;land;false;mountain;5
9403;254;154;52;land;false;desert;5
9404;54;19;229;land;false;plains;5
9405;109;141;150;land;false;plains;5
9406;165;7;71;land;false;mountain;2
9407;220;128;248;land;false;plains;6
9408;19;250;169;land;false;plains;6
9409;75;116;90;land;false;desert;6
9410;130;238;11;land;false;desert;6
9411;186;103;188;land;false;desert;6
9412;241;225;109;land;false;desert;6
9413;41;91;30;land;false;plains;5
9414;96;212;207;land;true;plains;5
9415;152;78;128;land;false;hills;5
9416;207;200;49;land;false;jungle;5
9417;7;65;226;land;false;hills;5
9418;62;187;147;land;false;jungle;5
9419;118;53;68;land;true;hills;5
9420;173;174;245;land;true;hills;5
9421;229;40;166;land;true;mountain;2
9422;28;162;87;land;false;plains;2
9423;84;28;8;land;true;plains;1
9424;139;149;185;land;true;desert;6
9425;195;15;106;land;false;plains;6
9426;250;137;27;land;false;desert;6
9427;50;2;204;land;false;desert;6
9428;105;124;125;land;false;desert;6
9429;160;246;46;land;false;mountain;6
9430;216;111;223;land;false;hills;5
9431;15;233;144;land;false;plains;5
9432;71;99;65;land;false;plains;6
9433;126;220;242;land;false;desert;6
9434;182;86;163;land;false;plains;5
9435;237;208;84;land;false;hills;5
9436;37;74;5;land;false;jungle;5
9437;92;195;182;land;false;jungle;5
9438;148;61;103;land;false;desert;6
9439;203;183;24;land;false;desert;6
9440;3;48;201;land;true;plains;5
9441;58;170;122;land;false;jungle;5
9442;114;36;43;land;false;jungle;5
9443;169;157;220;land;false;hills;5
9444;225;23;141;land;true;plains;5
9445;24;145;62;land;true;mountain;2
9446;80;10;239;land;false;plains;6
9447;135;132;160;land;false;desert;6
9448;190;254;81;land;false;desert;6
9449;246;120;2;land;false;desert;6
9450;45;241;179;land;false;hills;6
9451;101;107;100;land;false;plains;5
9452;156;229;21;land;true;plains;5
9453;212;94;198;land;false;hills;5
9454;11;216;119;land;false;jungle;5
9455;67;82;40;land;false;jungle;5
9456;122;203;217;land;false;desert;6
9457;178;69;138;land;false;plains;5
9458;233;191;59;land;true;plains;5
9459;33;56;236;land;true;hills;5
9460;88;178;157;land;true;mountain;2
9461;144;44;78;land;false;desert;6
9462;199;165;255;land;false;desert;6
9463;255;31;176;land;false;desert;5
9464;54;153;97;land;false;plains;5
9465;110;19;18;land;false;jungle;5
9466;165;140;195;land;false;mountain;2
9467;221;6;116;land;false;mountain;2
9468;20;128;37;land;false;hills;2
9469;75;249;214;land;false;plains;6
9470;131;115;135;land;false;plains;6
9471;186;237;56;land;false;plains;6
9472;242;102;233;land;true;plains;6
9473;41;224;154;land;false;mountain;5
9474;97;90;75;land;false;hills;5
9475;152;211;252;land;false;hills;5
9476;208;77;173;land;false;hills;2
9477;7;199;94;land;true;hills;2
9478;63;65;15;land;true;desert;6
9479;118;186;192;land;false;hills;6
9480;174;52;113;land;false;urban;6
9481;229;174;34;land;false;desert;6
9482;29;39;211;land;false;plains;6
9483;84;161;132;land;true;hills;6
9484;140;27;53;land;false;hills;5
9485;195;148;230;land;false;plains;5
9486;251;14;151;land;false;plains;5
9487;50;136;72;land;false;hills;5
9488;106;1;249;land;true;hills;5
9489;161;123;170;land;true;hills;2
9490;216;245;91;land;true;hills;2
9491;16;111;12;land;true;plains;2
9492;71;232;189;land;false;desert;6
9493;127;98;110;land;true;mountain;5
9494;182;220;31;land;false;plains;5
9495;238;85;208;land;false;plains;5
9496;37;207;129;land;false;hills;2
9497;93;73;50;land;false;plains;6
9498;148;194;227;land;false;plains;5
9499;204;60;148;land;false;jungle;5
9500;3;182;69;land;true;hills;5
9501;59;47;246;land;true;hills;5
9502;114;169;167;land;true;hills;2
9503;170;35;88;land;true;hills;2
9504;225;157;9;land;false;plains;6
9505;25;22;186;land;false;plains;6
9506;80;144;107;land;false;hills;6
9507;136;10;28;land;false;plains;6
9508;191;131;205;land;false;desert;6
9509;246;253;126;land;true;hills;5
9510;46;119;47;land;true;hills;5
9511;101;240;224;land;false;plains;5
9512;157;106;145;land;false;plains;5
9513;212;228;66;land;true;plains;5
9514;12;93;243;land;true;hills;5
9515;67;215;164;land;false;jungle;5
9516;123;81;85;land;false;jungle;5
9517;178;203;6;land;false;jungle;5
9518;234;68;183;land;false;jungle;5
9519;33;190;104;land;false;hills;5
9520;89;56;25;land;false;desert;6
9521;144;177;202;land;false;desert;6
9522;200;43;123;land;false;desert;6
9523;255;165;44;land;false;plains;6
9524;55;30;221;land;false;mountain;6
9525;110;152;142;land;false;hills;5
9526;166;18;63;land;false;jungle;5
9527;221;139;240;land;true;hills;2
9528;21;5;161;land;true;plains;2
9529;76;127;82;land;true;plains;2
9530;131;249;3;land;false;plains;6
9531;187;114;180;land;false;desert;6
9532;242;236;101;land;false;mountain;5
9533;42;102;22;land;false;hills;5
9534;97;223;199;land;false;hills;5
9535;153;89;120;land;false;jungle;5
9536;208;211;41;land;false;jungle;5
9537;8;76;218;land;false;mountain;2
9538;63;198;139;land;false;plains;6
9539;119;64;60;land;false;desert;6
9540;174;185;237;land;true;mountain;2
9541;230;51;158;land;false;plains;6
9542;29;173;79;land;false;plains;6
9543;85;39;0;land;false;plains;6
9544;140;160;177;land;false;plains;6
9545;196;26;98;land;false;plains;6
9546;251;148;19;land;false;mountain;6
9547;51;13;196;land;false;mountain;5
9548;106;135;117;land;false;hills;5
9549;162;1;38;land;false;mountain;2
9550;217;122;215;land;false;mountain;2
9551;16;244;136;land;false;hills;2
9552;72;110;57;land;true;desert;6
9553;127;231;234;land;false;plains;6
9554;183;97;155;land;false;plains;6
9555;238;219;76;land;false;plains;6
9556;38;84;253;land;false;plains;6
9557;93;206;174;land;false;plains;6
9558;149;72;95;land;false;plains;6
9559;204;194;16;land;false;hills;5
9560;4;59;193;land;false;plains;5
9561;59;181;114;land;false;plains;5
9562;115;47;35;land;false;plains;5
9563;170;168;212;land;false;jungle;5
9564;226;34;133;land;false;jungle;5
9565;25;156;54;land;true;hills;5
9566;81;21;231;land;true;mountain;2
9567;136;143;152;land;true;plains;6
9568;192;9;73;land;false;plains;6
9569;247;130;250;land;false;plains;6
9570;46;252;171;land;false;plains;6
9571;102;118;92;land;false;plains;6
9572;157;240;13;land;true;hills;6
9573;213;105;190;land;false;jungle;5
9574;12;227;111;land;false;jungle;5
9575;68;93;32;land;true;hills;5
9576;123;214;209;land;false;mountain;2
9577;179;80;130;land;false;hills;2
9578;234;202;51;land;false;hills;2
9579;34;67;228;land;false;plains;6
9580;89;189;149;land;false;plains;6
9581;145;55;70;land;false;plains;6
9582;200;176;247;land;false;desert;6
9583;0;42;168;land;false;hills;6
9584;55;164;89;land;true;mountain;5
9585;111;30;10;land;false;plains;5
9586;166;151;187;land;false;jungle;5
9587;222;17;108;land;false;hills;5
9588;21;139;29;land;false;hills;5
9589;77;4;206;land;false;plains;6
9590;132;126;127;land;false;plains;6
9591;187;248;48;land;false;plains;6
9592;243;113;225;land;false;plains;6
9593;42;235;146;land;false;plains;6
9594;98;101;67;land;true;hills;5
9595;153;222;244;land;false;hills;2
9596;209;88;165;land;false;plains;6
9597;8;210;86;land;false;plains;6
9598;64;76;7;land;false;hills;6
9599;119;197;184;land;false;plains;5
9600;175;63;105;land;true;plains;5
9601;230;185;26;land;false;jungle;5
9602;30;50;203;land;false;hills;5
9603;85;172;124;land;false;mountain;2
9604;141;38;45;land;false;hills;2
9605;196;159;222;land;false;plains;6
9606;252;25;143;land;false;hills;6
9607;51;147;64;land;false;plains;6
9608;107;12;241;land;false;plains;6
9609;162;134;162;land;false;plains;6
9610;218;0;83;land;false;hills;6
9611;17;122;4;land;true;hills;5
9612;72;243;181;land;true;hills;5
9613;128;109;102;land;false;jungle;5
9614;183;231;23;land;true;hills;5
9615;239;96;200;land;false;mountain;2
9616;38;218;121;land;false;hills;2
9617;94;84;42;land;false;plains;6
9618;149;205;219;land;false;plains;6
9619;205;71;140;land;false;plains;6
9620;4;193;61;land;false;mountain;6
9621;60;58;238;land;false;jungle;5
9622;115;180;159;land;false;plains;5
9623;171;46;80;land;false;hills;5
9624;226;168;1;land;true;urban;5
9625;26;33;178;land;false;plains;6
9626;81;155;99;land;false;plains;6
9627;137;21;20;land;false;plains;6
9628;192;142;197;land;false;plains;6
9629;248;8;118;land;false;mountain;5
9630;47;130;39;land;true;hills;5
9631;102;251;216;land;false;jungle;5
9632;158;117;137;land;false;plains;6
9633;213;239;58;land;false;plains;6
9634;13;104;235;land;false;plains;6
9635;68;226;156;land;true;hills;6
9636;124;92;77;land;false;jungle;5
9637;179;213;254;land;false;jungle;5
9638;235;79;175;land;false;jungle;5
9639;34;201;96;land;false;hills;5
9640;90;67;17;land;false;mountain;2
9641;145;188;194;land;false;mountain;2
9642;201;54;115;land;true;jungle;2
9643;0;176;36;land;true;urban;6
9644;56;41;213;land;true;plains;6
9645;111;163;134;land;false;plains;6
9646;167;29;55;land;false;plains;6
9647;222;150;232;land;false;plains;6
9648;22;16;153;land;false;mountain;5
9649;77;138;74;land;false;jungle;5
9650;133;3;251;land;false;plains;5
9651;188;125;172;land;false;plains;5
9652;243;247;93;land;false;plains;5
9653;43;113;14;land;false;jungle;5
9654;98;234;191;land;false;plains;6
9655;154;100;112;land;false;plains;6
9656;209;222;33;land;false;plains;6
9657;9;87;210;land;false;plains;6
9658;64;209;131;land;false;jungle;5
9659;120;75;52;land;false;hills;2
9660;175;196;229;land;false;hills;2
9661;231;62;150;land;false;hills;2
9662;30;184;71;land;false;jungle;2
9663;86;49;248;land;false;plains;6
9664;141;171;169;land;false;plains;6
9665;197;37;90;land;false;plains;6
9666;252;159;11;land;false;mountain;6
9667;52;24;188;land;false;hills;5
9668;107;146;109;land;true;hills;5
9669;163;12;30;land;false;jungle;5
9670;218;133;207;land;true;plains;2
9671;17;255;128;land;false;hills;6
9672;73;121;49;land;false;plains;6
9673;128;242;226;land;true;plains;5
9674;184;108;147;land;false;jungle;5
9675;239;230;68;land;false;jungle;5
9676;39;95;245;land;false;hills;5
9677;94;217;166;land;false;hills;2
9678;150;83;87;land;false;jungle;2
9679;205;205;8;land;false;plains;6
9680;5;70;185;land;false;plains;6
9681;60;192;106;land;false;plains;6
9682;116;58;27;land;false;plains;6
9683;171;179;204;land;false;plains;6
9684;227;45;125;land;false;mountain;5
9685;26;167;46;land;false;plains;5
9686;82;32;223;land;false;plains;5
9687;137;154;144;land;false;plains;5
9688;193;20;65;land;false;jungle;5
9689;248;141;242;land;false;jungle;2
9690;48;7;163;land;false;plains;6
9691;103;129;84;land;false;plains;6
9692;158;251;5;land;false;mountain;6
9693;214;116;182;land;false;hills;5
9694;13;238;103;land;false;hills;5
9695;69;104;24;land;true;hills;5
9696;124;225;201;land;true;hills;5
9697;180;91;122;land;false;mountain;2
9698;235;213;43;land;false;plains;6
9699;35;78;220;land;false;plains;6
9700;90;200;141;land;false;plains;6
9701;146;66;62;land;false;plains;6
9702;201;187;239;land;false;plains;6
9703;1;53;160;land;false;plains;6
9704;56;175;81;land;false;hills;6
9705;112;41;2;land;false;plains;6
9706;167;162;179;land;false;jungle;5
9707;223;28;100;land;false;jungle;5
9708;22;150;21;land;false;jungle;5
9709;78;15;198;land;false;jungle;5
9710;133;137;119;land;true;jungle;5
9711;189;3;40;land;true;mountain;2
9712;244;124;217;land;true;plains;6
9713;43;246;138;land;false;plains;6
9714;99;112;59;land;false;plains;6
9715;154;233;236;land;false;plains;6
9716;210;99;157;land;false;plains;6
9717;9;221;78;land;false;plains;6
9718;65;86;255;land;false;plains;6
9719;120;208;176;land;true;hills;5
9720;176;74;97;land;false;jungle;5
9721;231;196;18;land;false;jungle;5
9722;31;61;195;land;false;jungle;5
9723;86;183;116;land;true;hills;2
9724;142;49;37;land;false;hills;2
9725;197;170;214;land;false;hills;2
9726;253;36;135;land;false;plains;6
9727;52;158;56;land;false;plains;6
9728;108;23;233;land;false;hills;6
9729;163;145;154;land;false;mountain;6
9730;219;11;75;land;false;mountain;5
9731;18;132;252;land;false;jungle;5
9732;73;254;173;land;false;plains;5
9733;129;120;94;land;false;plains;5
9734;184;242;15;land;false;jungle;5
9735;240;107;192;land;false;jungle;5
9736;39;229;113;land;true;jungle;5
9737;95;95;34;land;false;jungle;2
9738;150;216;211;land;true;mountain;5
9739;206;82;132;land;true;hills;5
9740;5;204;53;land;false;plains;5
9741;61;69;230;land;false;plains;5
9742;116;191;151;land;true;hills;5
9743;172;57;72;land;false;jungle;5
9744;227;178;249;land;true;jungle;5
9745;27;44;170;land;false;plains;6
9746;82;166;91;land;false;plains;6
9747;138;32;12;land;false;plains;6
9748;193;153;189;land;false;plains;6
9749;249;19;110;land;false;plains;6
9750;48;141;31;land;false;hills;6
9751;104;6;208;land;false;plains;5
9752;159;128;129;land;false;plains;5
9753;214;250;50;land;true;hills;2
9754;14;115;227;land;true;plains;2
9755;69;237;148;land;false;plains;6
9756;125;103;69;land;false;mountain;6
9757;180;224;246;land;false;hills;6
9758;236;90;167;land;false;mountain;5
9759;35;212;88;land;false;plains;5
9760;91;78;9;land;false;jungle;5
9761;146;199;186;land;false;plains;6
9762;202;65;107;land;false;plains;6
9763;1;187;28;land;false;plains;6
9764;57;52;205;land;false;plains;6
9765;112;174;126;land;false;plains;6
9766;168;40;47;land;false;plains;6
9767;223;161;224;land;false;jungle;5
9768;23;27;145;land;false;urban;5
9769;78;149;66;land;false;jungle;5
9770;134;14;243;land;false;jungle;5
9771;189;136;164;land;true;jungle;5
9772;245;2;85;land;false;hills;2
9773;44;124;6;land;false;plains;6
9774;99;245;183;land;false;plains;6
9775;155;111;104;land;false;plains;6
9776;210;233;25;land;false;plains;6
9777;10;98;202;land;true;hills;6
9778;65;220;123;land;true;hills;2
9779;121;86;44;land;true;hills;2
9780;176;207;221;land;false;plains;6
9781;232;73;142;land;false;plains;6
9782;31;195;63;land;false;plains;6
9783;87;60;240;land;false;plains;6
9784;142;182;161;land;false;plains;6
9785;198;48;82;land;false;plains;6
9786;253;170;3;land;false;plains;6
9787;53;35;180;land;false;plains;6
9788;108;157;101;land;false;jungle;5
9789;164;23;22;land;true;plains;5
9790;219;144;199;land;true;hills;2
9791;19;10;120;land;false;jungle;2
9792;74;132;41;land;false;plains;6
9793;129;253;218;land;false;plains;6
9794;185;119;139;land;false;plains;6
9795;240;241;60;land;false;plains;6
9796;40;106;237;land;true;jungle;5
9797;95;228;158;land;true;jungle;5
9798;151;94;79;land;false;jungle;5
9799;206;216;0;land;false;plains;5
9800;6;81;177;land;false;plains;6
9801;61;203;98;land;false;plains;6
9802;117;69;19;land;false;plains;6
9803;172;190;196;land;false;plains;6
9804;228;56;117;land;false;plains;6
9805;27;178;38;land;false;plains;6
9806;83;43;215;land;false;mountain;6
9807;138;165;136;land;true;hills;5
9808;194;31;57;land;true;mountain;5
9809;249;152;234;land;false;plains;5
9810;49;18;155;land;false;hills;5
9811;104;140;76;land;false;hills;5
9812;160;5;253;land;true;jungle;5
9813;215;127;174;land;false;jungle;5
9814;14;249;95;land;true;hills;5
9815;70;115;16;land;true;urban;2
9816;125;236;193;land;false;hills;2
9817;181;102;114;land;true;plains;6
9818;236;224;35;land;false;plains;6
9819;36;89;212;land;false;plains;6
9820;91;211;133;land;false;plains;6
9821;147;77;54;land;false;hills;5
9822;202;198;231;land;false;plains;5
9823;2;64;152;land;false;plains;5
9824;57;186;73;land;true;jungle;5
9825;113;51;250;land;true;hills;5
9826;168;173;171;land;false;hills;2
9827;224;39;92;land;false;plains;6
9828;23;161;13;land;false;plains;6
9829;79;26;190;land;false;plains;6
9830;134;148;111;land;true;hills;5
9831;190;14;32;land;false;plains;5
9832;245;135;209;land;false;jungle;5
9833;45;1;130;land;true;hills;2
9834;100;123;51;land;false;plains;6
9835;155;244;228;land;false;plains;6
9836;211;110;149;land;false;plains;6
9837;10;232;70;land;false;plains;6
9838;66;97;247;land;false;plains;5
9839;121;219;168;land;true;plains;5
9840;177;85;89;land;true;hills;5
9841;232;207;10;land;false;plains;6
9842;32;72;187;land;false;plains;6
9843;87;194;108;land;false;plains;6
9844;143;60;29;land;false;hills;6
9845;198;181;206;land;false;plains;5
9846;254;47;127;land;false;jungle;5
9847;53;169;48;land;true;plains;2
9848;109;34;225;land;false;plains;6
9849;164;156;146;land;false;plains;6
9850;220;22;67;land;false;plains;6
9851;19;143;244;land;false;plains;6
9852;75;9;165;land;false;plains;6
9853;130;131;86;land;false;hills;6
9854;185;253;7;land;true;urban;5
9855;241;118;184;land;true;plains;2
9856;40;240;105;land;true;plains;6
9857;96;106;26;land;false;plains;6
9858;151;227;203;land;false;plains;6
9859;207;93;124;land;false;plains;6
9860;6;215;45;land;false;plains;6
9861;62;80;222;land;false;plains;6
9862;117;202;143;land;false;mountain;6
9863;173;68;64;land;false;hills;6
9864;228;189;241;land;true;hills;5
9865;28;55;162;land;false;jungle;5
9866;83;177;83;land;true;jungle;5
9867;139;43;4;land;false;jungle;5
9868;194;164;181;land;true;plains;5
9869;250;30;102;land;false;plains;6
9870;49;152;23;land;false;plains;6
9871;105;17;200;land;false;hills;5
9872;160;139;121;land;false;jungle;5
9873;216;5;42;land;false;jungle;5
9874;15;126;219;land;false;hills;2
9875;70;248;140;land;false;jungle;2
9876;126;114;61;land;false;plains;6
9877;181;235;238;land;false;plains;6
9878;237;101;159;land;false;plains;6
9879;36;223;80;land;false;plains;6
9880;92;89;1;land;false;plains;6
9881;147;210;178;land;false;plains;6
9882;203;76;99;land;false;plains;6
9883;2;198;20;land;false;plains;5
9884;58;63;197;land;true;hills;5
9885;113;185;118;land;false;jungle;5
9886;169;51;39;land;false;jungle;5
9887;224;172;216;land;false;jungle;5
9888;24;38;137;land;false;jungle;5
9889;79;160;58;land;false;plains;5
9890;135;25;235;land;true;jungle;2
9891;190;147;156;land;false;plains;6
9892;246;13;77;land;false;plains;6
9893;45;134;254;land;false;plains;6
9894;101;0;175;land;false;hills;6
9895;156;122;96;land;false;plains;6
9896;211;244;17;land;false;mountain;6
9897;11;109;194;land;true;hills;6
9898;66;231;115;land;false;plains;5
9899;122;97;36;land;false;urban;5
9900;177;218;213;land;false;plains;5
9901;233;84;134;land;false;plains;5
9902;32;206;55;land;false;hills;5
9903;88;71;232;land;true;jungle;2
9904;143;193;153;land;false;jungle;2
9905;199;59;74;land;false;plains;6
9906;254;180;251;land;false;plains;6
9907;54;46;172;land;false;plains;6
9908;109;168;93;land;false;hills;6
9909;165;34;14;land;false;plains;6
9910;220;155;191;land;false;plains;6
9911;20;21;112;land;false;plains;6
9912;75;143;33;land;false;plains;6
9913;131;8;210;land;false;plains;6
9914;186;130;131;land;false;plains;6
9915;241;252;52;land;false;plains;6
9916;41;117;229;land;true;plains;5
9917;96;239;150;land;true;hills;5
9918;152;105;71;land;true;jungle;5
9919;207;226;248;land;true;jungle;5
9920;7;92;169;land;true;hills;5
9921;62;214;90;land;false;plains;6
9922;118;80;11;land;false;plains;6
9923;173;201;188;land;false;plains;6
9924;229;67;109;land;false;hills;6
9925;28;189;30;land;false;plains;6
9926;84;54;207;land;false;plains;5
9927;139;176;128;land;false;plains;5
9928;195;42;49;land;false;jungle;5
9929;250;163;226;land;false;jungle;2
9930;50;29;147;land;false;hills;2
9931;105;151;68;land;false;plains;6
9932;161;16;245;land;false;plains;6
9933;216;138;166;land;false;plains;6
9934;16;4;87;land;false;plains;6
9935;71;126;8;land;false;plains;6
9936;126;247;185;land;false;plains;6
9937;182;113;106;land;false;mountain;6
9938;237;235;27;land;false;plains;5
9939;37;100;204;land;false;plains;6
9940;92;222;125;land;false;plains;6
9941;148;88;46;land;false;plains;6
9942;203;209;223;land;false;hills;5
9943;3;75;144;land;false;hills;5
9944;58;197;65;land;false;jungle;5
9945;114;62;242;land;false;hills;5
9946;169;184;163;land;true;plains;2
9947;225;50;84;land;false;plains;6
9948;24;172;5;land;false;plains;6
9949;80;37;182;land;false;plains;6
9950;135;159;103;land;false;plains;6
9951;191;25;24;land;false;plains;6
9952;246;146;201;land;false;plains;6
9953;46;12;122;land;false;plains;5
9954;101;134;43;land;true;plains;5
9955;156;255;220;land;true;jungle;5
9956;212;121;141;land;true;hills;5
9957;11;243;62;land;true;jungle;2
9958;67;108;239;land;false;plains;6
9959;122;230;160;land;false;plains;6
9960;178;96;81;land;false;plains;6
9961;233;218;2;land;false;plains;6
9962;33;83;179;land;false;plains;6
9963;88;205;100;land;false;plains;6
9964;144;71;21;land;false;hills;6
9965;199;192;198;land;true;jungle;5
9966;255;58;119;land;true;hills;5
9967;54;180;40;land;false;plains;6
9968;110;45;217;land;false;plains;6
9969;165;167;138;land;false;plains;6
9970;221;33;59;land;false;plains;6
9971;20;154;236;land;false;plains;6
9972;76;20;157;land;false;plains;6
9973;131;142;78;land;false;plains;6
9974;187;7;255;land;false;hills;6
9975;242;129;176;land;false;plains;6
9976;41;251;97;land;true;hills;6
9977;97;117;18;land;true;hills;5
9978;152;238;195;land;false;plains;5
9979;208;104;116;land;false;plains;5
9980;7;226;37;land;true;jungle;5
9981;63;91;214;land;false;jungle;5
9982;118;213;135;land;false;jungle;5
9983;174;79;56;land;true;plains;5
9984;229;200;233;land;true;plains;5
9985;29;66;154;land;false;plains;6
9986;84;188;75;land;false;plains;6
9987;140;53;252;land;false;plains;6
9988;195;175;173;land;false;plains;6
9989;251;41;94;land;false;plains;6
9990;50;163;15;land;false;mountain;6
9991;106;28;192;land;true;hills;5
9992;161;150;113;land;false;plains;6
9993;217;16;34;land;false;plains;6
9994;16;137;211;land;false;plains;6
9995;72;3;132;land;false;urban;6
9996;127;125;53;land;false;plains;6
9997;182;246;230;land;false;plains;6
9998;238;112;151;land;false;plains;5
9999;37;234;72;land;true;plains;2
10000;93;99;249;land;false;plains;6
10001;148;221;170;land;false;plains;6
10002;204;87;91;land;false;plains;6
10003;3;209;12;land;false;plains;6
10004;59;74;189;land;false;plains;5
10005;114;196;110;land;false;hills;5
10006;170;62;31;land;false;jungle;5
10007;225;183;208;land;false;jungle;5
10008;25;49;129;land;false;jungle;5
10009;80;171;50;land;false;jungle;5
10010;136;36;227;land;false;jungle;2
10011;191;158;148;land;true;jungle;2
10012;247;24;69;land;true;plains;3
10013;46;145;246;land;true;plains;6
10014;102;11;167;land;false;hills;6
10015;157;133;88;land;false;plains;6
10016;212;255;9;land;false;plains;6
10017;12;120;186;land;false;plains;6
10018;67;242;107;land;false;plains;6
10019;123;108;28;land;false;plains;6
10020;178;229;205;land;false;plains;5
10021;234;95;126;land;false;plains;5
10022;33;217;47;land;true;plains;2
10023;89;82;224;land;false;plains;6
10024;144;204;145;land;false;plains;6
10025;200;70;66;land;false;plains;6
10026;255;191;243;land;false;plains;6
10027;55;57;164;land;false;plains;6
10028;110;179;85;land;false;plains;6
10029;166;45;6;land;false;hills;6
10030;221;166;183;land;false;plains;5
10031;21;32;104;land;false;jungle;5
10032;76;154;25;land;false;jungle;5
10033;132;19;202;land;true;jungle;5
10034;187;141;123;land;true;jungle;2
10035;243;7;44;land;true;plains;6
10036;42;128;221;land;false;plains;6
10037;97;250;142;land;false;plains;6
10038;153;116;63;land;false;plains;6
10039;208;237;240;land;false;plains;6
10040;8;103;161;land;false;mountain;6
10041;63;225;82;land;false;hills;5
10042;119;91;3;land;true;plains;5
10043;174;212;180;land;true;plains;3
10044;230;78;101;land;false;plains;6
10045;29;200;22;land;false;plains;6
10046;85;65;199;land;false;plains;6
10047;140;187;120;land;false;plains;6
10048;196;53;41;land;false;plains;5
10049;251;174;218;land;false;jungle;5
10050;51;40;139;land;false;plains;6
10051;106;162;60;land;false;plains;6
10052;162;27;237;land;false;plains;6
10053;217;149;158;land;false;plains;6
10054;17;15;79;land;false;plains;6
10055;72;137;0;land;false;plains;6
10056;128;2;177;land;false;plains;6
10057;183;124;98;land;false;hills;6
10058;238;246;19;land;false;hills;6
10059;38;111;196;land;false;hills;5
10060;93;233;117;land;true;mountain;5
10061;149;99;38;land;true;plains;5
10062;204;220;215;land;false;jungle;2
10063;4;86;136;land;true;plains;6
10064;59;208;57;land;false;plains;6
10065;115;73;234;land;false;plains;6
10066;170;195;155;land;false;plains;6
10067;226;61;76;land;false;plains;6
10068;25;182;253;land;false;plains;6
10069;81;48;174;land;false;hills;6
10070;136;170;95;land;false;plains;5
10071;192;36;16;land;true;hills;5
10072;247;157;193;land;false;hills;5
10073;47;23;114;land;false;plains;6
10074;102;145;35;land;false;plains;6
10075;158;10;212;land;false;plains;6
10076;213;132;133;land;false;plains;6
10077;12;254;54;land;false;plains;6
10078;68;119;231;land;false;plains;6
10079;123;241;152;land;true;hills;6
10080;179;107;73;land;true;hills;5
10081;234;228;250;land;true;jungle;5
10082;34;94;171;land;false;jungle;5
10083;89;216;92;land;true;plains;5
10084;145;82;13;land;false;plains;6
10085;200;203;190;land;false;plains;6
10086;0;69;111;land;false;plains;6
10087;55;191;32;land;false;plains;6
10088;111;56;209;land;false;mountain;6
10089;166;178;130;land;false;hills;5
10090;222;44;51;land;false;plains;5
10091;21;165;228;land;true;jungle;5
10092;77;31;149;land;true;plains;3
10093;132;153;70;land;false;plains;6
10094;188;18;247;land;false;plains;6
10095;243;140;168;land;false;plains;6
10096;43;6;89;land;false;plains;6
10097;98;128;10;land;false;mountain;6
10098;153;249;187;land;false;jungle;5
10099;209;115;108;land;false;plains;6
10100;8;237;29;land;false;plains;6
10101;64;102;206;land;false;plains;6
10102;119;224;127;land;false;plains;6
10103;175;90;48;land;false;plains;6
10104;230;211;225;land;true;hills;6
10105;30;77;146;land;false;mountain;5
10106;85;199;67;land;false;jungle;5
10107;141;64;244;land;true;plains;6
10108;196;186;165;land;false;hills;6
10109;252;52;86;land;false;plains;6
10110;51;174;7;land;false;plains;6
10111;107;39;184;land;false;plains;6
10112;162;161;105;land;false;plains;6
10113;218;27;26;land;false;plains;6
10114;17;148;203;land;false;plains;6
10115;73;14;124;land;false;jungle;5
10116;128;136;45;land;false;jungle;5
10117;184;1;222;land;false;plains;6
10118;239;123;143;land;false;plains;6
10119;38;245;64;land;false;plains;6
10120;94;110;241;land;false;plains;6
10121;149;232;162;land;false;plains;6
10122;205;98;83;land;false;hills;5
10123;4;220;4;land;true;plains;5
10124;60;85;181;land;false;jungle;5
10125;115;207;102;land;false;plains;6
10126;171;73;23;land;false;plains;6
10127;226;194;200;land;false;plains;6
10128;26;60;121;land;false;plains;6
10129;81;182;42;land;false;plains;6
10130;137;47;219;land;false;jungle;5
10131;192;169;140;land;true;hills;5
10132;248;35;61;land;true;plains;5
10133;47;156;238;land;true;jungle;2
10134;103;22;159;land;true;urban;3
10135;158;144;80;land;true;hills;3
10136;214;10;1;land;true;hills;3
10137;13;131;178;land;false;plains;6
10138;68;253;99;land;false;plains;6
10139;124;119;20;land;false;plains;6
10140;179;240;197;land;false;plains;6
10141;235;106;118;land;true;plains;6
10142;34;228;39;land;true;jungle;5
10143;90;93;216;land;true;hills;5
10144;145;215;137;land;true;mountain;3
10145;201;81;58;land;true;plains;6
10146;0;202;235;land;false;plains;6
10147;56;68;156;land;false;plains;6
10148;111;190;77;land;false;plains;6
10149;167;55;254;land;false;plains;6
10150;222;177;175;land;true;hills;6
10151;22;43;96;land;false;jungle;5
10152;77;165;17;land;true;plains;3
10153;133;30;194;land;false;plains;6
10154;188;152;115;land;false;plains;6
10155;244;18;36;land;false;plains;6
10156;43;139;213;land;false;plains;6
10157;99;5;134;land;false;plains;6
10158;154;127;55;land;false;mountain;6
10159;209;248;232;land;false;mountain;5
10160;9;114;153;land;false;urban;5
10161;64;236;74;land;true;hills;5
10162;120;101;251;land;true;hills;5
10163;175;223;172;land;true;mountain;3
10164;231;89;93;land;true;hills;3
10165;30;211;14;land;false;plains;6
10166;86;76;191;land;false;plains;6
10167;141;198;112;land;false;plains;6
10168;197;64;33;land;false;plains;6
10169;252;185;210;land;false;hills;6
10170;52;51;131;land;true;mountain;6
10171;107;173;52;land;false;plains;5
10172;163;38;229;land;false;plains;5
10173;218;160;150;land;false;urban;5
10174;18;26;71;land;false;plains;6
10175;73;147;248;land;false;plains;6
10176;129;13;169;land;false;plains;6
10177;184;135;90;land;false;plains;6
10178;240;1;11;land;false;hills;6
10179;39;122;188;land;false;plains;6
10180;94;244;109;land;false;jungle;5
10181;150;110;30;land;true;plains;5
10182;205;231;207;land;false;mountain;3
10183;5;97;128;land;true;hills;3
10184;60;219;49;land;false;plains;6
10185;116;84;226;land;false;mountain;6
10186;171;206;147;land;true;mountain;6
10187;227;72;68;land;true;desert;6
10188;26;193;245;land;true;plains;5
10189;82;59;166;land;true;hills;5
10190;137;181;87;land;true;jungle;2
10191;193;47;8;land;true;plains;3
10192;248;168;185;land;false;plains;6
10193;48;34;106;land;false;plains;6
10194;103;156;27;land;false;plains;6
10195;159;21;204;land;true;jungle;5
10196;214;143;125;land;false;hills;2
10197;14;9;46;land;true;urban;3
10198;69;130;223;land;true;plains;3
10199;124;252;144;land;false;plains;6
10200;180;118;65;land;false;plains;6
10201;235;239;242;land;false;plains;6
10202;35;105;163;land;false;plains;6
10203;90;227;84;land;false;plains;6
10204;146;93;5;land;true;plains;5
10205;201;214;182;land;false;plains;5
10206;1;80;103;land;false;mountain;3
10207;56;202;24;land;false;hills;6
10208;112;67;201;land;false;plains;6
10209;167;189;122;land;false;plains;6
10210;223;55;43;land;false;plains;6
10211;22;176;220;land;false;plains;6
10212;78;42;141;land;false;plains;6
10213;133;164;62;land;false;plains;6
10214;189;29;239;land;false;mountain;6
10215;244;151;160;land;false;hills;6
10216;44;17;81;land;false;plains;5
10217;99;139;2;land;true;jungle;5
10218;155;4;179;land;false;jungle;5
10219;210;126;100;land;true;hills;5
10220;9;248;21;land;true;mountain;2
10221;65;113;198;land;true;plains;3
10222;120;235;119;land;false;plains;6
10223;176;101;40;land;false;plains;6
10224;231;222;217;land;false;plains;6
10225;31;88;138;land;false;hills;6
10226;86;210;59;land;false;plains;6
10227;142;75;236;land;false;hills;6
10228;197;197;157;land;false;hills;6
10229;253;63;78;land;false;plains;5
10230;52;184;255;land;false;jungle;5
10231;108;50;176;land;false;jungle;5
10232;163;172;97;land;true;jungle;5
10233;219;38;18;land;true;mountain;2
10234;18;159;195;land;true;plains;6
10235;74;25;116;land;false;plains;6
10236;129;147;37;land;false;hills;6
10237;185;12;214;land;true;hills;6
10238;240;134;135;land;false;mountain;3
10239;40;0;56;land;true;plains;2
10240;95;121;233;land;false;plains;6
10241;150;243;154;land;false;plains;6
10242;206;109;75;land;false;plains;6
10243;5;230;252;land;false;hills;6
10244;61;96;173;land;false;mountain;6
10245;116;218;94;land;true;jungle;5
10246;172;84;15;land;true;plains;5
10247;227;205;192;land;true;plains;3
10248;27;71;113;land;false;hills;3
10249;82;193;34;land;false;hills;3
10250;138;58;211;land;true;hills;3
10251;193;180;132;land;true;hills;3
10252;249;46;53;land;true;plains;3
10253;48;167;230;land;false;plains;6
10254;104;33;151;land;false;plains;6
10255;159;155;72;land;false;plains;6
10256;215;20;249;land;false;plains;6
10257;14;142;170;land;false;plains;6
10258;70;8;91;land;false;plains;6
10259;125;130;12;land;true;hills;6
10260;180;251;189;land;true;plains;5
10261;236;117;110;land;true;mountain;3
10262;35;239;31;land;false;plains;6
10263;91;104;208;land;false;plains;6
10264;146;226;129;land;false;hills;6
10265;202;92;50;land;true;desert;6
10266;1;213;227;land;true;urban;3
10267;57;79;148;land;true;hills;3
10268;112;201;69;land;false;hills;6
10269;168;66;246;land;false;plains;6
10270;223;188;167;land;false;plains;6
10271;23;54;88;land;false;plains;6
10272;78;176;9;land;false;plains;6
10273;134;41;186;land;false;urban;6
10274;189;163;107;land;false;plains;6
10275;245;29;28;land;false;plains;6
10276;44;150;205;land;false;plains;6
10277;100;16;126;land;false;plains;6
10278;155;138;47;land;false;mountain;6
10279;211;3;224;land;false;mountain;5
10280;10;125;145;land;false;mountain;5
10281;65;247;66;land;false;hills;5
10282;121;112;243;land;true;hills;2
10283;176;234;164;land;false;hills;3
10284;232;100;85;land;true;urban;3
10285;31;222;6;land;true;hills;3
10286;87;87;183;land;false;plains;6
10287;142;209;104;land;false;plains;6
10288;198;75;25;land;false;plains;6
10289;253;196;202;land;false;plains;6
10290;53;62;123;land;false;plains;6
10291;108;184;44;land;false;plains;6
10292;164;49;221;land;false;hills;6
10293;219;171;142;land;true;mountain;6
10294;19;37;63;land;true;jungle;5
10295;74;158;240;land;true;hills;5
10296;130;24;161;land;false;plains;6
10297;185;146;82;land;false;plains;6
10298;241;12;3;land;false;plains;6
10299;40;133;180;land;true;plains;5
10300;95;255;101;land;false;plains;3
10301;151;121;22;land;false;mountain;3
10302;206;242;199;land;true;hills;3
10303;6;108;120;land;false;plains;6
10304;61;230;41;land;false;plains;6
10305;117;95;218;land;false;plains;6
10306;172;217;139;land;false;hills;6
10307;228;83;60;land;false;plains;6
10308;27;204;237;land;false;urban;5
10309;83;70;158;land;true;hills;5
10310;138;192;79;land;false;plains;3
10311;194;58;0;land;false;hills;3
10312;249;179;177;land;false;mountain;3
10313;49;45;98;land;false;plains;3
10314;104;167;19;land;true;plains;3
10315;160;32;196;land;false;plains;6
10316;215;154;117;land;false;hills;6
10317;15;20;38;land;false;plains;6
10318;70;141;215;land;false;mountain;6
10319;126;7;136;land;true;urban;5
10320;181;129;57;land;true;jungle;5
10321;236;250;234;land;false;marsh;5
10322;36;116;155;land;true;jungle;5
10323;91;238;76;land;false;hills;3
10324;147;103;253;land;true;hills;3
10325;202;225;174;land;false;plains;6
10326;2;91;95;land;false;plains;6
10327;57;213;16;land;false;marsh;6
10328;113;78;193;land;false;mountain;6
10329;168;200;114;land;true;plains;3
10330;224;66;35;land;false;hills;3
10331;23;187;212;land;true;plains;3
10332;79;53;133;land;false;plains;6
10333;134;175;54;land;false;plains;6
10334;190;40;231;land;false;plains;6
10335;245;162;152;land;false;plains;6
10336;45;28;73;land;false;mountain;6
10337;100;149;250;land;false;hills;6
10338;156;15;171;land;true;mountain;2
10339;211;137;92;land;false;hills;3
10340;11;3;13;land;true;plains;3
10341;66;124;190;land;false;plains;6
10342;121;246;111;land;false;plains;6
10343;177;112;32;land;false;plains;6
10344;232;233;209;land;false;plains;6
10345;32;99;130;land;false;plains;6
10346;87;221;51;land;false;plains;6
10347;143;86;228;land;false;plains;6
10348;198;208;149;land;false;plains;6
10349;254;74;70;land;false;hills;5
10350;53;195;247;land;true;plains;5
10351;109;61;168;land;true;mountain;2
10352;164;183;89;land;true;plains;3
10353;220;49;10;land;false;plains;3
10354;19;170;187;land;true;plains;3
10355;75;36;108;land;false;plains;6
10356;130;158;29;land;false;mountain;3
10357;186;23;206;land;false;hills;3
10358;241;145;127;land;true;plains;3
10359;41;11;48;land;true;plains;3
10360;96;132;225;land;true;plains;6
10361;151;254;146;land;false;plains;6
10362;207;120;67;land;false;plains;6
10363;6;241;244;land;false;plains;6
10364;62;107;165;land;false;hills;6
10365;117;229;86;land;false;hills;6
10366;173;95;7;land;false;hills;6
10367;228;216;184;land;false;hills;5
10368;28;82;105;land;true;plains;5
10369;83;204;26;land;false;hills;6
10370;139;69;203;land;false;plains;6
10371;194;191;124;land;false;plains;6
10372;250;57;45;land;false;hills;6
10373;49;178;222;land;false;plains;6
10374;105;44;143;land;false;mountain;6
10375;160;166;64;land;false;mountain;6
10376;216;31;241;land;false;hills;6
10377;15;153;162;land;false;plains;5
10378;71;19;83;land;true;jungle;5
10379;126;141;4;land;true;jungle;5
10380;182;6;181;land;true;hills;5
10381;237;128;102;land;false;plains;3
10382;36;250;23;land;false;plains;3
10383;92;115;200;land;false;plains;3
10384;147;237;121;land;false;plains;3
10385;203;103;42;land;false;plains;6
10386;2;224;219;land;false;plains;6
10387;58;90;140;land;false;hills;6
10388;113;212;61;land;false;hills;6
10389;169;77;238;land;false;hills;5
10390;224;199;159;land;true;marsh;5
10391;24;65;80;land;false;hills;3
10392;79;187;1;land;false;plains;6
10393;135;52;178;land;false;plains;6
10394;190;174;99;land;false;plains;6
10395;246;40;20;land;false;plains;6
10396;45;161;197;land;false;plains;6
10397;101;27;118;land;false;plains;6
10398;156;149;39;land;false;plains;6
10399;212;14;216;land;true;hills;6
10400;11;136;137;land;true;plains;5
10401;67;2;58;land;true;jungle;5
10402;122;123;235;land;true;mountain;3
10403;177;245;156;land;false;plains;3
10404;233;111;77;land;false;plains;6
10405;32;232;254;land;false;plains;6
10406;88;98;175;land;false;plains;6
10407;143;220;96;land;false;plains;6
10408;199;86;17;land;false;plains;6
10409;254;207;194;land;false;plains;6
10410;54;73;115;land;false;plains;6
10411;109;195;36;land;false;plains;6
10412;165;60;213;land;false;plains;3
10413;220;182;134;land;false;jungle;3
10414;20;48;55;land;false;plains;3
10415;75;169;232;land;true;plains;3
10416;131;35;153;land;false;plains;6
10417;186;157;74;land;false;plains;6
10418;242;22;251;land;false;plains;6
10419;41;144;172;land;false;plains;6
10420;97;10;93;land;true;jungle;2
10421;152;132;14;land;false;hills;3
10422;207;253;191;land;false;plains;6
10423;7;119;112;land;false;plains;6
10424;62;241;33;land;false;plains;6
10425;118;106;210;land;false;hills;6
10426;173;228;131;land;false;plains;6
10427;229;94;52;land;false;plains;6
10428;28;215;229;land;false;plains;6
10429;84;81;150;land;false;mountain;6
10430;139;203;71;land;true;plains;5
10431;195;68;248;land;true;mountain;2
10432;250;190;169;land;false;mountain;3
10433;50;56;90;land;false;plains;3
10434;105;178;11;land;false;plains;3
10435;161;43;188;land;false;plains;6
10436;216;165;109;land;false;plains;6
10437;16;31;30;land;false;plains;6
10438;71;152;207;land;false;hills;6
10439;127;18;128;land;true;hills;6
10440;182;140;49;land;true;plains;5
10441;238;5;226;land;true;plains;5
10442;37;127;147;land;false;plains;6
10443;92;249;68;land;false;plains;6
10444;148;114;245;land;true;jungle;2
10445;203;236;166;land;true;plains;3
10446;3;102;87;land;true;jungle;3
10447;58;224;8;land;false;plains;6
10448;114;89;185;land;false;hills;6
10449;169;211;106;land;false;plains;6
10450;225;77;27;land;false;marsh;6
10451;24;198;204;land;false;mountain;6
10452;80;64;125;land;false;hills;5
10453;135;186;46;land;true;jungle;5
10454;191;51;223;land;true;mountain;2
10455;246;173;144;land;false;plains;3
10456;46;39;65;land;false;jungle;3
10457;101;160;242;land;false;plains;3
10458;157;26;163;land;false;plains;6
10459;212;148;84;land;false;plains;6
10460;12;14;5;land;false;plains;6
10461;67;135;182;land;false;plains;6
10462;123;1;103;land;false;plains;6
10463;178;123;24;land;false;plains;6
10464;233;244;201;land;false;hills;6
10465;33;110;122;land;false;hills;6
10466;88;232;43;land;false;hills;6
10467;144;97;220;land;false;desert;6
10468;199;219;141;land;false;plains;5
10469;255;85;62;land;true;plains;5
10470;54;206;239;land;false;plains;6
10471;110;72;160;land;false;plains;6
10472;165;194;81;land;false;plains;6
10473;221;60;2;land;false;plains;6
10474;20;181;179;land;false;plains;6
10475;76;47;100;land;false;plains;6
10476;131;169;21;land;false;desert;6
10477;187;34;198;land;true;hills;5
10478;242;156;119;land;true;plains;5
10479;42;22;40;land;true;mountain;2
10480;97;143;217;land;false;plains;3
10481;153;9;138;land;false;hills;3
10482;208;131;59;land;false;jungle;3
10483;7;252;236;land;true;mountain;3
10484;63;118;157;land;false;jungle;3
10485;118;240;78;land;false;jungle;3
10486;174;105;255;land;false;jungle;3
10487;229;227;176;land;true;jungle;6
10488;29;93;97;land;false;plains;6
10489;84;215;18;land;false;hills;6
10490;140;80;195;land;false;plains;6
10491;195;202;116;land;false;mountain;6
10492;251;68;37;land;true;plains;5
10493;50;189;214;land;true;mountain;5
10494;106;55;135;land;true;jungle;2
10495;161;177;56;land;false;plains;3
10496;217;42;233;land;false;jungle;3
10497;16;164;154;land;false;jungle;6
10498;72;30;75;land;false;plains;6
10499;127;151;252;land;false;plains;6
10500;183;17;173;land;false;plains;6
10501;238;139;94;land;false;plains;6
10502;38;5;15;land;false;plains;6
10503;93;126;192;land;false;plains;6
10504;148;248;113;land;false;hills;6
10505;204;114;34;land;false;urban;6
10506;3;235;211;land;true;hills;5
10507;59;101;132;land;false;plains;3
10508;114;223;53;land;false;plains;3
10509;170;88;230;land;false;plains;6
10510;225;210;151;land;false;plains;6
10511;25;76;72;land;false;plains;6
10512;80;197;249;land;false;plains;6
10513;136;63;170;land;false;plains;6
10514;191;185;91;land;false;plains;6
10515;247;51;12;land;false;mountain;6
10516;46;172;189;land;false;desert;6
10517;102;38;110;land;true;plains;5
10518;157;160;31;land;false;jungle;3
10519;213;25;208;land;false;jungle;6
10520;12;147;129;land;false;plains;6
10521;68;13;50;land;false;plains;6
10522;123;134;227;land;false;plains;6
10523;179;0;148;land;false;hills;6
10524;234;122;69;land;true;jungle;2
10525;33;243;246;land;false;plains;3
10526;89;109;167;land;false;plains;6
10527;144;231;88;land;false;plains;6
10528;200;97;9;land;false;plains;6
10529;255;218;186;land;false;plains;6
10530;55;84;107;land;false;plains;6
10531;110;206;28;land;false;plains;6
10532;166;71;205;land;false;plains;3
10533;221;193;126;land;false;hills;3
10534;21;59;47;land;false;jungle;3
10535;76;180;224;land;false;plains;6
10536;132;46;145;land;false;mountain;6
10537;187;168;66;land;true;hills;5
10538;243;33;243;land;true;hills;2
10539;42;155;164;land;true;hills;2
10540;98;21;85;land;false;jungle;3
10541;153;143;6;land;false;plains;6
10542;209;8;183;land;false;plains;6
10543;8;130;104;land;false;plains;6
10544;63;252;25;land;false;hills;6
10545;119;117;202;land;true;jungle;3
10546;174;239;123;land;true;plains;3
10547;230;105;44;land;false;plains;6
10548;29;226;221;land;false;plains;6
10549;85;92;142;land;false;plains;6
10550;140;214;63;land;false;hills;6
10551;196;79;240;land;false;desert;6
10552;251;201;161;land;true;hills;5
10553;51;67;82;land;false;mountain;3
10554;106;189;3;land;false;mountain;3
10555;162;54;180;land;false;jungle;3
10556;217;176;101;land;false;plains;6
10557;17;42;22;land;false;plains;6
10558;72;163;199;land;false;plains;6
10559;128;29;120;land;false;plains;6
10560;183;151;41;land;false;plains;6
10561;239;16;218;land;false;plains;6
10562;38;138;139;land;false;hills;6
10563;94;4;60;land;false;hills;6
10564;149;125;237;land;false;desert;6
10565;204;247;158;land;true;plains;5
10566;4;113;79;land;true;hills;5
10567;59;235;0;land;false;hills;3
10568;115;100;177;land;false;mountain;3
10569;170;222;98;land;false;jungle;3
10570;226;88;19;land;false;jungle;3
10571;25;209;196;land;false;jungle;3
10572;81;75;117;land;false;plains;6
10573;136;197;38;land;false;hills;6
10574;192;62;215;land;false;plains;6
10575;247;184;136;land;false;plains;6
10576;47;50;57;land;false;marsh;6
10577;102;171;234;land;false;mountain;6
10578;158;37;155;land;true;jungle;5
10579;213;159;76;land;true;jungle;3
10580;13;24;253;land;false;plains;3
10581;68;146;174;land;false;mountain;3
10582;124;12;95;land;false;mountain;3
10583;179;134;16;land;false;jungle;3
10584;234;255;193;land;false;plains;6
10585;34;121;114;land;false;hills;6
10586;89;243;35;land;true;plains;5
10587;145;108;212;land;true;hills;5
10588;200;230;133;land;false;hills;5
10589;0;96;54;land;false;mountain;3
10590;55;217;231;land;false;jungle;3
10591;111;83;152;land;false;plains;6
10592;166;205;73;land;false;plains;6
10593;222;70;250;land;false;plains;6
10594;21;192;171;land;false;plains;6
10595;77;58;92;land;false;hills;6
10596;132;180;13;land;false;plains;6
10597;188;45;190;land;false;plains;6
10598;243;167;111;land;true;jungle;5
10599;43;33;32;land;false;jungle;3
10600;98;154;209;land;true;jungle;6
10601;154;20;130;land;false;jungle;6
10602;209;142;51;land;false;plains;6
10603;9;7;228;land;false;plains;6
10604;64;129;149;land;false;plains;6
10605;119;251;70;land;false;plains;6
10606;175;116;247;land;false;plains;6
10607;230;238;168;land;false;plains;6
10608;30;104;89;land;false;mountain;6
10609;85;226;10;land;false;plains;3
10610;141;91;187;land;true;jungle;3
10611;196;213;108;land;false;jungle;6
10612;252;79;29;land;false;plains;6
10613;51;200;206;land;false;mountain;6
10614;107;66;127;land;false;mountain;6
10615;162;188;48;land;true;plains;5
10616;218;53;225;land;true;hills;2
10617;17;175;146;land;false;jungle;3
10618;73;41;67;land;false;jungle;3
10619;128;162;244;land;true;jungle;6
10620;184;28;165;land;false;jungle;6
10621;239;150;86;land;false;jungle;6
10622;39;16;7;land;false;plains;6
10623;94;137;184;land;false;plains;6
10624;150;3;105;land;false;hills;6
10625;205;125;26;land;false;desert;6
10626;4;246;203;land;false;mountain;5
10627;60;112;124;land;false;plains;6
10628;115;234;45;land;false;plains;6
10629;171;99;222;land;true;plains;5
10630;226;221;143;land;true;hills;5
10631;26;87;64;land;false;jungle;3
10632;81;208;241;land;false;jungle;3
10633;137;74;162;land;false;jungle;6
10634;192;196;83;land;false;plains;6
10635;248;62;4;land;false;mountain;6
10636;47;183;181;land;false;mountain;6
10637;103;49;102;land;true;jungle;2
10638;158;171;23;land;false;plains;6
10639;214;36;200;land;false;plains;6
10640;13;158;121;land;false;hills;6
10641;69;24;42;land;false;hills;6
10642;124;145;219;land;false;hills;6
10643;180;11;140;land;false;plains;6
10644;235;133;61;land;false;plains;6
10645;34;254;238;land;false;plains;6
10646;90;120;159;land;false;plains;6
10647;145;242;80;land;false;hills;6
10648;201;108;1;land;false;desert;6
10649;0;229;178;land;true;mountain;5
10650;56;95;99;land;true;hills;5
10651;111;217;20;land;false;plains;3
10652;167;82;197;land;false;jungle;3
10653;222;204;118;land;true;jungle;3
10654;22;70;39;land;false;jungle;6
10655;77;191;216;land;false;plains;6
10656;133;57;137;land;false;plains;6
10657;188;179;58;land;false;plains;6
10658;244;44;235;land;false;mountain;6
10659;43;166;156;land;true;plains;5
10660;99;32;77;land;false;mountain;3
10661;154;153;254;land;false;mountain;3
10662;210;19;175;land;false;jungle;3
10663;9;141;96;land;false;jungle;6
10664;65;7;17;land;false;plains;6
10665;120;128;194;land;false;plains;6
10666;175;250;115;land;false;plains;6
10667;231;116;36;land;false;jungle;3
10668;30;237;213;land;false;jungle;3
10669;86;103;134;land;false;jungle;6
10670;141;225;55;land;false;plains;6
10671;197;90;232;land;false;plains;6
10672;252;212;153;land;false;plains;6
10673;52;78;74;land;false;hills;6
10674;107;199;251;land;true;jungle;5
10675;163;65;172;land;false;jungle;3
10676;218;187;93;land;false;jungle;3
10677;18;53;14;land;false;jungle;3
10678;73;174;191;land;false;plains;6
10679;129;40;112;land;false;plains;6
10680;184;162;33;land;false;hills;6
10681;240;27;210;land;false;plains;6
10682;39;149;131;land;false;plains;6
10683;95;15;52;land;false;mountain;6
10684;150;136;229;land;true;mountain;5
10685;206;2;150;land;false;hills;3
10686;5;124;71;land;false;jungle;3
10687;60;245;248;land;false;jungle;3
10688;116;111;169;land;false;jungle;6
10689;171;233;90;land;false;plains;6
10690;227;99;11;land;false;urban;6
10691;26;220;188;land;false;plains;6
10692;82;86;109;land;false;plains;6
10693;137;208;30;land;false;plains;6
10694;193;73;207;land;false;mountain;6
10695;248;195;128;land;true;mountain;5
10696;48;61;49;land;true;plains;4
10697;103;182;226;land;false;mountain;3
10698;159;48;147;land;false;hills;3
10699;214;170;68;land;false;jungle;6
10700;14;35;245;land;false;jungle;6
10701;69;157;166;land;false;plains;6
10702;125;23;87;land;false;plains;6
10703;180;145;8;land;false;marsh;6
10704;236;10;185;land;true;mountain;5
10705;35;132;106;land;false;jungle;3
10706;90;254;27;land;true;jungle;6
10707;146;119;204;land;false;hills;6
10708;201;241;125;land;false;hills;6
10709;1;107;46;land;false;plains;6
10710;56;228;223;land;false;plains;6
10711;112;94;144;land;false;plains;3
10712;167;216;65;land;false;plains;3
10713;223;81;242;land;false;mountain;3
10714;22;203;163;land;false;hills;3
10715;78;69;84;land;true;jungle;6
10716;133;191;5;land;false;jungle;6
10717;189;56;182;land;false;jungle;6
10718;244;178;103;land;false;plains;6
10719;44;44;24;land;false;plains;6
10720;99;165;201;land;false;plains;6
10721;155;31;122;land;false;plains;6
10722;210;153;43;land;true;desert;6
10723;10;18;220;land;true;jungle;5
10724;65;140;141;land;false;mountain;3
10725;121;6;62;land;false;jungle;6
10726;176;127;239;land;false;plains;6
10727;231;249;160;land;false;plains;6
10728;31;115;81;land;false;plains;6
10729;86;237;2;land;false;plains;6
10730;142;102;179;land;false;hills;6
10731;197;224;100;land;false;hills;6
10732;253;90;21;land;true;hills;5
10733;52;211;198;land;true;hills;5
10734;108;77;119;land;false;mountain;3
10735;163;199;40;land;false;jungle;3
10736;219;64;217;land;false;plains;6
10737;18;186;138;land;false;plains;6
10738;74;52;59;land;false;plains;6
10739;129;173;236;land;false;mountain;6
10740;185;39;157;land;false;desert;6
10741;240;161;78;land;false;desert;6
10742;40;26;255;land;false;jungle;3
10743;95;148;176;land;false;jungle;6
10744;151;14;97;land;false;plains;6
10745;206;136;18;land;false;plains;6
10746;6;1;195;land;false;plains;6
10747;61;123;116;land;false;hills;6
10748;116;245;37;land;false;plains;6
10749;172;110;214;land;false;plains;6
10750;227;232;135;land;false;mountain;6
10751;27;98;56;land;true;hills;5
10752;82;219;233;land;true;jungle;5
10753;138;85;154;land;true;plains;4
10754;193;207;75;land;false;jungle;6
10755;249;72;252;land;false;jungle;6
10756;48;194;173;land;false;plains;6
10757;104;60;94;land;false;plains;6
10758;159;182;15;land;false;hills;6
10759;215;47;192;land;false;plains;6
10760;14;169;113;land;false;mountain;6
10761;70;35;34;land;false;mountain;6
10762;125;156;211;land;false;desert;6
10763;181;22;132;land;true;plains;5
10764;236;144;53;land;false;hills;3
10765;36;9;230;land;false;jungle;6
10766;91;131;151;land;false;hills;6
10767;146;253;72;land;false;plains;6
10768;202;118;249;land;false;desert;6
10769;1;240;170;land;false;hills;3
10770;57;106;91;land;false;jungle;3
10771;112;228;12;land;false;hills;3
10772;168;93;189;land;false;jungle;6
10773;223;215;110;land;false;plains;6
10774;23;81;31;land;false;desert;6
10775;78;202;208;land;true;hills;5
10776;134;68;129;land;true;plains;4
10777;189;190;50;land;false;jungle;3
10778;245;55;227;land;false;jungle;3
10779;44;177;148;land;false;jungle;3
10780;100;43;69;land;true;plains;6
10781;155;164;246;land;false;plains;6
10782;211;30;167;land;false;plains;6
10783;10;152;88;land;false;mountain;6
10784;66;18;9;land;false;plains;6
10785;121;139;186;land;false;mountain;3
10786;177;5;107;land;false;mountain;3
10787;232;127;28;land;false;jungle;3
10788;31;248;205;land;false;jungle;6
10789;87;114;126;land;true;jungle;6
10790;142;236;47;land;true;plains;6
10791;198;101;224;land;false;plains;6
10792;253;223;145;land;false;hills;6
10793;53;89;66;land;false;plains;6
10794;108;210;243;land;false;hills;6
10795;164;76;164;land;true;jungle;3
10796;219;198;85;land;false;mountain;3
10797;19;64;6;land;false;mountain;3
10798;74;185;183;land;false;hills;3
10799;130;51;104;land;true;jungle;3
10800;185;173;25;land;false;jungle;6
10801;241;38;202;land;false;jungle;6
10802;40;160;123;land;false;jungle;6
10803;96;26;44;land;true;plains;6
10804;151;147;221;land;false;plains;6
10805;207;13;142;land;false;plains;6
10806;6;135;63;land;false;mountain;6
10807;62;0;240;land;true;plains;5
10808;117;122;161;land;true;hills;5
10809;172;244;82;land;false;mountain;3
10810;228;110;3;land;false;jungle;6
10811;27;231;180;land;false;jungle;6
10812;83;97;101;land;true;plains;6
10813;138;219;22;land;true;plains;6
10814;194;84;199;land;false;plains;6
10815;249;206;120;land;true;mountain;5
10816;49;72;41;land;true;hills;5
10817;104;193;218;land;true;plains;5
10818;160;59;139;land;false;mountain;3
10819;215;181;60;land;false;hills;3
10820;15;46;237;land;false;hills;3
10821;70;168;158;land;true;urban;6
10822;126;34;79;land;false;jungle;6
10823;181;156;0;land;true;jungle;6
10824;237;21;177;land;false;plains;6
10825;36;143;98;land;false;hills;6
10826;92;9;19;land;false;plains;6
10827;147;130;196;land;false;plains;6
10828;202;252;117;land;false;mountain;6
10829;2;118;38;land;true;jungle;5
10830;57;239;215;land;false;jungle;3
10831;113;105;136;land;false;jungle;3
10832;168;227;57;land;true;jungle;3
10833;224;92;234;land;false;jungle;6
10834;23;214;155;land;true;jungle;6
10835;79;80;76;land;false;plains;6
10836;134;201;253;land;false;plains;6
10837;190;67;174;land;false;plains;6
10838;245;189;95;land;false;hills;6
10839;45;55;16;land;false;jungle;6
10840;100;176;193;land;true;urban;6
10841;156;42;114;land;false;plains;6
10842;211;164;35;land;false;hills;6
10843;11;29;212;land;false;hills;6
10844;66;151;133;land;false;hills;6
10845;122;17;54;land;false;plains;6
10846;177;138;231;land;false;plains;6
10847;233;4;152;land;true;plains;5
10848;32;126;73;land;true;hills;5
10849;87;247;250;land;false;mountain;3
10850;143;113;171;land;false;mountain;3
10851;198;235;92;land;false;jungle;6
10852;254;101;13;land;false;jungle;6
10853;53;222;190;land;true;plains;6
10854;109;88;111;land;false;plains;6
10855;164;210;32;land;false;plains;6
10856;220;75;209;land;false;plains;6
10857;19;197;130;land;false;plains;6
10858;75;63;51;land;false;hills;6
10859;130;184;228;land;false;hills;6
10860;186;50;149;land;true;plains;5
10861;241;172;70;land;true;hills;5
10862;41;37;247;land;false;urban;3
10863;96;159;168;land;false;mountain;3
10864;152;25;89;land;true;jungle;6
10865;207;147;10;land;false;jungle;6
10866;7;12;187;land;false;hills;6
10867;62;134;108;land;false;jungle;6
10868;118;0;29;land;false;jungle;6
10869;173;121;206;land;false;jungle;6
10870;228;243;127;land;false;plains;6
10871;28;109;48;land;false;hills;6
10872;83;230;225;land;false;plains;6
10873;139;96;146;land;false;plains;6
10874;194;218;67;land;false;desert;6
10875;250;83;244;land;false;jungle;3
10876;49;205;165;land;false;jungle;6
10877;105;71;86;land;false;jungle;6
10878;160;193;7;land;false;plains;6
10879;216;58;184;land;false;mountain;6
10880;15;180;105;land;false;desert;6
10881;71;46;26;land;true;plains;5
10882;126;167;203;land;true;plains;5
10883;182;33;124;land;false;jungle;6
10884;237;155;45;land;false;jungle;6
10885;37;20;222;land;false;plains;6
10886;92;142;143;land;false;mountain;6
10887;148;8;64;land;false;plains;6
10888;203;129;241;land;false;hills;3
10889;2;251;162;land;true;jungle;3
10890;58;117;83;land;false;jungle;6
10891;113;239;4;land;false;plains;6
10892;169;104;181;land;false;plains;6
10893;224;226;102;land;false;mountain;6
10894;24;92;23;land;false;mountain;3
10895;79;213;200;land;false;mountain;3
10896;135;79;121;land;false;jungle;6
10897;190;201;42;land;false;jungle;6
10898;246;66;219;land;false;jungle;6
10899;45;188;140;land;false;plains;6
10900;101;54;61;land;false;hills;6
10901;156;175;238;land;false;mountain;6
10902;212;41;159;land;false;desert;6
10903;11;163;80;land;true;desert;6
10904;67;29;1;land;false;hills;5
10905;122;150;178;land;true;mountain;5
10906;178;16;99;land;false;mountain;3
10907;233;138;20;land;false;hills;3
10908;33;3;197;land;false;jungle;3
10909;88;125;118;land;false;jungle;3
10910;143;247;39;land;false;mountain;3
10911;199;112;216;land;false;plains;6
10912;254;234;137;land;true;plains;5
10913;54;100;58;land;true;plains;5
10914;109;221;235;land;false;jungle;3
10915;165;87;156;land;false;hills;3
10916;220;209;77;land;false;mountain;3
10917;20;74;254;land;false;hills;6
10918;75;196;175;land;false;plains;6
10919;131;62;96;land;false;hills;6
10920;186;184;17;land;false;plains;6
10921;242;49;194;land;false;hills;6
10922;41;171;115;land;false;hills;6
10923;97;37;36;land;true;plains;5
10924;152;158;213;land;true;jungle;3
10925;208;24;134;land;false;mountain;3
10926;7;146;55;land;false;jungle;6
10927;63;11;232;land;true;plains;6
10928;118;133;153;land;false;jungle;6
10929;173;255;74;land;false;plains;6
10930;229;120;251;land;true;jungle;3
10931;28;242;172;land;true;jungle;3
10932;84;108;93;land;true;jungle;6
10933;139;230;14;land;true;urban;6
10934;195;95;191;land;false;jungle;6
10935;250;217;112;land;false;jungle;6
10936;50;83;33;land;false;jungle;6
10937;105;204;210;land;false;hills;6
10938;161;70;131;land;false;hills;6
10939;216;192;52;land;false;desert;6
10940;16;57;229;land;true;jungle;3
10941;71;179;150;land;true;jungle;3
10942;127;45;71;land;false;plains;6
10943;182;166;248;land;false;mountain;3
10944;238;32;169;land;false;jungle;3
10945;37;154;90;land;false;jungle;3
10946;93;20;11;land;false;hills;3
10947;148;141;188;land;true;jungle;3
10948;204;7;109;land;true;jungle;6
10949;3;129;30;land;true;jungle;6
10950;58;250;207;land;true;jungle;6
10951;114;116;128;land;true;jungle;6
10952;169;238;49;land;false;jungle;6
10953;225;103;226;land;false;plains;6
10954;24;225;147;land;false;jungle;6
10955;80;91;68;land;false;jungle;6
10956;135;212;245;land;false;plains;6
10957;191;78;166;land;false;hills;3
10958;246;200;87;land;false;jungle;3
10959;46;66;8;land;true;jungle;6
10960;101;187;185;land;true;urban;6
10961;157;53;106;land;true;plains;6
10962;212;175;27;land;true;plains;6
10963;12;40;204;land;false;jungle;6
10964;67;162;125;land;false;mountain;6
10965;123;28;46;land;false;hills;6
10966;178;149;223;land;false;jungle;6
10967;234;15;144;land;false;plains;6
10968;33;137;65;land;false;hills;5
10969;89;2;242;land;true;hills;5
10970;144;124;163;land;true;hills;5
10971;199;246;84;land;true;plains;5
10972;255;112;5;land;false;mountain;3
10973;54;233;182;land;false;hills;3
10974;110;99;103;land;true;jungle;1
10975;165;221;24;land;false;hills;6
10976;221;86;201;land;false;jungle;6
10977;20;208;122;land;false;plains;6
10978;76;74;43;land;true;hills;5
10979;131;195;220;land;false;mountain;3
10980;187;61;141;land;false;hills;3
10981;242;183;62;land;false;jungle;6
10982;42;48;239;land;false;jungle;6
10983;97;170;160;land;false;jungle;6
10984;153;36;81;land;false;plains;6
10985;208;158;2;land;false;plains;6
10986;8;23;179;land;false;hills;6
10987;63;145;100;land;false;hills;5
10988;119;11;21;land;true;jungle;6
10989;174;132;198;land;false;hills;5
10990;229;254;119;land;false;mountain;3
10991;29;120;40;land;true;plains;6
10992;84;241;217;land;false;hills;6
10993;140;107;138;land;false;desert;6
10994;195;229;59;land;false;desert;6
10995;251;94;236;land;true;urban;5
10996;50;216;157;land;false;mountain;3
10997;106;82;78;land;false;jungle;3
10998;161;203;255;land;true;plains;6
10999;217;69;176;land;true;plains;6
11000;16;191;97;land;false;jungle;6
11001;72;57;18;land;false;hills;6
11002;127;178;195;land;false;hills;3
11003;183;44;116;land;true;jungle;1
11004;238;166;37;land;true;plains;6
11005;38;31;214;land;false;jungle;6
11006;93;153;135;land;false;plains;6
11007;149;19;56;land;false;plains;6
11008;204;140;233;land;false;hills;6
11009;4;6;154;land;false;hills;6
11010;59;128;75;land;false;hills;5
11011;114;249;252;land;true;plains;5
11012;170;115;173;land;false;mountain;3
11013;225;237;94;land;false;mountain;3
11014;25;103;15;land;true;plains;6
11015;80;224;192;land;true;jungle;6
11016;136;90;113;land;false;jungle;6
11017;191;212;34;land;false;desert;6
11018;247;77;211;land;true;jungle;3
11019;46;199;132;land;false;hills;3
11020;102;65;53;land;false;jungle;3
11021;157;186;230;land;false;hills;6
11022;213;52;151;land;false;hills;6
11023;12;174;72;land;false;jungle;6
11024;68;39;249;land;true;mountain;5
11025;123;161;170;land;false;mountain;5
11026;179;27;91;land;false;hills;5
11027;234;149;12;land;true;hills;5
11028;34;14;189;land;false;mountain;3
11029;89;136;110;land;false;jungle;3
11030;145;2;31;land;false;jungle;1
11031;200;123;208;land;false;plains;6
11032;255;245;129;land;false;hills;6
11033;55;111;50;land;true;mountain;5
11034;110;232;227;land;false;jungle;3
11035;166;98;148;land;false;jungle;3
11036;221;220;69;land;false;jungle;3
11037;21;85;246;land;false;hills;3
11038;76;207;167;land;true;plains;6
11039;132;73;88;land;false;plains;6
11040;187;195;9;land;true;plains;6
11041;243;60;186;land;true;hills;6
11042;42;182;107;land;false;jungle;6
11043;98;48;28;land;false;plains;6
11044;153;169;205;land;false;hills;6
11045;209;35;126;land;true;jungle;5
11046;8;157;47;land;false;mountain;3
11047;64;22;224;land;false;jungle;3
11048;119;144;145;land;false;jungle;6
11049;175;10;66;land;false;plains;6
11050;230;131;243;land;false;hills;6
11051;29;253;164;land;false;hills;6
11052;85;119;85;land;false;desert;6
11053;140;241;6;land;true;desert;6
11054;196;106;183;land;true;jungle;5
11055;251;228;104;land;false;hills;5
11056;51;94;25;land;false;hills;5
11057;106;215;202;land;false;jungle;3
11058;162;81;123;land;false;hills;6
11059;217;203;44;land;false;jungle;6
11060;17;68;221;land;false;jungle;6
11061;72;190;142;land;false;jungle;6
11062;128;56;63;land;true;jungle;5
11063;183;177;240;land;false;mountain;3
11064;239;43;161;land;false;urban;3
11065;38;165;82;land;false;jungle;3
11066;94;31;3;land;false;jungle;3
11067;149;152;180;land;true;plains;6
11068;205;18;101;land;false;jungle;6
11069;4;140;22;land;false;jungle;6
11070;60;5;199;land;false;hills;6
11071;115;127;120;land;false;desert;6
11072;170;249;41;land;true;mountain;5
11073;226;114;218;land;false;mountain;3
11074;25;236;139;land;false;mountain;3
11075;81;102;60;land;false;jungle;6
11076;136;223;237;land;false;jungle;6
11077;192;89;158;land;false;jungle;6
11078;247;211;79;land;false;plains;6
11079;47;77;0;land;false;mountain;3
11080;102;198;177;land;false;jungle;3
11081;158;64;98;land;true;plains;1
11082;213;186;19;land;false;jungle;6
11083;13;51;196;land;false;plains;6
11084;68;173;117;land;false;desert;6
11085;124;39;38;land;false;jungle;1
11086;179;160;215;land;false;jungle;6
11087;235;26;136;land;false;jungle;6
11088;34;148;57;land;false;plains;6
11089;90;13;234;land;true;hills;5
11090;145;135;155;land;true;jungle;3
11091;201;1;76;land;false;hills;3
11092;0;122;253;land;false;hills;3
11093;55;244;174;land;false;hills;6
11094;111;110;95;land;true;jungle;5
11095;166;232;16;land;false;mountain;3
11096;222;97;193;land;true;mountain;6
11097;21;219;114;land;false;plains;6
11098;77;85;35;land;false;jungle;6
11099;132;206;212;land;false;jungle;6
11100;188;72;133;land;false;hills;6
11101;243;194;54;land;false;hills;5
11102;43;59;231;land;false;jungle;5
11103;98;181;152;land;false;jungle;3
11104;154;47;73;land;false;plains;6
11105;209;168;250;land;false;hills;6
11106;9;34;171;land;false;jungle;3
11107;64;156;92;land;false;jungle;6
11108;120;22;13;land;true;mountain;5
11109;175;143;190;land;true;jungle;5
11110;231;9;111;land;true;plains;5
11111;30;131;32;land;false;mountain;3
11112;85;252;209;land;false;mountain;3
11113;141;118;130;land;false;mountain;3
11114;196;240;51;land;true;urban;3
11115;252;105;228;land;false;jungle;6
11116;51;227;149;land;false;plains;6
11117;107;93;70;land;false;mountain;6
11118;162;214;247;land;false;hills;6
11119;218;80;168;land;true;plains;4
11120;17;202;89;land;true;mountain;5
11121;73;68;10;land;false;mountain;3
11122;128;189;187;land;false;jungle;3
11123;184;55;108;land;true;urban;6
11124;239;177;29;land;false;jungle;6
11125;39;42;206;land;false;hills;6
11126;94;164;127;land;false;jungle;3
11127;150;30;48;land;false;jungle;1
11128;205;151;225;land;false;plains;6
11129;5;17;146;land;false;desert;6
11130;60;139;67;land;true;mountain;3
11131;116;4;244;land;false;mountain;3
11132;171;126;165;land;false;jungle;3
11133;226;248;86;land;false;jungle;6
11134;26;114;7;land;false;plains;6
11135;81;235;184;land;false;plains;6
11136;137;101;105;land;true;jungle;5
11137;192;223;26;land;false;hills;5
11138;248;88;203;land;true;jungle;5
11139;47;210;124;land;false;jungle;3
11140;103;76;45;land;false;jungle;3
11141;158;197;222;land;false;jungle;6
11142;214;63;143;land;false;hills;6
11143;13;185;64;land;false;desert;6
11144;69;50;241;land;true;mountain;5
11145;124;172;162;land;true;urban;5
11146;180;38;83;land;false;hills;3
11147;235;160;4;land;true;jungle;6
11148;35;25;181;land;false;jungle;6
11149;90;147;102;land;false;jungle;6
11150;146;13;23;land;false;hills;6
11151;201;134;200;land;false;desert;6
11152;1;0;121;land;false;desert;6
11153;56;122;42;land;false;jungle;5
11154;111;243;219;land;false;hills;5
11155;167;109;140;land;false;jungle;3
11156;222;231;61;land;true;jungle;5
11157;22;96;238;land;false;mountain;3
11158;77;218;159;land;false;jungle;3
11159;133;84;80;land;false;jungle;3
11160;188;206;1;land;false;jungle;3
11161;244;71;178;land;false;jungle;6
11162;43;193;99;land;false;jungle;6
11163;99;59;20;land;false;hills;3
11164;154;180;197;land;false;jungle;3
11165;210;46;118;land;false;jungle;6
11166;9;168;39;land;false;jungle;6
11167;65;33;216;land;false;jungle;6
11168;120;155;137;land;false;jungle;6
11169;176;21;58;land;false;jungle;6
11170;231;142;235;land;false;hills;5
11171;31;8;156;land;false;mountain;3
11172;86;130;77;land;false;jungle;3
11173;141;251;254;land;false;jungle;1
11174;197;117;175;land;false;jungle;6
11175;252;239;96;land;false;hills;6
11176;52;105;17;land;false;desert;6
11177;107;226;194;land;true;desert;6
11178;163;92;115;land;true;jungle;5
11179;218;214;36;land;false;hills;5
11180;18;79;213;land;false;mountain;3
11181;73;201;134;land;false;jungle;3
11182;129;67;55;land;false;jungle;3
11183;184;188;232;land;false;jungle;6
11184;240;54;153;land;false;hills;6
11185;39;176;74;land;false;hills;6
11186;95;41;251;land;false;hills;6
11187;150;163;172;land;false;mountain;3
11188;206;29;93;land;false;jungle;3
11189;5;151;14;land;true;mountain;6
11190;61;16;191;land;false;jungle;6
11191;116;138;112;land;true;jungle;5
11192;172;4;33;land;false;urban;5
11193;227;125;210;land;true;jungle;5
11194;26;247;131;land;true;mountain;3
11195;82;113;52;land;false;urban;3
11196;137;234;229;land;false;jungle;6
11197;193;100;150;land;false;jungle;6
11198;248;222;71;land;false;plains;6
11199;48;87;248;land;false;jungle;6
11200;103;209;169;land;false;plains;6
11201;159;75;90;land;false;jungle;6
11202;214;197;11;land;false;jungle;6
11203;14;62;188;land;false;jungle;6
11204;69;184;109;land;false;hills;6
11205;125;50;30;land;false;plains;6
11206;180;171;207;land;false;hills;5
11207;236;37;128;land;false;jungle;5
11208;35;159;49;land;false;hills;3
11209;91;24;226;land;false;hills;6
11210;146;146;147;land;false;jungle;6
11211;202;12;68;land;false;hills;5
11212;1;133;245;land;false;mountain;3
11213;56;255;166;land;true;jungle;5
11214;112;121;87;land;false;mountain;3
11215;167;243;8;land;false;hills;3
11216;223;108;185;land;false;jungle;3
11217;22;230;106;land;false;jungle;3
11218;78;96;27;land;false;jungle;3
11219;133;217;204;land;false;jungle;6
11220;189;83;125;land;false;hills;6
11221;244;205;46;land;true;hills;5
11222;44;70;223;land;false;hills;5
11223;99;192;144;land;true;hills;3
11224;155;58;65;land;false;jungle;3
11225;210;179;242;land;false;jungle;3
11226;10;45;163;land;false;jungle;1
11227;65;167;84;land;false;jungle;6
11228;121;33;5;land;false;plains;6
11229;176;154;182;land;false;urban;6
11230;232;20;103;land;true;mountain;5
11231;31;142;24;land;true;jungle;5
11232;87;7;201;land;false;mountain;3
11233;142;129;122;land;false;jungle;3
11234;197;251;43;land;true;hills;6
11235;253;116;220;land;false;jungle;6
11236;52;238;141;land;false;plains;6
11237;108;104;62;land;false;hills;6
11238;163;225;239;land;false;plains;6
11239;219;91;160;land;false;desert;6
11240;18;213;81;land;true;desert;6
11241;74;79;2;land;true;jungle;5
11242;129;200;179;land;true;plains;3
11243;185;66;100;land;false;jungle;6
11244;240;188;21;land;false;jungle;6
11245;40;53;198;land;false;hills;6
11246;95;175;119;land;true;jungle;5
11247;151;41;40;land;false;mountain;3
11248;206;162;217;land;false;jungle;3
11249;6;28;138;land;false;jungle;6
11250;61;150;59;land;false;hills;6
11251;117;15;236;land;false;desert;6
11252;172;137;157;land;false;hills;5
11253;228;3;78;land;false;jungle;5
11254;27;124;255;land;true;jungle;5
11255;82;246;176;land;false;hills;3
11256;138;112;97;land;false;jungle;3
11257;193;234;18;land;false;jungle;6
11258;249;99;195;land;false;jungle;6
11259;48;221;116;land;false;jungle;6
11260;104;87;37;land;false;jungle;6
11261;159;208;214;land;false;desert;6
11262;215;74;135;land;true;jungle;5
11263;14;196;56;land;false;mountain;3
11264;70;61;233;land;false;jungle;6
11265;125;183;154;land;false;hills;6
11266;181;49;75;land;true;jungle;5
11267;236;170;252;land;true;jungle;5
11268;36;36;173;land;false;mountain;3
11269;91;158;94;land;false;jungle;3
11270;147;24;15;land;false;jungle;3
11271;202;145;192;land;false;jungle;6
11272;2;11;113;land;false;plains;6
11273;57;133;34;land;false;plains;6
11274;112;254;211;land;false;jungle;3
11275;168;120;132;land;false;jungle;6
11276;223;242;53;land;false;jungle;6
11277;23;107;230;land;false;plains;6
11278;78;229;151;land;false;jungle;3
11279;134;95;72;land;false;jungle;6
11280;189;216;249;land;false;hills;6
11281;245;82;170;land;true;jungle;5
11282;44;204;91;land;true;jungle;5
11283;100;70;12;land;true;jungle;3
11284;155;191;189;land;true;mountain;3
11285;211;57;110;land;false;jungle;6
11286;10;179;31;land;false;hills;6
11287;66;44;208;land;false;hills;5
11288;121;166;129;land;false;mountain;3
11289;177;32;50;land;false;jungle;3
11290;232;153;227;land;false;plains;6
11291;32;19;148;land;false;desert;6
11292;87;141;69;land;true;jungle;5
11293;143;6;246;land;true;jungle;5
11294;198;128;167;land;true;hills;5
11295;253;250;88;land;false;jungle;3
11296;53;116;9;land;false;jungle;3
11297;108;237;186;land;false;jungle;6
11298;164;103;107;land;false;plains;6
11299;219;225;28;land;false;hills;6
11300;19;90;205;land;true;mountain;5
11301;74;212;126;land;false;jungle;5
11302;130;78;47;land;false;hills;5
11303;185;199;224;land;false;jungle;3
11304;241;65;145;land;false;jungle;6
11305;40;187;66;land;false;jungle;6
11306;96;52;243;land;false;mountain;6
11307;151;174;164;land;false;hills;6
11308;207;40;85;land;false;mountain;5
11309;6;162;6;land;false;mountain;3
11310;62;27;183;land;false;jungle;6
11311;117;149;104;land;false;jungle;6
11312;173;15;25;land;true;jungle;5
11313;228;136;202;land;false;hills;3
11314;28;2;123;land;false;jungle;6
11315;83;124;44;land;true;plains;3
11316;138;245;221;land;true;hills;6
11317;194;111;142;land;false;jungle;6
11318;249;233;63;land;false;jungle;6
11319;49;98;240;land;false;hills;6
11320;104;220;161;land;false;jungle;5
11321;160;86;82;land;false;mountain;3
11322;215;208;3;land;false;mountain;3
11323;15;73;180;land;false;jungle;3
11324;70;195;101;land;false;jungle;3
11325;126;61;22;land;false;plains;6
11326;181;182;199;land;true;plains;6
11327;237;48;120;land;true;jungle;5
11328;36;170;41;land;true;plains;4
11329;92;35;218;land;false;mountain;3
11330;147;157;139;land;false;jungle;6
11331;203;23;60;land;false;jungle;6
11332;2;144;237;land;false;jungle;6
11333;58;10;158;land;false;jungle;6
11334;113;132;79;land;false;plains;6
11335;168;254;0;land;true;jungle;5
11336;224;119;177;land;true;hills;5
11337;23;241;98;land;false;jungle;3
11338;79;107;19;land;false;jungle;3
11339;134;228;196;land;false;hills;3
11340;190;94;117;land;false;jungle;6
11341;245;216;38;land;false;jungle;6
11342;45;81;215;land;false;plains;6
11343;100;203;136;land;false;hills;6
11344;156;69;57;land;true;mountain;5
11345;211;190;234;land;true;jungle;5
11346;11;56;155;land;false;hills;5
11347;66;178;76;land;false;mountain;3
11348;122;43;253;land;false;jungle;3
11349;177;165;174;land;false;plains;6
11350;233;31;95;land;true;jungle;5
11351;32;153;16;land;false;jungle;3
11352;88;18;193;land;false;jungle;6
11353;143;140;114;land;false;jungle;6
11354;199;6;35;land;false;mountain;6
11355;254;127;212;land;true;jungle;5
11356;53;249;133;land;false;jungle;3
11357;109;115;54;land;false;jungle;3
11358;164;236;231;land;false;jungle;6
11359;220;102;152;land;false;plains;6
11360;19;224;73;land;true;hills;5
11361;75;89;250;land;true;hills;3
11362;130;211;171;land;true;plains;6
11363;186;77;92;land;true;plains;3
11364;241;199;13;land;true;hills;6
11365;41;64;190;land;false;hills;6
11366;96;186;111;land;false;plains;6
11367;152;52;32;land;true;jungle;5
11368;207;173;209;land;true;hills;5
11369;7;39;130;land;false;jungle;3
11370;62;161;51;land;false;jungle;3
11371;118;26;228;land;false;jungle;3
11372;173;148;149;land;false;jungle;6
11373;229;14;70;land;false;hills;6
11374;28;135;247;land;false;hills;6
11375;84;1;168;land;false;mountain;3
11376;139;123;89;land;false;mountain;3
11377;194;245;10;land;false;hills;3
11378;250;110;187;land;false;jungle;3
11379;49;232;108;land;false;jungle;6
11380;105;98;29;land;false;jungle;6
11381;160;219;206;land;false;jungle;6
11382;216;85;127;land;false;mountain;6
11383;15;207;48;land;false;plains;6
11384;71;72;225;land;true;urban;5
11385;126;194;146;land;false;jungle;3
11386;182;60;67;land;false;jungle;6
11387;237;181;244;land;false;plains;6
11388;37;47;165;land;false;plains;6
11389;92;169;86;land;true;jungle;5
11390;148;35;7;land;false;jungle;3
11391;203;156;184;land;false;jungle;6
11392;3;22;105;land;false;hills;6
11393;58;144;26;land;false;plains;6
11394;114;9;203;land;true;plains;6
11395;169;131;124;land;true;jungle;5
11396;224;253;45;land;false;hills;5
11397;24;118;222;land;false;jungle;5
11398;79;240;143;land;false;hills;5
11399;135;106;64;land;false;hills;5
11400;190;227;241;land;false;jungle;3
11401;246;93;162;land;false;jungle;6
11402;45;215;83;land;false;plains;6
11403;101;81;4;land;false;mountain;6
11404;156;202;181;land;true;hills;5
11405;212;68;102;land;false;jungle;5
11406;11;190;23;land;true;jungle;3
11407;67;55;200;land;false;mountain;3
11408;122;177;121;land;false;jungle;3
11409;178;43;42;land;false;jungle;6
11410;233;164;219;land;false;jungle;6
11411;33;30;140;land;false;jungle;6
11412;88;152;61;land;false;plains;6
11413;144;17;238;land;false;mountain;6
11414;199;139;159;land;false;jungle;5
11415;255;5;80;land;false;hills;5
11416;54;127;1;land;false;jungle;3
11417;109;248;178;land;false;jungle;3
11418;165;114;99;land;false;jungle;6
11419;220;236;20;land;false;jungle;6
11420;20;101;197;land;false;jungle;6
11421;75;223;118;land;true;mountain;5
11422;131;89;39;land;false;mountain;3
11423;186;210;216;land;false;jungle;6
11424;242;76;137;land;false;mountain;6
11425;41;198;58;land;false;plains;6
11426;97;63;235;land;false;plains;6
11427;152;185;156;land;false;jungle;5
11428;208;51;77;land;true;jungle;5
11429;7;172;254;land;true;jungle;5
11430;63;38;175;land;false;jungle;3
11431;118;160;96;land;false;jungle;6
11432;174;26;17;land;true;jungle;5
11433;229;147;194;land;false;jungle;3
11434;29;13;115;land;false;jungle;3
11435;84;135;36;land;false;jungle;6
11436;140;0;213;land;false;jungle;6
11437;195;122;134;land;true;plains;6
11438;250;244;55;land;true;jungle;3
11439;50;109;232;land;false;jungle;3
11440;105;231;153;land;false;jungle;3
11441;161;97;74;land;true;jungle;6
11442;216;218;251;land;false;plains;6
11443;16;84;172;land;false;plains;6
11444;71;206;93;land;false;mountain;6
11445;127;72;14;land;false;hills;6
11446;182;193;191;land;false;jungle;5
11447;238;59;112;land;false;jungle;5
11448;37;181;33;land;true;hills;5
11449;93;46;210;land;false;hills;6
11450;148;168;131;land;false;mountain;6
11451;204;34;52;land;false;jungle;5
11452;3;155;229;land;false;mountain;3
11453;59;21;150;land;false;hills;3
11454;114;143;71;land;false;jungle;3
11455;170;8;248;land;false;jungle;6
11456;225;130;169;land;false;mountain;6
11457;24;252;90;land;false;hills;5
11458;80;118;11;land;false;jungle;3
11459;135;239;188;land;false;jungle;6
11460;191;105;109;land;false;jungle;6
11461;246;227;30;land;false;jungle;6
11462;46;92;207;land;false;jungle;6
11463;101;214;128;land;false;mountain;6
11464;157;80;49;land;false;plains;6
11465;212;201;226;land;false;plains;6
11466;12;67;147;land;false;mountain;3
11467;67;189;68;land;false;jungle;3
11468;123;54;245;land;false;jungle;6
11469;178;176;166;land;false;hills;6
11470;234;42;87;land;false;mountain;6
11471;33;164;8;land;false;plains;6
11472;89;29;185;land;false;hills;5
11473;144;151;106;land;false;jungle;3
11474;200;17;27;land;false;jungle;6
11475;255;138;204;land;false;mountain;6
11476;55;4;125;land;false;hills;6
11477;110;126;46;land;false;hills;6
11478;165;247;223;land;false;mountain;3
11479;221;113;144;land;false;jungle;3
11480;20;235;65;land;true;plains;3
11481;76;100;242;land;false;hills;6
11482;131;222;163;land;false;mountain;6
11483;187;88;84;land;false;jungle;5
11484;242;210;5;land;true;jungle;5
11485;42;75;182;land;false;hills;5
11486;97;197;103;land;false;jungle;5
11487;153;63;24;land;true;jungle;5
11488;208;184;201;land;true;jungle;3
11489;8;50;122;land;false;jungle;6
11490;63;172;43;land;false;jungle;6
11491;119;37;220;land;false;plains;6
11492;174;159;141;land;false;hills;6
11493;230;25;62;land;true;hills;5
11494;29;146;239;land;false;jungle;5
11495;85;12;160;land;true;jungle;5
11496;140;134;81;land;false;jungle;3
11497;196;0;2;land;true;hills;6
11498;251;121;179;land;false;jungle;6
11499;50;243;100;land;false;hills;6
11500;106;109;21;land;false;jungle;5
11501;161;230;198;land;false;jungle;3
11502;217;96;119;land;false;jungle;6
11503;16;218;40;land;false;jungle;6
11504;72;83;217;land;false;hills;6
11505;127;205;138;land;false;jungle;3
11506;183;71;59;land;true;jungle;3
11507;238;192;236;land;false;jungle;6
11508;38;58;157;land;false;jungle;6
11509;93;180;78;land;false;plains;6
11510;149;45;255;land;false;hills;5
11511;204;167;176;land;true;plains;3
11512;4;33;97;land;false;mountain;3
11513;59;155;18;land;false;jungle;6
11514;115;20;195;land;false;jungle;6
11515;170;142;116;land;false;plains;6
11516;226;8;37;land;true;hills;5
11517;25;129;214;land;false;jungle;3
11518;80;251;135;land;false;jungle;6
11519;136;117;56;land;true;jungle;5
11520;191;238;233;land;false;jungle;5
11521;247;104;154;land;true;hills;3
11522;46;226;75;land;false;urban;3
11523;102;91;252;land;false;mountain;3
11524;157;213;173;land;false;jungle;3
11525;213;79;94;land;false;jungle;3
11526;12;201;15;land;false;jungle;3
11527;68;66;192;land;false;jungle;6
11528;123;188;113;land;false;plains;6
11529;179;54;34;land;false;mountain;6
11530;234;175;211;land;false;mountain;6
11531;34;41;132;land;false;plains;6
11532;89;163;53;land;false;jungle;6
11533;145;28;230;land;false;hills;6
11534;200;150;151;land;false;hills;6
11535;0;16;72;land;false;mountain;6
11536;55;137;249;land;false;jungle;5
11537;111;3;170;land;false;mountain;3
11538;166;125;91;land;false;jungle;3
11539;221;247;12;land;false;jungle;3
11540;21;112;189;land;false;jungle;6
11541;76;234;110;land;false;jungle;6
11542;132;100;31;land;false;hills;6
11543;187;221;208;land;false;mountain;6
11544;243;87;129;land;false;jungle;5
11545;42;209;50;land;false;jungle;5
11546;98;74;227;land;true;mountain;5
11547;153;196;148;land;false;jungle;3
11548;209;62;69;land;false;jungle;6
11549;8;183;246;land;false;mountain;6
11550;64;49;167;land;false;plains;6
11551;119;171;88;land;false;jungle;5
11552;175;37;9;land;true;jungle;5
11553;230;158;186;land;true;jungle;5
11554;30;24;107;land;false;hills;3
11555;85;146;28;land;false;jungle;3
11556;141;11;205;land;false;jungle;6
11557;196;133;126;land;false;jungle;6
11558;251;255;47;land;false;hills;6
11559;51;120;224;land;false;jungle;5
11560;106;242;145;land;true;plains;3
11561;162;108;66;land;false;jungle;3
11562;217;229;243;land;false;jungle;3
11563;17;95;164;land;false;jungle;3
11564;72;217;85;land;true;plains;3
11565;128;83;6;land;false;jungle;6
11566;183;204;183;land;true;jungle;5
11567;239;70;104;land;true;jungle;5
11568;38;192;25;land;false;jungle;6
11569;94;57;202;land;false;hills;6
11570;149;179;123;land;false;hills;6
11571;205;45;44;land;false;mountain;6
11572;4;166;221;land;false;jungle;5
11573;60;32;142;land;true;plains;4
11574;115;154;63;land;false;plains;3
11575;171;19;240;land;false;jungle;6
11576;226;141;161;land;false;jungle;6
11577;26;7;82;land;false;hills;6
11578;81;129;3;land;false;hills;6
11579;136;250;180;land;true;hills;5
11580;192;116;101;land;false;mountain;3
11581;247;238;22;land;false;jungle;3
11582;47;103;199;land;true;plains;6
11583;102;225;120;land;false;plains;6
11584;158;91;41;land;true;mountain;5
11585;213;212;218;land;false;jungle;6
11586;13;78;139;land;false;jungle;6
11587;68;200;60;land;false;mountain;6
11588;124;65;237;land;true;plains;6
11589;179;187;158;land;true;mountain;5
11590;235;53;79;land;false;plains;3
11591;34;175;0;land;false;mountain;3
11592;90;40;177;land;false;jungle;3
11593;145;162;98;land;false;jungle;3
11594;201;28;19;land;true;jungle;3
11595;0;149;196;land;false;jungle;6
11596;56;15;117;land;false;hills;6
11597;111;137;38;land;false;plains;6
11598;167;2;215;land;false;jungle;3
11599;222;124;136;land;false;jungle;3
11600;21;246;57;land;true;plains;3
11601;77;111;234;land;false;jungle;6
11602;132;233;155;land;false;hills;6
11603;188;99;76;land;false;hills;6
11604;243;220;253;land;false;jungle;5
11605;43;86;174;land;true;mountain;5
11606;98;208;95;land;true;mountain;5
11607;154;74;16;land;false;plains;3
11608;209;195;193;land;false;mountain;3
11609;9;61;114;land;false;jungle;3
11610;64;183;35;land;false;jungle;3
11611;120;48;212;land;true;urban;3
11612;175;170;133;land;true;plains;3
11613;231;36;54;land;false;mountain;6
11614;30;157;231;land;false;hills;6
11615;86;23;152;land;true;jungle;5
11616;141;145;73;land;false;hills;6
11617;197;10;250;land;false;jungle;6
11618;252;132;171;land;true;jungle;5
11619;51;254;92;land;false;jungle;3
11620;107;120;13;land;false;jungle;3
11621;162;241;190;land;true;plains;3
11622;218;107;111;land;false;jungle;6
11623;17;229;32;land;false;hills;6
11624;73;94;209;land;false;hills;5
11625;128;216;130;land;true;jungle;5
11626;184;82;51;land;true;jungle;5
11627;239;203;228;land;false;jungle;3
11628;39;69;149;land;false;jungle;3
11629;94;191;70;land;false;hills;6
11630;150;56;247;land;false;mountain;6
11631;205;178;168;land;false;plains;6
11632;5;44;89;land;false;jungle;5
11633;60;166;10;land;true;plains;3
11634;116;31;187;land;false;jungle;3
11635;171;153;108;land;false;jungle;3
11636;227;19;29;land;true;plains;3
11637;26;140;206;land;false;jungle;6
11638;82;6;127;land;false;jungle;6
11639;137;128;48;land;false;hills;6
11640;192;249;225;land;false;jungle;5
11641;248;115;146;land;true;mountain;5
11642;47;237;67;land;true;mountain;5
11643;103;102;244;land;false;jungle;3
11644;158;224;165;land;false;jungle;6
11645;214;90;86;land;false;jungle;6
11646;13;212;7;land;false;jungle;6
11647;69;77;184;land;false;hills;6
11648;124;199;105;land;true;jungle;5
11649;180;65;26;land;false;mountain;3
11650;235;186;203;land;false;jungle;3
11651;35;52;124;land;false;hills;6
11652;90;174;45;land;true;jungle;5
11653;146;39;222;land;false;jungle;3
11654;201;161;143;land;false;jungle;3
11655;1;27;64;land;false;jungle;3
11656;56;148;241;land;true;plains;3
11657;112;14;162;land;false;jungle;6
11658;167;136;83;land;false;plains;3
11659;223;2;4;land;false;mountain;3
11660;22;123;181;land;false;jungle;3
11661;77;245;102;land;false;jungle;3
11662;133;111;23;land;false;jungle;3
11663;188;232;200;land;true;plains;3
11664;244;98;121;land;false;jungle;6
11665;43;220;42;land;false;jungle;6
11666;99;85;219;land;false;jungle;6
11667;154;207;140;land;false;jungle;6
11668;210;73;61;land;false;hills;6
11669;9;194;238;land;false;hills;6
11670;65;60;159;land;false;urban;6
11671;120;182;80;land;false;hills;6
11672;176;48;1;land;false;plains;6
11673;231;169;178;land;true;hills;5
11674;31;35;99;land;true;hills;5
11675;86;157;20;land;false;jungle;3
11676;142;22;197;land;false;jungle;3
11677;197;144;118;land;false;jungle;6
11678;253;10;39;land;false;jungle;6
11679;52;131;216;land;false;hills;6
11680;107;253;137;land;false;jungle;5
11681;163;119;58;land;false;jungle;3
11682;218;240;235;land;false;plains;3
11683;18;106;156;land;false;plains;3
11684;73;228;77;land;true;plains;3
11685;129;93;254;land;false;jungle;6
11686;184;215;175;land;false;hills;6
11687;240;81;96;land;false;mountain;6
11688;39;203;17;land;false;hills;6
11689;95;68;194;land;false;jungle;5
11690;150;190;115;land;true;jungle;5
11691;206;56;36;land;false;mountain;3
11692;5;177;213;land;false;jungle;3
11693;61;43;134;land;true;plains;3
11694;116;165;55;land;true;jungle;6
11695;172;30;232;land;false;jungle;6
11696;227;152;153;land;false;hills;6
11697;27;18;74;land;false;hills;6
11698;82;139;251;land;true;mountain;5
11699;138;5;172;land;false;jungle;5
11700;193;127;93;land;false;jungle;5
11701;248;249;14;land;false;jungle;3
11702;48;114;191;land;false;jungle;6
11703;103;236;112;land;false;hills;6
11704;159;102;33;land;false;hills;6
11705;214;223;210;land;true;jungle;5
11706;14;89;131;land;true;jungle;5
11707;69;211;52;land;true;hills;5
11708;125;76;229;land;false;jungle;3
11709;180;198;150;land;false;jungle;3
11710;236;64;71;land;false;jungle;3
11711;35;185;248;land;false;mountain;6
11712;91;51;169;land;false;hills;6
11713;146;173;90;land;false;plains;6
11714;202;39;11;land;true;jungle;5
11715;1;160;188;land;true;plains;3
11716;57;26;109;land;false;mountain;5
11717;112;148;30;land;true;hills;5
11718;168;13;207;land;true;hills;5
11719;223;135;128;land;false;mountain;3
11720;23;1;49;land;false;jungle;3
11721;78;122;226;land;false;plains;3
11722;133;244;147;land;false;plains;3
11723;189;110;68;land;false;jungle;6
11724;244;231;245;land;false;jungle;6
11725;44;97;166;land;false;hills;6
11726;99;219;87;land;false;hills;6
11727;155;85;8;land;false;plains;6
11728;210;206;185;land;false;jungle;5
11729;10;72;106;land;true;hills;5
11730;65;194;27;land;false;mountain;3
11731;121;59;204;land;false;jungle;3
11732;176;181;125;land;false;jungle;3
11733;232;47;46;land;false;jungle;6
11734;31;168;223;land;false;mountain;6
11735;87;34;144;land;true;plains;6
11736;142;156;65;land;false;jungle;5
11737;198;21;242;land;true;jungle;5
11738;253;143;163;land;false;jungle;3
11739;53;9;84;land;false;jungle;3
11740;108;131;5;land;false;plains;3
11741;163;252;182;land;false;jungle;6
11742;219;118;103;land;false;mountain;6
11743;18;240;24;land;true;jungle;5
11744;74;105;201;land;false;jungle;3
11745;129;227;122;land;false;jungle;6
11746;185;93;43;land;false;jungle;6
11747;240;214;220;land;false;jungle;6
11748;40;80;141;land;false;hills;6
11749;95;202;62;land;false;jungle;5
11750;151;67;239;land;true;mountain;5
11751;206;189;160;land;false;urban;3
11752;6;55;81;land;false;jungle;3
11753;61;177;2;land;false;plains;3
11754;117;42;179;land;false;jungle;6
11755;172;164;100;land;false;mountain;6
11756;228;30;21;land;false;hills;6
11757;27;151;198;land;false;hills;6
11758;83;17;119;land;false;jungle;3
11759;138;139;40;land;false;plains;3
11760;194;4;217;land;false;plains;3
11761;249;126;138;land;false;hills;6
11762;48;248;59;land;true;plains;4
11763;104;113;236;land;false;mountain;3
11764;159;235;157;land;false;jungle;3
11765;215;101;78;land;false;jungle;3
11766;14;222;255;land;false;jungle;6
11767;70;88;176;land;false;jungle;6
11768;125;210;97;land;false;hills;6
11769;181;76;18;land;true;plains;3
11770;236;197;195;land;false;jungle;3
11771;36;63;116;land;false;plains;3
11772;91;185;37;land;false;jungle;6
11773;147;50;214;land;false;jungle;6
11774;202;172;135;land;false;mountain;6
11775;2;38;56;land;false;jungle;3
11776;57;159;233;land;false;jungle;3
11777;113;25;154;land;true;plains;3
11778;168;147;75;land;false;hills;6
11779;224;12;252;land;false;hills;6
11780;23;134;173;land;false;hills;6
11781;79;0;94;land;false;hills;6
11782;134;122;15;land;true;plains;6
11783;189;243;192;land;true;jungle;5
11784;245;109;113;land;false;jungle;5
11785;44;231;34;land;true;hills;5
11786;100;96;211;land;true;hills;5
11787;155;218;132;land;false;mountain;3
11788;211;84;53;land;false;jungle;3
11789;10;205;230;land;false;jungle;3
11790;66;71;151;land;true;plains;3
11791;121;193;72;land;true;jungle;6
11792;177;58;249;land;false;jungle;6
11793;232;180;170;land;false;hills;6
11794;32;46;91;land;false;plains;6
11795;87;168;12;land;true;mountain;5
11796;143;33;189;land;true;hills;5
11797;198;155;110;land;true;hills;5
11798;254;21;31;land;true;jungle;5
11799;53;142;208;land;false;mountain;3
11800;109;8;129;land;false;jungle;3
11801;164;130;50;land;false;jungle;6
11802;219;251;227;land;false;jungle;6
11803;19;117;148;land;false;jungle;6
11804;74;239;69;land;false;jungle;3
11805;130;104;246;land;false;jungle;3
11806;185;226;167;land;false;jungle;6
11807;241;92;88;land;false;plains;6
11808;40;214;9;land;false;hills;6
11809;96;79;186;land;false;jungle;5
11810;151;201;107;land;true;jungle;5
11811;207;67;28;land;true;mountain;5
11812;6;188;205;land;true;plains;3
11813;62;54;126;land;false;jungle;3
11814;117;176;47;land;false;jungle;3
11815;173;41;224;land;false;jungle;3
11816;228;163;145;land;true;plains;3
11817;28;29;66;land;false;jungle;6
11818;83;150;243;land;false;mountain;6
11819;139;16;164;land;false;hills;6
11820;194;138;85;land;true;hills;5
11821;250;4;6;land;false;plains;3
11822;49;125;183;land;false;plains;3
11823;104;247;104;land;false;jungle;6
11824;160;113;25;land;false;hills;6
11825;215;234;202;land;true;jungle;5
11826;15;100;123;land;true;jungle;5
11827;70;222;44;land;false;plains;3
11828;126;87;221;land;true;plains;3
11829;181;209;142;land;false;mountain;6
11830;237;75;63;land;false;hills;6
11831;36;196;240;land;false;plains;6
11832;92;62;161;land;false;plains;6
11833;147;184;82;land;true;jungle;5
11834;203;50;3;land;true;hills;4
11835;2;171;180;land;false;jungle;3
11836;58;37;101;land;false;jungle;3
11837;113;159;22;land;false;jungle;3
11838;169;24;199;land;false;plains;3
11839;224;146;120;land;false;jungle;6
11840;24;12;41;land;false;jungle;6
11841;79;133;218;land;false;jungle;6
11842;134;255;139;land;false;hills;6
11843;190;121;60;land;true;jungle;5
11844;245;242;237;land;true;hills;4
11845;45;108;158;land;false;mountain;3
11846;100;230;79;land;false;jungle;3
11847;156;96;0;land;false;jungle;3
11848;211;217;177;land;false;jungle;3
11849;11;83;98;land;false;plains;3
11850;66;205;19;land;true;jungle;6
11851;122;70;196;land;false;hills;6
11852;177;192;117;land;false;hills;6
11853;233;58;38;land;false;hills;5
11854;32;179;215;land;false;jungle;5
11855;88;45;136;land;false;urban;5
11856;143;167;57;land;true;jungle;5
11857;199;32;234;land;true;mountain;5
11858;254;154;155;land;false;jungle;3
11859;54;20;76;land;false;jungle;3
11860;109;141;253;land;true;plains;3
11861;165;7;174;land;false;jungle;6
11862;220;129;95;land;false;jungle;6
11863;19;251;16;land;false;mountain;6
11864;75;116;193;land;true;mountain;5
11865;130;238;114;land;false;mountain;5
11866;186;104;35;land;false;jungle;3
11867;241;225;212;land;false;jungle;3
11868;41;91;133;land;true;plains;3
11869;96;213;54;land;true;plains;3
11870;152;78;231;land;false;jungle;6
11871;207;200;152;land;true;hills;5
11872;7;66;73;land;true;hills;5
11873;62;187;250;land;false;mountain;3
11874;118;53;171;land;false;jungle;3
11875;173;175;92;land;false;urban;3
11876;229;41;13;land;false;hills;6
11877;28;162;190;land;false;mountain;6
11878;84;28;111;land;false;mountain;6
11879;139;150;32;land;true;plains;6
11880;195;15;209;land;true;mountain;5
11881;250;137;130;land;false;jungle;3
11882;50;3;51;land;false;jungle;3
11883;105;124;228;land;false;jungle;3
11884;160;246;149;land;false;plains;3
11885;216;112;70;land;false;mountain;6
11886;15;233;247;land;false;plains;6
11887;71;99;168;land;false;hills;3
11888;126;221;89;land;true;plains;3
11889;182;87;10;land;false;jungle;6
11890;237;208;187;land;false;jungle;6
11891;37;74;108;land;false;hills;6
11892;92;196;29;land;false;mountain;6
11893;148;61;206;land;true;mountain;5
11894;203;183;127;land;true;jungle;5
11895;3;49;48;land;true;mountain;3
11896;58;170;225;land;false;jungle;3
11897;114;36;146;land;false;plains;3
11898;169;158;67;land;false;jungle;6
11899;225;23;244;land;true;mountain;5
11900;24;145;165;land;false;jungle;3
11901;80;11;86;land;false;jungle;6
11902;135;133;7;land;false;hills;6
11903;190;254;184;land;false;jungle;3
11904;246;120;105;land;false;jungle;3
11905;45;242;26;land;false;plains;3
11906;101;107;203;land;false;jungle;6
11907;156;229;124;land;false;plains;6
11908;212;95;45;land;false;hills;6
11909;11;216;222;land;true;plains;6
11910;67;82;143;land;false;jungle;3
11911;122;204;64;land;false;plains;3
11912;178;69;241;land;false;jungle;6
11913;233;191;162;land;false;jungle;6
11914;33;57;83;land;false;jungle;6
11915;88;179;4;land;false;hills;6
11916;144;44;181;land;false;plains;6
11917;199;166;102;land;false;plains;6
11918;255;32;23;land;false;mountain;5
11919;54;153;200;land;true;mountain;5
11920;110;19;121;land;false;jungle;3
11921;165;141;42;land;false;jungle;3
11922;221;6;219;land;false;jungle;3
11923;20;128;140;land;false;plains;3
11924;75;250;61;land;false;jungle;6
11925;131;115;238;land;false;jungle;6
11926;186;237;159;land;false;jungle;6
11927;242;103;80;land;true;mountain;4
11928;41;225;1;land;true;hills;4
11929;97;90;178;land;true;hills;3
11930;152;212;99;land;false;mountain;3
11931;208;78;20;land;false;jungle;3
11932;7;199;197;land;false;plains;3
11933;63;65;118;land;true;urban;3
11934;118;187;39;land;false;jungle;6
11935;174;52;216;land;false;jungle;6
11936;229;174;137;land;false;hills;6
11937;29;40;58;land;true;jungle;5
11938;84;161;235;land;false;jungle;3
11939;140;27;156;land;false;jungle;3
11940;195;149;77;land;false;plains;3
11941;251;14;254;land;false;hills;3
11942;50;136;175;land;false;jungle;6
11943;106;2;96;land;false;jungle;6
11944;161;124;17;land;false;jungle;5
11945;216;245;194;land;true;mountain;5
11946;16;111;115;land;false;mountain;3
11947;71;233;36;land;false;jungle;3
11948;127;98;213;land;false;plains;3
11949;182;220;134;land;true;jungle;6
11950;238;86;55;land;false;jungle;6
11951;37;207;232;land;false;jungle;6
11952;93;73;153;land;false;plains;6
11953;148;195;74;land;false;hills;6
11954;204;60;251;land;false;jungle;3
11955;3;182;172;land;false;jungle;3
11956;59;48;93;land;false;plains;3
11957;114;170;14;land;false;plains;3
11958;170;35;191;land;false;plains;3
11959;225;157;112;land;false;hills;6
11960;25;23;33;land;false;mountain;5
11961;80;144;210;land;false;jungle;3
11962;136;10;131;land;false;jungle;3
11963;191;132;52;land;false;hills;6
11964;246;253;229;land;true;jungle;5
11965;46;119;150;land;false;mountain;4
11966;101;241;71;land;false;jungle;3
11967;157;106;248;land;false;jungle;3
11968;212;228;169;land;false;jungle;3
11969;12;94;90;land;false;jungle;3
11970;67;216;11;land;false;jungle;3
11971;123;81;188;land;false;plains;3
11972;178;203;109;land;false;jungle;6
11973;234;69;30;land;false;plains;6
11974;33;190;207;land;false;plains;6
11975;89;56;128;land;false;hills;6
11976;144;178;49;land;true;jungle;5
11977;200;43;226;land;false;mountain;3
11978;255;165;147;land;false;jungle;3
11979;55;31;68;land;false;jungle;3
11980;110;152;245;land;false;jungle;3
11981;166;18;166;land;false;plains;3
11982;221;140;87;land;false;plains;3
11983;21;6;8;land;false;urban;6
11984;76;127;185;land;false;jungle;6
11985;131;249;106;land;true;mountain;5
11986;187;115;27;land;false;mountain;5
11987;242;236;204;land;false;plains;3
11988;42;102;125;land;false;jungle;6
11989;97;224;46;land;false;hills;6
11990;153;89;223;land;true;hills;6
11991;208;211;144;land;false;hills;5
11992;8;77;65;land;false;plains;3
11993;63;198;242;land;true;jungle;6
11994;119;64;163;land;false;jungle;6
11995;174;186;84;land;false;jungle;6
11996;230;52;5;land;false;jungle;6
11997;29;173;182;land;false;mountain;6
11998;85;39;103;land;true;plains;3
11999;140;161;24;land;false;jungle;6
12000;196;26;201;land;false;jungle;6
12001;251;148;122;land;false;plains;6
12002;51;14;43;land;false;plains;6
12003;106;135;220;land;true;mountain;5
12004;162;1;141;land;true;jungle;5
12005;217;123;62;land;true;mountain;4
12006;16;244;239;land;true;hills;3
12007;72;110;160;land;false;plains;3
12008;127;232;81;land;false;plains;3
12009;183;98;2;land;false;plains;3
12010;238;219;179;land;false;jungle;6
12011;38;85;100;land;false;jungle;6
12012;93;207;21;land;false;jungle;6
12013;149;72;198;land;false;jungle;6
12014;204;194;119;land;false;hills;3
12015;4;60;40;land;false;jungle;3
12016;59;181;217;land;false;jungle;3
12017;115;47;138;land;false;jungle;6
12018;170;169;59;land;false;jungle;6
12019;226;34;236;land;false;hills;6
12020;25;156;157;land;false;plains;6
12021;81;22;78;land;true;mountain;4
12022;136;143;255;land;false;mountain;3
12023;192;9;176;land;false;jungle;3
12024;247;131;97;land;false;jungle;3
12025;46;253;18;land;false;jungle;3
12026;102;118;195;land;false;plains;3
12027;157;240;116;land;false;plains;3
12028;213;106;37;land;false;jungle;6
12029;12;227;214;land;false;hills;6
12030;68;93;135;land;false;plains;6
12031;123;215;56;land;false;mountain;6
12032;179;80;233;land;false;jungle;5
12033;234;202;154;land;false;jungle;3
12034;34;68;75;land;false;jungle;3
12035;89;189;252;land;false;jungle;3
12036;145;55;173;land;false;plains;3
12037;200;177;94;land;false;plains;3
12038;0;43;15;land;true;plains;3
12039;55;164;192;land;false;jungle;6
12040;111;30;113;land;false;hills;6
12041;166;152;34;land;false;jungle;6
12042;222;17;211;land;false;jungle;6
12043;21;139;132;land;false;mountain;3
12044;77;5;53;land;false;jungle;3
12045;132;126;230;land;false;plains;3
12046;187;248;151;land;true;plains;6
12047;243;114;72;land;false;jungle;6
12048;42;235;249;land;true;plains;6
12049;98;101;170;land;true;hills;5
12050;153;223;91;land;false;jungle;3
12051;209;89;12;land;false;plains;3
12052;8;210;189;land;false;jungle;3
12053;64;76;110;land;false;plains;3
12054;119;198;31;land;false;jungle;6
12055;175;63;208;land;false;jungle;6
12056;230;185;129;land;false;plains;6
12057;30;51;50;land;false;jungle;3
12058;85;172;227;land;false;jungle;3
12059;141;38;148;land;false;jungle;3
12060;196;160;69;land;false;plains;3
12061;252;25;246;land;false;plains;3
12062;51;147;167;land;false;plains;3
12063;107;13;88;land;true;plains;6
12064;162;135;9;land;true;jungle;5
12065;218;0;186;land;false;mountain;3
12066;17;122;107;land;false;jungle;3
12067;72;244;28;land;false;jungle;6
12068;128;109;205;land;false;mountain;3
12069;183;231;126;land;false;hills;3
12070;239;97;47;land;false;hills;3
12071;38;218;224;land;false;jungle;3
12072;94;84;145;land;false;jungle;3
12073;149;206;66;land;false;jungle;3
12074;205;71;243;land;false;plains;3
12075;4;193;164;land;false;plains;3
12076;60;59;85;land;false;plains;3
12077;115;181;6;land;false;plains;3
12078;171;46;183;land;false;jungle;6
12079;226;168;104;land;false;hills;6
12080;26;34;25;land;false;plains;6
12081;81;155;202;land;false;jungle;5
12082;137;21;123;land;false;jungle;3
12083;192;143;44;land;false;jungle;3
12084;248;8;221;land;false;jungle;6
12085;47;130;142;land;false;hills;6
12086;102;252;63;land;true;hills;5
12087;158;117;240;land;true;mountain;4
12088;213;239;161;land;true;plains;3
12089;13;105;82;land;false;jungle;3
12090;68;227;3;land;false;plains;3
12091;124;92;180;land;true;plains;3
12092;179;214;101;land;false;hills;6
12093;235;80;22;land;false;jungle;6
12094;34;201;199;land;false;plains;6
12095;90;67;120;land;false;plains;6
12096;145;189;41;land;false;jungle;3
12097;201;54;218;land;false;jungle;6
12098;0;176;139;land;false;jungle;6
12099;56;42;60;land;false;jungle;6
12100;111;163;237;land;false;hills;6
12101;167;29;158;land;true;plains;6
12102;222;151;79;land;true;hills;4
12103;22;17;0;land;false;jungle;3
12104;77;138;177;land;false;plains;3
12105;133;4;98;land;false;jungle;6
12106;188;126;19;land;false;jungle;6
12107;243;247;196;land;false;hills;6
12108;43;113;117;land;true;hills;5
12109;98;235;38;land;false;mountain;4
12110;154;100;215;land;false;mountain;4
12111;209;222;136;land;false;mountain;3
12112;9;88;57;land;true;plains;3
12113;64;209;234;land;false;jungle;6
12114;120;75;155;land;false;jungle;6
12115;175;197;76;land;false;hills;6
12116;231;62;253;land;true;hills;4
12117;30;184;174;land;false;plains;3
12118;86;50;95;land;false;plains;3
12119;141;172;16;land;false;plains;3
12120;197;37;193;land;true;plains;3
12121;252;159;114;land;false;jungle;6
12122;52;25;35;land;false;jungle;6
12123;107;146;212;land;false;jungle;6
12124;163;12;133;land;false;jungle;6
12125;218;134;54;land;false;hills;6
12126;17;255;231;land;false;hills;6
12127;73;121;152;land;false;hills;6
12128;128;243;73;land;false;hills;6
12129;184;108;250;land;false;hills;4
12130;239;230;171;land;false;jungle;3
12131;39;96;92;land;false;jungle;3
12132;94;218;13;land;false;plains;3
12133;150;83;190;land;false;plains;3
12134;205;205;111;land;false;jungle;6
12135;5;71;32;land;false;hills;6
12136;60;192;209;land;true;jungle;5
12137;116;58;130;land;false;jungle;5
12138;171;180;51;land;false;jungle;3
12139;227;45;228;land;false;plains;3
12140;26;167;149;land;false;jungle;6
12141;82;33;70;land;false;jungle;6
12142;137;154;247;land;false;plains;6
12143;193;20;168;land;false;mountain;4
12144;248;142;89;land;false;plains;3
12145;48;8;10;land;false;plains;3
12146;103;129;187;land;false;plains;3
12147;158;251;108;land;false;plains;3
12148;214;117;29;land;false;hills;6
12149;13;238;206;land;false;hills;6
12150;69;104;127;land;true;plains;6
12151;124;226;48;land;true;jungle;5
12152;180;91;225;land;true;jungle;5
12153;235;213;146;land;true;jungle;5
12154;35;79;67;land;false;jungle;3
12155;90;200;244;land;true;plains;6
12156;146;66;165;land;true;jungle;5
12157;201;188;86;land;false;mountain;3
12158;1;54;7;land;false;jungle;3
12159;56;175;184;land;false;jungle;3
12160;112;41;105;land;false;plains;3
12161;167;163;26;land;false;jungle;3
12162;223;28;203;land;false;jungle;3
12163;22;150;124;land;false;jungle;6
12164;78;16;45;land;false;hills;6
12165;133;137;222;land;false;mountain;3
12166;189;3;143;land;false;jungle;3
12167;244;125;64;land;false;jungle;3
12168;43;246;241;land;false;plains;3
12169;99;112;162;land;false;plains;6
12170;154;234;83;land;true;plains;3
12171;210;100;4;land;false;jungle;3
12172;9;221;181;land;false;jungle;3
12173;65;87;102;land;false;plains;3
12174;120;209;23;land;false;plains;3
12175;176;74;200;land;false;jungle;6
12176;231;196;121;land;false;jungle;6
12177;31;62;42;land;true;plains;3
12178;86;183;219;land;true;plains;3
12179;142;49;140;land;false;jungle;6
12180;197;171;61;land;false;hills;6
12181;253;36;238;land;false;mountain;3
12182;52;158;159;land;false;jungle;3
12183;108;24;80;land;false;jungle;3
12184;163;146;1;land;false;jungle;3
12185;219;11;178;land;false;plains;3
12186;18;133;99;land;false;jungle;6
12187;73;255;20;land;false;plains;6
12188;129;120;197;land;true;plains;6
12189;184;242;118;land;false;jungle;3
12190;240;108;39;land;false;jungle;3
12191;39;229;216;land;false;plains;3
12192;95;95;137;land;false;plains;3
12193;150;217;58;land;false;jungle;6
12194;206;82;235;land;false;mountain;4
12195;5;204;156;land;true;mountain;4
12196;61;70;77;land;false;mountain;3
12197;116;191;254;land;true;plains;6
12198;172;57;175;land;false;plains;6
12199;227;179;96;land;false;plains;6
12200;27;45;17;land;false;hills;6
12201;82;166;194;land;false;jungle;6
12202;138;32;115;land;false;jungle;6
12203;193;154;36;land;false;plains;6
12204;249;19;213;land;false;hills;6
12205;48;141;134;land;false;hills;6
12206;104;7;55;land;true;jungle;5
12207;159;128;232;land;false;jungle;4
12208;214;250;153;land;false;mountain;3
12209;14;116;74;land;false;hills;3
12210;69;237;251;land;false;plains;3
12211;125;103;172;land;false;plains;3
12212;180;225;93;land;false;jungle;6
12213;236;91;14;land;false;jungle;6
12214;35;212;191;land;false;jungle;6
12215;91;78;112;land;false;jungle;6
12216;146;200;33;land;false;hills;6
12217;202;65;210;land;false;plains;6
12218;1;187;131;land;true;plains;6
12219;57;53;52;land;true;hills;5
12220;112;174;229;land;false;mountain;4
12221;168;40;150;land;true;mountain;4
12222;223;162;71;land;false;jungle;3
12223;23;27;248;land;false;plains;3
12224;78;149;169;land;false;hills;6
12225;134;15;90;land;false;mountain;4
12226;189;137;11;land;false;jungle;3
12227;245;2;188;land;false;plains;6
12228;44;124;109;land;true;urban;5
12229;99;246;30;land;false;jungle;3
12230;155;111;207;land;false;hills;3
12231;210;233;128;land;false;jungle;3
12232;10;99;49;land;false;jungle;3
12233;65;220;226;land;false;jungle;3
12234;121;86;147;land;false;plains;3
12235;176;208;68;land;false;plains;3
12236;232;73;245;land;false;plains;3
12237;31;195;166;land;false;plains;3
12238;87;61;87;land;false;jungle;6
12239;142;183;8;land;false;hills;6
12240;198;48;185;land;true;hills;5
12241;253;170;106;land;false;mountain;3
12242;53;36;27;land;false;jungle;3
12243;108;157;204;land;false;plains;3
12244;164;23;125;land;false;hills;6
12245;219;145;46;land;false;plains;6
12246;19;10;223;land;false;hills;6
12247;74;132;144;land;true;jungle;5
12248;129;254;65;land;false;mountain;3
12249;185;119;242;land;false;jungle;3
12250;240;241;163;land;false;jungle;6
12251;40;107;84;land;true;plains;5
12252;95;229;5;land;false;jungle;3
12253;151;94;182;land;false;plains;3
12254;206;216;103;land;false;jungle;6
12255;6;82;24;land;true;plains;6
12256;61;203;201;land;false;hills;5
12257;117;69;122;land;true;jungle;5
12258;172;191;43;land;true;hills;3
12259;228;56;220;land;false;plains;3
12260;27;178;141;land;true;plains;6
12261;83;44;62;land;false;plains;6
12262;138;165;239;land;false;hills;6
12263;194;31;160;land;false;hills;6
12264;249;153;81;land;true;hills;5
12265;49;19;2;land;true;hills;5
12266;104;140;179;land;false;jungle;3
12267;160;6;100;land;false;jungle;3
12268;215;128;21;land;false;plains;3
12269;14;249;198;land;false;plains;3
12270;70;115;119;land;false;plains;3
12271;125;237;40;land;false;hills;6
12272;181;102;217;land;true;hills;5
12273;236;224;138;land;true;jungle;5
12274;36;90;59;land;true;plains;3
12275;91;211;236;land;false;plains;6
12276;147;77;157;land;false;jungle;6
12277;202;199;78;land;false;hills;6
12278;2;64;255;land;true;urban;6
12279;57;186;176;land;true;plains;4
12280;113;52;97;land;false;mountain;3
12281;168;174;18;land;false;jungle;3
12282;224;39;195;land;false;plains;3
12283;23;161;116;land;false;plains;6
12284;79;27;37;land;true;jungle;5
12285;134;148;214;land;false;jungle;4
12286;190;14;135;land;false;jungle;3
12287;245;136;56;land;false;plains;3
12288;45;1;233;land;false;plains;3
12289;100;123;154;land;false;hills;6
12290;155;245;75;land;false;jungle;6
12291;211;110;252;land;false;hills;6
12292;10;232;173;land;false;urban;5
12293;66;98;94;land;false;mountain;3
12294;121;220;15;land;false;jungle;3
12295;177;85;192;land;false;jungle;3
12296;232;207;113;land;false;hills;6
12297;32;73;34;land;true;hills;5
12298;87;194;211;land;true;hills;5
12299;143;60;132;land;true;urban;5
12300;198;182;53;land;true;jungle;5
12301;254;47;230;land;true;jungle;4
12302;53;169;151;land;false;hills;3
12303;109;35;72;land;false;jungle;3
12304;164;156;249;land;false;jungle;3
12305;220;22;170;land;false;jungle;3
12306;19;144;91;land;false;plains;3
12307;75;10;12;land;false;jungle;6
12308;130;131;189;land;false;jungle;6
12309;185;253;110;land;false;plains;6
12310;241;119;31;land;false;hills;6
12311;40;240;208;land;true;mountain;5
12312;96;106;129;land;true;urban;5
12313;151;228;50;land;true;jungle;5
12314;207;93;227;land;true;hills;4
12315;6;215;148;land;false;plains;3
12316;62;81;69;land;false;plains;3
12317;117;202;246;land;false;hills;6
12318;173;68;167;land;false;hills;6
12319;228;190;88;land;false;hills;6
12320;28;56;9;land;false;hills;6
12321;83;177;186;land;false;hills;5
12322;139;43;107;land;true;jungle;5
12323;194;165;28;land;true;mountain;4
12324;250;30;205;land;false;mountain;3
12325;49;152;126;land;false;jungle;3
12326;105;18;47;land;false;plains;3
12327;160;139;224;land;false;hills;6
12328;216;5;145;land;true;mountain;5
12329;15;127;66;land;true;jungle;5
12330;70;248;243;land;true;hills;3
12331;126;114;164;land;false;hills;3
12332;181;236;85;land;false;jungle;3
12333;237;102;6;land;false;plains;3
12334;36;223;183;land;true;plains;3
12335;92;89;104;land;true;plains;6
12336;147;211;25;land;false;plains;6
12337;203;76;202;land;false;jungle;6
12338;2;198;123;land;false;jungle;6
12339;58;64;44;land;false;hills;6
12340;113;185;221;land;false;hills;6
12341;169;51;142;land;true;plains;6
12342;224;173;63;land;false;hills;5
12343;24;38;240;land;false;mountain;3
12344;79;160;161;land;false;jungle;3
12345;135;26;82;land;false;jungle;3
12346;190;148;3;land;false;hills;5
12347;246;13;180;land;false;plains;3
12348;45;135;101;land;false;plains;6
12349;101;1;22;land;true;jungle;5
12350;156;122;199;land;false;jungle;3
12351;211;244;120;land;false;jungle;3
12352;11;110;41;land;false;hills;6
12353;66;231;218;land;false;plains;6
12354;122;97;139;land;false;mountain;6
12355;177;219;60;land;false;plains;6
12356;233;84;237;land;true;hills;5
12357;32;206;158;land;true;plains;5
12358;88;72;79;land;true;hills;5
12359;143;194;0;land;false;jungle;3
12360;199;59;177;land;false;plains;3
12361;254;181;98;land;false;plains;3
12362;54;47;19;land;false;plains;3
12363;109;168;196;land;false;plains;3
12364;165;34;117;land;false;plains;3
12365;220;156;38;land;false;hills;6
12366;20;21;215;land;true;hills;5
12367;75;143;136;land;false;jungle;3
12368;131;9;57;land;false;plains;3
12369;186;130;234;land;true;urban;3
12370;241;252;155;land;false;hills;6
12371;41;118;76;land;false;mountain;6
12372;96;239;253;land;false;hills;5
12373;152;105;174;land;true;plains;4
12374;207;227;95;land;false;plains;3
12375;7;93;16;land;false;plains;3
12376;62;214;193;land;false;plains;6
12377;118;80;114;land;true;mountain;3
12378;173;202;35;land;false;jungle;3
12379;229;67;212;land;false;plains;3
12380;28;189;133;land;true;hills;5
12381;84;55;54;land;true;jungle;4
12382;139;176;231;land;false;plains;3
12383;195;42;152;land;true;plains;6
12384;250;164;73;land;false;hills;6
12385;50;29;250;land;false;mountain;6
12386;105;151;171;land;false;plains;6
12387;161;17;92;land;true;hills;5
12388;216;139;13;land;true;mountain;5
12389;16;4;190;land;false;jungle;3
12390;71;126;111;land;false;jungle;3
12391;126;248;32;land;false;jungle;3
12392;182;113;209;land;false;plains;3
12393;237;235;130;land;false;plains;3
12394;37;101;51;land;false;plains;6
12395;92;222;228;land;false;hills;6
12396;148;88;149;land;true;mountain;5
12397;203;210;70;land;false;jungle;3
12398;3;75;247;land;false;jungle;3
12399;58;197;168;land;false;jungle;3
12400;114;63;89;land;true;plains;6
12401;169;185;10;land;true;mountain;5
12402;225;50;187;land;true;mountain;4
12403;24;172;108;land;false;jungle;3
12404;80;38;29;land;false;hills;6
12405;135;159;206;land;true;hills;5
12406;191;25;127;land;true;hills;5
12407;246;147;48;land;true;hills;5
12408;46;12;225;land;true;jungle;4
12409;101;134;146;land;false;mountain;3
12410;157;0;67;land;false;jungle;3
12411;212;121;244;land;false;plains;3
12412;11;243;165;land;false;plains;3
12413;67;109;86;land;false;plains;6
12414;122;231;7;land;false;plains;6
12415;178;96;184;land;false;hills;6
12416;233;218;105;land;false;hills;6
12417;33;84;26;land;false;mountain;6
12418;88;205;203;land;true;plains;4
12419;144;71;124;land;false;plains;3
12420;199;193;45;land;false;hills;6
12421;255;58;222;land;false;hills;6
12422;54;180;143;land;false;jungle;3
12423;110;46;64;land;false;jungle;3
12424;165;167;241;land;false;jungle;3
12425;221;33;162;land;false;jungle;3
12426;20;155;83;land;false;jungle;3
12427;76;21;4;land;false;hills;3
12428;131;142;181;land;false;plains;6
12429;187;8;102;land;false;plains;6
12430;242;130;23;land;true;mountain;4
12431;41;251;200;land;false;hills;3
12432;97;117;121;land;false;plains;3
12433;152;239;42;land;false;hills;6
12434;208;104;219;land;false;plains;6
12435;7;226;140;land;true;hills;5
12436;63;92;61;land;true;hills;5
12437;118;213;238;land;true;hills;5
12438;174;79;159;land;true;hills;5
12439;229;201;80;land;true;mountain;3
12440;29;67;1;land;false;mountain;3
12441;84;188;178;land;false;plains;3
12442;140;54;99;land;false;plains;3
12443;195;176;20;land;false;plains;3
12444;251;41;197;land;true;plains;3
12445;50;163;118;land;false;hills;6
12446;106;29;39;land;false;hills;6
12447;161;150;216;land;true;hills;5
12448;217;16;137;land;false;jungle;3
12449;16;138;58;land;false;jungle;3
12450;72;3;235;land;false;jungle;3
12451;127;125;156;land;false;jungle;3
12452;182;247;77;land;false;hills;6
12453;238;112;254;land;false;hills;6
12454;37;234;175;land;true;mountain;5
12455;93;100;96;land;true;hills;5
12456;148;222;17;land;true;plains;4
12457;204;87;194;land;false;plains;3
12458;3;209;115;land;false;plains;3
12459;59;75;36;land;false;hills;6
12460;114;196;213;land;false;plains;6
12461;170;62;134;land;false;plains;6
12462;225;184;55;land;false;hills;6
12463;25;49;232;land;true;plains;6
12464;80;171;153;land;true;hills;5
12465;136;37;74;land;true;plains;4
12466;191;158;251;land;false;mountain;3
12467;247;24;172;land;false;jungle;3
12468;46;146;93;land;false;hills;6
12469;102;12;14;land;false;hills;6
12470;157;133;191;land;false;hills;6
12471;212;255;112;land;false;plains;3
12472;12;121;33;land;false;mountain;3
12473;67;242;210;land;false;jungle;3
12474;123;108;131;land;false;plains;3
12475;178;230;52;land;false;plains;6
12476;234;95;229;land;false;hills;3
12477;33;217;150;land;false;plains;3
12478;89;83;71;land;false;plains;3
12479;144;204;248;land;true;urban;6
12480;200;70;169;land;false;hills;6
12481;255;192;90;land;false;mountain;6
12482;55;58;11;land;false;jungle;3
12483;110;179;188;land;false;plains;3
12484;166;45;109;land;false;hills;6
12485;221;167;30;land;false;mountain;6
12486;21;32;207;land;false;hills;6
12487;76;154;128;land;true;mountain;3
12488;132;20;49;land;false;mountain;3
12489;187;141;226;land;false;jungle;3
12490;243;7;147;land;false;jungle;3
12491;42;129;68;land;false;plains;3
12492;97;250;245;land;true;plains;6
12493;153;116;166;land;false;plains;6
12494;208;238;87;land;false;plains;6
12495;8;104;8;land;false;plains;6
12496;63;225;185;land;true;mountain;4
12497;119;91;106;land;false;jungle;3
12498;174;213;27;land;false;jungle;3
12499;230;78;204;land;false;plains;3
12500;29;200;125;land;false;hills;6
12501;85;66;46;land;false;plains;6
12502;140;187;223;land;false;plains;3
12503;196;53;144;land;true;plains;3
12504;251;175;65;land;false;plains;6
12505;51;40;242;land;false;jungle;3
12506;106;162;163;land;false;jungle;3
12507;162;28;84;land;false;plains;6
12508;217;150;5;land;false;hills;3
12509;17;15;182;land;false;jungle;3
12510;72;137;103;land;false;jungle;3
12511;128;3;24;land;false;jungle;3
12512;183;124;201;land;false;plains;3
12513;238;246;122;land;true;plains;3
12514;38;112;43;land;false;hills;6
12515;93;233;220;land;true;hills;5
12516;149;99;141;land;false;mountain;3
12517;204;221;62;land;false;hills;6
12518;4;86;239;land;false;jungle;3
12519;59;208;160;land;false;plains;6
12520;115;74;81;land;false;mountain;3
12521;170;196;2;land;false;plains;3
12522;226;61;179;land;false;plains;3
12523;25;183;100;land;false;plains;6
12524;81;49;21;land;false;hills;6
12525;136;170;198;land;true;hills;4
12526;192;36;119;land;false;jungle;3
12527;247;158;40;land;false;plains;3
12528;47;23;217;land;true;hills;4
12529;102;145;138;land;true;hills;4
12530;158;11;59;land;false;jungle;3
12531;213;132;236;land;false;plains;3
12532;12;254;157;land;false;hills;6
12533;68;120;78;land;false;hills;6
12534;123;241;255;land;false;plains;6
12535;179;107;176;land;true;plains;6
12536;234;229;97;land;true;hills;5
12537;34;95;18;land;false;plains;6
12538;89;216;195;land;false;hills;6
12539;145;82;116;land;false;mountain;6
12540;200;204;37;land;false;mountain;3
12541;0;69;214;land;false;jungle;3
12542;55;191;135;land;false;jungle;3
12543;111;57;56;land;false;jungle;3
12544;166;178;233;land;false;plains;3
12545;222;44;154;land;false;plains;3
12546;21;166;75;land;false;hills;6
12547;77;31;252;land;false;hills;6
12548;132;153;173;land;true;hills;5
12549;188;19;94;land;true;mountain;3
12550;243;141;15;land;false;plains;3
12551;43;6;192;land;false;jungle;3
12552;98;128;113;land;false;jungle;3
12553;153;250;34;land;false;plains;3
12554;209;115;211;land;false;plains;3
12555;8;237;132;land;false;hills;6
12556;64;103;53;land;false;hills;6
12557;119;224;230;land;true;mountain;4
12558;175;90;151;land;false;hills;3
12559;230;212;72;land;false;jungle;3
12560;30;77;249;land;false;jungle;3
12561;85;199;170;land;false;jungle;3
12562;141;65;91;land;false;jungle;3
12563;196;187;12;land;false;jungle;3
12564;252;52;189;land;false;plains;3
12565;51;174;110;land;true;hills;6
12566;107;40;31;land;false;plains;6
12567;162;161;208;land;false;plains;6
12568;218;27;129;land;false;hills;6
12569;17;149;50;land;false;jungle;3
12570;73;14;227;land;false;jungle;3
12571;128;136;148;land;true;plains;3
12572;184;2;69;land;false;hills;6
12573;239;123;246;land;false;mountain;3
12574;38;245;167;land;false;jungle;3
12575;94;111;88;land;false;plains;6
12576;149;233;9;land;false;plains;6
12577;205;98;186;land;false;hills;6
12578;4;220;107;land;false;jungle;3
12579;60;86;28;land;false;hills;6
12580;115;207;205;land;false;plains;6
12581;171;73;126;land;false;mountain;3
12582;226;195;47;land;false;jungle;3
12583;26;60;224;land;false;plains;3
12584;81;182;145;land;false;mountain;3
12585;137;48;66;land;false;jungle;3
12586;192;169;243;land;false;jungle;3
12587;248;35;164;land;true;plains;3
12588;47;157;85;land;false;hills;6
12589;103;23;6;land;false;plains;3
12590;158;144;183;land;false;hills;6
12591;214;10;104;land;false;plains;6
12592;13;132;25;land;false;jungle;3
12593;68;253;202;land;false;jungle;3
12594;124;119;123;land;false;hills;3
12595;179;241;44;land;false;plains;6
12596;235;106;221;land;false;hills;6
12597;34;228;142;land;false;jungle;3
12598;90;94;63;land;false;plains;3
12599;145;215;240;land;false;plains;6
12600;201;81;161;land;true;plains;6
12601;0;203;82;land;false;jungle;3
12602;56;69;3;land;false;plains;3
12603;111;190;180;land;false;plains;3
12604;167;56;101;land;true;plains;4
12605;222;178;22;land;true;mountain;3
12606;22;43;199;land;false;mountain;3
12607;77;165;120;land;false;mountain;3
12608;133;31;41;land;false;jungle;3
12609;188;152;218;land;true;plains;3
12610;244;18;139;land;false;plains;6
12611;43;140;60;land;false;hills;6
12612;99;5;237;land;false;plains;6
12613;154;127;158;land;false;jungle;3
12614;209;249;79;land;true;hills;6
12615;9;115;0;land;false;hills;6
12616;64;236;177;land;false;jungle;3
12617;120;102;98;land;false;plains;3
12618;175;224;19;land;false;plains;6
12619;231;89;196;land;false;hills;6
12620;30;211;117;land;false;plains;6
12621;86;77;38;land;false;jungle;3
12622;141;198;215;land;false;plains;6
12623;197;64;136;land;false;hills;6
12624;252;186;57;land;true;plains;6
12625;52;51;234;land;false;jungle;3
12626;107;173;155;land;false;hills;6
12627;163;39;76;land;false;jungle;3
12628;218;160;253;land;false;jungle;3
12629;18;26;174;land;false;jungle;3
12630;73;148;95;land;false;plains;3
12631;129;14;16;land;false;plains;3
12632;184;135;193;land;false;plains;6
12633;240;1;114;land;false;plains;3
12634;39;123;35;land;false;plains;3
12635;94;244;212;land;false;hills;6
12636;150;110;133;land;false;plains;6
12637;205;232;54;land;false;hills;6
12638;5;97;231;land;true;jungle;4
12639;60;219;152;land;false;mountain;3
12640;116;85;73;land;false;mountain;3
12641;171;206;250;land;true;plains;3
12642;227;72;171;land;false;hills;6
12643;26;194;92;land;false;plains;6
12644;82;60;13;land;false;mountain;3
12645;137;181;190;land;false;plains;3
12646;193;47;111;land;false;mountain;3
12647;248;169;32;land;false;hills;6
12648;48;34;209;land;false;plains;6
12649;103;156;130;land;false;hills;6
12650;159;22;51;land;true;mountain;3
12651;214;143;228;land;false;hills;3
12652;14;9;149;land;false;jungle;3
12653;69;131;70;land;false;jungle;3
12654;124;252;247;land;false;jungle;3
12655;180;118;168;land;false;plains;3
12656;235;240;89;land;false;plains;3
12657;35;106;10;land;false;plains;6
12658;90;227;187;land;false;mountain;3
12659;146;93;108;land;false;jungle;3
12660;201;215;29;land;false;jungle;3
12661;1;80;206;land;false;hills;6
12662;56;202;127;land;false;plains;6
12663;112;68;48;land;true;plains;4
12664;167;189;225;land;false;jungle;3
12665;223;55;146;land;true;mountain;6
12666;22;177;67;land;false;hills;6
12667;78;42;244;land;false;plains;6
12668;133;164;165;land;false;jungle;3
12669;189;30;86;land;false;plains;3
12670;244;152;7;land;true;plains;4
12671;44;17;184;land;true;plains;4
12672;99;139;105;land;false;hills;3
12673;155;5;26;land;false;hills;6
12674;210;126;203;land;false;plains;6
12675;9;248;124;land;false;jungle;3
12676;65;114;45;land;false;jungle;3
12677;120;235;222;land;false;plains;3
12678;176;101;143;land;true;plains;3
12679;231;223;64;land;false;hills;6
12680;31;88;241;land;false;plains;6
12681;86;210;162;land;false;hills;6
12682;142;76;83;land;false;jungle;3
12683;197;198;4;land;false;hills;3
12684;253;63;181;land;false;hills;6
12685;52;185;102;land;false;plains;6
12686;108;51;23;land;false;mountain;3
12687;163;172;200;land;false;jungle;3
12688;219;38;121;land;false;hills;3
12689;18;160;42;land;false;hills;6
12690;74;25;219;land;false;hills;6
12691;129;147;140;land;false;hills;6
12692;185;13;61;land;true;hills;6
12693;240;134;238;land;false;jungle;3
12694;40;0;159;land;false;jungle;3
12695;95;122;80;land;false;hills;6
12696;150;244;1;land;false;plains;6
12697;206;109;178;land;false;mountain;3
12698;5;231;99;land;false;jungle;3
12699;61;97;20;land;false;jungle;3
12700;116;218;197;land;false;jungle;3
12701;172;84;118;land;false;plains;3
12702;227;206;39;land;false;hills;6
12703;27;71;216;land;false;hills;6
12704;82;193;137;land;true;plains;4
12705;138;59;58;land;true;urban;3
12706;193;180;235;land;false;mountain;3
12707;249;46;156;land;false;mountain;3
12708;48;168;77;land;false;jungle;3
12709;104;33;254;land;false;jungle;3
12710;159;155;175;land;false;hills;6
12711;215;21;96;land;false;plains;6
12712;14;143;17;land;false;mountain;3
12713;70;8;194;land;false;mountain;3
12714;125;130;115;land;false;plains;3
12715;180;252;36;land;false;plains;6
12716;236;117;213;land;false;hills;6
12717;35;239;134;land;false;plains;6
12718;91;105;55;land;false;hills;6
12719;146;226;232;land;false;plains;6
12720;202;92;153;land;true;plains;4
12721;1;214;74;land;false;jungle;3
12722;57;79;251;land;true;hills;6
12723;112;201;172;land;false;hills;6
12724;168;67;93;land;false;plains;6
12725;223;189;14;land;true;plains;6
12726;23;54;191;land;false;hills;3
12727;78;176;112;land;false;jungle;3
12728;134;42;33;land;false;jungle;3
12729;189;163;210;land;false;hills;6
12730;245;29;131;land;false;hills;6
12731;44;151;52;land;false;plains;6
12732;100;16;229;land;false;jungle;3
12733;155;138;150;land;false;hills;6
12734;211;4;71;land;false;hills;6
12735;10;125;248;land;true;plains;4
12736;65;247;169;land;false;mountain;3
12737;121;113;90;land;false;jungle;3
12738;176;235;11;land;false;jungle;3
12739;232;100;188;land;false;jungle;3
12740;31;222;109;land;true;jungle;3
12741;87;88;30;land;true;hills;6
12742;142;209;207;land;false;jungle;3
12743;198;75;128;land;false;jungle;3
12744;253;197;49;land;false;jungle;3
12745;53;62;226;land;false;plains;6
12746;108;184;147;land;true;plains;4
12747;164;50;68;land;false;mountain;3
12748;219;171;245;land;false;mountain;3
12749;19;37;166;land;false;jungle;3
12750;74;159;87;land;false;jungle;3
12751;130;25;8;land;false;plains;6
12752;185;146;185;land;false;jungle;3
12753;241;12;106;land;false;jungle;3
12754;40;134;27;land;false;plains;6
12755;95;255;204;land;false;plains;6
12756;151;121;125;land;false;mountain;3
12757;206;243;46;land;false;plains;6
12758;6;108;223;land;false;plains;6
12759;61;230;144;land;false;plains;6
12760;117;96;65;land;false;plains;6
12761;172;217;242;land;false;hills;6
12762;228;83;163;land;true;plains;4
12763;27;205;84;land;false;jungle;3
12764;83;71;5;land;false;plains;3
12765;138;192;182;land;false;jungle;3
12766;194;58;103;land;false;hills;6
12767;249;180;24;land;false;hills;6
12768;49;45;201;land;true;mountain;3
12769;104;167;122;land;false;jungle;3
12770;160;33;43;land;false;hills;3
12771;215;154;220;land;false;plains;6
12772;15;20;141;land;false;hills;6
12773;70;142;62;land;false;plains;6
12774;126;7;239;land;false;plains;3
12775;181;129;160;land;false;jungle;3
12776;236;251;81;land;false;mountain;3
12777;36;117;2;land;false;jungle;3
12778;91;238;179;land;true;urban;3
12779;147;104;100;land;false;hills;6
12780;202;226;21;land;false;plains;6
12781;2;91;198;land;false;plains;6
12782;57;213;119;land;false;jungle;3
12783;113;79;40;land;false;plains;3
12784;168;200;217;land;true;hills;6
12785;224;66;138;land;false;hills;6
12786;23;188;59;land;false;plains;6
12787;79;53;236;land;true;plains;6
12788;134;175;157;land;false;plains;4
12789;190;41;78;land;false;mountain;3
12790;245;162;255;land;false;jungle;3
12791;45;28;176;land;false;jungle;3
12792;100;150;97;land;false;hills;6
12793;156;16;18;land;false;mountain;3
12794;211;137;195;land;false;jungle;3
12795;11;3;116;land;false;jungle;3
12796;66;125;37;land;false;hills;6
12797;121;246;214;land;false;plains;6
12798;177;112;135;land;false;hills;6
12799;232;234;56;land;false;plains;6
12800;32;99;233;land;true;hills;6
12801;87;221;154;land;false;hills;3
12802;143;87;75;land;false;jungle;3
12803;198;208;252;land;false;hills;3
12804;254;74;173;land;false;jungle;3
12805;53;196;94;land;false;hills;6
12806;109;62;15;land;false;plains;6
12807;164;183;192;land;false;plains;6
12808;220;49;113;land;false;mountain;3
12809;19;171;34;land;false;jungle;3
12810;75;36;211;land;false;jungle;3
12811;130;158;132;land;false;jungle;3
12812;186;24;53;land;false;plains;3
12813;241;145;230;land;false;plains;3
12814;41;11;151;land;false;jungle;3
12815;96;133;72;land;false;hills;6
12816;151;254;249;land;false;plains;6
12817;207;120;170;land;true;mountain;3
12818;6;242;91;land;false;mountain;3
12819;62;108;12;land;false;mountain;3
12820;117;229;189;land;false;plains;6
12821;173;95;110;land;false;plains;6
12822;228;217;31;land;false;plains;6
12823;28;82;208;land;false;plains;6
12824;83;204;129;land;false;plains;6
12825;139;70;50;land;false;plains;3
12826;194;191;227;land;false;hills;6
12827;250;57;148;land;false;plains;6
12828;49;179;69;land;false;hills;6
12829;105;44;246;land;false;hills;6
12830;160;166;167;land;false;mountain;3
12831;216;32;88;land;false;mountain;3
12832;15;154;9;land;false;mountain;3
12833;71;19;186;land;false;plains;6
12834;126;141;107;land;false;hills;6
12835;182;7;28;land;false;hills;6
12836;237;128;205;land;false;hills;6
12837;36;250;126;land;true;mountain;6
12838;92;116;47;land;false;jungle;3
12839;147;237;224;land;false;jungle;3
12840;203;103;145;land;true;jungle;3
12841;2;225;66;land;false;plains;6
12842;58;90;243;land;false;mountain;3
12843;113;212;164;land;false;jungle;3
12844;169;78;85;land;false;jungle;3
12845;224;200;6;land;false;hills;3
12846;24;65;183;land;true;plains;4
12847;79;187;104;land;false;jungle;3
12848;135;53;25;land;false;hills;6
12849;190;174;202;land;false;plains;6
12850;246;40;123;land;true;plains;4
12851;45;162;44;land;true;hills;4
12852;101;27;221;land;false;mountain;3
12853;156;149;142;land;false;hills;6
12854;212;15;63;land;false;plains;6
12855;11;136;240;land;true;jungle;4
12856;67;2;161;land;false;jungle;3
12857;122;124;82;land;false;plains;3
12858;177;246;3;land;false;hills;3
12859;233;111;180;land;false;jungle;3
12860;32;233;101;land;true;plains;6
12861;88;99;22;land;false;mountain;3
12862;143;220;199;land;true;hills;6
12863;199;86;120;land;false;plains;6
12864;254;208;41;land;false;jungle;3
12865;54;73;218;land;false;jungle;3
12866;109;195;139;land;false;jungle;3
12867;165;61;60;land;false;jungle;3
12868;220;182;237;land;false;hills;6
12869;20;48;158;land;false;hills;6
12870;75;170;79;land;false;plains;4
12871;131;36;0;land;true;mountain;3
12872;186;157;177;land;false;mountain;3
12873;242;23;98;land;false;plains;6
12874;41;145;19;land;false;hills;6
12875;97;10;196;land;false;hills;6
12876;152;132;117;land;true;plains;4
12877;207;254;38;land;false;jungle;3
12878;7;119;215;land;false;jungle;3
12879;62;241;136;land;false;plains;6
12880;118;107;57;land;false;hills;6
12881;173;228;234;land;false;plains;6
12882;229;94;155;land;false;plains;3
12883;28;216;76;land;false;plains;3
12884;84;81;253;land;false;jungle;3
12885;139;203;174;land;false;plains;3
12886;195;69;95;land;false;jungle;3
12887;250;191;16;land;false;hills;6
12888;50;56;193;land;true;plains;4
12889;105;178;114;land;false;mountain;3
12890;161;44;35;land;false;plains;6
12891;216;165;212;land;false;plains;6
12892;16;31;133;land;false;hills;6
12893;71;153;54;land;false;mountain;3
12894;127;18;231;land;false;mountain;3
12895;182;140;152;land;false;plains;6
12896;238;6;73;land;false;hills;6
12897;37;127;250;land;false;plains;4
12898;92;249;171;land;true;mountain;3
12899;148;115;92;land;false;plains;3
12900;203;237;13;land;false;hills;3
12901;3;102;190;land;false;hills;6
12902;58;224;111;land;false;plains;6
12903;114;90;32;land;false;jungle;3
12904;169;211;209;land;false;hills;3
12905;225;77;130;land;false;hills;6
12906;24;199;51;land;false;hills;6
12907;80;64;228;land;true;jungle;6
12908;135;186;149;land;true;jungle;4
12909;191;52;70;land;false;mountain;3
12910;246;173;247;land;false;mountain;3
12911;46;39;168;land;false;plains;3
12912;101;161;89;land;false;plains;3
12913;157;27;10;land;true;jungle;3
12914;212;148;187;land;false;hills;6
12915;12;14;108;land;false;plains;6
12916;67;136;29;land;false;plains;6
12917;123;1;206;land;false;mountain;3
12918;178;123;127;land;true;mountain;6
12919;233;245;48;land;false;plains;6
12920;33;110;225;land;false;hills;6
12921;88;232;146;land;false;plains;3
12922;144;98;67;land;false;jungle;3
12923;199;219;244;land;false;jungle;3
12924;255;85;165;land;false;hills;3
12925;54;207;86;land;false;hills;3
12926;110;73;7;land;true;hills;6
12927;165;194;184;land;false;plains;3
12928;221;60;105;land;false;hills;6
12929;20;182;26;land;false;plains;6
12930;76;47;203;land;true;plains;4
12931;131;169;124;land;false;hills;3
12932;187;35;45;land;false;plains;6
12933;242;156;222;land;false;plains;6
12934;42;22;143;land;false;plains;3
12935;97;144;64;land;false;plains;6
12936;153;9;241;land;false;plains;6
12937;208;131;162;land;false;hills;6
12938;7;253;83;land;false;plains;4
12939;63;119;4;land;true;plains;4
12940;118;240;181;land;false;mountain;3
12941;174;106;102;land;false;plains;3
12942;229;228;23;land;false;plains;3
12943;29;93;200;land;false;hills;3
12944;84;215;121;land;false;hills;3
12945;140;81;42;land;false;hills;6
12946;195;202;219;land;false;plains;3
12947;251;68;140;land;false;plains;3
12948;50;190;61;land;false;jungle;3
12949;106;55;238;land;false;hills;6
12950;161;177;159;land;false;hills;6
12951;217;43;80;land;true;plains;6
12952;16;165;1;land;true;hills;4
12953;72;30;178;land;false;mountain;3
12954;127;152;99;land;false;plains;3
12955;183;18;20;land;false;jungle;3
12956;238;139;197;land;false;hills;6
12957;38;5;118;land;false;plains;6
12958;93;127;39;land;false;hills;6
12959;148;248;216;land;true;plains;4
12960;204;114;137;land;false;mountain;3
12961;3;236;58;land;false;hills;3
12962;59;101;235;land;false;plains;3
12963;114;223;156;land;false;plains;3
12964;170;89;77;land;false;hills;3
12965;225;210;254;land;false;plains;6
12966;25;76;175;land;false;hills;6
12967;80;198;96;land;false;plains;6
12968;136;64;17;land;true;plains;4
12969;191;185;194;land;false;plains;4
12970;247;51;115;land;false;mountain;3
12971;46;173;36;land;false;plains;3
12972;102;38;213;land;false;hills;3
12973;157;160;134;land;false;hills;3
12974;213;26;55;land;false;plains;3
12975;12;147;232;land;false;hills;3
12976;68;13;153;land;true;plains;4
12977;123;135;74;land;false;mountain;3
12978;179;0;251;land;false;plains;3
12979;234;122;172;land;false;plains;3
12980;33;244;93;land;false;plains;6
12981;89;110;14;land;false;hills;6
12982;144;231;191;land;true;hills;6
12983;200;97;112;land;false;plains;3
12984;255;219;33;land;false;jungle;3
12985;55;84;210;land;true;jungle;3
12986;110;206;131;land;false;plains;6
12987;166;72;52;land;false;plains;3
12988;221;193;229;land;false;hills;3
12989;21;59;150;land;false;hills;3
12990;76;181;71;land;false;jungle;3
12991;132;46;248;land;false;plains;6
12992;187;168;169;land;false;hills;6
12993;243;34;90;land;true;plains;6
12994;42;156;11;land;false;plains;6
12995;98;21;188;land;false;plains;6
12996;153;143;109;land;false;plains;6
12997;209;9;30;land;false;hills;6
12998;8;130;207;land;true;mountain;3
12999;63;252;128;land;false;mountain;3
13000;119;118;49;land;false;plains;3
13001;174;239;226;land;false;hills;6
13002;230;105;147;land;false;hills;6
13003;29;227;68;land;false;plains;6
13004;85;92;245;land;true;plains;6
13005;140;214;166;land;false;plains;3
13006;196;80;87;land;false;plains;3
13007;251;202;8;land;false;jungle;3
13008;51;67;185;land;false;plains;6
13009;106;189;106;land;false;plains;6
13010;162;55;27;land;false;hills;6
13011;217;176;204;land;true;plains;4
13012;17;42;125;land;false;plains;3
13013;72;164;46;land;false;jungle;3
13014;128;29;223;land;false;plains;6
13015;183;151;144;land;false;plains;6
13016;239;17;65;land;false;jungle;4
13017;38;138;242;land;false;mountain;3
13018;94;4;163;land;false;plains;3
13019;149;126;84;land;false;plains;3
13020;204;248;5;land;false;plains;6
13021;4;113;182;land;false;plains;6
13022;59;235;103;land;false;desert;4
13023;115;101;24;land;true;jungle;4
13024;170;222;201;land;false;plains;3
13025;226;88;122;land;false;urban;3
13026;25;210;43;land;false;plains;6
13027;81;75;220;land;false;plains;6
13028;136;197;141;land;false;hills;6
13029;192;63;62;land;false;plains;4
13030;247;184;239;land;false;plains;4
13031;47;50;160;land;false;mountain;3
13032;102;172;81;land;false;plains;3
13033;158;38;2;land;true;plains;6
13034;213;159;179;land;false;hills;6
13035;13;25;100;land;false;mountain;3
13036;68;147;21;land;false;plains;3
13037;124;12;198;land;false;hills;3
13038;179;134;119;land;false;plains;3
13039;235;0;40;land;false;jungle;3
13040;34;121;217;land;false;mountain;3
13041;89;243;138;land;false;plains;3
13042;145;109;59;land;false;plains;6
13043;200;230;236;land;false;hills;6
13044;0;96;157;land;false;plains;6
13045;55;218;78;land;false;plains;3
13046;111;83;255;land;false;plains;3
13047;166;205;176;land;false;plains;6
13048;222;71;97;land;false;hills;6
13049;21;193;18;land;false;plains;6
13050;77;58;195;land;true;plains;6
13051;132;180;116;land;false;plains;3
13052;188;46;37;land;false;hills;3
13053;243;167;214;land;false;jungle;3
13054;43;33;135;land;true;jungle;3
13055;98;155;56;land;false;plains;4
13056;154;20;233;land;true;mountain;3
13057;209;142;154;land;false;mountain;3
13058;9;8;75;land;false;plains;3
13059;64;129;252;land;false;plains;3
13060;119;251;173;land;false;hills;3
13061;175;117;94;land;false;hills;6
13062;230;239;15;land;false;plains;4
13063;30;104;192;land;true;plains;4
13064;85;226;113;land;false;plains;3
13065;141;92;34;land;false;plains;3
13066;196;213;211;land;false;hills;3
13067;252;79;132;land;false;jungle;3
13068;51;201;53;land;false;plains;6
13069;107;66;230;land;false;mountain;3
13070;162;188;151;land;false;plains;3
13071;218;54;72;land;false;jungle;3
13072;17;175;249;land;false;plains;6
13073;73;41;170;land;false;hills;6
13074;128;163;91;land;false;plains;6
13075;184;29;12;land;true;plains;6
13076;239;150;189;land;true;plains;4
13077;39;16;110;land;true;plains;4
13078;94;138;31;land;true;hills;4
13079;150;3;208;land;false;plains;3
13080;205;125;129;land;false;hills;6
13081;4;247;50;land;false;plains;6
13082;60;112;227;land;false;hills;6
13083;115;234;148;land;true;plains;4
13084;171;100;69;land;false;mountain;3
13085;226;221;246;land;false;mountain;3
13086;26;87;167;land;false;urban;3
13087;81;209;88;land;false;jungle;3
13088;137;75;9;land;false;jungle;3
13089;192;196;186;land;false;plains;6
13090;248;62;107;land;false;desert;4
13091;47;184;28;land;true;plains;4
13092;103;49;205;land;true;mountain;3
13093;158;171;126;land;false;plains;3
13094;214;37;47;land;false;urban;3
13095;13;158;224;land;true;hills;6
13096;69;24;145;land;false;plains;6
13097;124;146;66;land;false;plains;6
13098;180;11;243;land;true;plains;6
13099;235;133;164;land;false;plains;4
13100;34;255;85;land;false;plains;3
13101;90;121;6;land;false;plains;3
13102;145;242;183;land;false;jungle;3
13103;201;108;104;land;false;hills;6
13104;0;230;25;land;false;hills;6
13105;56;95;202;land;false;plains;6
13106;111;217;123;land;false;hills;6
13107;167;83;44;land;false;mountain;3
13108;222;204;221;land;false;plains;3
13109;22;70;142;land;false;plains;3
13110;77;192;63;land;false;plains;3
13111;133;57;240;land;false;plains;3
13112;188;179;161;land;false;plains;6
13113;244;45;82;land;false;plains;6
13114;43;167;3;land;false;hills;6
13115;99;32;180;land;true;hills;6
13116;154;154;101;land;false;plains;4
13117;210;20;22;land;false;mountain;3
13118;9;141;199;land;false;jungle;3
13119;65;7;120;land;false;jungle;3
13120;120;129;41;land;false;plains;6
13121;175;250;218;land;false;plains;6
13122;231;116;139;land;true;plains;6
13123;30;238;60;land;true;plains;4
13124;86;103;237;land;true;plains;4
13125;141;225;158;land;false;mountain;3
13126;197;91;79;land;false;hills;6
13127;252;213;0;land;true;plains;6
13128;52;78;177;land;false;mountain;3
13129;107;200;98;land;false;plains;3
13130;163;66;19;land;false;hills;3
13131;218;187;196;land;false;hills;3
13132;18;53;117;land;false;plains;6
13133;73;175;38;land;false;plains;6
13134;129;40;215;land;false;hills;3
13135;184;162;136;land;false;jungle;3
13136;240;28;57;land;false;mountain;3
13137;39;149;234;land;false;plains;3
13138;95;15;155;land;false;hills;3
13139;150;137;76;land;true;jungle;3
13140;206;2;253;land;false;hills;6
13141;5;124;174;land;true;plains;4
13142;60;246;95;land;false;mountain;3
13143;116;112;16;land;false;plains;6
13144;171;233;193;land;false;hills;6
13145;227;99;114;land;false;hills;6
13146;26;221;35;land;false;desert;4
13147;82;86;212;land;false;mountain;3
13148;137;208;133;land;false;plains;3
13149;193;74;54;land;false;plains;3
13150;248;195;231;land;false;jungle;3
13151;48;61;152;land;false;hills;3
13152;103;183;73;land;false;hills;3
13153;159;48;250;land;false;plains;6
13154;214;170;171;land;false;hills;6
13155;14;36;92;land;false;hills;6
13156;69;158;13;land;false;desert;4
13157;125;23;190;land;false;jungle;3
13158;180;145;111;land;false;hills;6
13159;236;11;32;land;false;plains;6
13160;35;132;209;land;true;plains;4
13161;90;254;130;land;true;hills;4
13162;146;120;51;land;false;mountain;3
13163;201;241;228;land;false;mountain;3
13164;1;107;149;land;false;plains;3
13165;56;229;70;land;false;plains;3
13166;112;94;247;land;false;plains;6
13167;167;216;168;land;true;plains;4
13168;223;82;89;land;false;hills;6
13169;22;204;10;land;false;hills;6
13170;78;69;187;land;false;desert;4
13171;133;191;108;land;false;plains;3
13172;189;57;29;land;false;plains;3
13173;244;178;206;land;false;plains;3
13174;44;44;127;land;false;hills;3
13175;99;166;48;land;false;hills;3
13176;155;31;225;land;true;hills;6
13177;210;153;146;land;false;hills;6
13178;10;19;67;land;false;plains;6
13179;65;140;244;land;false;plains;6
13180;121;6;165;land;false;desert;4
13181;176;128;86;land;true;mountain;3
13182;231;250;7;land;false;plains;3
13183;31;115;184;land;false;hills;6
13184;86;237;105;land;false;plains;6
13185;142;103;26;land;false;desert;4
13186;197;224;203;land;false;desert;4
13187;253;90;124;land;false;mountain;3
13188;52;212;45;land;false;plains;3
13189;108;77;222;land;false;jungle;4
13190;163;199;143;land;false;mountain;3
13191;219;65;64;land;false;plains;3
13192;18;186;241;land;false;hills;3
13193;74;52;162;land;false;hills;3
13194;129;174;83;land;false;plains;4
13195;185;40;4;land;true;mountain;3
13196;240;161;181;land;false;mountain;3
13197;40;27;102;land;false;plains;3
13198;95;149;23;land;false;plains;3
13199;151;14;200;land;false;plains;3
13200;206;136;121;land;false;jungle;3
13201;6;2;42;land;true;plains;6
13202;61;123;219;land;false;desert;4
13203;116;245;140;land;true;hills;4
13204;172;111;61;land;false;mountain;3
13205;227;232;238;land;true;jungle;3
13206;27;98;159;land;false;plains;6
13207;82;220;80;land;false;plains;6
13208;138;86;1;land;false;desert;6
13209;193;207;178;land;false;hills;6
13210;249;73;99;land;false;plains;4
13211;48;195;20;land;false;mountain;3
13212;104;60;197;land;false;mountain;3
13213;159;182;118;land;false;plains;3
13214;215;48;39;land;false;hills;6
13215;14;169;216;land;false;plains;6
13216;70;35;137;land;false;plains;6
13217;125;157;58;land;false;hills;6
13218;181;22;235;land;false;plains;3
13219;236;144;156;land;false;plains;3
13220;36;10;77;land;false;hills;3
13221;91;131;254;land;false;jungle;3
13222;146;253;175;land;false;plains;6
13223;202;119;96;land;false;hills;6
13224;1;241;17;land;true;mountain;3
13225;57;106;194;land;false;hills;3
13226;112;228;115;land;false;plains;3
13227;168;94;36;land;false;plains;3
13228;223;215;213;land;false;plains;6
13229;23;81;134;land;true;hills;6
13230;78;203;55;land;false;plains;4
13231;134;68;232;land;false;mountain;3
13232;189;190;153;land;false;plains;3
13233;245;56;74;land;false;plains;4
13234;44;177;251;land;true;plains;4
13235;100;43;172;land;false;plains;4
13236;155;165;93;land;false;plains;4
13237;211;31;14;land;false;plains;3
13238;10;152;191;land;false;jungle;3
13239;66;18;112;land;false;jungle;3
13240;121;140;33;land;false;jungle;3
13241;177;5;210;land;false;desert;6
13242;232;127;131;land;false;plains;6
13243;31;249;52;land;false;urban;6
13244;87;114;229;land;false;mountain;3
13245;142;236;150;land;false;plains;3
13246;198;102;71;land;false;plains;3
13247;253;223;248;land;false;plains;6
13248;53;89;169;land;false;hills;6
13249;108;211;90;land;false;hills;6
13250;164;77;11;land;false;plains;3
13251;219;198;188;land;false;plains;3
13252;19;64;109;land;false;desert;6
13253;74;186;30;land;false;desert;6
13254;130;51;207;land;false;desert;6
13255;185;173;128;land;false;plains;6
13256;241;39;49;land;false;plains;6
13257;40;160;226;land;true;plains;6
13258;96;26;147;land;true;plains;4
13259;151;148;68;land;false;desert;4
13260;207;13;245;land;false;hills;3
13261;6;135;166;land;false;hills;3
13262;62;1;87;land;false;jungle;3
13263;117;123;8;land;false;desert;6
13264;172;244;185;land;false;plains;6
13265;228;110;106;land;false;hills;6
13266;27;232;27;land;false;desert;4
13267;83;97;204;land;false;mountain;3
13268;138;219;125;land;false;mountain;3
13269;194;85;46;land;false;plains;3
13270;249;206;223;land;true;jungle;3
13271;49;72;144;land;false;hills;6
13272;104;194;65;land;false;mountain;3
13273;160;59;242;land;false;mountain;3
13274;215;181;163;land;false;plains;3
13275;15;47;84;land;false;jungle;3
13276;70;169;5;land;false;hills;3
13277;126;34;182;land;false;plains;3
13278;181;156;103;land;false;jungle;3
13279;237;22;24;land;true;hills;6
13280;36;143;201;land;false;plains;6
13281;92;9;122;land;false;plains;6
13282;147;131;43;land;false;hills;6
13283;202;252;220;land;true;plains;6
13284;2;118;141;land;false;plains;6
13285;57;240;62;land;false;plains;6
13286;113;105;239;land;false;desert;4
13287;168;227;160;land;false;plains;3
13288;224;93;81;land;false;hills;3
13289;23;215;2;land;false;desert;6
13290;79;80;179;land;false;hills;6
13291;134;202;100;land;false;hills;6
13292;190;68;21;land;false;mountain;3
13293;245;189;198;land;false;plains;3
13294;45;55;119;land;false;jungle;3
13295;100;177;40;land;false;plains;6
13296;156;42;217;land;false;hills;6
13297;211;164;138;land;false;hills;6
13298;11;30;59;land;false;urban;6
13299;66;151;236;land;false;mountain;3
13300;122;17;157;land;false;plains;3
13301;177;139;78;land;false;desert;4
13302;233;4;255;land;false;plains;4
13303;32;126;176;land;true;hills;4
13304;87;248;97;land;false;mountain;3
13305;143;114;18;land;false;hills;3
13306;198;235;195;land;false;plains;3
13307;254;101;116;land;false;plains;3
13308;53;223;37;land;false;desert;4
13309;109;88;214;land;false;plains;3
13310;164;210;135;land;false;plains;3
13311;220;76;56;land;false;jungle;3
13312;19;197;233;land;false;jungle;3
13313;75;63;154;land;false;plains;4
13314;130;185;75;land;false;plains;3
13315;186;50;252;land;false;plains;3
13316;241;172;173;land;false;hills;3
13317;41;38;94;land;false;jungle;3
13318;96;160;15;land;false;hills;6
13319;152;25;192;land;false;desert;4
13320;207;147;113;land;false;plains;4
13321;7;13;34;land;false;mountain;3
13322;62;134;211;land;false;mountain;3
13323;118;0;132;land;false;jungle;3
13324;173;122;53;land;false;plains;6
13325;228;243;230;land;false;plains;6
13326;28;109;151;land;false;hills;6
13327;83;231;72;land;false;desert;4
13328;139;96;249;land;false;plains;3
13329;194;218;170;land;false;hills;3
13330;250;84;91;land;false;hills;6
13331;49;206;12;land;false;plains;6
13332;105;71;189;land;false;desert;4
13333;160;193;110;land;false;hills;4
13334;216;59;31;land;false;mountain;3
13335;15;180;208;land;false;plains;3
13336;71;46;129;land;false;plains;3
13337;126;168;50;land;false;jungle;3
13338;182;33;227;land;true;hills;6
13339;237;155;148;land;false;hills;6
13340;37;21;69;land;false;hills;6
13341;92;142;246;land;false;desert;4
13342;148;8;167;land;false;plains;3
13343;203;130;88;land;false;hills;3
13344;2;252;9;land;false;desert;4
13345;58;117;186;land;false;mountain;3
13346;113;239;107;land;false;jungle;3
13347;169;105;28;land;false;desert;6
13348;224;226;205;land;false;desert;6
13349;24;92;126;land;true;plains;6
13350;79;214;47;land;false;hills;3
13351;135;79;224;land;false;jungle;3
13352;190;201;145;land;true;jungle;3
13353;246;67;66;land;true;desert;4
13354;45;188;243;land;false;plains;4
13355;101;54;164;land;false;mountain;3
13356;156;176;85;land;false;hills;3
13357;212;42;6;land;false;plains;3
13358;11;163;183;land;false;plains;3
13359;67;29;104;land;false;hills;6
13360;122;151;25;land;false;hills;6
13361;178;16;202;land;false;mountain;3
13362;233;138;123;land;false;hills;3
13363;33;4;44;land;false;plains;6
13364;88;125;221;land;false;plains;6
13365;143;247;142;land;false;hills;6
13366;199;113;63;land;false;hills;6
13367;254;234;240;land;false;hills;6
13368;54;100;161;land;true;desert;4
13369;109;222;82;land;false;plains;4
13370;165;88;3;land;false;plains;3
13371;220;209;180;land;false;plains;3
13372;20;75;101;land;false;plains;6
13373;75;197;22;land;true;plains;4
13374;131;62;199;land;false;mountain;3
13375;186;184;120;land;false;plains;3
13376;242;50;41;land;false;plains;3
13377;41;171;218;land;false;hills;6
13378;97;37;139;land;false;hills;6
13379;152;159;60;land;true;hills;6
13380;208;24;237;land;true;hills;3
13381;7;146;158;land;false;plains;3
13382;63;12;79;land;false;hills;3
13383;118;134;0;land;false;hills;3
13384;173;255;177;land;false;jungle;3
13385;229;121;98;land;false;hills;6
13386;28;243;19;land;false;hills;6
13387;84;108;196;land;false;desert;6
13388;139;230;117;land;true;plains;6
13389;195;96;38;land;false;mountain;3
13390;250;217;215;land;false;mountain;3
13391;50;83;136;land;false;plains;3
13392;105;205;57;land;false;plains;3
13393;161;70;234;land;false;plains;3
13394;216;192;155;land;false;urban;3
13395;16;58;76;land;false;hills;3
13396;71;179;253;land;false;desert;6
13397;127;45;174;land;false;hills;6
13398;182;167;95;land;false;plains;4
13399;238;33;16;land;true;plains;4
13400;37;154;193;land;false;plains;3
13401;93;20;114;land;false;plains;6
13402;148;142;35;land;false;desert;4
13403;204;7;212;land;false;jungle;3
13404;3;129;133;land;false;desert;4
13405;58;251;54;land;false;desert;4
13406;114;116;231;land;false;desert;4
13407;169;238;152;land;false;plains;3
13408;225;104;73;land;false;hills;3
13409;24;225;250;land;false;hills;3
13410;80;91;171;land;false;hills;6
13411;135;213;92;land;false;plains;4
13412;191;79;13;land;false;mountain;3
13413;246;200;190;land;false;hills;3
13414;46;66;111;land;false;jungle;3
13415;101;188;32;land;false;hills;3
13416;157;53;209;land;false;plains;6
13417;212;175;130;land;false;hills;6
13418;12;41;51;land;false;desert;4
13419;67;162;228;land;false;mountain;3
13420;123;28;149;land;false;plains;3
13421;178;150;70;land;false;plains;3
13422;234;15;247;land;true;urban;3
13423;33;137;168;land;false;plains;6
13424;89;3;89;land;false;hills;3
13425;144;125;10;land;false;hills;3
13426;199;246;187;land;false;desert;6
13427;255;112;108;land;false;desert;4
13428;54;234;29;land;false;plains;4
13429;110;99;206;land;false;plains;3
13430;165;221;127;land;false;plains;3
13431;221;87;48;land;false;jungle;3
13432;20;208;225;land;false;plains;6
13433;76;74;146;land;true;plains;6
13434;131;196;67;land;false;desert;4
13435;187;61;244;land;false;plains;4
13436;242;183;165;land;true;hills;6
13437;42;49;86;land;false;hills;6
13438;97;171;7;land;true;desert;4
13439;153;36;184;land;false;plains;3
13440;208;158;105;land;false;plains;3
13441;8;24;26;land;false;plains;6
13442;63;145;203;land;false;hills;6
13443;119;11;124;land;false;hills;6
13444;174;133;45;land;false;plains;4
13445;229;254;222;land;false;plains;3
13446;29;120;143;land;false;plains;3
13447;84;242;64;land;false;plains;3
13448;140;107;241;land;false;plains;3
13449;195;229;162;land;false;jungle;3
13450;251;95;83;land;false;hills;3
13451;50;217;4;land;false;hills;3
13452;106;82;181;land;false;hills;3
13453;161;204;102;land;false;jungle;3
13454;217;70;23;land;true;plains;6
13455;16;191;200;land;true;desert;4
13456;72;57;121;land;true;hills;4
13457;127;179;42;land;false;mountain;3
13458;183;44;219;land;false;hills;6
13459;238;166;140;land;false;plains;6
13460;38;32;61;land;false;hills;6
13461;93;153;238;land;false;hills;6
13462;149;19;159;land;false;desert;4
13463;204;141;80;land;false;desert;4
13464;4;7;1;land;true;plains;4
13465;59;128;178;land;false;mountain;3
13466;114;250;99;land;false;plains;3
13467;170;116;20;land;false;jungle;3
13468;225;237;197;land;false;hills;3
13469;25;103;118;land;false;hills;6
13470;80;225;39;land;false;hills;6
13471;136;90;216;land;false;hills;6
13472;191;212;137;land;false;desert;4
13473;247;78;58;land;false;mountain;3
13474;46;199;235;land;false;plains;3
13475;102;65;156;land;false;plains;3
13476;157;187;77;land;false;jungle;3
13477;213;52;254;land;false;plains;6
13478;12;174;175;land;false;mountain;3
13479;68;40;96;land;false;mountain;3
13480;123;162;17;land;false;hills;3
13481;179;27;194;land;false;hills;6
13482;234;149;115;land;true;hills;6
13483;34;15;36;land;false;plains;4
13484;89;136;213;land;false;plains;3
13485;145;2;134;land;false;hills;3
13486;200;124;55;land;false;desert;6
13487;255;245;232;land;false;plains;6
13488;55;111;153;land;true;plains;6
13489;110;233;74;land;false;desert;4
13490;166;98;251;land;false;plains;4
13491;221;220;172;land;false;hills;3
13492;21;86;93;land;false;plains;6
13493;76;208;14;land;false;plains;6
13494;132;73;191;land;true;desert;4
13495;187;195;112;land;true;hills;3
13496;243;61;33;land;false;plains;3
13497;42;182;210;land;false;plains;3
13498;98;48;131;land;false;hills;3
13499;153;170;52;land;true;hills;3
13500;209;35;229;land;false;desert;4
13501;8;157;150;land;false;desert;4
13502;64;23;71;land;false;plains;4
13503;119;144;248;land;false;plains;3
13504;175;10;169;land;false;jungle;3
13505;230;132;90;land;false;hills;3
13506;29;254;11;land;false;hills;6
13507;85;119;188;land;false;plains;6
13508;140;241;109;land;false;plains;4
13509;196;107;30;land;false;plains;3
13510;251;228;207;land;false;plains;3
13511;51;94;128;land;false;jungle;3
13512;106;216;49;land;true;desert;4
13513;162;81;226;land;false;desert;4
13514;217;203;147;land;false;desert;4
13515;17;69;68;land;false;mountain;3
13516;72;190;245;land;false;plains;3
13517;128;56;166;land;false;plains;3
13518;183;178;87;land;false;jungle;3
13519;239;44;8;land;false;jungle;3
13520;38;165;185;land;false;plains;4
13521;94;31;106;land;false;plains;3
13522;149;153;27;land;false;jungle;3
13523;205;18;204;land;false;desert;4
13524;4;140;125;land;true;plains;4
13525;60;6;46;land;false;plains;3
13526;115;127;223;land;false;hills;3
13527;170;249;144;land;false;jungle;3
13528;226;115;65;land;false;plains;6
13529;25;236;242;land;false;plains;6
13530;81;102;163;land;false;plains;6
13531;136;224;84;land;false;desert;4
13532;192;90;5;land;false;plains;3
13533;247;211;182;land;false;jungle;3
13534;47;77;103;land;false;jungle;3
13535;102;199;24;land;false;hills;6
13536;158;64;201;land;true;plains;4
13537;213;186;122;land;false;hills;3
13538;13;52;43;land;false;plains;3
13539;68;173;220;land;false;plains;3
13540;124;39;141;land;false;jungle;3
13541;179;161;62;land;false;hills;6
13542;235;26;239;land;false;hills;6
13543;34;148;160;land;false;plains;6
13544;90;14;81;land;false;hills;6
13545;145;136;2;land;true;mountain;1
13546;201;1;179;land;false;mountain;3
13547;0;123;100;land;false;mountain;3
13548;55;245;21;land;false;plains;3
13549;111;110;198;land;false;plains;3
13550;166;232;119;land;true;hills;6
13551;222;98;40;land;false;hills;6
13552;21;219;217;land;true;plains;4
13553;77;85;138;land;false;mountain;3
13554;132;207;59;land;false;mountain;3
13555;188;72;236;land;false;plains;3
13556;243;194;157;land;false;plains;3
13557;43;60;78;land;false;jungle;3
13558;98;181;255;land;false;hills;3
13559;154;47;176;land;false;desert;6
13560;209;169;97;land;false;desert;6
13561;9;35;18;land;false;plains;6
13562;64;156;195;land;false;plains;6
13563;120;22;116;land;true;desert;4
13564;175;144;37;land;false;plains;4
13565;231;9;214;land;false;plains;3
13566;30;131;135;land;true;plains;6
13567;85;253;56;land;false;desert;4
13568;141;118;233;land;false;mountain;3
13569;196;240;154;land;false;plains;6
13570;252;106;75;land;false;hills;3
13571;51;227;252;land;false;plains;3
13572;107;93;173;land;false;plains;3
13573;162;215;94;land;false;plains;3
13574;218;81;15;land;false;jungle;3
13575;17;202;192;land;false;hills;3
13576;73;68;113;land;true;jungle;3
13577;128;190;34;land;true;hills;6
13578;184;55;211;land;false;plains;4
13579;239;177;132;land;false;plains;3
13580;39;43;53;land;false;jungle;3
13581;94;164;230;land;false;hills;3
13582;150;30;151;land;false;hills;6
13583;205;152;72;land;false;hills;6
13584;5;17;249;land;false;desert;4
13585;60;139;170;land;false;plains;3
13586;116;5;91;land;false;hills;3
13587;171;127;12;land;false;jungle;3
13588;226;248;189;land;false;jungle;3
13589;26;114;110;land;false;jungle;3
13590;81;236;31;land;false;plains;4
13591;137;101;208;land;false;plains;4
13592;192;223;129;land;true;hills;4
13593;248;89;50;land;false;jungle;3
13594;47;210;227;land;false;hills;3
13595;103;76;148;land;false;plains;6
13596;158;198;69;land;false;plains;6
13597;214;63;246;land;false;plains;6
13598;13;185;167;land;false;plains;6
13599;69;51;88;land;true;hills;6
13600;124;173;9;land;false;desert;4
13601;180;38;186;land;false;desert;4
13602;235;160;107;land;false;desert;4
13603;35;26;28;land;false;desert;4
13604;90;147;205;land;true;hills;3
13605;146;13;126;land;false;plains;3
13606;201;135;47;land;false;desert;4
13607;1;0;224;land;false;desert;4
13608;56;122;145;land;false;plains;3
13609;111;244;66;land;false;plains;3
13610;167;109;243;land;false;plains;3
13611;222;231;164;land;false;jungle;3
13612;22;97;85;land;false;hills;3
13613;77;219;6;land;false;plains;6
13614;133;84;183;land;false;desert;4
13615;188;206;104;land;false;desert;4
13616;244;72;25;land;false;plains;4
13617;43;193;202;land;false;plains;3
13618;99;59;123;land;false;hills;3
13619;154;181;44;land;false;hills;3
13620;210;46;221;land;true;jungle;3
13621;9;168;142;land;false;plains;6
13622;65;34;63;land;false;hills;6
13623;120;155;240;land;false;plains;4
13624;176;21;161;land;false;plains;4
13625;231;143;82;land;false;plains;3
13626;31;9;3;land;false;plains;3
13627;86;130;180;land;false;plains;3
13628;141;252;101;land;false;hills;6
13629;197;118;22;land;false;plains;6
13630;252;239;199;land;true;desert;4
13631;52;105;120;land;false;mountain;3
13632;107;227;41;land;false;mountain;3
13633;163;92;218;land;false;mountain;3
13634;218;214;139;land;false;mountain;3
13635;18;80;60;land;false;mountain;3
13636;73;201;237;land;false;plains;3
13637;129;67;158;land;false;hills;3
13638;184;189;79;land;false;hills;3
13639;240;55;0;land;false;hills;3
13640;39;176;177;land;false;hills;3
13641;95;42;98;land;false;hills;6
13642;150;164;19;land;false;plains;3
13643;206;29;196;land;false;hills;3
13644;5;151;117;land;false;hills;3
13645;61;17;38;land;false;plains;6
13646;116;138;215;land;false;hills;3
13647;172;4;136;land;true;hills;3
13648;227;126;57;land;false;desert;6
13649;26;247;234;land;false;desert;6
13650;82;113;155;land;false;hills;6
13651;137;235;76;land;false;desert;4
13652;193;100;253;land;false;desert;4
13653;248;222;174;land;true;plains;4
13654;48;88;95;land;false;mountain;3
13655;103;210;16;land;false;plains;3
13656;159;75;193;land;false;plains;3
13657;214;197;114;land;true;plains;6
13658;14;63;35;land;false;desert;4
13659;69;184;212;land;false;desert;4
13660;125;50;133;land;false;plains;4
13661;180;172;54;land;false;mountain;3
13662;236;37;231;land;false;plains;3
13663;35;159;152;land;false;plains;3
13664;91;25;73;land;false;plains;3
13665;146;146;250;land;false;plains;3
13666;202;12;171;land;false;plains;3
13667;1;134;92;land;false;plains;3
13668;57;0;13;land;false;plains;3
13669;112;121;190;land;false;hills;6
13670;167;243;111;land;false;desert;6
13671;223;109;32;land;true;plains;4
13672;22;230;209;land;false;mountain;3
13673;78;96;130;land;false;plains;3
13674;133;218;51;land;false;plains;3
13675;189;83;228;land;false;plains;3
13676;244;205;149;land;false;plains;3
13677;44;71;70;land;false;hills;3
13678;99;192;247;land;false;hills;6
13679;155;58;168;land;false;plains;6
13680;210;180;89;land;true;hills;6
13681;10;46;10;land;false;desert;4
13682;65;167;187;land;false;plains;3
13683;121;33;108;land;false;plains;3
13684;176;155;29;land;true;hills;3
13685;232;20;206;land;false;desert;6
13686;31;142;127;land;false;hills;6
13687;87;8;48;land;false;plains;3
13688;142;129;225;land;false;hills;3
13689;197;251;146;land;false;hills;3
13690;253;117;67;land;false;hills;3
13691;52;238;244;land;false;plains;6
13692;108;104;165;land;false;desert;4
13693;163;226;86;land;false;urban;3
13694;219;92;7;land;true;hills;6
13695;18;213;184;land;false;plains;6
13696;74;79;105;land;false;mountain;3
13697;129;201;26;land;false;hills;3
13698;185;66;203;land;true;urban;3
13699;240;188;124;land;false;plains;3
13700;40;54;45;land;false;plains;3
13701;95;175;222;land;true;plains;3
13702;151;41;143;land;false;hills;6
13703;206;163;64;land;false;desert;4
13704;6;28;241;land;false;plains;4
13705;61;150;162;land;false;plains;3
13706;117;16;83;land;false;plains;3
13707;172;138;4;land;false;plains;3
13708;228;3;181;land;false;plains;3
13709;27;125;102;land;false;hills;3
13710;82;247;23;land;false;hills;3
13711;138;112;200;land;true;plains;3
13712;193;234;121;land;false;desert;4
13713;249;100;42;land;true;mountain;3
13714;48;221;219;land;false;mountain;3
13715;104;87;140;land;false;plains;3
13716;159;209;61;land;false;plains;3
13717;215;74;238;land;false;plains;3
13718;14;196;159;land;false;hills;3
13719;70;62;80;land;true;plains;3
13720;125;184;1;land;false;hills;6
13721;181;49;178;land;false;plains;6
13722;236;171;99;land;false;plains;4
13723;36;37;20;land;false;plains;4
13724;91;158;197;land;false;plains;6
13725;147;24;118;land;false;desert;4
13726;202;146;39;land;false;desert;4
13727;2;11;216;land;false;plains;4
13728;57;133;137;land;false;plains;4
13729;112;255;58;land;false;mountain;3
13730;168;120;235;land;false;mountain;3
13731;223;242;156;land;false;plains;3
13732;23;108;77;land;false;plains;3
13733;78;229;254;land;false;plains;3
13734;134;95;175;land;false;hills;3
13735;189;217;96;land;false;hills;3
13736;245;83;17;land;false;mountain;6
13737;44;204;194;land;false;hills;6
13738;100;70;115;land;false;desert;4
13739;155;192;36;land;false;plains;3
13740;211;57;213;land;false;desert;4
13741;10;179;134;land;false;desert;4
13742;66;45;55;land;false;mountain;3
13743;121;166;232;land;false;plains;3
13744;177;32;153;land;false;hills;3
13745;232;154;74;land;false;desert;4
13746;32;19;251;land;false;plains;4
13747;87;141;172;land;false;plains;4
13748;143;7;93;land;false;urban;3
13749;198;129;14;land;false;desert;6
13750;253;250;191;land;false;hills;6
13751;53;116;112;land;false;hills;6
13752;108;238;33;land;false;plains;6
13753;164;103;210;land;false;plains;6
13754;219;225;131;land;false;desert;4
13755;19;91;52;land;false;plains;3
13756;74;212;229;land;false;plains;6
13757;130;78;150;land;false;desert;4
13758;185;200;71;land;true;plains;4
13759;241;65;248;land;false;plains;3
13760;40;187;169;land;false;hills;6
13761;96;53;90;land;false;desert;4
13762;151;175;11;land;false;plains;3
13763;207;40;188;land;false;plains;6
13764;6;162;109;land;false;plains;4
13765;62;28;30;land;false;plains;3
13766;117;149;207;land;true;hills;3
13767;173;15;128;land;true;plains;6
13768;228;137;49;land;true;plains;4
13769;28;2;226;land;false;desert;4
13770;83;124;147;land;false;mountain;3
13771;138;246;68;land;false;plains;3
13772;194;111;245;land;false;plains;3
13773;249;233;166;land;false;plains;3
13774;49;99;87;land;true;hills;3
13775;104;221;8;land;false;hills;6
13776;160;86;185;land;true;plains;6
13777;215;208;106;land;false;plains;3
13778;15;74;27;land;false;plains;3
13779;70;195;204;land;false;plains;3
13780;126;61;125;land;false;desert;6
13781;181;183;46;land;false;desert;6
13782;237;48;223;land;false;desert;6
13783;36;170;144;land;false;mountain;3
13784;92;36;65;land;false;mountain;3
13785;147;157;242;land;false;plains;3
13786;203;23;163;land;false;plains;3
13787;2;145;84;land;false;plains;3
13788;58;11;5;land;false;plains;3
13789;113;132;182;land;false;hills;3
13790;168;254;103;land;true;urban;3
13791;224;120;24;land;false;plains;4
13792;23;241;201;land;false;mountain;3
13793;79;107;122;land;false;mountain;3
13794;134;229;43;land;false;hills;3
13795;190;94;220;land;false;desert;4
13796;245;216;141;land;false;plains;3
13797;45;82;62;land;false;hills;3
13798;100;203;239;land;false;desert;6
13799;156;69;160;land;false;hills;6
13800;211;191;81;land;true;hills;3
13801;11;57;2;land;true;hills;6
13802;66;178;179;land;false;plains;6
13803;122;44;100;land;false;mountain;3
13804;177;166;21;land;false;plains;3
13805;233;31;198;land;false;hills;3
13806;32;153;119;land;false;hills;3
13807;88;19;40;land;false;plains;3
13808;143;140;217;land;false;hills;3
13809;199;6;138;land;false;hills;6
13810;254;128;59;land;true;plains;4
13811;53;249;236;land;false;hills;6
13812;109;115;157;land;false;desert;6
13813;164;237;78;land;false;plains;4
13814;220;102;255;land;false;plains;3
13815;19;224;176;land;false;desert;4
13816;75;90;97;land;false;desert;4
13817;130;212;18;land;false;mountain;3
13818;186;77;195;land;false;plains;3
13819;241;199;116;land;false;hills;3
13820;41;65;37;land;false;desert;6
13821;96;186;214;land;false;hills;6
13822;152;52;135;land;false;hills;6
13823;207;174;56;land;true;plains;6
13824;7;39;233;land;false;desert;4
13825;62;161;154;land;false;plains;3
13826;118;27;75;land;false;plains;3
13827;173;148;252;land;false;plains;3
13828;229;14;173;land;false;hills;3
13829;28;136;94;land;true;plains;6
13830;84;2;15;land;true;hills;6
13831;139;123;192;land;false;desert;4
13832;194;245;113;land;false;plains;4
13833;250;111;34;land;false;desert;6
13834;49;232;211;land;false;hills;6
13835;105;98;132;land;false;plains;6
13836;160;220;53;land;true;plains;6
13837;216;85;230;land;false;desert;4
13838;15;207;151;land;false;desert;4
13839;71;73;72;land;false;plains;4
13840;126;194;249;land;false;plains;3
13841;182;60;170;land;false;plains;3
13842;237;182;91;land;false;hills;3
13843;37;48;12;land;true;plains;3
13844;92;169;189;land;true;plains;6
13845;148;35;110;land;true;mountain;3
13846;203;157;31;land;false;desert;4
13847;3;22;208;land;false;mountain;3
13848;58;144;129;land;false;plains;3
13849;114;10;50;land;false;plains;3
13850;169;131;227;land;false;plains;3
13851;224;253;148;land;false;hills;3
13852;24;119;69;land;false;hills;3
13853;79;240;246;land;false;plains;3
13854;135;106;167;land;false;hills;6
13855;190;228;88;land;false;hills;6
13856;246;94;9;land;false;plains;4
13857;45;215;186;land;false;hills;3
13858;101;81;107;land;false;plains;3
13859;156;203;28;land;false;hills;3
13860;212;68;205;land;false;hills;6
13861;11;190;126;land;false;plains;6
13862;67;56;47;land;true;plains;6
13863;122;177;224;land;false;plains;4
13864;178;43;145;land;false;plains;4
13865;233;165;66;land;false;plains;3
13866;33;30;243;land;false;desert;6
13867;88;152;164;land;false;hills;6
13868;144;18;85;land;false;desert;4
13869;199;140;6;land;false;desert;4
13870;255;5;183;land;false;desert;4
13871;54;127;104;land;false;desert;4
13872;109;249;25;land;false;mountain;3
13873;165;114;202;land;false;hills;3
13874;220;236;123;land;false;desert;6
13875;20;102;44;land;false;mountain;3
13876;75;223;221;land;false;plains;3
13877;131;89;142;land;true;plains;3
13878;186;211;63;land;false;hills;6
13879;242;76;240;land;false;desert;4
13880;41;198;161;land;false;desert;4
13881;97;64;82;land;false;mountain;3
13882;152;186;3;land;false;plains;3
13883;208;51;180;land;false;plains;3
13884;7;173;101;land;false;hills;6
13885;63;39;22;land;false;desert;4
13886;118;160;199;land;false;plains;3
13887;174;26;120;land;false;plains;3
13888;229;148;41;land;false;desert;6
13889;29;13;218;land;false;plains;4
13890;84;135;139;land;true;plains;4
13891;140;1;60;land;false;plains;3
13892;195;122;237;land;false;hills;3
13893;250;244;158;land;false;hills;3
13894;50;110;79;land;true;plains;3
13895;105;232;0;land;false;plains;6
13896;161;97;177;land;false;plains;6
13897;216;219;98;land;false;desert;4
13898;16;85;19;land;false;plains;3
13899;71;206;196;land;false;plains;3
13900;127;72;117;land;false;hills;3
13901;182;194;38;land;false;plains;6
13902;238;59;215;land;false;plains;6
13903;37;181;136;land;false;plains;6
13904;93;47;57;land;true;plains;4
13905;148;168;234;land;false;plains;3
13906;204;34;155;land;false;hills;6
13907;3;156;76;land;true;plains;6
13908;59;21;253;land;false;plains;3
13909;114;143;174;land;false;desert;4
13910;170;9;95;land;false;desert;4
13911;225;131;16;land;false;plains;3
13912;24;252;193;land;false;desert;6
13913;80;118;114;land;false;desert;6
13914;135;240;35;land;false;hills;6
13915;191;105;212;land;false;hills;6
13916;246;227;133;land;false;hills;3
13917;46;93;54;land;false;plains;3
13918;101;214;231;land;false;hills;3
13919;157;80;152;land;false;urban;3
13920;212;202;73;land;true;hills;3
13921;12;67;250;land;false;plains;6
13922;67;189;171;land;false;desert;4
13923;123;55;92;land;false;plains;4
13924;178;177;13;land;false;desert;4
13925;234;42;190;land;false;plains;4
13926;33;164;111;land;false;plains;3
13927;89;30;32;land;false;urban;3
13928;144;151;209;land;false;hills;3
13929;200;17;130;land;true;hills;6
13930;255;139;51;land;false;hills;6
13931;55;4;228;land;false;plains;4
13932;110;126;149;land;false;mountain;3
13933;165;248;70;land;false;hills;6
13934;221;113;247;land;true;plains;6
13935;20;235;168;land;false;desert;4
13936;76;101;89;land;false;mountain;3
13937;131;223;10;land;false;plains;3
13938;187;88;187;land;false;hills;6
13939;242;210;108;land;false;mountain;3
13940;42;76;29;land;false;mountain;3
13941;97;197;206;land;false;mountain;3
13942;153;63;127;land;false;plains;3
13943;208;185;48;land;true;hills;3
13944;8;50;225;land;false;plains;6
13945;63;172;146;land;true;plains;4
13946;119;38;67;land;false;plains;3
13947;174;159;244;land;false;plains;3
13948;230;25;165;land;false;plains;3
13949;29;147;86;land;false;plains;3
13950;85;13;7;land;false;desert;6
13951;140;134;184;land;false;urban;6
13952;196;0;105;land;false;hills;6
13953;251;122;26;land;false;plains;4
13954;50;243;203;land;false;desert;4
13955;106;109;124;land;false;desert;4
13956;161;231;45;land;false;plains;4
13957;217;96;222;land;false;plains;4
13958;16;218;143;land;false;plains;3
13959;72;84;64;land;false;hills;3
13960;127;205;241;land;false;desert;6
13961;183;71;162;land;false;hills;6
13962;238;193;83;land;false;hills;3
13963;38;59;4;land;false;plains;3
13964;93;180;181;land;false;hills;6
13965;149;46;102;land;false;hills;6
13966;204;168;23;land;false;plains;3
13967;4;33;200;land;false;plains;3
13968;59;155;121;land;false;plains;3
13969;115;21;42;land;false;plains;3
13970;170;142;219;land;false;hills;6
13971;226;8;140;land;false;hills;6
13972;25;130;61;land;false;hills;6
13973;80;251;238;land;false;desert;4
13974;136;117;159;land;true;mountain;3
13975;191;239;80;land;false;hills;3
13976;247;105;1;land;false;desert;6
13977;46;226;178;land;false;hills;6
13978;102;92;99;land;false;desert;4
13979;157;214;20;land;false;plains;3
13980;213;79;197;land;false;plains;3
13981;12;201;118;land;false;hills;3
13982;68;67;39;land;false;hills;6
13983;123;188;216;land;false;hills;6
13984;179;54;137;land;false;plains;6
13985;234;176;58;land;false;hills;6
13986;34;41;235;land;false;hills;6
13987;89;163;156;land;false;desert;4
13988;145;29;77;land;false;plains;3
13989;200;150;254;land;false;plains;3
13990;0;16;175;land;false;plains;4
13991;55;138;96;land;false;plains;6
13992;111;4;17;land;false;plains;4
13993;166;125;194;land;false;plains;4
13994;221;247;115;land;false;plains;3
13995;21;113;36;land;false;hills;3
13996;76;234;213;land;false;hills;3
13997;132;100;134;land;true;hills;3
13998;187;222;55;land;false;urban;6
13999;243;87;232;land;false;hills;6
14000;42;209;153;land;true;plains;6
14001;98;75;74;land;false;desert;4
14002;153;196;251;land;false;desert;4
14003;209;62;172;land;false;desert;4
14004;8;184;93;land;false;desert;4
14005;64;50;14;land;false;desert;4
14006;119;171;191;land;false;desert;4
14007;175;37;112;land;false;desert;4
14008;230;159;33;land;false;desert;4
14009;30;24;210;land;false;plains;4
14010;85;146;131;land;false;mountain;3
14011;141;12;52;land;false;plains;3
14012;196;133;229;land;false;desert;6
14013;251;255;150;land;false;hills;6
14014;51;121;71;land;false;plains;4
14015;106;242;248;land;true;plains;4
14016;162;108;169;land;false;mountain;3
14017;217;230;90;land;false;hills;3
14018;17;96;11;land;false;plains;3
14019;72;217;188;land;false;hills;3
14020;128;83;109;land;false;mountain;3
14021;183;205;30;land;false;plains;3
14022;239;70;207;land;true;hills;6
14023;38;192;128;land;false;hills;6
14024;94;58;49;land;false;plains;4
14025;149;179;226;land;false;plains;3
14026;205;45;147;land;false;plains;3
14027;4;167;68;land;true;plains;4
14028;60;32;245;land;false;plains;3
14029;115;154;166;land;false;plains;3
14030;171;20;87;land;false;plains;3
14031;226;142;8;land;false;hills;3
14032;26;7;185;land;false;plains;4
14033;81;129;106;land;false;plains;3
14034;136;251;27;land;false;plains;3
14035;192;116;204;land;false;plains;3
14036;247;238;125;land;false;hills;6
14037;47;104;46;land;false;hills;6
14038;102;225;223;land;false;hills;6
14039;158;91;144;land;false;hills;3
14040;213;213;65;land;false;hills;6
14041;13;78;242;land;false;desert;4
14042;68;200;163;land;false;plains;3
14043;124;66;84;land;false;hills;6
14044;179;188;5;land;false;hills;6
14045;235;53;182;land;false;hills;3
14046;34;175;103;land;false;plains;3
14047;90;41;24;land;false;hills;6
14048;145;162;201;land;false;hills;6
14049;201;28;122;land;false;desert;4
14050;0;150;43;land;false;desert;4
14051;56;15;220;land;false;plains;4
14052;111;137;141;land;false;plains;4
14053;167;3;62;land;false;mountain;3
14054;222;124;239;land;true;plains;3
14055;21;246;160;land;false;hills;6
14056;77;112;81;land;false;desert;4
14057;132;234;2;land;false;mountain;3
14058;188;99;179;land;false;plains;3
14059;243;221;100;land;false;plains;3
14060;43;87;21;land;false;plains;3
14061;98;208;198;land;false;plains;3
14062;154;74;119;land;false;desert;4
14063;209;196;40;land;false;plains;3
14064;9;61;217;land;false;hills;3
14065;64;183;138;land;false;hills;6
14066;120;49;59;land;false;hills;6
14067;175;170;236;land;false;desert;4
14068;231;36;157;land;false;desert;4
14069;30;158;78;land;false;plains;4
14070;86;23;255;land;true;urban;4
14071;141;145;176;land;true;mountain;3
14072;197;11;97;land;false;plains;3
14073;252;133;18;land;false;desert;6
14074;51;254;195;land;false;hills;6
14075;107;120;116;land;false;plains;6
14076;162;242;37;land;false;hills;6
14077;218;107;214;land;false;desert;4
14078;17;229;135;land;false;plains;4
14079;73;95;56;land;false;plains;3
14080;128;216;233;land;true;plains;6
14081;184;82;154;land;false;desert;4
14082;239;204;75;land;false;hills;6
14083;39;69;252;land;false;desert;4
14084;94;191;173;land;false;mountain;3
14085;150;57;94;land;false;plains;3
14086;205;179;15;land;false;plains;3
14087;5;44;192;land;false;hills;6
14088;60;166;113;land;false;plains;4
14089;116;32;34;land;false;plains;4
14090;171;153;211;land;true;plains;4
14091;227;19;132;land;false;plains;3
14092;26;141;53;land;false;hills;6
14093;82;6;230;land;false;plains;4
14094;137;128;151;land;false;plains;3
14095;192;250;72;land;false;plains;3
14096;248;115;249;land;false;hills;6
14097;47;237;170;land;false;desert;4
14098;103;103;91;land;false;mountain;3
14099;158;225;12;land;false;plains;3
14100;214;90;189;land;false;plains;3
14101;13;212;110;land;false;hills;6
14102;69;78;31;land;false;desert;4
14103;124;199;208;land;false;mountain;3
14104;180;65;129;land;false;plains;3
14105;235;187;50;land;false;plains;3
14106;35;52;227;land;false;plains;3
14107;90;174;148;land;true;hills;3
14108;146;40;69;land;true;hills;6
14109;201;161;246;land;false;hills;6
14110;1;27;167;land;false;hills;6
14111;56;149;88;land;false;plains;4
14112;112;15;9;land;false;plains;3
14113;167;136;186;land;false;hills;3
14114;223;2;107;land;false;hills;6
14115;22;124;28;land;false;hills;6
14116;77;245;205;land;true;plains;6
14117;133;111;126;land;false;plains;4
14118;188;233;47;land;false;plains;3
14119;244;98;224;land;false;hills;6
14120;43;220;145;land;false;hills;6
14121;99;86;66;land;false;hills;6
14122;154;207;243;land;false;plains;4
14123;210;73;164;land;false;desert;4
14124;9;195;85;land;false;plains;3
14125;65;61;6;land;false;plains;3
14126;120;182;183;land;false;hills;6
14127;176;48;104;land;false;desert;4
14128;231;170;25;land;false;plains;4
14129;31;35;202;land;false;plains;3
14130;86;157;123;land;false;plains;3
14131;142;23;44;land;false;plains;4
14132;197;144;221;land;false;plains;4
14133;253;10;142;land;false;plains;4
14134;52;132;63;land;false;plains;3
14135;107;253;240;land;false;hills;6
14136;163;119;161;land;false;plains;6
14137;218;241;82;land;true;plains;4
14138;18;107;3;land;false;mountain;3
14139;73;228;180;land;false;mountain;3
14140;129;94;101;land;false;hills;3
14141;184;216;22;land;false;desert;4
14142;240;81;199;land;false;plains;4
14143;39;203;120;land;false;mountain;3
14144;95;69;41;land;false;plains;3
14145;150;190;218;land;false;hills;6
14146;206;56;139;land;false;plains;4
14147;5;178;60;land;false;plains;3
14148;61;43;237;land;false;plains;3
14149;116;165;158;land;false;plains;3
14150;172;31;79;land;true;plains;3
14151;227;153;0;land;false;plains;3
14152;27;18;177;land;false;desert;6
14153;82;140;98;land;false;hills;6
14154;138;6;19;land;false;plains;6
14155;193;127;196;land;false;hills;6
14156;248;249;117;land;false;plains;4
14157;48;115;38;land;false;plains;4
14158;103;236;215;land;true;mountain;3
14159;159;102;136;land;false;hills;6
14160;214;224;57;land;true;plains;6
14161;14;89;234;land;false;desert;4
14162;69;211;155;land;false;desert;4
14163;125;77;76;land;false;desert;4
14164;180;198;253;land;false;plains;4
14165;236;64;174;land;false;plains;4
14166;35;186;95;land;false;plains;3
14167;91;52;16;land;false;plains;3
14168;146;173;193;land;false;plains;3
14169;202;39;114;land;false;plains;3
14170;1;161;35;land;false;plains;3
14171;57;26;212;land;true;hills;6
14172;112;148;133;land;false;hills;6
14173;168;14;54;land;false;desert;4
14174;223;135;231;land;false;mountain;3
14175;23;1;152;land;false;desert;4
14176;78;123;73;land;true;hills;4
14177;133;244;250;land;false;plains;3
14178;189;110;171;land;false;plains;3
14179;244;232;92;land;false;hills;6
14180;44;98;13;land;false;hills;6
14181;99;219;190;land;false;desert;4
14182;155;85;111;land;false;desert;4
14183;210;207;32;land;false;mountain;3
14184;10;72;209;land;false;plains;3
14185;65;194;130;land;false;plains;3
14186;121;60;51;land;false;hills;6
14187;176;181;228;land;false;desert;4
14188;232;47;149;land;false;hills;3
14189;31;169;70;land;false;mountain;3
14190;87;34;247;land;false;plains;3
14191;142;156;168;land;false;plains;3
14192;198;22;89;land;false;plains;3
14193;253;144;10;land;false;plains;3
14194;53;9;187;land;true;hills;6
14195;108;131;108;land;false;desert;4
14196;163;253;29;land;false;hills;3
14197;219;118;206;land;true;hills;3
14198;18;240;127;land;false;plains;3
14199;74;106;48;land;false;desert;4
14200;129;227;225;land;false;plains;4
14201;185;93;146;land;false;mountain;3
14202;240;215;67;land;false;plains;3
14203;40;80;244;land;false;desert;6
14204;95;202;165;land;false;desert;6
14205;151;68;86;land;false;mountain;6
14206;206;190;7;land;false;plains;3
14207;6;55;184;land;false;hills;6
14208;61;177;105;land;false;hills;6
14209;117;43;26;land;false;desert;4
14210;172;164;203;land;false;plains;4
14211;228;30;124;land;false;hills;4
14212;27;152;45;land;true;hills;4
14213;83;17;222;land;false;mountain;3
14214;138;139;143;land;false;plains;3
14215;194;5;64;land;false;hills;6
14216;249;126;241;land;false;hills;6
14217;48;248;162;land;false;plains;3
14218;104;114;83;land;false;hills;6
14219;159;236;4;land;false;plains;3
14220;215;101;181;land;false;plains;3
14221;14;223;102;land;false;plains;3
14222;70;89;23;land;false;plains;3
14223;125;210;200;land;false;plains;6
14224;181;76;121;land;false;plains;6
14225;236;198;42;land;false;mountain;6
14226;36;63;219;land;false;desert;4
14227;91;185;140;land;false;plains;3
14228;147;51;61;land;false;plains;3
14229;202;172;238;land;false;mountain;6
14230;2;38;159;land;true;hills;6
14231;57;160;80;land;false;plains;3
14232;113;26;1;land;false;hills;6
14233;168;147;178;land;false;plains;4
14234;224;13;99;land;false;plains;4
14235;23;135;20;land;false;plains;4
14236;79;0;197;land;false;plains;4
14237;134;122;118;land;false;plains;4
14238;189;244;39;land;true;mountain;3
14239;245;109;216;land;false;plains;6
14240;44;231;137;land;true;plains;4
14241;100;97;58;land;false;plains;3
14242;155;218;235;land;true;hills;3
14243;211;84;156;land;false;mountain;3
14244;10;206;77;land;false;plains;3
14245;66;71;254;land;false;plains;3
14246;121;193;175;land;false;desert;4
14247;177;59;96;land;false;mountain;3
14248;232;181;17;land;false;plains;3
14249;32;46;194;land;false;plains;3
14250;87;168;115;land;false;plains;3
14251;143;34;36;land;false;plains;4
14252;198;155;213;land;false;plains;3
14253;254;21;134;land;false;urban;3
14254;53;143;55;land;false;mountain;6
14255;109;8;232;land;false;desert;4
14256;164;130;153;land;false;mountain;3
14257;219;252;74;land;false;plains;3
14258;19;117;251;land;false;hills;6
14259;74;239;172;land;false;plains;6
14260;130;105;93;land;false;desert;4
14261;185;227;14;land;false;desert;4
14262;241;92;191;land;false;plains;4
14263;40;214;112;land;false;plains;4
14264;96;80;33;land;false;hills;3
14265;151;201;210;land;false;plains;6
14266;207;67;131;land;false;mountain;3
14267;6;189;52;land;false;plains;3
14268;62;54;229;land;false;mountain;6
14269;117;176;150;land;false;hills;6
14270;173;42;71;land;true;urban;6
14271;228;163;248;land;false;hills;3
14272;28;29;169;land;false;plains;3
14273;83;151;90;land;false;plains;3
14274;139;17;11;land;false;hills;6
14275;194;138;188;land;false;hills;4
14276;250;4;109;land;false;plains;3
14277;49;126;30;land;false;plains;3
14278;104;247;207;land;false;hills;6
14279;160;113;128;land;false;plains;3
14280;215;235;49;land;true;hills;6
14281;15;100;226;land;false;plains;3
14282;70;222;147;land;false;plains;3
14283;126;88;68;land;true;plains;3
14284;181;209;245;land;false;desert;4
14285;237;75;166;land;false;desert;4
14286;36;197;87;land;false;plains;4
14287;92;63;8;land;false;plains;4
14288;147;184;185;land;true;hills;4
14289;203;50;106;land;false;plains;3
14290;2;172;27;land;true;desert;4
14291;58;37;204;land;false;plains;4
14292;113;159;125;land;false;plains;4
14293;169;25;46;land;true;desert;4
14294;224;146;223;land;true;desert;4
14295;24;12;144;land;true;plains;3
14296;79;134;65;land;false;hills;6
14297;134;255;242;land;false;hills;4
14298;190;121;163;land;false;hills;3
14299;245;243;84;land;false;plains;3
14300;45;109;5;land;false;plains;3
14301;100;230;182;land;false;plains;3
14302;156;96;103;land;false;hills;6
14303;211;218;24;land;true;hills;6
14304;11;83;201;land;true;hills;3
14305;66;205;122;land;false;plains;3
14306;122;71;43;land;false;plains;3
14307;177;192;220;land;false;plains;4
14308;233;58;141;land;false;plains;3
14309;32;180;62;land;false;plains;4
14310;88;45;239;land;false;plains;4
14311;143;167;160;land;false;desert;4
14312;199;33;81;land;false;mountain;3
14313;254;155;2;land;false;hills;3
14314;54;20;179;land;false;plains;3
14315;109;142;100;land;false;plains;3
14316;165;8;21;land;false;plains;4
14317;220;129;198;land;false;desert;4
14318;19;251;119;land;false;mountain;3
14319;75;117;40;land;false;mountain;3
14320;130;238;217;land;false;plains;3
14321;186;104;138;land;false;plains;3
14322;241;226;59;land;false;plains;3
14323;41;91;236;land;false;hills;6
14324;96;213;157;land;false;hills;6
14325;152;79;78;land;false;plains;4
14326;207;200;255;land;false;hills;4
14327;7;66;176;land;true;hills;6
14328;62;188;97;land;false;hills;6
14329;118;54;18;land;false;hills;6
14330;173;175;195;land;true;urban;4
14331;229;41;116;land;false;plains;3
14332;28;163;37;land;false;plains;3
14333;84;28;214;land;true;plains;3
14334;139;150;135;land;false;hills;6
14335;195;16;56;land;false;hills;6
14336;250;137;233;land;false;mountain;3
14337;50;3;154;land;false;hills;3
14338;105;125;75;land;false;urban;3
14339;160;246;252;land;false;hills;6
14340;216;112;173;land;true;desert;4
14341;15;234;94;land;true;hills;6
14342;71;100;15;land;false;plains;3
14343;126;221;192;land;true;plains;3
14344;182;87;113;land;false;plains;3
14345;237;209;34;land;false;plains;3
14346;37;74;211;land;true;hills;4
14347;92;196;132;land;false;plains;3
14348;148;62;53;land;false;plains;3
14349;203;183;230;land;false;hills;6
14350;3;49;151;land;true;desert;4
14351;58;171;72;land;false;plains;4
14352;114;36;249;land;false;plains;4
14353;169;158;170;land;false;mountain;3
14354;225;24;91;land;false;plains;3
14355;24;146;12;land;false;plains;4
14356;80;11;189;land;false;plains;3
14357;135;133;110;land;false;plains;3
14358;190;255;31;land;false;plains;4
14359;246;120;208;land;false;forest;4
14360;45;242;129;land;false;plains;4
14361;101;108;50;land;false;plains;3
14362;156;229;227;land;false;plains;3
14363;212;95;148;land;false;plains;3
14364;11;217;69;land;true;plains;4
14365;67;82;246;land;false;plains;4
14366;122;204;167;land;false;plains;4
14367;178;70;88;land;false;hills;4
14368;233;192;9;land;true;mountain;3
14369;33;57;186;land;false;hills;6
14370;88;179;107;land;false;plains;4
14371;144;45;28;land;false;mountain;3
14372;199;166;205;land;false;plains;3
14373;255;32;126;land;true;plains;3
14374;54;154;47;land;false;plains;4
14375;110;19;224;land;true;desert;4
14376;165;141;145;land;false;plains;4
14377;221;7;66;land;false;mountain;3
14378;20;128;243;land;false;plains;3
14379;75;250;164;land;false;hills;6
14380;131;116;85;land;false;hills;6
14381;186;238;6;land;false;hills;6
14382;242;103;183;land;false;plains;4
14383;41;225;104;land;false;plains;4
14384;97;91;25;land;true;hills;4
14385;152;212;202;land;false;hills;6
14386;208;78;123;land;false;mountain;3
14387;7;200;44;land;false;hills;3
14388;63;65;221;land;false;plains;3
14389;118;187;142;land;false;plains;4
14390;174;53;63;land;false;plains;3
14391;229;174;240;land;false;plains;3
14392;29;40;161;land;false;plains;3
14393;84;162;82;land;false;plains;4
14394;140;28;3;land;false;plains;3
14395;195;149;180;land;true;hills;6
14396;251;15;101;land;false;hills;6
14397;50;137;22;land;false;plains;4
14398;106;2;199;land;false;hills;6
14399;161;124;120;land;false;hills;6
14400;216;246;41;land;false;plains;4
14401;16;111;218;land;false;plains;3
14402;71;233;139;land;false;plains;3
14403;127;99;60;land;true;plains;4
14404;182;220;237;land;false;plains;3
14405;238;86;158;land;false;plains;3
14406;37;208;79;land;true;hills;6
14407;93;74;0;land;false;plains;4
14408;148;195;177;land;false;plains;3
14409;204;61;98;land;false;hills;3
14410;3;183;19;land;false;plains;3
14411;59;48;196;land;false;plains;3
14412;114;170;117;land;false;hills;4
14413;170;36;38;land;false;hills;3
14414;225;157;215;land;false;plains;3
14415;25;23;136;land;false;plains;3
14416;80;145;57;land;true;plains;4
14417;136;10;234;land;false;plains;4
14418;191;132;155;land;false;plains;4
14419;246;254;76;land;false;forest;4
14420;46;119;253;land;true;mountain;3
14421;101;241;174;land;false;hills;6
14422;157;107;95;land;false;plains;4
14423;212;229;16;land;false;plains;4
14424;12;94;193;land;false;mountain;3
14425;67;216;114;land;false;forest;4
14426;123;82;35;land;false;plains;4
14427;178;203;212;land;false;mountain;3
14428;234;69;133;land;false;mountain;3
14429;33;191;54;land;false;hills;3
14430;89;56;231;land;false;hills;6
14431;144;178;152;land;true;plains;4
14432;200;44;73;land;false;plains;3
14433;255;165;250;land;false;hills;6
14434;55;31;171;land;false;hills;6
14435;110;153;92;land;false;plains;4
14436;166;19;13;land;false;plains;3
14437;221;140;190;land;false;plains;3
14438;21;6;111;land;true;hills;6
14439;76;128;32;land;false;plains;4
14440;131;249;209;land;false;plains;3
14441;187;115;130;land;false;plains;3
14442;242;237;51;land;false;plains;3
14443;42;102;228;land;false;plains;3
14444;97;224;149;land;true;plains;3
14445;153;90;70;land;false;plains;4
14446;208;211;247;land;false;plains;3
14447;8;77;168;land;false;plains;3
14448;63;199;89;land;false;plains;3
14449;119;65;10;land;true;plains;4
14450;174;186;187;land;true;plains;4
14451;230;52;108;land;true;hills;4
14452;29;174;29;land;false;plains;4
14453;85;39;206;land;false;mountain;3
14454;140;161;127;land;false;plains;3
14455;196;27;48;land;true;plains;6
14456;251;148;225;land;false;plains;4
14457;51;14;146;land;false;plains;4
14458;106;136;67;land;false;hills;6
14459;162;1;244;land;false;plains;4
14460;217;123;165;land;false;plains;4
14461;16;245;86;land;false;plains;4
14462;72;111;7;land;true;plains;4
14463;127;232;184;land;false;plains;3
14464;183;98;105;land;false;plains;3
14465;238;220;26;land;false;plains;3
14466;38;85;203;land;false;plains;3
14467;93;207;124;land;false;hills;6
14468;149;73;45;land;false;plains;6
14469;204;194;222;land;false;plains;3
14470;4;60;143;land;false;plains;3
14471;59;182;64;land;true;hills;6
14472;115;47;241;land;false;hills;4
14473;170;169;162;land;true;hills;3
14474;226;35;83;land;false;mountain;3
14475;25;157;4;land;false;hills;3
14476;81;22;181;land;false;plains;3
14477;136;144;102;land;true;hills;6
14478;192;10;23;land;true;plains;6
14479;247;131;200;land;false;urban;3
14480;46;253;121;land;true;plains;4
14481;102;119;42;land;false;urban;3
14482;157;240;219;land;true;plains;4
14483;213;106;140;land;false;plains;3
14484;12;228;61;land;false;plains;3
14485;68;93;238;land;false;plains;3
14486;123;215;159;land;false;hills;4
14487;179;81;80;land;false;mountain;3
14488;234;203;1;land;false;hills;3
14489;34;68;178;land;false;plains;3
14490;89;190;99;land;false;plains;3
14491;145;56;20;land;true;hills;6
14492;200;177;197;land;false;plains;4
14493;0;43;118;land;false;plains;3
14494;55;165;39;land;false;plains;3
14495;111;30;216;land;false;plains;3
14496;166;152;137;land;true;plains;4
14497;222;18;58;land;true;plains;4
14498;21;139;235;land;false;plains;4
14499;77;5;156;land;false;plains;4
14500;132;127;77;land;false;plains;4
14501;187;248;254;land;true;plains;3
14502;243;114;175;land;false;plains;4
14503;42;236;96;land;false;plains;3
14504;98;102;17;land;true;urban;6
14505;153;223;194;land;true;hills;6
14506;209;89;115;land;false;hills;3
14507;8;211;36;land;false;mountain;3
14508;64;76;213;land;false;plains;3
14509;119;198;134;land;true;plains;3
14510;175;64;55;land;true;hills;6
14511;230;185;232;land;true;plains;4
14512;30;51;153;land;false;hills;4
14513;85;173;74;land;false;plains;3
14514;141;38;251;land;false;plains;3
14515;196;160;172;land;false;plains;3
14516;252;26;93;land;false;plains;3
14517;51;148;14;land;true;hills;6
14518;107;13;191;land;false;plains;4
14519;162;135;112;land;true;plains;4
14520;218;1;33;land;false;plains;4
14521;17;122;210;land;true;hills;6
14522;72;244;131;land;true;plains;4
14523;128;110;52;land;false;plains;3
14524;183;231;229;land;false;plains;3
14525;239;97;150;land;false;plains;4
14526;38;219;71;land;true;urban;4
14527;94;84;248;land;false;plains;3
14528;149;206;169;land;false;plains;3
14529;205;72;90;land;true;plains;4
14530;4;194;11;land;false;plains;4
14531;60;59;188;land;false;hills;3
14532;115;181;109;land;false;plains;3
14533;171;47;30;land;false;plains;4
14534;226;168;207;land;false;plains;3
14535;26;34;128;land;true;plains;3
14536;81;156;49;land;true;plains;3
14537;137;21;226;land;true;plains;3
14538;192;143;147;land;false;mountain;3
14539;248;9;68;land;false;plains;3
14540;47;130;245;land;true;plains;3
14541;102;252;166;land;true;plains;4
14542;158;118;87;land;false;plains;4
14543;213;240;8;land;false;plains;4
14544;13;105;185;land;false;forest;4
14545;68;227;106;land;true;hills;4
14546;124;93;27;land;false;plains;3
14547;179;214;204;land;true;plains;3
14548;235;80;125;land;true;plains;4
14549;34;202;46;land;false;plains;4
14550;90;67;223;land;false;plains;4
14551;145;189;144;land;false;forest;4
14552;201;55;65;land;false;mountain;3
14553;0;176;242;land;true;urban;3
14554;56;42;163;land;false;mountain;3
14555;111;164;84;land;false;plains;4
14556;167;30;5;land;false;plains;4
14557;222;151;182;land;false;plains;3
14558;22;17;103;land;true;forest;4
14559;77;139;24;land;false;plains;3
14560;133;4;201;land;false;plains;4
14561;188;126;122;land;false;plains;3
14562;243;248;43;land;false;plains;3
14563;43;113;220;land;false;plains;4
14564;98;235;141;land;false;plains;3
14565;154;101;62;land;false;mountain;3
14566;209;222;239;land;true;plains;3
14567;9;88;160;land;true;urban;3
14568;64;210;81;land;true;plains;4
14569;120;76;2;land;true;hills;4
14570;175;197;179;land;false;plains;3
14571;231;63;100;land;false;plains;3
14572;30;185;21;land;false;hills;4
14573;86;50;198;land;true;plains;3
14574;141;172;119;land;false;mountain;3
14575;197;38;40;land;false;plains;3
14576;252;159;217;land;false;plains;3
14577;52;25;138;land;true;urban;4
14578;107;147;59;land;false;plains;4
14579;163;12;236;land;false;plains;4
14580;218;134;157;land;false;mountain;3
14581;18;0;78;land;true;plains;3
14582;73;121;255;land;false;plains;3
14583;128;243;176;land;false;plains;3
14584;184;109;97;land;false;forest;4
14585;239;231;18;land;false;hills;4
14586;39;96;195;land;false;plains;4
14587;94;218;116;land;false;hills;4
14588;150;84;37;land;true;hills;4
14589;205;205;214;land;true;forest;4
14590;5;71;135;land;false;plains;3
14591;60;193;56;land;false;plains;3
14592;116;58;233;land;true;plains;4
14593;171;180;154;land;false;plains;3
14594;227;46;75;land;false;plains;3
14595;26;167;252;land;false;plains;3
14596;82;33;173;land;false;plains;3
14597;137;155;94;land;false;plains;4
14598;193;21;15;land;false;mountain;3
14599;248;142;192;land;false;plains;3
14600;48;8;113;land;true;plains;4
14601;103;130;34;land;true;plains;4
14602;158;251;211;land;false;mountain;3
14603;214;117;132;land;false;plains;3
14604;13;239;53;land;false;plains;4
14605;69;104;230;land;false;forest;4
14606;124;226;151;land;false;mountain;3
14607;180;92;72;land;false;plains;4
14608;235;213;249;land;false;plains;3
14609;35;79;170;land;false;hills;4
14610;90;201;91;land;false;hills;4
14611;146;67;12;land;true;hills;4
14612;201;188;189;land;true;plains;3
14613;1;54;110;land;false;plains;3
14614;56;176;31;land;false;plains;3
14615;112;41;208;land;false;plains;3
14616;167;163;129;land;false;hills;4
14617;223;29;50;land;false;plains;3
14618;22;150;227;land;true;plains;3
14619;78;16;148;land;false;hills;3
14620;133;138;69;land;false;plains;3
14621;189;3;246;land;true;plains;4
14622;244;125;167;land;false;hills;3
14623;43;247;88;land;false;mountain;3
14624;99;113;9;land;false;plains;3
14625;154;234;186;land;false;mountain;3
14626;210;100;107;land;false;plains;3
14627;9;222;28;land;false;plains;3
14628;65;87;205;land;false;plains;4
14629;120;209;126;land;false;plains;3
14630;176;75;47;land;true;plains;3
14631;231;196;224;land;false;plains;4
14632;31;62;145;land;true;plains;4
14633;86;184;66;land;false;plains;3
14634;142;49;243;land;false;plains;4
14635;197;171;164;land;false;forest;4
14636;253;37;85;land;false;plains;3
14637;52;159;6;land;false;plains;3
14638;108;24;183;land;true;plains;4
14639;163;146;104;land;false;hills;4
14640;219;12;25;land;false;hills;3
14641;18;133;202;land;true;hills;4
14642;73;255;123;land;false;forest;4
14643;129;121;44;land;false;plains;3
14644;184;242;221;land;true;plains;4
14645;240;108;142;land;false;hills;4
14646;39;230;63;land;true;hills;4
14647;95;95;240;land;true;plains;3
14648;150;217;161;land;false;mountain;3
14649;206;83;82;land;false;plains;3
14650;5;205;3;land;false;plains;3
14651;61;70;180;land;false;hills;3
14652;116;192;101;land;false;plains;3
14653;172;58;22;land;false;plains;3
14654;227;179;199;land;false;hills;3
14655;27;45;120;land;false;plains;3
14656;82;167;41;land;false;plains;3
14657;138;32;218;land;false;plains;3
14658;193;154;139;land;true;plains;4
14659;249;20;60;land;true;hills;3
14660;48;141;237;land;true;plains;4
14661;104;7;158;land;true;plains;4
14662;159;129;79;land;true;plains;4
14663;214;251;0;land;false;plains;3
14664;14;116;177;land;true;plains;3
14665;69;238;98;land;true;forest;4
14666;125;104;19;land;true;forest;4
14667;180;225;196;land;true;hills;4
14668;236;91;117;land;false;hills;3
14669;35;213;38;land;false;plains;3
14670;91;78;215;land;true;urban;4
14671;146;200;136;land;false;plains;4
14672;202;66;57;land;true;hills;4
14673;1;187;234;land;false;plains;3
14674;57;53;155;land;false;hills;3
14675;112;175;76;land;true;plains;3
14676;168;40;253;land;true;plains;3
14677;223;162;174;land;false;hills;3
14678;23;28;95;land;true;plains;3
14679;78;150;16;land;true;forest;4
14680;134;15;193;land;false;hills;3
14681;189;137;114;land;false;plains;3
14682;245;3;35;land;false;hills;4
14683;44;124;212;land;true;plains;3
14684;99;246;133;land;false;plains;3
14685;155;112;54;land;false;hills;4
14686;210;233;231;land;false;plains;3
14687;10;99;152;land;false;plains;3
14688;65;221;73;land;true;hills;4
14689;121;86;250;land;false;hills;3
14690;176;208;171;land;true;plains;4
14691;232;74;92;land;false;hills;3
14692;31;196;13;land;false;plains;3
14693;87;61;190;land;false;hills;3
14694;142;183;111;land;true;plains;3
14695;198;49;32;land;true;hills;4
14696;253;170;209;land;false;plains;3
14697;53;36;130;land;true;plains;3
14698;108;158;51;land;true;plains;3
14699;164;23;228;land;false;mountain;3
14700;219;145;149;land;true;hills;4
14701;19;11;70;land;false;hills;3
14702;74;132;247;land;true;plains;4
14703;129;254;168;land;false;hills;3
14704;185;120;89;land;true;hills;4
14705;240;242;10;land;true;plains;3
14706;40;107;187;land;true;plains;4
14707;95;229;108;land;true;plains;3
14708;151;95;29;land;true;plains;3
14709;206;216;206;land;false;hills;3
14710;6;82;127;land;false;hills;3
14711;61;204;48;land;false;hills;3
14712;117;69;225;land;true;plains;3
14713;172;191;146;land;true;hills;4
14714;228;57;67;land;false;hills;3
14715;27;178;244;land;true;mountain;4
14716;83;44;165;land;true;mountain;3
14717;138;166;86;land;true;hills;4
14718;194;32;7;land;true;hills;4
14719;249;153;184;land;true;hills;4
14720;49;19;105;land;false;hills;3
14721;104;141;26;land;true;hills;4
14722;160;6;203;land;false;hills;3
14723;215;128;124;land;false;hills;3
14724;14;250;45;land;true;plains;3
14725;70;115;222;land;false;hills;3
14726;125;237;143;land;true;hills;4
14727;181;103;64;land;true;plains;3
14728;236;224;241;land;true;hills;4
14729;36;90;162;land;true;mountain;3
14730;91;212;83;land;true;hills;4
14731;147;78;4;land;true;hills;4
14732;202;199;181;land;true;hills;4
14733;2;65;102;land;false;hills;3
14734;57;187;23;land;false;hills;3
14735;113;52;200;land;false;hills;3
14736;168;174;121;land;false;hills;3
14737;224;40;42;land;true;plains;3
14738;23;161;219;land;true;plains;3
14739;79;27;140;land;true;plains;3
14740;134;149;61;land;true;hills;4
14741;190;14;238;land;false;hills;3
14742;245;136;159;land;true;hills;3
14743;45;2;80;land;false;hills;3
14744;100;124;1;land;true;mountain;4
14745;155;245;178;land;false;plains;3
14746;211;111;99;land;true;mountain;4
14747;10;233;20;land;true;mountain;4
14748;66;98;197;land;true;plains;3
14749;121;220;118;land;false;hills;4
14750;177;86;39;land;true;plains;4
14751;232;207;216;land;false;plains;3
14752;32;73;137;land;true;hills;3
14753;87;195;58;land;false;hills;3
14754;143;60;235;land;false;hills;3
14755;198;182;156;land;true;plains;3
14756;254;48;77;land;false;hills;4
14757;53;169;254;land;true;plains;3
14758;109;35;175;land;false;hills;3
14759;164;157;96;land;true;hills;4
14760;220;23;17;land;true;hills;4
14761;19;144;194;land;true;plains;3
14762;75;10;115;land;false;hills;3
14763;130;132;36;land;true;hills;3
14764;185;253;213;land;true;hills;4
14765;241;119;134;land;true;hills;4
14766;40;241;55;land;false;hills;3
14767;96;106;232;land;false;hills;3
14768;151;228;153;land;true;plains;3
14769;207;94;74;land;false;mountain;3
14770;6;215;251;land;true;plains;4
14771;62;81;172;land;true;plains;3
14772;117;203;93;land;false;mountain;3
14773;173;69;14;land;false;hills;3
14774;228;190;191;land;true;mountain;3
14775;28;56;112;land;false;plains;3
14776;83;178;33;land;true;plains;3
14777;139;43;210;land;false;hills;3
14778;194;165;131;land;true;mountain;3
14779;250;31;52;land;true;plains;3
14780;49;152;229;land;true;plains;4
14781;105;18;150;land;false;hills;3
14782;160;140;71;land;false;mountain;3
14783;216;5;248;land;true;plains;3
14784;15;127;169;land;false;mountain;3
14785;70;249;90;land;false;hills;3
14786;126;115;11;land;true;forest;3
14787;181;236;188;land;true;plains;3
14788;237;102;109;land;true;plains;3
14789;36;224;30;land;true;plains;3
14790;92;89;207;land;true;plains;3
14791;147;211;128;land;true;plains;3
14792;203;77;49;land;true;plains;3
14793;2;198;226;land;true;hills;3
14794;58;64;147;land;true;plains;3
14795;113;186;68;land;true;hills;6
14796;169;51;245;land;true;hills;3
14797;224;173;166;land;true;plains;3
14798;24;39;87;sea;false;ocean;0
14799;79;161;8;sea;false;ocean;0
14800;135;26;185;sea;false;ocean;0
14801;190;148;106;sea;false;ocean;0
14802;246;14;27;sea;false;ocean;0
14803;45;135;204;sea;false;ocean;0
14804;101;1;125;sea;false;ocean;0
14805;156;123;46;sea;false;ocean;0
14806;211;244;223;sea;false;ocean;0
14807;11;110;144;sea;false;ocean;0
14808;66;232;65;sea;false;ocean;0
14809;122;97;242;sea;false;ocean;0
14810;177;219;163;sea;false;ocean;0
14811;233;85;84;sea;false;ocean;0
14812;32;207;5;sea;false;ocean;0
14813;88;72;182;sea;false;ocean;0
14814;143;194;103;sea;false;ocean;0
14815;199;60;24;sea;false;ocean;0
14816;254;181;201;sea;false;ocean;0
14817;54;47;122;sea;false;ocean;0
14818;109;169;43;sea;false;ocean;0
14819;165;34;220;sea;false;ocean;0
14820;220;156;141;sea;false;ocean;0
14821;20;22;62;sea;false;ocean;0
14822;75;143;239;sea;false;ocean;0
14823;131;9;160;sea;false;ocean;0
14824;186;131;81;sea;false;ocean;0
14825;241;253;2;sea;false;ocean;0
14826;41;118;179;sea;false;ocean;0
14827;96;240;100;sea;false;ocean;0
14828;152;106;21;sea;false;ocean;0
14829;207;227;198;sea;false;ocean;0
14830;7;93;119;sea;false;ocean;0
14831;62;215;40;sea;false;ocean;0
14832;118;80;217;sea;false;ocean;0
14833;173;202;138;sea;false;ocean;0
14834;229;68;59;sea;false;ocean;0
14835;28;189;236;sea;false;ocean;0
14836;84;55;157;sea;false;ocean;0
14837;139;177;78;sea;false;ocean;0
14838;195;42;255;sea;false;ocean;0
14839;250;164;176;sea;false;ocean;0
14840;50;30;97;sea;false;ocean;0
14841;105;152;18;sea;false;ocean;0
14842;161;17;195;sea;false;ocean;0
14843;216;139;116;sea;false;ocean;0
14844;16;5;37;sea;false;ocean;0
14845;71;126;214;sea;false;ocean;0
14846;126;248;135;sea;false;ocean;0
14847;182;114;56;sea;false;ocean;0
14848;237;235;233;sea;false;ocean;0
14849;37;101;154;sea;false;ocean;0
14850;92;223;75;sea;false;ocean;0
14851;148;88;252;sea;false;ocean;0
14852;203;210;173;sea;false;ocean;0
14853;3;76;94;sea;false;ocean;0
14854;58;198;15;sea;false;ocean;0
14855;114;63;192;sea;false;ocean;0
14856;169;185;113;sea;false;ocean;0
14857;225;51;34;sea;false;ocean;0
14858;24;172;211;sea;false;ocean;0
14859;80;38;132;sea;false;ocean;0
14860;135;160;53;sea;false;ocean;0
14861;191;25;230;sea;false;ocean;0
14862;246;147;151;sea;false;ocean;0
14863;46;13;72;sea;false;ocean;0
14864;101;134;249;sea;false;ocean;0
14865;157;0;170;sea;false;ocean;0
14866;212;122;91;sea;false;ocean;0
14867;11;244;12;sea;false;ocean;0
14868;67;109;189;sea;false;ocean;0
14869;122;231;110;sea;false;ocean;0
14870;178;97;31;sea;false;ocean;0
14871;233;218;208;sea;false;ocean;0
14872;33;84;129;sea;false;ocean;0
14873;88;206;50;sea;false;ocean;0
14874;144;71;227;sea;false;ocean;0
14875;199;193;148;sea;false;ocean;0
14876;255;59;69;sea;false;ocean;0
14877;54;180;246;sea;false;ocean;0
14878;110;46;167;sea;false;ocean;0
14879;165;168;88;sea;false;ocean;0
14880;221;34;9;sea;false;ocean;0
14881;20;155;186;sea;false;ocean;0
14882;76;21;107;sea;false;ocean;0
14883;131;143;28;sea;false;ocean;0
14884;187;8;205;sea;false;ocean;0
14885;242;130;126;sea;false;ocean;0
14886;41;252;47;sea;false;ocean;0
14887;97;117;224;sea;false;ocean;0
14888;152;239;145;sea;false;ocean;0
14889;208;105;66;sea;false;ocean;0
14890;7;226;243;sea;false;ocean;0
14891;63;92;164;sea;false;ocean;0
14892;118;214;85;sea;false;ocean;0
14893;174;80;6;sea;false;ocean;0
14894;229;201;183;sea;false;ocean;0
14895;29;67;104;sea;false;ocean;0
14896;84;189;25;sea;false;ocean;0
14897;140;54;202;sea;false;ocean;0
14898;195;176;123;sea;false;ocean;0
14899;251;42;44;sea;false;ocean;0
14900;50;163;221;sea;false;ocean;0
14901;106;29;142;sea;false;ocean;0
14902;161;151;63;sea;false;ocean;0
14903;217;16;240;sea;false;ocean;0
14904;16;138;161;sea;false;ocean;0
14905;72;4;82;sea;false;ocean;0
14906;127;126;3;sea;false;ocean;0
14907;182;247;180;sea;false;ocean;0
14908;238;113;101;sea;false;ocean;0
14909;37;235;22;sea;false;ocean;0
14910;93;100;199;sea;false;ocean;0
14911;148;222;120;sea;false;ocean;0
14912;204;88;41;sea;false;ocean;0
14913;3;209;218;sea;false;ocean;0
14914;59;75;139;sea;false;ocean;0
14915;114;197;60;sea;false;ocean;0
14916;170;62;237;sea;false;ocean;0
14917;225;184;158;sea;false;ocean;0
14918;25;50;79;sea;false;ocean;0
14919;80;172;0;sea;false;ocean;0
14920;136;37;177;sea;false;ocean;0
14921;191;159;98;sea;false;ocean;0
14922;247;25;19;sea;false;ocean;0
14923;46;146;196;sea;false;ocean;0
14924;102;12;117;sea;false;ocean;0
14925;157;134;38;sea;false;ocean;0
14926;212;255;215;sea;false;ocean;0
14927;12;121;136;sea;false;ocean;0
14928;67;243;57;sea;false;ocean;0
14929;123;108;234;sea;false;ocean;0
14930;178;230;155;sea;false;ocean;0
14931;234;96;76;sea;false;ocean;0
14932;33;217;253;sea;false;ocean;0
14933;89;83;174;sea;false;ocean;0
14934;144;205;95;sea;false;ocean;0
14935;200;71;16;sea;false;ocean;0
14936;255;192;193;sea;false;ocean;0
14937;55;58;114;sea;false;ocean;0
14938;110;180;35;sea;false;ocean;0
14939;166;45;212;sea;false;ocean;0
14940;221;167;133;sea;false;ocean;0
14941;21;33;54;sea;false;ocean;0
14942;76;154;231;sea;false;ocean;0
14943;132;20;152;sea;false;ocean;0
14944;187;142;73;sea;false;ocean;0
14945;243;7;250;sea;false;ocean;0
14946;42;129;171;sea;false;ocean;0
14947;97;251;92;sea;false;ocean;0
14948;153;117;13;sea;false;ocean;0
14949;208;238;190;sea;false;ocean;0
14950;8;104;111;sea;false;ocean;0
14951;63;226;32;sea;false;ocean;0
14952;119;91;209;sea;false;ocean;0
14953;174;213;130;sea;false;ocean;0
14954;230;79;51;sea;false;ocean;0
14955;29;200;228;sea;false;ocean;0
14956;85;66;149;sea;false;ocean;0
14957;140;188;70;sea;false;ocean;0
14958;196;53;247;sea;false;ocean;0
14959;251;175;168;sea;false;ocean;0
14960;51;41;89;sea;false;ocean;0
14961;106;163;10;sea;false;ocean;0
14962;162;28;187;sea;false;ocean;0
14963;217;150;108;sea;false;ocean;0
14964;17;16;29;sea;false;ocean;0
14965;72;137;206;sea;false;ocean;0
14966;128;3;127;sea;false;ocean;0
14967;183;125;48;sea;false;ocean;0
14968;238;246;225;sea;false;ocean;0
14969;38;112;146;sea;false;ocean;0
14970;93;234;67;sea;false;ocean;0
14971;149;99;244;sea;false;ocean;0
14972;204;221;165;sea;false;ocean;0
14973;4;87;86;sea;false;ocean;0
14974;59;209;7;sea;false;ocean;0
14975;115;74;184;sea;false;ocean;0
14976;170;196;105;sea;false;ocean;0
14977;226;62;26;sea;false;ocean;0
14978;25;183;203;sea;false;ocean;0
14979;81;49;124;sea;false;ocean;0
14980;136;171;45;sea;false;ocean;0
14981;192;36;222;sea;false;ocean;0
14982;247;158;143;sea;false;ocean;0
14983;47;24;64;sea;false;ocean;0
14984;102;145;241;sea;false;ocean;0
14985;158;11;162;sea;false;ocean;0
14986;213;133;83;sea;false;ocean;0
14987;12;255;4;sea;false;ocean;0
14988;68;120;181;sea;false;ocean;0
14989;123;242;102;sea;false;ocean;0
14990;179;108;23;sea;false;ocean;0
14991;234;229;200;sea;false;ocean;0
14992;34;95;121;sea;false;ocean;0
14993;89;217;42;sea;false;ocean;0
14994;145;82;219;sea;false;ocean;0
14995;200;204;140;sea;false;ocean;0
14996;0;70;61;sea;false;ocean;0
14997;55;191;238;sea;false;ocean;0
14998;111;57;159;sea;false;ocean;0
14999;166;179;80;sea;false;ocean;0
15000;222;45;1;sea;false;ocean;0
15001;21;166;178;sea;false;ocean;0
15002;77;32;99;sea;false;ocean;0
15003;132;154;20;sea;false;ocean;0
15004;188;19;197;sea;false;ocean;0
15005;243;141;118;sea;false;ocean;0
15006;43;7;39;sea;false;ocean;0
15007;98;128;216;sea;false;ocean;0
15008;153;250;137;sea;false;ocean;0
15009;209;116;58;sea;false;ocean;0
15010;8;237;235;sea;false;ocean;0
15011;64;103;156;sea;false;ocean;0
15012;119;225;77;sea;false;ocean;0
15013;175;90;254;sea;false;ocean;0
15014;230;212;175;sea;false;ocean;0
15015;30;78;96;sea;false;ocean;0
15016;85;200;17;sea;false;ocean;0
15017;141;65;194;sea;false;ocean;0
15018;196;187;115;sea;false;ocean;0
15019;252;53;36;sea;false;ocean;0
15020;51;174;213;sea;false;ocean;0
15021;107;40;134;sea;false;ocean;0
15022;162;162;55;sea;false;ocean;0
15023;218;27;232;sea;false;ocean;0
15024;17;149;153;sea;false;ocean;0
15025;73;15;74;sea;false;ocean;0
15026;128;136;251;sea;false;ocean;0
15027;184;2;172;sea;false;ocean;0
15028;239;124;93;sea;false;ocean;0
15029;38;246;14;sea;false;ocean;0
15030;94;111;191;sea;false;ocean;0
15031;149;233;112;sea;false;ocean;0
15032;205;99;33;sea;false;ocean;0
15033;4;220;210;sea;false;ocean;0
15034;60;86;131;sea;false;ocean;0
15035;115;208;52;sea;false;ocean;0
15036;171;73;229;sea;false;ocean;0
15037;226;195;150;sea;false;ocean;0
15038;26;61;71;sea;false;ocean;0
15039;81;182;248;sea;false;ocean;0
15040;137;48;169;sea;false;ocean;0
15041;192;170;90;sea;false;ocean;0
15042;248;36;11;sea;false;ocean;0
15043;47;157;188;sea;false;ocean;0
15044;103;23;109;sea;false;ocean;0
15045;158;145;30;sea;false;ocean;0
15046;214;10;207;sea;false;ocean;0
15047;13;132;128;sea;false;ocean;0
15048;68;254;49;sea;false;ocean;0
15049;124;119;226;sea;false;ocean;0
15050;179;241;147;sea;false;ocean;0
15051;235;107;68;sea;false;ocean;0
15052;34;228;245;sea;false;ocean;0
15053;90;94;166;sea;false;ocean;0
15054;145;216;87;sea;false;ocean;0
15055;201;82;8;sea;false;ocean;0
15056;0;203;185;sea;false;ocean;0
15057;56;69;106;sea;false;ocean;0
15058;111;191;27;sea;false;ocean;0
15059;167;56;204;sea;false;ocean;0
15060;222;178;125;sea;false;ocean;0
15061;22;44;46;sea;false;ocean;0
15062;77;165;223;sea;false;ocean;0
15063;133;31;144;sea;false;ocean;0
15064;188;153;65;sea;false;ocean;0
15065;244;18;242;sea;false;ocean;0
15066;43;140;163;sea;false;ocean;0
15067;99;6;84;sea;false;ocean;0
15068;154;128;5;sea;false;ocean;0
15069;209;249;182;sea;false;ocean;0
15070;9;115;103;sea;false;ocean;0
15071;64;237;24;sea;false;ocean;0
15072;120;102;201;sea;false;ocean;0
15073;175;224;122;sea;false;ocean;0
15074;231;90;43;sea;false;ocean;0
15075;30;211;220;sea;false;ocean;0
15076;86;77;141;sea;false;ocean;0
15077;141;199;62;sea;false;ocean;0
15078;197;64;239;sea;false;ocean;0
15079;252;186;160;sea;false;ocean;0
15080;52;52;81;sea;false;ocean;0
15081;107;174;2;sea;false;ocean;0
15082;163;39;179;sea;false;ocean;0
15083;218;161;100;sea;false;ocean;0
15084;18;27;21;sea;false;ocean;0
15085;73;148;198;sea;false;ocean;0
15086;129;14;119;sea;false;ocean;0
15087;184;136;40;sea;false;ocean;0
15088;240;1;217;sea;false;ocean;0
15089;39;123;138;sea;false;ocean;0
15090;94;245;59;sea;false;ocean;0
15091;150;110;236;sea;false;ocean;0
15092;205;232;157;sea;false;ocean;0
15093;5;98;78;sea;false;ocean;0
15094;60;219;255;sea;false;ocean;0
15095;116;85;176;sea;false;ocean;0
15096;171;207;97;sea;false;ocean;0
15097;227;73;18;sea;false;ocean;0
15098;26;194;195;sea;false;ocean;0
15099;82;60;116;sea;false;ocean;0
15100;137;182;37;sea;false;ocean;0
15101;193;47;214;sea;false;ocean;0
15102;248;169;135;sea;false;ocean;0
15103;48;35;56;sea;false;ocean;0
15104;103;156;233;sea;false;ocean;0
15105;159;22;154;sea;false;ocean;0
15106;214;144;75;sea;false;ocean;0
15107;14;9;252;sea;false;ocean;0
15108;69;131;173;sea;false;ocean;0
15109;124;253;94;sea;false;ocean;0
15110;180;119;15;sea;false;ocean;0
15111;235;240;192;sea;false;ocean;0
15112;35;106;113;sea;false;ocean;0
15113;90;228;34;sea;false;ocean;0
15114;146;93;211;sea;false;ocean;0
15115;201;215;132;sea;false;ocean;0
15116;1;81;53;sea;false;ocean;0
15117;56;202;230;sea;false;ocean;0
15118;112;68;151;sea;false;ocean;0
15119;167;190;72;sea;false;ocean;0
15120;223;55;249;sea;false;ocean;0
15121;22;177;170;sea;false;ocean;0
15122;78;43;91;sea;false;ocean;0
15123;133;165;12;sea;false;ocean;0
15124;189;30;189;sea;false;ocean;0
15125;244;152;110;sea;false;ocean;0
15126;44;18;31;sea;false;ocean;0
15127;99;139;208;sea;false;ocean;0
15128;155;5;129;sea;false;ocean;0
15129;210;127;50;sea;false;ocean;0
15130;9;248;227;sea;false;ocean;0
15131;65;114;148;sea;false;ocean;0
15132;120;236;69;sea;false;ocean;0
15133;176;101;246;sea;false;ocean;0
15134;231;223;167;sea;false;ocean;0
15135;31;89;88;sea;false;ocean;0
15136;86;211;9;sea;false;ocean;0
15137;142;76;186;sea;false;ocean;0
15138;197;198;107;sea;false;ocean;0
15139;253;64;28;sea;false;ocean;0
15140;52;185;205;sea;false;ocean;0
15141;108;51;126;sea;false;ocean;0
15142;163;173;47;sea;false;ocean;0
15143;219;38;224;sea;false;ocean;0
15144;18;160;145;sea;false;ocean;0
15145;74;26;66;sea;false;ocean;0
15146;129;147;243;sea;false;ocean;0
15147;185;13;164;sea;false;ocean;0
15148;240;135;85;sea;false;ocean;0
15149;40;1;6;sea;false;ocean;0
15150;95;122;183;sea;false;ocean;0
15151;150;244;104;sea;false;ocean;0
15152;206;110;25;sea;false;ocean;0
15153;5;231;202;sea;false;ocean;0
15154;61;97;123;sea;false;ocean;0
15155;116;219;44;sea;false;ocean;0
15156;172;84;221;sea;false;ocean;0
15157;227;206;142;sea;false;ocean;0
15158;27;72;63;sea;false;ocean;0
15159;82;193;240;sea;false;ocean;0
15160;138;59;161;sea;false;ocean;0
15161;193;181;82;sea;false;ocean;0
15162;249;47;3;sea;false;ocean;0
15163;48;168;180;sea;false;ocean;0
15164;104;34;101;sea;false;ocean;0
15165;159;156;22;sea;false;ocean;0
15166;215;21;199;sea;false;ocean;0
15167;14;143;120;sea;false;ocean;0
15168;70;9;41;sea;false;ocean;0
15169;125;130;218;sea;false;ocean;0
15170;180;252;139;sea;false;ocean;0
15171;236;118;60;sea;false;ocean;0
15172;35;239;237;sea;false;ocean;0
15173;91;105;158;sea;false;ocean;0
15174;146;227;79;sea;false;ocean;0
15175;202;93;0;sea;false;ocean;0
15176;1;214;177;sea;false;ocean;0
15177;57;80;98;sea;false;ocean;0
15178;112;202;19;sea;false;ocean;0
15179;168;67;196;sea;false;ocean;0
15180;223;189;117;sea;false;ocean;0
15181;23;55;38;sea;false;ocean;0
15182;78;176;215;sea;false;ocean;0
15183;134;42;136;sea;false;ocean;0
15184;189;164;57;sea;false;ocean;0
15185;245;29;234;sea;false;ocean;0
15186;44;151;155;sea;false;ocean;0
15187;100;17;76;sea;false;ocean;0
15188;155;138;253;sea;false;ocean;0
15189;211;4;174;sea;false;ocean;0
15190;10;126;95;sea;false;ocean;0
15191;65;248;16;sea;false;ocean;0
15192;121;113;193;sea;false;ocean;0
15193;176;235;114;sea;false;ocean;0
15194;232;101;35;sea;false;ocean;0
15195;31;222;212;sea;false;ocean;0
15196;87;88;133;sea;false;ocean;0
15197;142;210;54;sea;false;ocean;0
15198;198;75;231;sea;false;ocean;0
15199;253;197;152;sea;false;ocean;0
15200;53;63;73;sea;false;ocean;0
15201;108;184;250;sea;false;ocean;0
15202;164;50;171;sea;false;ocean;0
15203;219;172;92;sea;false;ocean;0
15204;19;38;13;sea;false;ocean;0
15205;74;159;190;sea;false;ocean;0
15206;130;25;111;sea;false;ocean;0
15207;185;147;32;sea;false;ocean;0
15208;241;12;209;sea;false;ocean;0
15209;40;134;130;sea;false;ocean;0
15210;96;0;51;sea;false;ocean;0
15211;151;121;228;sea;false;ocean;0
15212;206;243;149;sea;false;ocean;0
15213;6;109;70;sea;false;ocean;0
15214;61;230;247;sea;false;ocean;0
15215;117;96;168;sea;false;ocean;0
15216;172;218;89;sea;false;ocean;0
15217;228;84;10;sea;false;ocean;0
15218;27;205;187;sea;false;ocean;0
15219;83;71;108;sea;false;ocean;0
15220;138;193;29;sea;false;ocean;0
15221;194;58;206;sea;false;ocean;0
15222;249;180;127;sea;false;ocean;0
15223;49;46;48;sea;false;ocean;0
15224;104;167;225;sea;false;ocean;0
15225;160;33;146;sea;false;ocean;0
15226;215;155;67;sea;false;ocean;0
15227;15;20;244;sea;false;ocean;0
15228;70;142;165;sea;false;ocean;0
15229;126;8;86;sea;false;ocean;0
15230;181;130;7;sea;false;ocean;0
15231;236;251;184;sea;false;ocean;0
15232;36;117;105;sea;false;ocean;0
15233;91;239;26;sea;false;ocean;0
15234;147;104;203;sea;false;ocean;0
15235;202;226;124;sea;false;ocean;0
15236;2;92;45;sea;false;ocean;0
15237;57;213;222;sea;false;ocean;0
15238;113;79;143;sea;false;ocean;0
15239;168;201;64;sea;false;ocean;0
15240;224;66;241;sea;false;ocean;0
15241;23;188;162;sea;false;ocean;0
15242;79;54;83;sea;false;ocean;0
15243;134;176;4;sea;false;ocean;0
15244;190;41;181;sea;false;ocean;0
15245;245;163;102;sea;false;ocean;0
15246;45;29;23;sea;false;ocean;0
15247;100;150;200;sea;false;ocean;0
15248;156;16;121;sea;false;ocean;0
15249;211;138;42;sea;false;ocean;0
15250;11;3;219;sea;false;ocean;0
15251;66;125;140;sea;false;ocean;0
15252;121;247;61;sea;false;ocean;0
15253;177;112;238;sea;false;ocean;0
15254;232;234;159;sea;false;ocean;0
15255;32;100;80;sea;false;ocean;0
15256;87;222;1;sea;false;ocean;0
15257;143;87;178;sea;false;ocean;0
15258;198;209;99;sea;false;ocean;0
15259;254;75;20;sea;false;ocean;0
15260;53;196;197;sea;false;ocean;0
15261;109;62;118;sea;false;ocean;0
15262;164;184;39;sea;false;ocean;0
15263;220;49;216;sea;false;ocean;0
15264;19;171;137;sea;false;ocean;0
15265;75;37;58;sea;false;ocean;0
15266;130;158;235;sea;false;ocean;0
15267;186;24;156;sea;false;ocean;0
15268;241;146;77;sea;false;ocean;0
15269;41;11;254;sea;false;ocean;0
15270;96;133;175;sea;false;ocean;0
15271;151;255;96;sea;false;ocean;0
15272;207;121;17;sea;false;ocean;0
15273;6;242;194;sea;false;ocean;0
15274;62;108;115;sea;false;ocean;0
15275;117;230;36;sea;false;ocean;0
15276;173;95;213;sea;false;ocean;0
15277;228;217;134;sea;false;ocean;0
15278;28;83;55;sea;false;ocean;0
15279;83;204;232;sea;false;ocean;0
15280;139;70;153;sea;false;ocean;0
15281;194;192;74;sea;false;ocean;0
15282;250;57;251;sea;false;ocean;0
15283;49;179;172;sea;false;ocean;0
15284;105;45;93;sea;false;ocean;0
15285;160;167;14;sea;false;ocean;0
15286;216;32;191;sea;false;ocean;0
15287;15;154;112;sea;false;ocean;0
15288;71;20;33;sea;false;ocean;0
15289;126;141;210;sea;false;ocean;0
15290;182;7;131;sea;false;ocean;0
15291;237;129;52;sea;false;ocean;0
15292;36;250;229;sea;false;ocean;0
15293;92;116;150;sea;false;ocean;0
15294;147;238;71;sea;false;ocean;0
15295;203;103;248;sea;false;ocean;0
15296;2;225;169;sea;false;ocean;0
15297;58;91;90;sea;false;ocean;0
15298;113;213;11;sea;false;ocean;0
15299;169;78;188;sea;false;ocean;0
15300;224;200;109;sea;false;ocean;0
15301;24;66;30;sea;false;ocean;0
15302;79;187;207;sea;false;ocean;0
15303;135;53;128;sea;false;ocean;0
15304;190;175;49;sea;false;ocean;0
15305;246;40;226;sea;false;ocean;0
15306;45;162;147;sea;false;ocean;0
15307;101;28;68;sea;false;ocean;0
15308;156;149;245;sea;false;ocean;0
15309;212;15;166;sea;false;ocean;0
15310;11;137;87;sea;false;ocean;0
15311;67;3;8;sea;false;ocean;0
15312;122;124;185;sea;false;ocean;0
15313;177;246;106;sea;false;ocean;0
15314;233;112;27;sea;false;ocean;0
15315;32;233;204;sea;false;ocean;0
15316;88;99;125;sea;false;ocean;0
15317;143;221;46;sea;false;ocean;0
15318;199;86;223;sea;false;ocean;0
15319;254;208;144;sea;false;ocean;0
15320;54;74;65;sea;false;ocean;0
15321;109;195;242;sea;false;ocean;0
15322;165;61;163;sea;false;ocean;0
15323;220;183;84;sea;false;ocean;0
15324;20;49;5;sea;false;ocean;0
15325;75;170;182;sea;false;ocean;0
15326;131;36;103;sea;false;ocean;0
15327;186;158;24;sea;false;ocean;0
15328;242;23;201;sea;false;ocean;0
15329;41;145;122;sea;false;ocean;0
15330;97;11;43;sea;false;ocean;0
15331;152;132;220;sea;false;ocean;0
15332;207;254;141;sea;false;ocean;0
15333;7;120;62;sea;false;ocean;0
15334;62;241;239;sea;false;ocean;0
15335;118;107;160;sea;false;ocean;0
15336;173;229;81;sea;false;ocean;0
15337;229;95;2;sea;false;ocean;0
15338;28;216;179;sea;false;ocean;0
15339;84;82;100;sea;false;ocean;0
15340;139;204;21;sea;false;ocean;0
15341;195;69;198;sea;false;ocean;0
15342;250;191;119;sea;false;ocean;0
15343;50;57;40;sea;false;ocean;0
15344;105;178;217;sea;false;ocean;0
15345;161;44;138;sea;false;ocean;0
15346;216;166;59;sea;false;ocean;0
15347;16;31;236;sea;false;ocean;0
15348;71;153;157;sea;false;ocean;0
15349;127;19;78;sea;false;ocean;0
15350;182;140;255;sea;false;ocean;0
15351;238;6;176;sea;false;ocean;0
15352;37;128;97;sea;false;ocean;0
15353;92;250;18;sea;false;ocean;0
15354;148;115;195;sea;false;ocean;0
15355;203;237;116;sea;false;ocean;0
15356;3;103;37;sea;false;ocean;0
15357;58;224;214;sea;false;ocean;0
15358;114;90;135;sea;false;ocean;0
15359;169;212;56;sea;false;ocean;0
15360;225;77;233;sea;false;ocean;0
15361;24;199;154;sea;false;ocean;0
15362;80;65;75;sea;false;ocean;0
15363;135;186;252;sea;false;ocean;0
15364;191;52;173;sea;false;ocean;0
15365;246;174;94;sea;false;ocean;0
15366;46;40;15;sea;false;ocean;0
15367;101;161;192;sea;false;ocean;0
15368;157;27;113;sea;false;ocean;0
15369;212;149;34;sea;false;ocean;0
15370;12;14;211;sea;false;ocean;0
15371;67;136;132;sea;false;ocean;0
15372;123;2;53;sea;false;ocean;0
15373;178;123;230;sea;false;ocean;0
15374;233;245;151;sea;false;ocean;0
15375;33;111;72;sea;false;ocean;0
15376;88;232;249;sea;false;ocean;0
15377;144;98;170;sea;false;ocean;0
15378;199;220;91;sea;false;ocean;0
15379;255;86;12;sea;false;ocean;0
15380;54;207;189;sea;false;ocean;0
15381;110;73;110;sea;false;ocean;0
15382;165;195;31;sea;false;ocean;0
15383;221;60;208;sea;false;ocean;0
15384;20;182;129;sea;false;ocean;0
15385;76;48;50;sea;false;ocean;0
15386;131;169;227;sea;false;ocean;0
15387;187;35;148;sea;false;ocean;0
15388;242;157;69;sea;false;ocean;0
15389;42;22;246;sea;false;ocean;0
15390;97;144;167;sea;false;ocean;0
15391;153;10;88;sea;false;ocean;0
15392;208;132;9;sea;false;ocean;0
15393;7;253;186;sea;false;ocean;0
15394;63;119;107;sea;false;ocean;0
15395;118;241;28;sea;false;ocean;0
15396;174;106;205;sea;false;ocean;0
15397;229;228;126;sea;false;ocean;0
15398;29;94;47;sea;false;ocean;0
15399;84;215;224;sea;false;ocean;0
15400;140;81;145;sea;false;ocean;0
15401;195;203;66;sea;false;ocean;0
15402;251;68;243;sea;false;ocean;0
15403;50;190;164;sea;false;ocean;0
15404;106;56;85;sea;false;ocean;0
15405;161;178;6;sea;false;ocean;0
15406;217;43;183;sea;false;ocean;0
15407;16;165;104;sea;false;ocean;0
15408;72;31;25;sea;false;ocean;0
15409;127;152;202;sea;false;ocean;0
15410;183;18;123;sea;false;ocean;0
15411;238;140;44;sea;false;ocean;0
15412;38;5;221;sea;false;ocean;0
15413;93;127;142;sea;false;ocean;0
15414;148;249;63;sea;false;ocean;0
15415;204;114;240;sea;false;ocean;0
15416;3;236;161;sea;false;ocean;0
15417;59;102;82;sea;false;ocean;0
15418;114;224;3;sea;false;ocean;0
15419;170;89;180;sea;false;ocean;0
15420;225;211;101;sea;false;ocean;0
15421;25;77;22;sea;false;ocean;0
15422;80;198;199;sea;false;ocean;0
15423;136;64;120;sea;false;ocean;0
15424;191;186;41;sea;false;ocean;0
15425;247;51;218;sea;false;ocean;0
15426;46;173;139;sea;false;ocean;0
15427;102;39;60;sea;false;ocean;0
15428;157;160;237;sea;false;ocean;0
15429;213;26;158;sea;false;ocean;0
15430;12;148;79;sea;false;ocean;0
15431;68;14;0;sea;false;ocean;0
15432;123;135;177;sea;false;ocean;0
15433;179;1;98;sea;false;ocean;0
15434;234;123;19;sea;false;ocean;0
15435;33;244;196;sea;false;ocean;0
15436;89;110;117;sea;false;ocean;0
15437;144;232;38;sea;false;ocean;0
15438;200;97;215;sea;false;ocean;0
15439;255;219;136;sea;false;ocean;0
15440;55;85;57;sea;false;ocean;0
15441;110;206;234;sea;false;ocean;0
15442;166;72;155;sea;false;ocean;0
15443;221;194;76;sea;false;ocean;0
15444;21;59;253;sea;false;ocean;0
15445;76;181;174;sea;false;ocean;0
15446;132;47;95;sea;false;ocean;0
15447;187;169;16;sea;false;ocean;0
15448;243;34;193;sea;false;ocean;0
15449;42;156;114;sea;false;ocean;0
15450;98;22;35;sea;false;ocean;0
15451;153;143;212;sea;false;ocean;0
15452;209;9;133;sea;false;ocean;0
15453;8;131;54;sea;false;ocean;0
15454;63;252;231;sea;false;ocean;0
15455;119;118;152;sea;false;ocean;0
15456;174;240;73;sea;false;ocean;0
15457;230;105;250;sea;false;ocean;0
15458;29;227;171;sea;false;ocean;0
15459;85;93;92;sea;false;ocean;0
15460;140;215;13;sea;false;ocean;0
15461;196;80;190;sea;false;ocean;0
15462;251;202;111;sea;false;ocean;0
15463;51;68;32;sea;false;ocean;0
15464;106;189;209;sea;false;ocean;0
15465;162;55;130;sea;false;ocean;0
15466;217;177;51;sea;false;ocean;0
15467;17;42;228;sea;false;ocean;0
15468;72;164;149;sea;false;ocean;0
15469;128;30;70;sea;false;ocean;0
15470;183;151;247;sea;false;ocean;0
15471;239;17;168;sea;false;ocean;0
15472;38;139;89;sea;false;ocean;0
15473;94;5;10;sea;false;ocean;0
15474;149;126;187;sea;false;ocean;0
15475;204;248;108;sea;false;ocean;0
15476;4;114;29;sea;false;ocean;0
15477;59;235;206;sea;false;ocean;0
15478;115;101;127;sea;false;ocean;0
15479;170;223;48;sea;false;ocean;0
15480;226;88;225;sea;false;ocean;0
15481;25;210;146;sea;false;ocean;0
15482;81;76;67;sea;false;ocean;0
15483;136;197;244;sea;false;ocean;0
15484;192;63;165;sea;false;ocean;0
15485;247;185;86;sea;false;ocean;0
15486;47;51;7;sea;false;ocean;0
15487;102;172;184;sea;false;ocean;0
15488;158;38;105;sea;false;ocean;0
15489;213;160;26;sea;false;ocean;0
15490;13;25;203;sea;false;ocean;0
15491;68;147;124;sea;false;ocean;0
15492;124;13;45;sea;false;ocean;0
15493;179;134;222;sea;false;ocean;0
15494;235;0;143;sea;false;ocean;0
15495;34;122;64;sea;false;ocean;0
15496;89;243;241;sea;false;ocean;0
15497;145;109;162;sea;false;ocean;0
15498;200;231;83;sea;false;ocean;0
15499;0;97;4;sea;false;ocean;0
15500;55;218;181;sea;false;ocean;0
15501;111;84;102;sea;false;ocean;0
15502;166;206;23;sea;false;ocean;0
15503;222;71;200;sea;false;ocean;0
15504;21;193;121;sea;false;ocean;0
15505;77;59;42;sea;false;ocean;0
15506;132;180;219;sea;false;ocean;0
15507;188;46;140;sea;false;ocean;0
15508;243;168;61;sea;false;ocean;0
15509;43;33;238;sea;false;ocean;0
15510;98;155;159;sea;false;ocean;0
15511;154;21;80;sea;false;ocean;0
15512;209;143;1;sea;false;ocean;0
15513;9;8;178;sea;false;ocean;0
15514;64;130;99;sea;false;ocean;0
15515;119;252;20;sea;false;ocean;0
15516;175;117;197;sea;false;ocean;0
15517;230;239;118;sea;false;ocean;0
15518;30;105;39;sea;false;ocean;0
15519;85;226;216;sea;false;ocean;0
15520;141;92;137;sea;false;ocean;0
15521;196;214;58;sea;false;ocean;0
15522;252;79;235;sea;false;ocean;0
15523;51;201;156;sea;false;ocean;0
15524;107;67;77;sea;false;ocean;0
15525;162;188;254;sea;false;ocean;0
15526;218;54;175;sea;false;ocean;0
15527;17;176;96;sea;false;ocean;0
15528;73;42;17;sea;false;ocean;0
15529;128;163;194;sea;false;ocean;0
15530;184;29;115;sea;false;ocean;0
15531;239;151;36;sea;false;ocean;0
15532;39;16;213;sea;false;ocean;0
15533;94;138;134;sea;false;ocean;0
15534;150;4;55;sea;false;ocean;0
15535;205;125;232;sea;false;ocean;0
15536;4;247;153;sea;false;ocean;0
15537;60;113;74;sea;false;ocean;0
15538;115;234;251;sea;false;ocean;0
15539;171;100;172;sea;false;ocean;0
15540;226;222;93;sea;false;ocean;0
15541;26;88;14;sea;false;ocean;0
15542;81;209;191;sea;false;ocean;0
15543;137;75;112;sea;false;ocean;0
15544;192;197;33;sea;false;ocean;0
15545;248;62;210;sea;false;ocean;0
15546;47;184;131;sea;false;ocean;0
15547;103;50;52;sea;false;ocean;0
15548;158;171;229;sea;false;ocean;0
15549;214;37;150;sea;false;ocean;0
15550;13;159;71;sea;false;ocean;0
15551;69;24;248;sea;false;ocean;0
15552;124;146;169;sea;false;ocean;0
15553;180;12;90;sea;false;ocean;0
15554;235;134;11;sea;false;ocean;0
15555;34;255;188;sea;false;ocean;0
15556;90;121;109;sea;false;ocean;0
15557;145;243;30;sea;false;ocean;0
15558;201;108;207;sea;false;ocean;0
15559;0;230;128;sea;false;ocean;0
15560;56;96;49;sea;false;ocean;0
15561;111;217;226;sea;false;ocean;0
15562;167;83;147;sea;false;ocean;0
15563;222;205;68;sea;false;ocean;0
15564;22;70;245;sea;false;ocean;0
15565;77;192;166;sea;false;ocean;0
15566;133;58;87;sea;false;ocean;0
15567;188;180;8;sea;false;ocean;0
15568;244;45;185;sea;false;ocean;0
15569;43;167;106;sea;false;ocean;0
15570;99;33;27;sea;false;ocean;0
15571;154;154;204;sea;false;ocean;0
15572;210;20;125;sea;false;ocean;0
15573;9;142;46;sea;false;ocean;0
15574;65;7;223;sea;false;ocean;0
15575;120;129;144;sea;false;ocean;0
15576;175;251;65;sea;false;ocean;0
15577;231;116;242;sea;false;ocean;0
15578;30;238;163;sea;false;ocean;0
15579;86;104;84;sea;false;ocean;0
15580;141;226;5;sea;false;ocean;0
15581;197;91;182;sea;false;ocean;0
15582;252;213;103;sea;false;ocean;0
15583;52;79;24;sea;false;ocean;0
15584;107;200;201;sea;false;ocean;0
15585;163;66;122;sea;false;ocean;0
15586;218;188;43;sea;false;ocean;0
15587;18;53;220;sea;false;ocean;0
15588;73;175;141;sea;false;ocean;0
15589;129;41;62;sea;false;ocean;0
15590;184;162;239;sea;false;ocean;0
15591;240;28;160;sea;false;ocean;0
15592;39;150;81;sea;false;ocean;0
15593;95;16;2;sea;false;ocean;0
15594;150;137;179;sea;false;ocean;0
15595;206;3;100;sea;false;ocean;0
15596;5;125;21;sea;false;ocean;0
15597;60;246;198;sea;false;ocean;0
15598;116;112;119;sea;false;ocean;0
15599;171;234;40;sea;false;ocean;0
15600;227;99;217;sea;false;ocean;0
15601;26;221;138;sea;false;ocean;0
15602;82;87;59;sea;false;ocean;0
15603;137;208;236;sea;false;ocean;0
15604;193;74;157;sea;false;ocean;0
15605;248;196;78;sea;false;ocean;0
15606;48;61;255;sea;false;ocean;0
15607;103;183;176;sea;false;ocean;0
15608;159;49;97;sea;false;ocean;0
15609;214;171;18;sea;false;ocean;0
15610;14;36;195;sea;false;ocean;0
15611;69;158;116;sea;false;ocean;0
15612;125;24;37;sea;false;ocean;0
15613;180;145;214;sea;false;ocean;0
15614;236;11;135;sea;false;ocean;0
15615;35;133;56;sea;false;ocean;0
15616;90;254;233;sea;false;ocean;0
15617;146;120;154;sea;false;ocean;0
15618;201;242;75;sea;false;ocean;0
15619;1;107;252;sea;false;ocean;0
15620;56;229;173;sea;false;ocean;0
15621;112;95;94;sea;false;ocean;0
15622;167;217;15;sea;false;ocean;0
15623;223;82;192;sea;false;ocean;0
15624;22;204;113;sea;false;ocean;0
15625;78;70;34;sea;false;ocean;0
15626;133;191;211;sea;false;ocean;0
15627;189;57;132;sea;false;ocean;0
15628;244;179;53;sea;false;ocean;0
15629;44;44;230;sea;false;ocean;0
15630;99;166;151;sea;false;ocean;0
15631;155;32;72;sea;false;ocean;0
15632;210;153;249;sea;false;ocean;0
15633;10;19;170;sea;false;ocean;0
15634;65;141;91;sea;false;ocean;0
15635;121;7;12;sea;false;ocean;0
15636;176;128;189;sea;false;ocean;0
15637;231;250;110;sea;false;ocean;0
15638;31;116;31;sea;false;ocean;0
15639;86;237;208;sea;false;ocean;0
15640;142;103;129;sea;false;ocean;0
15641;197;225;50;sea;false;ocean;0
15642;253;90;227;sea;false;ocean;0
15643;52;212;148;sea;false;ocean;0
15644;108;78;69;sea;false;ocean;0
15645;163;199;246;sea;false;ocean;0
15646;219;65;167;sea;false;ocean;0
15647;18;187;88;sea;false;ocean;0
15648;74;53;9;sea;false;ocean;0
15649;129;174;186;sea;false;ocean;0
15650;185;40;107;sea;false;ocean;0
15651;240;162;28;sea;false;ocean;0
15652;40;27;205;sea;false;ocean;0
15653;95;149;126;sea;false;ocean;0
15654;151;15;47;sea;false;ocean;0
15655;206;136;224;sea;false;ocean;0
15656;6;2;145;sea;false;ocean;0
15657;61;124;66;sea;false;ocean;0
15658;116;245;243;sea;false;ocean;0
15659;172;111;164;sea;false;ocean;0
15660;227;233;85;sea;false;ocean;0
15661;27;99;6;sea;false;ocean;0
15662;82;220;183;sea;false;ocean;0
15663;138;86;104;sea;false;ocean;0
15664;193;208;25;sea;false;ocean;0
15665;249;73;202;sea;false;ocean;0
15666;48;195;123;sea;false;ocean;0
15667;104;61;44;sea;false;ocean;0
15668;159;182;221;sea;false;ocean;0
15669;215;48;142;sea;false;ocean;0
15670;14;170;63;sea;false;ocean;0
15671;70;35;240;sea;false;ocean;0
15672;125;157;161;sea;false;ocean;0
15673;181;23;82;sea;false;ocean;0
15674;236;145;3;sea;false;ocean;0
15675;36;10;180;sea;false;ocean;0
15676;91;132;101;sea;false;ocean;0
15677;146;254;22;sea;false;ocean;0
15678;202;119;199;sea;false;ocean;0
15679;1;241;120;sea;false;ocean;0
15680;57;107;41;sea;false;ocean;0
15681;112;228;218;sea;false;ocean;0
15682;168;94;139;sea;false;ocean;0
15683;223;216;60;sea;false;ocean;0
15684;23;81;237;sea;false;ocean;0
15685;78;203;158;sea;false;ocean;0
15686;134;69;79;sea;false;ocean;0
15687;189;191;0;sea;false;ocean;0
15688;245;56;177;sea;false;ocean;0
15689;44;178;98;sea;false;ocean;0
15690;100;44;19;sea;false;ocean;0
15691;155;165;196;sea;false;ocean;0
15692;211;31;117;sea;false;ocean;0
15693;10;153;38;sea;false;ocean;0
15694;66;18;215;sea;false;ocean;0
15695;121;140;136;sea;false;ocean;0
15696;177;6;57;sea;false;ocean;0
15697;232;127;234;sea;false;ocean;0
15698;31;249;155;sea;false;ocean;0
15699;87;115;76;sea;false;ocean;0
15700;142;236;253;sea;false;ocean;0
15701;198;102;174;sea;false;ocean;0
15702;253;224;95;sea;false;ocean;0
15703;53;90;16;sea;false;ocean;0
15704;108;211;193;sea;false;ocean;0
15705;164;77;114;sea;false;ocean;0
15706;219;199;35;sea;false;ocean;0
15707;19;64;212;sea;false;ocean;0
15708;74;186;133;sea;false;ocean;0
15709;130;52;54;sea;false;ocean;0
15710;185;173;231;sea;false;ocean;0
15711;241;39;152;sea;false;ocean;0
15712;40;161;73;sea;false;ocean;0
15713;96;26;250;sea;false;ocean;0
15714;151;148;171;sea;false;ocean;0
15715;207;14;92;sea;false;ocean;0
15716;6;136;13;sea;false;ocean;0
15717;62;1;190;sea;false;ocean;0
15718;117;123;111;sea;false;ocean;0
15719;172;245;32;sea;false;ocean;0
15720;228;110;209;sea;false;ocean;0
15721;27;232;130;sea;false;ocean;0
15722;83;98;51;sea;false;ocean;0
15723;138;219;228;sea;false;ocean;0
15724;194;85;149;sea;false;ocean;0
15725;249;207;70;sea;false;ocean;0
15726;49;72;247;sea;false;ocean;0
15727;104;194;168;sea;false;ocean;0
15728;160;60;89;sea;false;ocean;0
15729;215;182;10;sea;false;ocean;0
15730;15;47;187;sea;false;ocean;0
15731;70;169;108;sea;false;ocean;0
15732;126;35;29;sea;false;ocean;0
15733;181;156;206;sea;false;ocean;0
15734;237;22;127;sea;false;ocean;0
15735;36;144;48;sea;false;ocean;0
15736;92;9;225;sea;false;ocean;0
15737;147;131;146;sea;false;ocean;0
15738;202;253;67;sea;false;ocean;0
15739;2;118;244;sea;false;ocean;0
15740;57;240;165;sea;false;ocean;0
15741;113;106;86;sea;false;ocean;0
15742;168;228;7;sea;false;ocean;0
15743;224;93;184;sea;false;ocean;0
15744;23;215;105;sea;false;ocean;0
15745;79;81;26;sea;false;ocean;0
15746;134;202;203;sea;false;ocean;0
15747;190;68;124;sea;false;ocean;0
15748;245;190;45;sea;false;ocean;0
15749;45;55;222;sea;false;ocean;0
15750;100;177;143;sea;false;ocean;0
15751;156;43;64;sea;false;ocean;0
15752;211;164;241;sea;false;ocean;0
15753;11;30;162;sea;false;ocean;0
15754;66;152;83;sea;false;ocean;0
15755;122;18;4;sea;false;ocean;0
15756;177;139;181;sea;false;ocean;0
15757;233;5;102;sea;false;ocean;0
15758;32;127;23;sea;false;ocean;0
15759;87;248;200;sea;false;ocean;0
15760;143;114;121;sea;false;ocean;0
15761;198;236;42;sea;false;ocean;0
15762;254;101;219;sea;false;ocean;0
15763;53;223;140;sea;false;ocean;0
15764;109;89;61;sea;false;ocean;0
15765;164;210;238;sea;false;ocean;0
15766;220;76;159;sea;false;ocean;0
15767;19;198;80;sea;false;ocean;0
15768;75;64;1;sea;false;ocean;0
15769;130;185;178;sea;false;ocean;0
15770;186;51;99;sea;false;ocean;0
15771;241;173;20;sea;false;ocean;0
15772;41;38;197;sea;false;ocean;0
15773;96;160;118;sea;false;ocean;0
15774;152;26;39;sea;false;ocean;0
15775;207;147;216;sea;false;ocean;0
15776;7;13;137;sea;false;ocean;0
15777;62;135;58;sea;false;ocean;0
15778;118;0;235;sea;false;ocean;0
15779;173;122;156;sea;false;ocean;0
15780;228;244;77;sea;false;ocean;0
15781;28;109;254;sea;false;ocean;0
15782;83;231;175;sea;false;ocean;0
15783;139;97;96;sea;false;ocean;0
15784;194;219;17;sea;false;ocean;0
15785;250;84;194;sea;false;ocean;0
15786;49;206;115;sea;false;ocean;0
15787;105;72;36;sea;false;ocean;0
15788;160;193;213;sea;false;ocean;0
15789;216;59;134;sea;false;ocean;0
15790;15;181;55;sea;false;ocean;0
15791;71;46;232;sea;false;ocean;0
15792;126;168;153;sea;false;ocean;0
15793;182;34;74;sea;false;ocean;0
15794;237;155;251;sea;false;ocean;0
15795;37;21;172;sea;false;ocean;0
15796;92;143;93;sea;false;ocean;0
15797;148;9;14;sea;false;ocean;0
15798;203;130;191;sea;false;ocean;0
15799;2;252;112;sea;false;ocean;0
15800;58;118;33;sea;false;ocean;0
15801;113;239;210;sea;false;ocean;0
15802;169;105;131;sea;false;ocean;0
15803;224;227;52;sea;false;ocean;0
15804;24;92;229;sea;false;ocean;0
15805;79;214;150;sea;false;ocean;0
15806;135;80;71;sea;false;ocean;0
15807;190;201;248;sea;false;ocean;0
15808;246;67;169;sea;false;ocean;0
15809;45;189;90;sea;false;ocean;0
15810;101;55;11;sea;false;ocean;0
15811;156;176;188;sea;false;ocean;0
15812;212;42;109;sea;false;ocean;0
15813;11;164;30;sea;false;ocean;0
15814;67;29;207;sea;false;ocean;0
15815;122;151;128;sea;false;ocean;0
15816;178;17;49;sea;false;ocean;0
15817;233;138;226;sea;false;ocean;0
15818;33;4;147;sea;false;ocean;0
15819;88;126;68;sea;false;ocean;0
15820;143;247;245;sea;false;ocean;0
15821;199;113;166;sea;false;ocean;0
15822;254;235;87;sea;false;ocean;0
15823;54;101;8;sea;false;ocean;0
15824;109;222;185;sea;false;ocean;0
15825;165;88;106;sea;false;ocean;0
15826;220;210;27;sea;false;ocean;0
15827;20;75;204;sea;false;ocean;0
15828;75;197;125;sea;false;ocean;0
15829;131;63;46;sea;false;ocean;0
15830;186;184;223;sea;false;ocean;0
15831;242;50;144;sea;false;ocean;0
15832;41;172;65;sea;false;ocean;0
15833;97;37;242;sea;false;ocean;0
15834;152;159;163;sea;false;ocean;0
15835;208;25;84;sea;false;ocean;0
15836;7;147;5;sea;false;ocean;0
15837;63;12;182;sea;false;ocean;0
15838;118;134;103;sea;false;ocean;0
15839;174;0;24;sea;false;ocean;0
15840;229;121;201;sea;false;ocean;0
15841;28;243;122;sea;false;ocean;0
15842;84;109;43;sea;false;ocean;0
15843;139;230;220;sea;false;ocean;0
15844;195;96;141;sea;false;ocean;0
15845;250;218;62;sea;false;ocean;0
15846;50;83;239;sea;false;ocean;0
15847;105;205;160;sea;false;ocean;0
15848;161;71;81;sea;false;ocean;0
15849;216;193;2;sea;false;ocean;0
15850;16;58;179;sea;false;ocean;0
15851;71;180;100;sea;false;ocean;0
15852;127;46;21;sea;false;ocean;0
15853;182;167;198;sea;false;ocean;0
15854;238;33;119;sea;false;ocean;0
15855;37;155;40;sea;false;ocean;0
15856;93;20;217;sea;false;ocean;0
15857;148;142;138;sea;false;ocean;0
15858;204;8;59;sea;false;ocean;0
15859;3;129;236;sea;false;ocean;0
15860;58;251;157;sea;false;ocean;0
15861;114;117;78;sea;false;ocean;0
15862;169;238;255;sea;false;ocean;0
15863;225;104;176;sea;false;ocean;0
15864;24;226;97;sea;false;ocean;0
15865;80;92;18;sea;false;ocean;0
15866;135;213;195;sea;false;ocean;0
15867;191;79;116;sea;false;ocean;0
15868;246;201;37;sea;false;ocean;0
15869;46;66;214;sea;false;ocean;0
15870;101;188;135;sea;false;ocean;0
15871;157;54;56;sea;false;ocean;0
15872;212;175;233;sea;false;ocean;0
15873;12;41;154;sea;false;ocean;0
15874;67;163;75;sea;false;ocean;0
15875;123;28;252;sea;false;ocean;0
15876;178;150;173;sea;false;ocean;0
15877;234;16;94;sea;false;ocean;0
15878;33;138;15;sea;false;ocean;0
15879;89;3;192;sea;false;ocean;0
15880;144;125;113;sea;false;ocean;0
15881;199;247;34;sea;false;ocean;0
15882;255;112;211;sea;false;ocean;0
15883;54;234;132;sea;false;ocean;0
15884;110;100;53;sea;false;ocean;0
15885;165;221;230;sea;false;ocean;0
15886;221;87;151;sea;false;ocean;0
15887;20;209;72;sea;false;ocean;0
15888;76;74;249;sea;false;ocean;0
15889;131;196;170;sea;false;ocean;0
15890;187;62;91;sea;false;ocean;0
15891;242;184;12;sea;false;ocean;0
15892;42;49;189;sea;false;ocean;0
15893;97;171;110;sea;false;ocean;0
15894;153;37;31;sea;false;ocean;0
15895;208;158;208;sea;false;ocean;0
15896;8;24;129;sea;false;ocean;0
15897;63;146;50;sea;false;ocean;0
15898;119;11;227;sea;false;ocean;0
15899;174;133;148;sea;false;ocean;0
15900;229;255;69;sea;false;ocean;0
15901;29;120;246;sea;false;ocean;0
15902;84;242;167;sea;false;ocean;0
15903;140;108;88;sea;false;ocean;0
15904;195;230;9;sea;false;ocean;0
15905;251;95;186;sea;false;ocean;0
15906;50;217;107;sea;false;ocean;0
15907;106;83;28;sea;false;ocean;0
15908;161;204;205;sea;false;ocean;0
15909;217;70;126;sea;false;ocean;0
15910;16;192;47;sea;false;ocean;0
15911;72;57;224;sea;false;ocean;0
15912;127;179;145;sea;false;ocean;0
15913;183;45;66;sea;false;ocean;0
15914;238;166;243;sea;false;ocean;0
15915;38;32;164;sea;false;ocean;0
15916;93;154;85;sea;false;ocean;0
15917;149;20;6;sea;false;ocean;0
15918;204;141;183;sea;false;ocean;0
15919;4;7;104;sea;false;ocean;0
15920;59;129;25;sea;false;ocean;0
15921;114;250;202;sea;false;ocean;0
15922;170;116;123;sea;false;ocean;0
15923;225;238;44;sea;false;ocean;0
15924;25;103;221;sea;false;ocean;0
15925;80;225;142;sea;false;ocean;0
15926;136;91;63;sea;false;ocean;0
15927;191;212;240;sea;false;ocean;0
15928;247;78;161;sea;false;ocean;0
15929;46;200;82;sea;false;ocean;0
15930;102;66;3;sea;false;ocean;0
15931;157;187;180;sea;false;ocean;0
15932;213;53;101;sea;false;ocean;0
15933;12;175;22;sea;false;ocean;0
15934;68;40;199;sea;false;ocean;0
15935;123;162;120;sea;false;ocean;0
15936;179;28;41;sea;false;ocean;0
15937;234;149;218;sea;false;ocean;0
15938;34;15;139;sea;false;ocean;0
15939;89;137;60;sea;false;ocean;0
15940;145;2;237;sea;false;ocean;0
15941;200;124;158;sea;false;ocean;0
15942;255;246;79;sea;false;ocean;0
15943;55;112;0;sea;false;ocean;0
15944;110;233;177;sea;false;ocean;0
15945;166;99;98;sea;false;ocean;0
15946;221;221;19;sea;false;ocean;0
15947;21;86;196;sea;false;ocean;0
15948;76;208;117;sea;false;ocean;0
15949;132;74;38;sea;false;ocean;0
15950;187;195;215;sea;false;ocean;0
15951;243;61;136;sea;false;ocean;0
15952;42;183;57;sea;false;ocean;0
15953;98;48;234;sea;false;ocean;0
15954;153;170;155;sea;false;ocean;0
15955;209;36;76;sea;false;ocean;0
15956;8;157;253;sea;false;ocean;0
15957;64;23;174;sea;false;ocean;0
15958;119;145;95;sea;false;ocean;0
15959;175;11;16;sea;false;ocean;0
15960;230;132;193;sea;false;ocean;0
15961;29;254;114;sea;false;ocean;0
15962;85;120;35;sea;false;ocean;0
15963;140;241;212;sea;false;ocean;0
15964;196;107;133;sea;false;ocean;0
15965;251;229;54;sea;false;ocean;0
15966;51;94;231;sea;false;ocean;0
15967;106;216;152;sea;false;ocean;0
15968;162;82;73;sea;false;ocean;0
15969;217;203;250;sea;false;ocean;0
15970;17;69;171;sea;false;ocean;0
15971;72;191;92;sea;false;ocean;0
15972;128;57;13;sea;false;ocean;0
15973;183;178;190;sea;false;ocean;0
15974;239;44;111;sea;false;ocean;0
15975;38;166;32;sea;false;ocean;0
15976;94;31;209;sea;false;ocean;0
15977;149;153;130;sea;false;ocean;0
15978;205;19;51;sea;false;ocean;0
15979;4;140;228;sea;false;ocean;0
15980;60;6;149;sea;false;ocean;0
15981;115;128;70;sea;false;ocean;0
15982;170;249;247;sea;false;ocean;0
15983;226;115;168;sea;false;ocean;0
15984;25;237;89;sea;false;ocean;0
15985;81;103;10;sea;false;ocean;0
15986;136;224;187;sea;false;ocean;0
15987;192;90;108;sea;false;ocean;0
15988;247;212;29;sea;false;ocean;0
15989;47;77;206;sea;false;ocean;0
15990;102;199;127;sea;false;ocean;0
15991;158;65;48;sea;false;ocean;0
15992;213;186;225;sea;false;ocean;0
15993;13;52;146;sea;false;ocean;0
15994;68;174;67;sea;false;ocean;0
15995;124;39;244;sea;false;ocean;0
15996;179;161;165;sea;false;ocean;0
15997;235;27;86;sea;false;ocean;0
15998;34;149;7;sea;false;ocean;0
15999;90;14;184;sea;false;ocean;0
16000;145;136;105;sea;false;ocean;0
16001;201;2;26;sea;false;ocean;0
16002;0;123;203;sea;false;ocean;0
16003;55;245;124;sea;false;ocean;0
16004;111;111;45;sea;false;ocean;0
16005;166;232;222;sea;false;ocean;0
16006;222;98;143;sea;false;ocean;0
16007;21;220;64;sea;false;ocean;0
16008;77;85;241;sea;false;ocean;0
16009;132;207;162;sea;false;ocean;0
16010;188;73;83;sea;false;ocean;0
16011;243;195;4;sea;false;ocean;0
16012;43;60;181;sea;false;ocean;0
16013;98;182;102;sea;false;ocean;0
16014;154;48;23;sea;false;ocean;0
16015;209;169;200;sea;false;ocean;0
16016;9;35;121;sea;false;ocean;0
16017;64;157;42;sea;false;ocean;0
16018;120;22;219;sea;false;ocean;0
16019;175;144;140;sea;false;ocean;0
16020;231;10;61;sea;false;ocean;0
16021;30;131;238;sea;false;ocean;0
16022;85;253;159;sea;false;ocean;0
16023;141;119;80;sea;false;ocean;0
16024;196;241;1;sea;false;ocean;0
16025;252;106;178;sea;false;ocean;0
16026;51;228;99;sea;false;ocean;0
16027;107;94;20;sea;false;ocean;0
16028;162;215;197;sea;false;ocean;0
16029;218;81;118;sea;false;ocean;0
16030;17;203;39;sea;false;ocean;0
16031;73;68;216;sea;false;ocean;0
16032;128;190;137;sea;false;ocean;0
16033;184;56;58;sea;false;ocean;0
16034;239;177;235;sea;false;ocean;0
16035;39;43;156;sea;false;ocean;0
16036;94;165;77;sea;false;ocean;0
16037;150;30;254;sea;false;ocean;0
16038;205;152;175;sea;false;ocean;0
16039;5;18;96;sea;false;ocean;0
16040;60;140;17;sea;false;ocean;0
16041;116;5;194;sea;false;ocean;0
16042;171;127;115;sea;false;ocean;0
16043;226;249;36;sea;false;ocean;0
16044;26;114;213;sea;false;ocean;0
16045;81;236;134;sea;false;ocean;0
16046;137;102;55;sea;false;ocean;0
16047;192;223;232;sea;false;ocean;0
16048;248;89;153;sea;false;ocean;0
16049;47;211;74;sea;false;ocean;0
16050;103;76;251;sea;false;ocean;0
16051;158;198;172;sea;false;ocean;0
16052;214;64;93;sea;false;ocean;0
16053;13;186;14;sea;false;ocean;0
16054;69;51;191;sea;false;ocean;0
16055;124;173;112;sea;false;ocean;0
16056;180;39;33;sea;false;ocean;0
16057;235;160;210;sea;false;ocean;0
16058;35;26;131;sea;false;ocean;0
16059;90;148;52;sea;false;ocean;0
16060;146;13;229;sea;false;ocean;0
16061;201;135;150;sea;false;ocean;0
16062;1;1;71;sea;false;ocean;0
16063;56;122;248;sea;false;ocean;0
16064;111;244;169;sea;false;ocean;0
16065;167;110;90;sea;false;ocean;0
16066;222;232;11;sea;false;ocean;0
16067;22;97;188;sea;false;ocean;0
16068;77;219;109;sea;false;ocean;0
16069;133;85;30;sea;false;ocean;0
16070;188;206;207;sea;false;ocean;0
16071;244;72;128;sea;false;ocean;0
16072;43;194;49;sea;false;ocean;0
16073;99;59;226;sea;false;ocean;0
16074;154;181;147;sea;false;ocean;0
16075;210;47;68;sea;false;ocean;0
16076;9;168;245;sea;false;ocean;0
16077;65;34;166;sea;false;ocean;0
16078;120;156;87;sea;false;ocean;0
16079;176;22;8;sea;false;ocean;0
16080;231;143;185;sea;false;ocean;0
16081;31;9;106;sea;false;ocean;0
16082;86;131;27;sea;false;ocean;0
16083;141;252;204;sea;false;ocean;0
16084;197;118;125;sea;false;ocean;0
16085;252;240;46;sea;false;ocean;0
16086;52;105;223;sea;false;ocean;0
16087;107;227;144;sea;false;ocean;0
16088;163;93;65;sea;false;ocean;0
16089;218;214;242;sea;false;ocean;0
16090;18;80;163;sea;false;ocean;0
16091;73;202;84;sea;false;ocean;0
16092;129;68;5;sea;false;ocean;0
16093;184;189;182;sea;false;ocean;0
16094;240;55;103;sea;false;ocean;0
16095;39;177;24;sea;false;ocean;0
16096;95;42;201;sea;false;ocean;0
16097;150;164;122;sea;false;ocean;0
16098;206;30;43;sea;false;ocean;0
16099;5;151;220;sea;false;ocean;0
16100;61;17;141;sea;false;ocean;0
16101;116;139;62;sea;false;ocean;0
16102;172;4;239;sea;false;ocean;0
16103;227;126;160;sea;false;ocean;0
16104;26;248;81;sea;false;ocean;0
16105;82;114;2;sea;false;ocean;0
16106;137;235;179;sea;false;ocean;0
16107;193;101;100;sea;false;ocean;0
16108;248;223;21;sea;false;ocean;0
16109;48;88;198;sea;false;ocean;0
16110;103;210;119;sea;false;ocean;0
16111;159;76;40;sea;false;ocean;0
16112;214;197;217;sea;false;ocean;0
16113;14;63;138;sea;false;ocean;0
16114;69;185;59;sea;false;ocean;0
16115;125;50;236;sea;false;ocean;0
16116;180;172;157;sea;false;ocean;0
16117;236;38;78;sea;false;ocean;0
16118;35;159;255;sea;false;ocean;0
16119;91;25;176;sea;false;ocean;0
16120;146;147;97;sea;false;ocean;0
16121;202;13;18;sea;false;ocean;0
16122;1;134;195;sea;false;ocean;0
16123;57;0;116;sea;false;ocean;0
16124;112;122;37;sea;false;ocean;0
16125;167;243;214;sea;false;ocean;0
16126;223;109;135;sea;false;ocean;0
16127;22;231;56;sea;false;ocean;0
16128;78;96;233;sea;false;ocean;0
16129;133;218;154;sea;false;ocean;0
16130;189;84;75;sea;false;ocean;0
16131;244;205;252;sea;false;ocean;0
16132;44;71;173;sea;false;ocean;0
16133;99;193;94;sea;false;ocean;0
16134;155;59;15;sea;false;ocean;0
16135;210;180;192;sea;false;ocean;0
16136;10;46;113;sea;false;ocean;0
16137;65;168;34;sea;false;ocean;0
16138;121;33;211;sea;false;ocean;0
16139;176;155;132;sea;false;ocean;0
16140;232;21;53;sea;false;ocean;0
16141;31;142;230;sea;false;ocean;0
16142;87;8;151;sea;false;ocean;0
16143;142;130;72;sea;false;ocean;0
16144;197;251;249;sea;false;ocean;0
16145;253;117;170;sea;false;ocean;0
16146;52;239;91;sea;false;ocean;0
16147;108;105;12;sea;false;ocean;0
16148;163;226;189;sea;false;ocean;0
16149;219;92;110;sea;false;ocean;0
16150;18;214;31;sea;false;ocean;0
16151;74;79;208;sea;false;ocean;0
16152;129;201;129;sea;false;ocean;0
16153;185;67;50;sea;false;ocean;0
16154;240;188;227;sea;false;ocean;0
16155;40;54;148;sea;false;ocean;0
16156;95;176;69;sea;false;ocean;0
16157;151;41;246;sea;false;ocean;0
16158;206;163;167;sea;false;ocean;0
16159;6;29;88;sea;false;ocean;0
16160;61;151;9;sea;false;ocean;0
16161;117;16;186;sea;false;ocean;0
16162;172;138;107;sea;false;ocean;0
16163;228;4;28;sea;false;ocean;0
16164;27;125;205;sea;false;ocean;0
16165;82;247;126;sea;false;ocean;0
16166;138;113;47;sea;false;ocean;0
16167;193;234;224;sea;false;ocean;0
16168;249;100;145;sea;false;ocean;0
16169;48;222;66;sea;false;ocean;0
16170;104;87;243;sea;false;ocean;0
16171;159;209;164;sea;false;ocean;0
16172;215;75;85;sea;false;ocean;0
16173;14;197;6;sea;false;ocean;0
16174;70;62;183;sea;false;ocean;0
16175;125;184;104;sea;false;ocean;0
16176;181;50;25;sea;false;ocean;0
16177;236;171;202;sea;false;ocean;0
16178;36;37;123;sea;false;ocean;0
16179;91;159;44;sea;false;ocean;0
16180;147;24;221;sea;false;ocean;0
16181;202;146;142;sea;false;ocean;0
16182;2;12;63;sea;false;ocean;0
16183;57;133;240;sea;false;ocean;0
16184;112;255;161;sea;false;ocean;0
16185;168;121;82;sea;false;ocean;0
16186;223;243;3;sea;false;ocean;0
16187;23;108;180;sea;false;ocean;0
16188;78;230;101;sea;false;ocean;0
16189;134;96;22;sea;false;ocean;0
16190;189;217;199;sea;false;ocean;0
16191;245;83;120;sea;false;ocean;0
16192;44;205;41;sea;false;ocean;0
16193;100;70;218;sea;false;ocean;0
16194;155;192;139;sea;false;ocean;0
16195;211;58;60;sea;false;ocean;0
16196;10;179;237;sea;false;ocean;0
16197;66;45;158;sea;false;ocean;0
16198;121;167;79;sea;false;ocean;0
16199;177;33;0;sea;false;ocean;0
16200;232;154;177;sea;false;ocean;0
16201;32;20;98;sea;false;ocean;0
16202;87;142;19;sea;false;ocean;0
16203;143;7;196;sea;false;ocean;0
16204;198;129;117;sea;false;ocean;0
16205;253;251;38;sea;false;ocean;0
16206;53;116;215;sea;false;ocean;0
16207;108;238;136;sea;false;ocean;0
16208;164;104;57;sea;false;ocean;0
16209;219;225;234;sea;false;ocean;0
16210;19;91;155;sea;false;ocean;0
16211;74;213;76;sea;false;ocean;0
16212;130;78;253;sea;false;ocean;0
16213;185;200;174;sea;false;ocean;0
16214;241;66;95;sea;false;ocean;0
16215;40;188;16;sea;false;ocean;0
16216;96;53;193;sea;false;ocean;0
16217;151;175;114;sea;false;ocean;0
16218;207;41;35;sea;false;ocean;0
16219;6;162;212;sea;false;ocean;0
16220;62;28;133;sea;false;ocean;0
16221;117;150;54;sea;false;ocean;0
16222;173;15;231;sea;false;ocean;0
16223;228;137;152;sea;false;ocean;0
16224;28;3;73;sea;false;ocean;0
16225;83;124;250;sea;false;ocean;0
16226;138;246;171;sea;false;ocean;0
16227;194;112;92;sea;false;ocean;0
16228;249;234;13;sea;false;ocean;0
16229;49;99;190;sea;false;ocean;0
16230;104;221;111;sea;false;ocean;0
16231;160;87;32;sea;false;ocean;0
16232;215;208;209;sea;false;ocean;0
16233;15;74;130;sea;false;ocean;0
16234;70;196;51;sea;false;ocean;0
16235;126;61;228;sea;false;ocean;0
16236;181;183;149;sea;false;ocean;0
16237;237;49;70;sea;false;ocean;0
16238;36;170;247;sea;false;ocean;0
16239;92;36;168;sea;false;ocean;0
16240;147;158;89;sea;false;ocean;0
16241;203;24;10;sea;false;ocean;0
16242;2;145;187;sea;false;ocean;0
16243;58;11;108;sea;false;ocean;0
16244;113;133;29;sea;false;ocean;0
16245;168;254;206;sea;false;ocean;0
16246;224;120;127;sea;false;ocean;0
16247;23;242;48;sea;false;ocean;0
16248;79;107;225;sea;false;ocean;0
16249;134;229;146;sea;false;ocean;0
16250;190;95;67;sea;false;ocean;0
16251;245;216;244;sea;false;ocean;0
16252;45;82;165;sea;false;ocean;0
16253;100;204;86;sea;false;ocean;0
16254;156;70;7;sea;false;ocean;0
16255;211;191;184;sea;false;ocean;0
16256;11;57;105;sea;false;ocean;0
16257;66;179;26;sea;false;ocean;0
16258;122;44;203;sea;false;ocean;0
16259;177;166;124;sea;false;ocean;0
16260;233;32;45;sea;false;ocean;0
16261;32;153;222;sea;false;ocean;0
16262;88;19;143;sea;false;ocean;0
16263;143;141;64;sea;false;ocean;0
16264;199;6;241;sea;false;ocean;0
16265;254;128;162;sea;false;ocean;0
16266;53;250;83;sea;false;ocean;0
16267;109;116;4;sea;false;ocean;0
16268;164;237;181;sea;false;ocean;0
16269;220;103;102;sea;false;ocean;0
16270;19;225;23;sea;false;ocean;0
16271;75;90;200;sea;false;ocean;0
16272;130;212;121;sea;false;ocean;0
16273;186;78;42;sea;false;ocean;0
16274;241;199;219;sea;false;ocean;0
16275;41;65;140;sea;false;ocean;0
16276;96;187;61;sea;false;ocean;0
16277;152;52;238;sea;false;ocean;0
16278;207;174;159;sea;false;ocean;0
16279;7;40;80;sea;false;ocean;0
16280;62;162;1;sea;false;ocean;0
16281;118;27;178;sea;false;ocean;0
16282;173;149;99;sea;false;ocean;0
16283;229;15;20;sea;false;ocean;0
16284;28;136;197;sea;false;ocean;0
16285;84;2;118;sea;false;ocean;0
16286;139;124;39;sea;false;ocean;0
16287;194;245;216;sea;false;ocean;0
16288;250;111;137;sea;false;ocean;0
16289;49;233;58;sea;false;ocean;0
16290;105;98;235;sea;false;ocean;0
16291;160;220;156;sea;false;ocean;0
16292;216;86;77;sea;false;ocean;0
16293;15;207;254;sea;false;ocean;0
16294;71;73;175;sea;false;ocean;0
16295;126;195;96;sea;false;ocean;0
16296;182;61;17;sea;false;ocean;0
16297;237;182;194;sea;false;ocean;0
16298;37;48;115;sea;false;ocean;0
16299;92;170;36;sea;false;ocean;0
16300;148;35;213;sea;false;ocean;0
16301;203;157;134;sea;false;ocean;0
16302;3;23;55;sea;false;ocean;0
16303;58;144;232;sea;false;ocean;0
16304;114;10;153;sea;false;ocean;0
16305;169;132;74;sea;false;ocean;0
16306;224;253;251;sea;false;ocean;0
16307;24;119;172;sea;false;ocean;0
16308;79;241;93;sea;false;ocean;0
16309;135;107;14;sea;false;ocean;0
16310;190;228;191;sea;false;ocean;0
16311;246;94;112;sea;false;ocean;0
16312;45;216;33;sea;false;ocean;0
16313;101;81;210;sea;false;ocean;0
16314;156;203;131;sea;false;ocean;0
16315;212;69;52;sea;false;ocean;0
16316;11;190;229;sea;false;ocean;0
16317;67;56;150;sea;false;ocean;0
16318;122;178;71;sea;false;ocean;0
16319;178;43;248;sea;false;ocean;0
16320;233;165;169;sea;false;ocean;0
16321;33;31;90;sea;false;ocean;0
16322;88;153;11;sea;false;ocean;0
16323;144;18;188;sea;false;ocean;0
16324;199;140;109;sea;false;ocean;0
16325;255;6;30;sea;false;ocean;0
16326;54;127;207;sea;false;ocean;0
16327;109;249;128;sea;false;ocean;0
16328;165;115;49;sea;false;ocean;0
16329;220;236;226;sea;false;ocean;0
16330;20;102;147;sea;false;ocean;0
16331;75;224;68;sea;false;ocean;0
16332;131;89;245;sea;false;ocean;0
16333;186;211;166;sea;false;ocean;0
16334;242;77;87;sea;false;ocean;0
16335;41;199;8;sea;false;ocean;0
16336;97;64;185;sea;false;ocean;0
16337;152;186;106;sea;false;ocean;0
16338;208;52;27;sea;false;ocean;0
16339;7;173;204;sea;false;ocean;0
16340;63;39;125;sea;false;ocean;0
16341;118;161;46;sea;false;ocean;0
16342;174;26;223;sea;false;ocean;0
16343;229;148;144;sea;false;ocean;0
16344;29;14;65;sea;false;ocean;0
16345;84;135;242;sea;false;ocean;0
16346;140;1;163;sea;false;ocean;0
16347;195;123;84;sea;false;ocean;0
16348;250;245;5;sea;false;ocean;0
16349;50;110;182;sea;false;ocean;0
16350;105;232;103;sea;false;ocean;0
16351;161;98;24;sea;false;ocean;0
16352;216;219;201;sea;false;ocean;0
16353;16;85;122;sea;false;ocean;0
16354;71;207;43;sea;false;ocean;0
16355;127;72;220;sea;false;ocean;0
16356;182;194;141;sea;false;ocean;0
16357;238;60;62;sea;false;ocean;0
16358;37;181;239;sea;false;ocean;0
16359;93;47;160;sea;false;ocean;0
16360;148;169;81;sea;false;ocean;0
16361;204;35;2;sea;false;ocean;0
16362;3;156;179;sea;false;ocean;0
16363;59;22;100;sea;false;ocean;0
16364;114;144;21;sea;false;ocean;0
16365;170;9;198;sea;false;ocean;0
16366;225;131;119;sea;false;ocean;0
16367;24;253;40;sea;false;ocean;0
16368;80;118;217;sea;false;ocean;0
16369;135;240;138;sea;false;ocean;0
16370;191;106;59;sea;false;ocean;0
16371;246;227;236;sea;false;ocean;0
16372;46;93;157;sea;false;ocean;0
16373;101;215;78;sea;false;ocean;0
16374;157;80;255;sea;false;ocean;0
16375;212;202;176;sea;false;ocean;0
16376;12;68;97;sea;false;ocean;0
16377;67;190;18;sea;false;ocean;0
16378;123;55;195;sea;false;ocean;0
16379;178;177;116;sea;false;ocean;0
16380;234;43;37;sea;false;ocean;0
16381;33;164;214;sea;false;ocean;0
16382;89;30;135;sea;false;ocean;0
16383;144;152;56;sea;false;ocean;0
16384;200;17;233;sea;false;ocean;0
16385;255;139;154;sea;false;ocean;0
16386;55;5;75;sea;false;ocean;0
16387;110;126;252;sea;false;ocean;0
16388;165;248;173;sea;false;ocean;0
16389;221;114;94;sea;false;ocean;0
16390;20;236;15;sea;false;ocean;0
16391;76;101;192;sea;false;ocean;0
16392;131;223;113;sea;false;ocean;0
16393;187;89;34;sea;false;ocean;0
16394;242;210;211;sea;false;ocean;0
16395;42;76;132;sea;false;ocean;0
16396;97;198;53;sea;false;ocean;0
16397;153;63;230;sea;false;ocean;0
16398;208;185;151;sea;false;ocean;0
16399;8;51;72;sea;false;ocean;0
16400;63;172;249;sea;false;ocean;0
16401;119;38;170;sea;false;ocean;0
16402;174;160;91;sea;false;ocean;0
16403;230;26;12;sea;false;ocean;0
16404;29;147;189;sea;false;ocean;0
16405;85;13;110;sea;false;ocean;0
16406;140;135;31;sea;false;ocean;0
16407;196;0;208;sea;false;ocean;0
16408;251;122;129;sea;false;ocean;0
16409;50;244;50;sea;false;ocean;0
16410;106;109;227;sea;false;ocean;0
16411;161;231;148;sea;false;ocean;0
16412;217;97;69;sea;false;ocean;0
16413;16;218;246;sea;false;ocean;0
16414;72;84;167;sea;false;ocean;0
16415;127;206;88;sea;false;ocean;0
16416;183;72;9;sea;false;ocean;0
16417;238;193;186;sea;false;ocean;0
16418;38;59;107;sea;false;ocean;0
16419;93;181;28;sea;false;ocean;0
16420;149;46;205;sea;false;ocean;0
16421;204;168;126;sea;false;ocean;0
16422;4;34;47;sea;false;ocean;0
16423;59;155;224;sea;false;ocean;0
16424;115;21;145;sea;false;ocean;0
16425;170;143;66;sea;false;ocean;0
16426;226;8;243;sea;false;ocean;0
16427;25;130;164;sea;false;ocean;0
16428;80;252;85;sea;false;ocean;0
16429;136;118;6;sea;false;ocean;0
16430;191;239;183;sea;false;ocean;0
16431;247;105;104;sea;false;ocean;0
16432;46;227;25;sea;false;ocean;0
16433;102;92;202;sea;false;ocean;0
16434;157;214;123;sea;false;ocean;0
16435;213;80;44;sea;false;ocean;0
16436;12;201;221;sea;false;ocean;0
16437;68;67;142;sea;false;ocean;0
16438;123;189;63;sea;false;ocean;0
16439;179;54;240;sea;false;ocean;0
16440;234;176;161;sea;false;ocean;0
16441;34;42;82;sea;false;ocean;0
16442;89;164;3;sea;false;ocean;0
16443;145;29;180;sea;false;ocean;0
16444;200;151;101;sea;false;ocean;0
16445;0;17;22;sea;false;ocean;0
16446;55;138;199;sea;false;ocean;0
16447;111;4;120;sea;false;ocean;0
16448;166;126;41;sea;false;ocean;0
16449;221;247;218;sea;false;ocean;0
16450;21;113;139;sea;false;ocean;0
16451;76;235;60;sea;false;ocean;0
16452;132;100;237;sea;false;ocean;0
16453;187;222;158;sea;false;ocean;0
16454;243;88;79;sea;false;ocean;0
16455;42;210;0;sea;false;ocean;0
16456;98;75;177;sea;false;ocean;0
16457;153;197;98;sea;false;ocean;0
16458;209;63;19;sea;false;ocean;0
16459;8;184;196;sea;false;ocean;0
16460;64;50;117;sea;false;ocean;0
16461;119;172;38;sea;false;ocean;0
16462;175;37;215;sea;false;ocean;0
16463;230;159;136;sea;false;ocean;0
16464;30;25;57;sea;false;ocean;0
16465;85;146;234;sea;false;ocean;0
16466;141;12;155;sea;false;ocean;0
16467;196;134;76;sea;false;ocean;0
16468;251;255;253;sea;false;ocean;0
16469;51;121;174;sea;false;ocean;0
16470;106;243;95;sea;false;ocean;0
16471;162;109;16;sea;false;ocean;0
16472;217;230;193;sea;false;ocean;0
16473;17;96;114;sea;false;ocean;0
16474;72;218;35;sea;false;ocean;0
16475;128;83;212;sea;false;ocean;0
16476;183;205;133;sea;false;ocean;0
16477;239;71;54;sea;false;ocean;0
16478;38;192;231;sea;false;ocean;0
16479;94;58;152;sea;false;ocean;0
16480;149;180;73;sea;false;ocean;0
16481;205;45;250;sea;false;ocean;0
16482;4;167;171;sea;false;ocean;0
16483;60;33;92;sea;false;ocean;0
16484;115;155;13;sea;false;ocean;0
16485;171;20;190;sea;false;ocean;0
16486;226;142;111;sea;false;ocean;0
16487;26;8;32;sea;false;ocean;0
16488;81;129;209;sea;false;ocean;0
16489;136;251;130;sea;false;ocean;0
16490;192;117;51;sea;false;ocean;0
16491;247;238;228;sea;false;ocean;0
16492;47;104;149;sea;false;ocean;0
16493;102;226;70;sea;false;ocean;0
16494;158;91;247;sea;false;ocean;0
16495;213;213;168;sea;false;ocean;0
16496;13;79;89;sea;false;ocean;0
16497;68;201;10;sea;false;ocean;0
16498;124;66;187;sea;false;ocean;0
16499;179;188;108;sea;false;ocean;0
16500;235;54;29;sea;false;ocean;0
16501;34;175;206;sea;false;ocean;0
16502;90;41;127;sea;false;ocean;0
16503;145;163;48;sea;false;ocean;0
16504;201;28;225;sea;false;ocean;0
16505;0;150;146;sea;false;ocean;0
16506;56;16;67;sea;false;ocean;0
16507;111;137;244;sea;false;ocean;0
16508;167;3;165;sea;false;ocean;0
16509;222;125;86;sea;false;ocean;0
16510;21;247;7;sea;false;ocean;0
16511;77;112;184;sea;false;ocean;0
16512;132;234;105;sea;false;ocean;0
16513;188;100;26;sea;false;ocean;0
16514;243;221;203;sea;false;ocean;0
16515;43;87;124;sea;false;ocean;0
16516;98;209;45;sea;false;ocean;0
16517;154;74;222;sea;false;ocean;0
16518;209;196;143;sea;false;ocean;0
16519;9;62;64;sea;false;ocean;0
16520;64;183;241;sea;false;ocean;0
16521;120;49;162;sea;false;ocean;0
16522;175;171;83;sea;false;ocean;0
16523;231;37;4;sea;false;ocean;0
16524;30;158;181;sea;false;ocean;0
16525;86;24;102;sea;false;ocean;0
16526;141;146;23;sea;false;ocean;0
16527;197;11;200;sea;false;ocean;0
16528;252;133;121;sea;false;ocean;0
16529;51;255;42;sea;false;ocean;0
16530;107;120;219;sea;false;ocean;0
16531;162;242;140;sea;false;ocean;0
16532;218;108;61;sea;false;ocean;0
16533;17;229;238;sea;false;ocean;0
16534;73;95;159;sea;false;ocean;0
16535;128;217;80;sea;false;ocean;0
16536;184;83;1;sea;false;ocean;0
16537;239;204;178;sea;false;ocean;0
16538;39;70;99;sea;false;ocean;0
16539;94;192;20;sea;false;ocean;0
16540;150;57;197;sea;false;ocean;0
16541;205;179;118;sea;false;ocean;0
16542;5;45;39;sea;false;ocean;0
16543;60;166;216;sea;false;ocean;0
16544;116;32;137;sea;false;ocean;0
16545;171;154;58;sea;false;ocean;0
16546;227;19;235;sea;false;ocean;0
16547;26;141;156;sea;false;ocean;0
16548;82;7;77;sea;false;ocean;0
16549;137;128;254;sea;false;ocean;0
16550;192;250;175;sea;false;ocean;0
16551;248;116;96;sea;false;ocean;0
16552;47;238;17;sea;false;ocean;0
16553;103;103;194;sea;false;ocean;0
16554;158;225;115;sea;false;ocean;0
16555;214;91;36;sea;false;ocean;0
16556;13;212;213;sea;false;ocean;0
16557;69;78;134;sea;false;ocean;0
16558;124;200;55;sea;false;ocean;0
16559;180;65;232;sea;false;ocean;0
16560;235;187;153;sea;false;ocean;0
16561;35;53;74;sea;false;ocean;0
16562;90;174;251;sea;false;ocean;0
16563;146;40;172;sea;false;ocean;0
16564;201;162;93;sea;false;ocean;0
16565;1;28;14;sea;false;ocean;0
16566;56;149;191;sea;false;ocean;0
16567;112;15;112;sea;false;ocean;0
16568;167;137;33;sea;false;ocean;0
16569;223;2;210;sea;false;ocean;0
16570;22;124;131;sea;false;ocean;0
16571;77;246;52;sea;false;ocean;0
16572;133;111;229;sea;false;ocean;0
16573;188;233;150;sea;false;ocean;0
16574;244;99;71;sea;false;ocean;0
16575;43;220;248;sea;false;ocean;0
16576;99;86;169;sea;false;ocean;0
16577;154;208;90;sea;false;ocean;0
16578;210;74;11;sea;false;ocean;0
16579;9;195;188;sea;false;ocean;0
16580;65;61;109;sea;false;ocean;0
16581;120;183;30;sea;false;ocean;0
16582;176;48;207;sea;false;ocean;0
16583;231;170;128;sea;false;ocean;0
16584;31;36;49;sea;false;ocean;0
16585;86;157;226;sea;false;ocean;0
16586;142;23;147;sea;false;ocean;0
16587;197;145;68;sea;false;ocean;0
16588;253;10;245;sea;false;ocean;0
16589;52;132;166;sea;false;ocean;0
16590;107;254;87;sea;false;ocean;0
16591;163;120;8;sea;false;ocean;0
16592;218;241;185;sea;false;ocean;0
16593;18;107;106;sea;false;ocean;0
16594;73;229;27;sea;false;ocean;0
16595;129;94;204;sea;false;ocean;0
16596;184;216;125;sea;false;ocean;0
16597;240;82;46;sea;false;ocean;0
16598;39;203;223;sea;false;ocean;0
16599;95;69;144;sea;false;ocean;0
16600;150;191;65;sea;false;ocean;0
16601;206;56;242;sea;false;ocean;0
16602;5;178;163;sea;false;ocean;0
16603;61;44;84;sea;false;ocean;0
16604;116;166;5;sea;false;ocean;0
16605;172;31;182;sea;false;ocean;0
16606;227;153;103;sea;false;ocean;0
16607;27;19;24;sea;false;ocean;0
16608;82;140;201;sea;false;ocean;0
16609;138;6;122;sea;false;ocean;0
16610;193;128;43;sea;false;ocean;0
16611;248;249;220;sea;false;ocean;0
16612;48;115;141;sea;false;ocean;0
16613;103;237;62;sea;false;ocean;0
16614;159;102;239;sea;false;ocean;0
16615;214;224;160;sea;false;ocean;0
16616;14;90;81;sea;false;ocean;0
16617;69;212;2;sea;false;ocean;0
16618;125;77;179;sea;false;ocean;0
16619;180;199;100;sea;false;ocean;0
16620;236;65;21;sea;false;ocean;0
16621;35;186;198;sea;false;ocean;0
16622;91;52;119;sea;false;ocean;0
16623;146;174;40;sea;false;ocean;0
16624;202;39;217;sea;false;ocean;0
16625;1;161;138;sea;false;ocean;0
16626;57;27;59;sea;false;ocean;0
16627;112;148;236;sea;false;ocean;0
16628;168;14;157;sea;false;ocean;0
16629;223;136;78;sea;false;ocean;0
16630;23;1;255;sea;false;ocean;0
16631;78;123;176;sea;false;ocean;0
16632;133;245;97;sea;false;ocean;0
16633;189;111;18;sea;false;ocean;0
16634;244;232;195;sea;false;ocean;0
16635;44;98;116;sea;false;ocean;0
16636;99;220;37;sea;false;ocean;0
16637;155;85;214;sea;false;ocean;0
16638;210;207;135;sea;false;ocean;0
16639;10;73;56;sea;false;ocean;0
16640;65;194;233;sea;false;ocean;0
16641;121;60;154;sea;false;ocean;0
16642;176;182;75;sea;false;ocean;0
16643;232;47;252;sea;false;ocean;0
16644;31;169;173;sea;false;ocean;0
16645;87;35;94;sea;false;ocean;0
16646;142;157;15;sea;false;ocean;0
16647;198;22;192;sea;false;ocean;0
16648;253;144;113;sea;false;ocean;0
16649;53;10;34;sea;false;ocean;0
16650;108;131;211;sea;false;ocean;0
16651;163;253;132;sea;false;ocean;0
16652;219;119;53;sea;false;ocean;0
16653;18;240;230;sea;false;ocean;0
16654;74;106;151;sea;false;ocean;0
16655;129;228;72;sea;false;ocean;0
16656;185;93;249;sea;false;ocean;0
16657;240;215;170;sea;false;ocean;0
16658;40;81;91;sea;false;ocean;0
16659;95;203;12;sea;false;ocean;0
16660;151;68;189;sea;false;ocean;0
16661;206;190;110;sea;false;ocean;0
16662;6;56;31;sea;false;ocean;0
16663;61;177;208;sea;false;ocean;0
16664;117;43;129;sea;false;ocean;0
16665;172;165;50;sea;false;ocean;0
16666;228;30;227;sea;false;ocean;0
16667;27;152;148;sea;false;ocean;0
16668;83;18;69;sea;false;ocean;0
16669;138;139;246;sea;false;ocean;0
16670;194;5;167;sea;false;ocean;0
16671;249;127;88;sea;false;ocean;0
16672;48;249;9;sea;false;ocean;0
16673;104;114;186;sea;false;ocean;0
16674;159;236;107;sea;false;ocean;0
16675;215;102;28;sea;false;ocean;0
16676;14;223;205;sea;false;ocean;0
16677;70;89;126;sea;false;ocean;0
16678;125;211;47;sea;false;ocean;0
16679;181;76;224;sea;false;ocean;0
16680;236;198;145;sea;false;ocean;0
16681;36;64;66;sea;false;ocean;0
16682;91;185;243;sea;false;ocean;0
16683;147;51;164;sea;false;ocean;0
16684;202;173;85;sea;false;ocean;0
16685;2;39;6;sea;false;ocean;0
16686;57;160;183;sea;false;ocean;0
16687;113;26;104;sea;false;ocean;0
16688;168;148;25;sea;false;ocean;0
16689;224;13;202;sea;false;ocean;0
16690;23;135;123;sea;false;ocean;0
16691;79;1;44;sea;false;ocean;0
16692;134;122;221;sea;false;ocean;0
16693;189;244;142;sea;false;ocean;0
16694;245;110;63;sea;false;ocean;0
16695;44;231;240;sea;false;ocean;0
16696;100;97;161;sea;false;ocean;0
16697;155;219;82;sea;false;ocean;0
16698;211;85;3;sea;false;ocean;0
16699;10;206;180;sea;false;ocean;0
16700;66;72;101;sea;false;ocean;0
16701;121;194;22;sea;false;ocean;0
16702;177;59;199;sea;false;ocean;0
16703;232;181;120;sea;false;ocean;0
16704;32;47;41;sea;false;ocean;0
16705;87;168;218;sea;false;ocean;0
16706;143;34;139;sea;false;ocean;0
16707;198;156;60;sea;false;ocean;0
16708;254;21;237;sea;false;ocean;0
16709;53;143;158;sea;false;ocean;0
16710;109;9;79;sea;false;ocean;0
16711;164;131;0;sea;false;ocean;0
16712;219;252;177;sea;false;ocean;0
16713;19;118;98;sea;false;ocean;0
16714;74;240;19;sea;false;ocean;0
16715;130;105;196;sea;false;ocean;0
16716;185;227;117;sea;false;ocean;0
16717;241;93;38;sea;false;ocean;0
16718;40;214;215;sea;false;ocean;0
16719;96;80;136;sea;false;ocean;0
16720;151;202;57;sea;false;ocean;0
16721;207;67;234;sea;false;ocean;0
16722;6;189;155;sea;false;ocean;0
16723;62;55;76;sea;false;ocean;0
16724;117;176;253;sea;false;ocean;0
16725;173;42;174;sea;false;ocean;0
16726;228;164;95;sea;false;ocean;0
16727;28;30;16;sea;false;ocean;0
16728;83;151;193;sea;false;ocean;0
16729;139;17;114;sea;false;ocean;0
16730;194;139;35;sea;false;ocean;0
16731;250;4;212;sea;false;ocean;0
16732;49;126;133;sea;false;ocean;0
16733;104;248;54;sea;false;ocean;0
16734;160;113;231;sea;false;ocean;0
16735;215;235;152;sea;false;ocean;0
16736;15;101;73;sea;false;ocean;0
16737;70;222;250;sea;false;ocean;0
16738;126;88;171;sea;false;ocean;0
16739;181;210;92;sea;false;ocean;0
16740;237;76;13;sea;false;ocean;0
16741;36;197;190;sea;false;ocean;0
16742;92;63;111;sea;false;ocean;0
16743;147;185;32;sea;false;ocean;0
16744;203;50;209;sea;false;ocean;0
16745;2;172;130;sea;false;ocean;0
16746;58;38;51;sea;false;ocean;0
16747;113;159;228;sea;false;ocean;0
16748;169;25;149;sea;false;ocean;0
16749;224;147;70;sea;false;ocean;0
16750;24;12;247;sea;false;ocean;0
16751;79;134;168;sea;false;ocean;0
16752;135;0;89;sea;false;ocean;0
16753;190;122;10;sea;false;ocean;0
16754;245;243;187;sea;false;ocean;0
16755;45;109;108;sea;false;ocean;0
16756;100;231;29;sea;false;ocean;0
16757;156;96;206;sea;false;ocean;0
16758;211;218;127;sea;false;ocean;0
16759;11;84;48;sea;false;ocean;0
16760;66;205;225;sea;false;ocean;0
16761;122;71;146;sea;false;ocean;0
16762;177;193;67;sea;false;ocean;0
16763;233;58;244;sea;false;ocean;0
16764;32;180;165;sea;false;ocean;0
16765;88;46;86;sea;false;ocean;0
16766;143;168;7;sea;false;ocean;0
16767;199;33;184;sea;false;ocean;0
16768;254;155;105;sea;false;ocean;0
16769;54;21;26;sea;false;ocean;0
16770;109;142;203;sea;false;ocean;0
16771;165;8;124;sea;false;ocean;0
16772;220;130;45;sea;false;ocean;0
16773;19;251;222;sea;false;ocean;0
16774;75;117;143;sea;false;ocean;0
16775;130;239;64;sea;false;ocean;0
16776;186;104;241;sea;false;ocean;0
16777;241;226;162;sea;false;ocean;0
16778;41;92;83;sea;false;ocean;0
16779;96;214;4;sea;false;ocean;0
16780;152;79;181;sea;false;ocean;0
16781;207;201;102;sea;false;ocean;0
16782;7;67;23;sea;false;ocean;0
16783;62;188;200;sea;false;ocean;0
16784;118;54;121;sea;false;ocean;0
16785;173;176;42;sea;false;ocean;0
16786;229;41;219;sea;false;ocean;0
16787;28;163;140;sea;false;ocean;0
16788;84;29;61;sea;false;ocean;0
16789;139;150;238;sea;false;ocean;0
16790;195;16;159;sea;false;ocean;0
16791;250;138;80;sea;false;ocean;0
16792;50;4;1;sea;false;ocean;0
16793;105;125;178;sea;false;ocean;0
16794;160;247;99;sea;false;ocean;0
16795;216;113;20;sea;false;ocean;0
16796;15;234;197;sea;false;ocean;0
16797;71;100;118;sea;false;ocean;0
16798;126;222;39;sea;false;ocean;0
16799;182;87;216;sea;false;ocean;0
16800;237;209;137;sea;false;ocean;0
16801;37;75;58;sea;false;ocean;0
16802;92;196;235;sea;false;ocean;0
16803;148;62;156;sea;false;ocean;0
16804;203;184;77;sea;false;ocean;0
16805;3;49;254;sea;false;ocean;0
16806;58;171;175;sea;false;ocean;0
16807;114;37;96;sea;false;ocean;0
16808;169;159;17;sea;false;ocean;0
16809;225;24;194;sea;false;ocean;0
16810;24;146;115;sea;false;ocean;0
16811;80;12;36;sea;false;ocean;0
16812;135;133;213;sea;false;ocean;0
16813;190;255;134;sea;false;ocean;0
16814;246;121;55;sea;false;ocean;0
16815;45;242;232;sea;false;ocean;0
16816;101;108;153;sea;false;ocean;0
16817;156;230;74;sea;false;ocean;0
16818;212;95;251;sea;false;ocean;0
16819;11;217;172;sea;false;ocean;0
16820;67;83;93;sea;false;ocean;0
16821;122;205;14;sea;false;ocean;0
16822;178;70;191;sea;false;ocean;0
16823;233;192;112;sea;false;ocean;0
16824;33;58;33;sea;false;ocean;0
16825;88;179;210;sea;false;ocean;0
16826;144;45;131;sea;false;ocean;0
16827;199;167;52;sea;false;ocean;0
16828;255;32;229;sea;false;ocean;0
16829;54;154;150;sea;false;ocean;0
16830;110;20;71;sea;false;ocean;0
16831;165;141;248;sea;false;ocean;0
16832;221;7;169;sea;false;ocean;0
16833;20;129;90;sea;false;ocean;0
16834;75;251;11;sea;false;ocean;0
16835;131;116;188;sea;false;ocean;0
16836;186;238;109;sea;false;ocean;0
16837;242;104;30;sea;false;ocean;0
16838;41;225;207;sea;false;ocean;0
16839;97;91;128;sea;false;ocean;0
16840;152;213;49;sea;false;ocean;0
16841;208;78;226;sea;false;ocean;0
16842;7;200;147;sea;false;ocean;0
16843;63;66;68;sea;false;ocean;0
16844;118;187;245;sea;false;ocean;0
16845;174;53;166;sea;false;ocean;0
16846;229;175;87;sea;false;ocean;0
16847;29;41;8;sea;false;ocean;0
16848;84;162;185;sea;false;ocean;0
16849;140;28;106;sea;false;ocean;0
16850;195;150;27;sea;false;ocean;0
16851;251;15;204;sea;false;ocean;0
16852;50;137;125;sea;false;ocean;0
16853;106;3;46;sea;false;ocean;0
16854;161;124;223;sea;false;ocean;0
16855;216;246;144;sea;false;ocean;0
16856;16;112;65;sea;false;ocean;0
16857;71;233;242;sea;false;ocean;0
16858;127;99;163;sea;false;ocean;0
16859;182;221;84;sea;false;ocean;0
16860;238;87;5;sea;false;ocean;0
16861;37;208;182;sea;false;ocean;0
16862;93;74;103;sea;false;ocean;0
16863;148;196;24;sea;false;ocean;0
16864;204;61;201;sea;false;ocean;0
16865;3;183;122;sea;false;ocean;0
16866;59;49;43;sea;false;ocean;0
16867;114;170;220;sea;false;ocean;0
16868;170;36;141;sea;false;ocean;0
16869;225;158;62;sea;false;ocean;0
16870;25;23;239;sea;false;ocean;0
16871;80;145;160;sea;false;ocean;0
16872;136;11;81;sea;false;ocean;0
16873;191;133;2;sea;false;ocean;0
16874;246;254;179;sea;false;ocean;0
16875;46;120;100;sea;false;ocean;0
16876;101;242;21;sea;false;ocean;0
16877;157;107;198;sea;false;ocean;0
16878;212;229;119;sea;false;ocean;0
16879;12;95;40;sea;false;ocean;0
16880;67;216;217;sea;false;ocean;0
16881;123;82;138;sea;false;ocean;0
16882;178;204;59;sea;false;ocean;0
16883;234;69;236;sea;false;ocean;0
16884;33;191;157;sea;false;ocean;0
16885;89;57;78;sea;false;ocean;0
16886;144;178;255;sea;false;ocean;0
16887;200;44;176;sea;false;ocean;0
16888;255;166;97;sea;false;ocean;0
16889;55;32;18;sea;false;ocean;0
16890;110;153;195;sea;false;ocean;0
16891;166;19;116;sea;false;ocean;0
16892;221;141;37;sea;false;ocean;0
16893;21;6;214;sea;false;ocean;0
16894;76;128;135;sea;false;ocean;0
16895;131;250;56;sea;false;ocean;0
16896;187;115;233;sea;false;ocean;0
16897;242;237;154;sea;false;ocean;0
16898;42;103;75;sea;false;ocean;0
16899;97;224;252;sea;false;ocean;0
16900;153;90;173;sea;false;ocean;0
16901;208;212;94;sea;false;ocean;0
16902;8;78;15;sea;false;ocean;0
16903;63;199;192;sea;false;ocean;0
16904;119;65;113;sea;false;ocean;0
16905;174;187;34;sea;false;ocean;0
16906;230;52;211;sea;false;ocean;0
16907;29;174;132;sea;false;ocean;0
16908;85;40;53;sea;false;ocean;0
16909;140;161;230;sea;false;ocean;0
16910;196;27;151;sea;false;ocean;0
16911;251;149;72;sea;false;ocean;0
16912;51;14;249;sea;false;ocean;0
16913;106;136;170;sea;false;ocean;0
16914;162;2;91;sea;false;ocean;0
16915;217;124;12;sea;false;ocean;0
16916;16;245;189;sea;false;ocean;0
16917;72;111;110;sea;false;ocean;0
16918;127;233;31;sea;false;ocean;0
16919;183;98;208;sea;false;ocean;0
16920;238;220;129;sea;false;ocean;0
16921;38;86;50;sea;false;ocean;0
16922;93;207;227;sea;false;ocean;0
16923;149;73;148;sea;false;ocean;0
16924;204;195;69;sea;false;ocean;0
16925;4;60;246;sea;false;ocean;0
16926;59;182;167;sea;false;ocean;0
16927;115;48;88;sea;false;ocean;0
16928;170;170;9;sea;false;ocean;0
16929;226;35;186;sea;false;ocean;0
16930;25;157;107;sea;false;ocean;0
16931;81;23;28;sea;false;ocean;0
16932;136;144;205;sea;false;ocean;0
16933;192;10;126;sea;false;ocean;0
16934;247;132;47;sea;false;ocean;0
16935;46;253;224;sea;false;ocean;0
16936;102;119;145;sea;false;ocean;0
16937;157;241;66;sea;false;ocean;0
16938;213;106;243;sea;false;ocean;0
16939;12;228;164;sea;false;ocean;0
16940;68;94;85;sea;false;ocean;0
16941;123;216;6;sea;false;ocean;0
16942;179;81;183;sea;false;ocean;0
16943;234;203;104;sea;false;ocean;0
16944;34;69;25;sea;false;ocean;0
16945;89;190;202;sea;false;ocean;0
16946;145;56;123;sea;false;ocean;0
16947;200;178;44;sea;false;ocean;0
16948;0;43;221;sea;false;ocean;0
16949;55;165;142;sea;false;ocean;0
16950;111;31;63;sea;false;ocean;0
16951;166;152;240;sea;false;ocean;0
16952;222;18;161;sea;false;ocean;0
16953;21;140;82;sea;false;ocean;0
16954;77;6;3;sea;false;ocean;0
16955;132;127;180;sea;false;ocean;0
16956;187;249;101;sea;false;ocean;0
16957;243;115;22;sea;false;ocean;0
16958;42;236;199;sea;false;ocean;0
16959;98;102;120;sea;false;ocean;0
16960;153;224;41;sea;false;ocean;0
16961;209;89;218;sea;false;ocean;0
16962;8;211;139;sea;false;ocean;0
16963;64;77;60;sea;false;ocean;0
16964;119;198;237;sea;false;ocean;0
16965;175;64;158;sea;false;ocean;0
16966;230;186;79;sea;false;ocean;0
16967;30;52;0;sea;false;ocean;0
16968;85;173;177;sea;false;ocean;0
16969;141;39;98;sea;false;ocean;0
16970;196;161;19;sea;false;ocean;0
16971;252;26;196;sea;false;ocean;0
16972;51;148;117;sea;false;ocean;0
16973;107;14;38;sea;false;ocean;0
16974;162;135;215;sea;false;ocean;0
16975;218;1;136;sea;false;ocean;0
16976;17;123;57;sea;false;ocean;0
16977;72;244;234;sea;false;ocean;0
16978;128;110;155;sea;false;ocean;0
16979;183;232;76;sea;false;ocean;0
16980;239;97;253;sea;false;ocean;0
16981;38;219;174;sea;false;ocean;0
16982;94;85;95;sea;false;ocean;0
16983;149;207;16;sea;false;ocean;0
16984;205;72;193;sea;false;ocean;0
16985;4;194;114;sea;false;ocean;0
16986;60;60;35;sea;false;ocean;0
16987;115;181;212;sea;false;ocean;0
16988;171;47;133;sea;false;ocean;0
16989;226;169;54;sea;false;ocean;0
16990;26;34;231;sea;false;ocean;0
16991;81;156;152;sea;false;ocean;0
16992;137;22;73;sea;false;ocean;0
16993;192;143;250;sea;false;ocean;0
16994;248;9;171;sea;false;ocean;0
16995;47;131;92;sea;false;ocean;0
16996;102;253;13;sea;false;ocean;0
16997;158;118;190;sea;false;ocean;0
16998;213;240;111;sea;false;ocean;0
16999;13;106;32;sea;false;ocean;0
17000;68;227;209;sea;false;ocean;0
17001;124;93;130;sea;false;ocean;0
17002;179;215;51;sea;false;ocean;0
17003;235;80;228;sea;false;ocean;0
17004;34;202;149;sea;false;ocean;0
17005;90;68;70;sea;false;ocean;0
17006;145;189;247;sea;false;ocean;0
17007;201;55;168;sea;false;ocean;0
17008;0;177;89;sea;false;ocean;0
17009;56;43;10;sea;false;ocean;0
17010;111;164;187;sea;false;ocean;0
17011;167;30;108;sea;false;ocean;0
17012;222;152;29;sea;false;ocean;0
17013;22;17;206;sea;false;ocean;0
17014;77;139;127;sea;false;ocean;0
17015;133;5;48;sea;false;ocean;0
17016;188;126;225;sea;false;ocean;0
17017;243;248;146;sea;false;ocean;0
17018;43;114;67;sea;false;ocean;0
17019;98;235;244;sea;false;ocean;0
17020;154;101;165;sea;false;ocean;0
17021;209;223;86;sea;false;ocean;0
17022;9;89;7;sea;false;ocean;0
17023;64;210;184;sea;false;ocean;0
17024;120;76;105;sea;false;ocean;0
17025;175;198;26;sea;false;ocean;0
17026;231;63;203;sea;false;ocean;0
17027;30;185;124;sea;false;ocean;0
17028;86;51;45;sea;false;ocean;0
17029;141;172;222;sea;false;ocean;0
17030;197;38;143;sea;false;ocean;0
17031;252;160;64;sea;false;ocean;0
17032;52;25;241;sea;false;ocean;0
17033;107;147;162;sea;false;ocean;0
17034;163;13;83;sea;false;ocean;0
17035;218;135;4;sea;false;ocean;0
17036;18;0;181;sea;false;ocean;0
17037;73;122;102;sea;false;ocean;0
17038;128;244;23;sea;false;ocean;0
17039;184;109;200;sea;false;ocean;0
17040;239;231;121;sea;false;ocean;0
17041;39;97;42;sea;false;ocean;0
17042;94;218;219;sea;false;ocean;0
17043;150;84;140;sea;false;ocean;0
17044;205;206;61;sea;false;ocean;0
17045;5;71;238;sea;false;ocean;0
17046;60;193;159;sea;false;ocean;0
17047;116;59;80;sea;false;ocean;0
17048;171;181;1;sea;false;ocean;0
17049;227;46;178;sea;false;ocean;0
17050;26;168;99;sea;false;ocean;0
17051;82;34;20;sea;false;ocean;0
17052;137;155;197;sea;false;ocean;0
17053;193;21;118;sea;false;ocean;0
17054;248;143;39;sea;false;ocean;0
17055;48;8;216;sea;false;ocean;0
17056;103;130;137;sea;false;ocean;0
17057;158;252;58;sea;false;ocean;0
17058;214;117;235;sea;false;ocean;0
17059;13;239;156;sea;false;ocean;0
17060;69;105;77;sea;false;ocean;0
17061;124;226;254;sea;false;ocean;0
17062;180;92;175;sea;false;ocean;0
17063;235;214;96;sea;false;ocean;0
17064;35;80;17;sea;false;ocean;0
17065;90;201;194;sea;false;ocean;0
17066;146;67;115;sea;false;ocean;0
17067;201;189;36;sea;false;ocean;0
17068;1;54;213;sea;false;ocean;0
17069;56;176;134;sea;false;ocean;0
17070;112;42;55;sea;false;ocean;0
17071;167;163;232;sea;false;ocean;0
17072;223;29;153;sea;false;ocean;0
17073;22;151;74;sea;false;ocean;0
17074;78;16;251;sea;false;ocean;0
17075;133;138;172;sea;false;ocean;0
17076;189;4;93;sea;false;ocean;0
17077;244;126;14;sea;false;ocean;0
17078;43;247;191;sea;false;ocean;0
17079;99;113;112;sea;false;ocean;0
17080;154;235;33;sea;false;ocean;0
17081;210;100;210;sea;false;ocean;0
17082;9;222;131;sea;false;ocean;0
17083;65;88;52;sea;false;ocean;0
17084;120;209;229;sea;false;ocean;0
17085;176;75;150;sea;false;ocean;0
17086;231;197;71;sea;false;ocean;0
17087;31;62;248;sea;false;ocean;0
17088;86;184;169;sea;false;ocean;0
17089;142;50;90;sea;false;ocean;0
17090;197;172;11;sea;false;ocean;0
17091;253;37;188;sea;false;ocean;0
17092;52;159;109;sea;false;ocean;0
17093;108;25;30;sea;false;ocean;0
17094;163;146;207;sea;false;ocean;0
17095;219;12;128;sea;false;ocean;0
17096;18;134;49;sea;false;ocean;0
17097;73;255;226;sea;false;ocean;0
17098;129;121;147;sea;false;ocean;0
17099;184;243;68;sea;false;ocean;0
17100;240;108;245;sea;false;ocean;0
17101;39;230;166;sea;false;ocean;0
17102;95;96;87;sea;false;ocean;0
17103;150;218;8;sea;false;ocean;0
17104;206;83;185;sea;false;ocean;0
17105;5;205;106;sea;false;ocean;0
17106;61;71;27;sea;false;ocean;0
17107;116;192;204;sea;false;ocean;0
17108;172;58;125;sea;false;ocean;0
17109;227;180;46;sea;false;ocean;0
17110;27;45;223;sea;false;ocean;0
17111;82;167;144;sea;false;ocean;0
17112;138;33;65;sea;false;ocean;0
17113;193;154;242;sea;false;ocean;0
17114;249;20;163;sea;false;ocean;0
17115;48;142;84;sea;false;ocean;0
17116;104;8;5;sea;false;ocean;0
17117;159;129;182;sea;false;ocean;0
17118;214;251;103;sea;false;ocean;0
17119;14;117;24;sea;false;ocean;0
17120;69;238;201;sea;false;ocean;0
17121;125;104;122;sea;false;ocean;0
17122;180;226;43;sea;false;ocean;0
17123;236;91;220;sea;false;ocean;0
17124;35;213;141;sea;false;ocean;0
17125;91;79;62;sea;false;ocean;0
17126;146;200;239;sea;false;ocean;0
17127;202;66;160;sea;false;ocean;0
17128;1;188;81;sea;false;ocean;0
17129;57;54;2;sea;false;ocean;0
17130;112;175;179;sea;false;ocean;0
17131;168;41;100;sea;false;ocean;0
17132;223;163;21;sea;false;ocean;0
17133;23;28;198;sea;false;ocean;0
17134;78;150;119;sea;false;ocean;0
17135;134;16;40;sea;false;ocean;0
17136;189;137;217;sea;false;ocean;0
17137;245;3;138;sea;false;ocean;0
17138;44;125;59;sea;false;ocean;0
17139;99;246;236;sea;false;ocean;0
17140;155;112;157;sea;false;ocean;0
17141;210;234;78;sea;false;ocean;0
17142;10;99;255;sea;false;ocean;0
17143;65;221;176;sea;false;ocean;0
17144;121;87;97;sea;false;ocean;0
17145;176;209;18;sea;false;ocean;0
17146;232;74;195;sea;false;ocean;0
17147;31;196;116;sea;false;ocean;0
17148;87;62;37;sea;false;ocean;0
17149;142;183;214;sea;false;ocean;0
17150;198;49;135;sea;false;ocean;0
17151;253;171;56;sea;false;ocean;0
17152;53;36;233;sea;false;ocean;0
17153;108;158;154;sea;false;ocean;0
17154;164;24;75;sea;false;ocean;0
17155;219;145;252;sea;false;ocean;0
17156;19;11;173;sea;false;ocean;0
17157;74;133;94;sea;false;ocean;0
17158;129;255;15;sea;false;ocean;0
17159;185;120;192;sea;false;ocean;0
17160;240;242;113;sea;false;ocean;0
17161;40;108;34;sea;false;ocean;0
17162;95;229;211;sea;false;ocean;0
17163;151;95;132;sea;false;ocean;0
17164;206;217;53;sea;false;ocean;0
17165;6;82;230;sea;false;ocean;0
17166;61;204;151;sea;false;ocean;0
17167;117;70;72;sea;false;ocean;0
17168;172;191;249;sea;false;ocean;0
17169;228;57;170;sea;false;ocean;0
17170;27;179;91;sea;false;ocean;0
17171;83;45;12;sea;false;ocean;0
17172;138;166;189;sea;false;ocean;0
17173;194;32;110;sea;false;ocean;0
17174;249;154;31;sea;false;ocean;0
17175;49;19;208;sea;false;ocean;0
17176;104;141;129;sea;false;ocean;0
17177;160;7;50;sea;false;ocean;0
17178;215;128;227;sea;false;ocean;0
17179;14;250;148;sea;false;ocean;0
17180;70;116;69;sea;false;ocean;0
17181;125;237;246;sea;false;ocean;0
17182;181;103;167;sea;false;ocean;0
17183;236;225;88;sea;false;ocean;0
17184;36;91;9;sea;false;ocean;0
17185;91;212;186;sea;false;ocean;0
17186;147;78;107;sea;false;ocean;0
17187;202;200;28;sea;false;ocean;0
17188;2;65;205;sea;false;ocean;0
17189;57;187;126;sea;false;ocean;0
17190;113;53;47;sea;false;ocean;0
17191;168;174;224;sea;false;ocean;0
17192;224;40;145;sea;false;ocean;0
17193;23;162;66;sea;false;ocean;0
17194;79;27;243;sea;false;ocean;0
17195;134;149;164;sea;false;ocean;0
17196;190;15;85;sea;false;ocean;0
17197;245;137;6;sea;false;ocean;0
17198;45;2;183;sea;false;ocean;0
17199;100;124;104;sea;false;ocean;0
17200;155;246;25;sea;false;ocean;0
17201;211;111;202;sea;false;ocean;0
17202;10;233;123;sea;false;ocean;0
17203;66;99;44;sea;false;ocean;0
17204;121;220;221;sea;false;ocean;0
17205;177;86;142;sea;false;ocean;0
17206;232;208;63;sea;false;ocean;0
17207;32;73;240;sea;false;ocean;0
17208;87;195;161;sea;false;ocean;0
17209;143;61;82;sea;false;ocean;0
17210;198;183;3;sea;false;ocean;0
17211;254;48;180;sea;false;ocean;0
17212;53;170;101;sea;false;ocean;0
17213;109;36;22;sea;false;ocean;0
17214;164;157;199;sea;false;ocean;0
17215;220;23;120;sea;false;ocean;0
17216;19;145;41;sea;false;ocean;0
17217;75;10;218;sea;false;ocean;0
17218;130;132;139;sea;false;ocean;0
17219;185;254;60;sea;false;ocean;0
17220;241;119;237;sea;false;ocean;0
17221;40;241;158;sea;false;ocean;0
17222;96;107;79;sea;false;ocean;0
17223;151;229;0;sea;false;ocean;0
17224;207;94;177;sea;false;ocean;0
17225;6;216;98;sea;false;ocean;0
17226;62;82;19;sea;false;ocean;0
17227;117;203;196;sea;false;ocean;0
17228;173;69;117;sea;false;ocean;0
17229;228;191;38;sea;false;ocean;0
17230;28;56;215;sea;false;ocean;0
17231;83;178;136;sea;false;ocean;0
17232;139;44;57;sea;false;ocean;0
17233;194;165;234;sea;false;ocean;0
17234;250;31;155;sea;false;ocean;0
17235;49;153;76;sea;false;ocean;0
17236;105;18;253;sea;false;ocean;0
17237;160;140;174;sea;false;ocean;0
17238;216;6;95;sea;false;ocean;0
17239;15;128;16;sea;false;ocean;0
17240;70;249;193;sea;false;ocean;0
17241;126;115;114;sea;false;ocean;0
17242;181;237;35;sea;false;ocean;0
17243;237;102;212;sea;false;ocean;0
17244;36;224;133;sea;false;ocean;0
17245;92;90;54;sea;false;ocean;0
17246;147;211;231;sea;false;ocean;0
17247;203;77;152;sea;false;ocean;0
17248;2;199;73;sea;false;ocean;0
17249;58;64;250;sea;false;ocean;0
17250;113;186;171;sea;false;ocean;0
17251;169;52;92;sea;false;ocean;0
17252;224;174;13;sea;false;ocean;0
17253;24;39;190;sea;false;ocean;0
17254;79;161;111;sea;false;ocean;0
17255;135;27;32;sea;false;ocean;0
17256;190;148;209;sea;false;ocean;0
17257;246;14;130;sea;false;ocean;0
17258;45;136;51;sea;false;ocean;0
17259;101;1;228;sea;false;ocean;0
17260;156;123;149;sea;false;ocean;0
17261;211;245;70;sea;false;ocean;0
17262;11;110;247;sea;false;ocean;0
17263;66;232;168;sea;false;ocean;0
17264;122;98;89;sea;false;ocean;0
17265;177;220;10;sea;false;ocean;0
17266;233;85;187;sea;false;ocean;0
17267;32;207;108;sea;false;ocean;0
17268;88;73;29;sea;false;ocean;0
17269;143;194;206;sea;false;ocean;0
17270;199;60;127;sea;false;ocean;0
17271;254;182;48;sea;false;ocean;0
17272;54;47;225;sea;false;ocean;0
17273;109;169;146;sea;false;ocean;0
17274;165;35;67;sea;false;ocean;0
17275;220;156;244;sea;false;ocean;0
17276;20;22;165;sea;false;ocean;0
17277;75;144;86;sea;false;ocean;0
17278;131;10;7;sea;false;ocean;0
17279;186;131;184;sea;false;ocean;0
17280;241;253;105;sea;false;ocean;0
17281;41;119;26;sea;false;ocean;0
17282;96;240;203;sea;false;ocean;0
17283;152;106;124;sea;false;ocean;0
17284;207;228;45;sea;false;ocean;0
17285;7;93;222;sea;false;ocean;0
17286;62;215;143;sea;false;ocean;0
17287;118;81;64;sea;false;ocean;0
17288;173;202;241;sea;false;ocean;0
17289;229;68;162;sea;false;ocean;0
17290;28;190;83;sea;false;ocean;0
17291;84;56;4;sea;false;ocean;0
17292;139;177;181;sea;false;ocean;0
17293;195;43;102;sea;false;ocean;0
17294;250;165;23;sea;false;ocean;0
17295;50;30;200;sea;false;ocean;0
17296;105;152;121;sea;false;ocean;0
17297;161;18;42;sea;false;ocean;0
17298;216;139;219;sea;false;ocean;0
17299;16;5;140;sea;false;ocean;0
17300;71;127;61;sea;false;ocean;0
17301;126;248;238;sea;false;ocean;0
17302;182;114;159;sea;false;ocean;0
17303;237;236;80;sea;false;ocean;0
17304;37;102;1;sea;false;ocean;0
17305;92;223;178;sea;false;ocean;0
17306;148;89;99;sea;false;ocean;0
17307;203;211;20;sea;false;ocean;0
17308;3;76;197;sea;false;ocean;0
17309;58;198;118;sea;false;ocean;0
17310;114;64;39;sea;false;ocean;0
17311;169;185;216;sea;false;ocean;0
17312;225;51;137;sea;false;ocean;0
17313;24;173;58;sea;false;ocean;0
17314;80;38;235;sea;false;ocean;0
17315;135;160;156;sea;false;ocean;0
17316;191;26;77;sea;false;ocean;0
17317;246;147;254;sea;false;ocean;0
17318;46;13;175;sea;false;ocean;0
17319;101;135;96;sea;false;ocean;0
17320;157;1;17;sea;false;ocean;0
17321;212;122;194;sea;false;ocean;0
17322;11;244;115;sea;false;ocean;0
17323;67;110;36;sea;false;ocean;0
17324;122;231;213;sea;false;ocean;0
17325;178;97;134;sea;false;ocean;0
17326;233;219;55;sea;false;ocean;0
17327;33;84;232;sea;false;ocean;0
17328;88;206;153;sea;false;ocean;0
17329;144;72;74;sea;false;ocean;0
17330;199;193;251;sea;false;ocean;0
17331;255;59;172;sea;false;ocean;0
17332;54;181;93;sea;false;ocean;0
17333;110;47;14;sea;false;ocean;0
17334;165;168;191;sea;false;ocean;0
17335;221;34;112;sea;false;ocean;0
17336;20;156;33;sea;false;ocean;0
17337;76;21;210;sea;false;ocean;0
17338;131;143;131;sea;false;ocean;0
17339;187;9;52;sea;false;ocean;0
17340;242;130;229;sea;false;ocean;0
17341;41;252;150;sea;false;ocean;0
17342;97;118;71;sea;false;ocean;0
17343;152;239;248;sea;false;ocean;0
17344;208;105;169;sea;false;ocean;0
17345;7;227;90;sea;false;ocean;0
17346;63;93;11;sea;false;ocean;0
17347;118;214;188;sea;false;ocean;0
17348;174;80;109;sea;false;ocean;0
17349;229;202;30;sea;false;ocean;0
17350;29;67;207;sea;false;ocean;0
17351;84;189;128;sea;false;ocean;0
17352;140;55;49;sea;false;ocean;0
17353;195;176;226;sea;false;ocean;0
17354;251;42;147;sea;false;ocean;0
17355;50;164;68;sea;false;ocean;0
17356;106;29;245;sea;false;ocean;0
17357;161;151;166;sea;false;ocean;0
17358;217;17;87;sea;false;ocean;0
17359;16;139;8;sea;false;ocean;0
17360;72;4;185;sea;false;ocean;0
17361;127;126;106;sea;false;ocean;0
17362;182;248;27;sea;false;ocean;0
17363;238;113;204;sea;false;ocean;0
17364;37;235;125;sea;false;ocean;0
17365;93;101;46;sea;false;ocean;0
17366;148;222;223;sea;false;ocean;0
17367;204;88;144;sea;false;ocean;0
17368;3;210;65;sea;false;ocean;0
17369;59;75;242;sea;false;ocean;0
17370;114;197;163;sea;false;ocean;0
17371;170;63;84;sea;false;ocean;0
17372;225;185;5;sea;false;ocean;0
17373;25;50;182;sea;false;ocean;0
17374;80;172;103;sea;false;ocean;0
17375;136;38;24;sea;false;ocean;0
17376;191;159;201;sea;false;ocean;0
17377;247;25;122;sea;false;ocean;0
17378;46;147;43;sea;false;ocean;0
17379;102;12;220;sea;false;ocean;0
17380;157;134;141;sea;false;ocean;0
17381;213;0;62;sea;false;ocean;0
17382;12;121;239;sea;false;ocean;0
17383;67;243;160;sea;false;ocean;0
17384;123;109;81;sea;false;ocean;0
17385;178;231;2;sea;false;ocean;0
17386;234;96;179;sea;false;ocean;0
17387;33;218;100;sea;false;ocean;0
17388;89;84;21;sea;false;ocean;0
17389;144;205;198;sea;false;ocean;0
17390;200;71;119;sea;false;ocean;0
17391;255;193;40;sea;false;ocean;0
17392;55;58;217;sea;false;ocean;0
17393;110;180;138;sea;false;ocean;0
17394;166;46;59;sea;false;ocean;0
17395;221;167;236;sea;false;ocean;0
17396;21;33;157;sea;false;ocean;0
17397;76;155;78;sea;false;ocean;0
17398;132;20;255;sea;false;ocean;0
17399;187;142;176;sea;false;ocean;0
17400;243;8;97;sea;false;ocean;0
17401;42;130;18;sea;false;ocean;0
17402;97;251;195;sea;false;ocean;0
17403;153;117;116;sea;false;ocean;0
17404;208;239;37;sea;false;ocean;0
17405;8;104;214;sea;false;ocean;0
17406;63;226;135;sea;false;ocean;0
17407;119;92;56;sea;false;ocean;0
17408;174;213;233;sea;false;ocean;0
17409;230;79;154;sea;false;ocean;0
17410;29;201;75;sea;false;ocean;0
17411;85;66;252;sea;false;ocean;0
17412;140;188;173;sea;false;ocean;0
17413;196;54;94;sea;false;ocean;0
17414;251;176;15;sea;false;ocean;0
17415;51;41;192;sea;false;ocean;0
17416;106;163;113;sea;false;ocean;0
17417;162;29;34;sea;false;ocean;0
17418;217;150;211;sea;false;ocean;0
17419;17;16;132;sea;false;ocean;0
17420;72;138;53;sea;false;ocean;0
17421;128;3;230;sea;false;ocean;0
17422;183;125;151;sea;false;ocean;0
17423;238;247;72;sea;false;ocean;0
17424;38;112;249;sea;false;ocean;0
17425;93;234;170;sea;false;ocean;0
17426;149;100;91;sea;false;ocean;0
17427;204;222;12;sea;false;ocean;0
17428;4;87;189;sea;false;ocean;0
17429;59;209;110;sea;false;ocean;0
17430;115;75;31;sea;false;ocean;0
17431;170;196;208;sea;false;ocean;0
17432;226;62;129;sea;false;ocean;0
17433;25;184;50;sea;false;ocean;0
17434;81;49;227;sea;false;ocean;0
17435;136;171;148;sea;false;ocean;0
17436;192;37;69;sea;false;ocean;0
17437;247;158;246;sea;false;ocean;0
17438;47;24;167;sea;false;ocean;0
17439;102;146;88;sea;false;ocean;0
17440;158;12;9;sea;false;ocean;0
17441;213;133;186;sea;false;ocean;0
17442;12;255;107;sea;false;ocean;0
17443;68;121;28;sea;false;ocean;0
17444;123;242;205;sea;false;ocean;0
17445;179;108;126;sea;false;ocean;0
17446;234;230;47;sea;false;ocean;0
17447;34;95;224;sea;false;ocean;0
17448;89;217;145;sea;false;ocean;0
17449;145;83;66;sea;false;ocean;0
17450;200;204;243;sea;false;ocean;0
17451;0;70;164;sea;false;ocean;0
17452;55;192;85;sea;false;ocean;0
17453;111;58;6;sea;false;ocean;0
17454;166;179;183;sea;false;ocean;0
17455;222;45;104;sea;false;ocean;0
17456;21;167;25;sea;false;ocean;0
17457;77;32;202;sea;false;ocean;0
17458;132;154;123;sea;false;ocean;0
17459;188;20;44;sea;false;ocean;0
17460;243;141;221;sea;false;ocean;0
17461;43;7;142;sea;false;ocean;0
17462;98;129;63;sea;false;ocean;0
17463;153;250;240;sea;false;ocean;0
17464;209;116;161;sea;false;ocean;0
17465;8;238;82;sea;false;ocean;0
17466;64;104;3;sea;false;ocean;0
17467;119;225;180;sea;false;ocean;0
17468;175;91;101;sea;false;ocean;0
17469;230;213;22;sea;false;ocean;0
17470;30;78;199;sea;false;ocean;0
17471;85;200;120;sea;false;ocean;0
17472;141;66;41;sea;false;ocean;0
17473;196;187;218;sea;false;ocean;0
17474;252;53;139;sea;false;ocean;0
17475;51;175;60;sea;false;ocean;0
17476;107;40;237;sea;false;ocean;0
17477;162;162;158;sea;false;ocean;0
17478;218;28;79;sea;false;ocean;0
17479;17;150;0;sea;false;ocean;0
17480;73;15;177;sea;false;ocean;0
17481;128;137;98;sea;false;ocean;0
17482;184;3;19;sea;false;ocean;0
17483;239;124;196;sea;false;ocean;0
17484;38;246;117;sea;false;ocean;0
17485;94;112;38;sea;false;ocean;0
17486;149;233;215;sea;false;ocean;0
17487;205;99;136;sea;false;ocean;0
17488;4;221;57;sea;false;ocean;0
17489;60;86;234;sea;false;ocean;0
17490;115;208;155;sea;false;ocean;0
17491;171;74;76;sea;false;ocean;0
17492;226;195;253;sea;false;ocean;0
17493;26;61;174;sea;false;ocean;0
17494;81;183;95;sea;false;ocean;0
17495;137;49;16;sea;false;ocean;0
17496;192;170;193;sea;false;ocean;0
17497;248;36;114;sea;false;ocean;0
17498;47;158;35;sea;false;ocean;0
17499;103;23;212;sea;false;ocean;0
17500;158;145;133;sea;false;ocean;0
17501;214;11;54;sea;false;ocean;0
17502;13;132;231;sea;false;ocean;0
17503;68;254;152;sea;false;ocean;0
17504;124;120;73;sea;false;ocean;0
17505;179;241;250;sea;false;ocean;0
17506;235;107;171;sea;false;ocean;0
17507;34;229;92;sea;false;ocean;0
17508;90;95;13;sea;false;ocean;0
17509;145;216;190;sea;false;ocean;0
17510;201;82;111;sea;false;ocean;0
17511;0;204;32;sea;false;ocean;0
17512;56;69;209;sea;false;ocean;0
17513;111;191;130;sea;false;ocean;0
17514;167;57;51;sea;false;ocean;0
17515;222;178;228;sea;false;ocean;0
17516;22;44;149;sea;false;ocean;0
17517;77;166;70;sea;false;ocean;0
17518;133;31;247;sea;false;ocean;0
17519;188;153;168;sea;false;ocean;0
17520;244;19;89;sea;false;ocean;0
17521;43;141;10;sea;false;ocean;0
17522;99;6;187;sea;false;ocean;0
17523;154;128;108;sea;false;ocean;0
17524;209;250;29;sea;false;ocean;0
17525;9;115;206;sea;false;ocean;0
17526;64;237;127;sea;false;ocean;0
17527;120;103;48;sea;false;ocean;0
17528;175;224;225;sea;false;ocean;0
17529;231;90;146;sea;false;ocean;0
17530;30;212;67;sea;false;ocean;0
17531;86;77;244;sea;false;ocean;0
17532;141;199;165;sea;false;ocean;0
17533;197;65;86;sea;false;ocean;0
17534;252;187;7;sea;false;ocean;0
17535;52;52;184;sea;false;ocean;0
17536;107;174;105;sea;false;ocean;0
17537;163;40;26;sea;false;ocean;0
17538;218;161;203;sea;false;ocean;0
17539;18;27;124;sea;false;ocean;0
17540;73;149;45;sea;false;ocean;0
17541;129;14;222;sea;false;ocean;0
17542;184;136;143;sea;false;ocean;0
17543;240;2;64;sea;false;ocean;0
17544;39;123;241;sea;false;ocean;0
17545;94;245;162;sea;false;ocean;0
17546;150;111;83;sea;false;ocean;0
17547;205;233;4;sea;false;ocean;0
17548;5;98;181;sea;false;ocean;0
17549;60;220;102;sea;false;ocean;0
17550;116;86;23;sea;false;ocean;0
17551;171;207;200;sea;false;ocean;0
17552;227;73;121;sea;false;ocean;0
17553;26;195;42;sea;false;ocean;0
17554;82;60;219;sea;false;ocean;0
17555;137;182;140;sea;false;ocean;0
17556;193;48;61;sea;false;ocean;0
17557;248;169;238;sea;false;ocean;0
17558;48;35;159;sea;false;ocean;0
17559;103;157;80;sea;false;ocean;0
17560;159;23;1;sea;false;ocean;0
17561;214;144;178;sea;false;ocean;0
17562;14;10;99;sea;false;ocean;0
17563;69;132;20;sea;false;ocean;0
17564;124;253;197;sea;false;ocean;0
17565;180;119;118;sea;false;ocean;0
17566;235;241;39;sea;false;ocean;0
17567;35;106;216;sea;false;ocean;0
17568;90;228;137;sea;false;ocean;0
17569;146;94;58;sea;false;ocean;0
17570;201;215;235;sea;false;ocean;0
17571;1;81;156;sea;false;ocean;0
17572;56;203;77;sea;false;ocean;0
17573;112;68;254;sea;false;ocean;0
17574;167;190;175;sea;false;ocean;0
17575;223;56;96;sea;false;ocean;0
17576;22;178;17;sea;false;ocean;0
17577;78;43;194;sea;false;ocean;0
17578;133;165;115;sea;false;ocean;0
17579;189;31;36;sea;false;ocean;0
17580;244;152;213;sea;false;ocean;0
17581;44;18;134;sea;false;ocean;0
17582;99;140;55;sea;false;ocean;0
17583;155;5;232;sea;false;ocean;0
17584;210;127;153;sea;false;ocean;0
17585;9;249;74;sea;false;ocean;0
17586;65;114;251;sea;false;ocean;0
17587;120;236;172;sea;false;ocean;0
17588;176;102;93;sea;false;ocean;0
17589;231;224;14;sea;false;ocean;0
17590;31;89;191;sea;false;ocean;0
17591;86;211;112;sea;false;ocean;0
17592;142;77;33;sea;false;ocean;0
17593;197;198;210;sea;false;ocean;0
17594;253;64;131;sea;false;ocean;0
17595;52;186;52;sea;false;ocean;0
17596;108;51;229;sea;false;ocean;0
17597;163;173;150;sea;false;ocean;0
17598;219;39;71;sea;false;ocean;0
17599;18;160;248;sea;false;ocean;0
17600;74;26;169;sea;false;ocean;0
17601;129;148;90;sea;false;ocean;0
17602;185;14;11;sea;false;ocean;0
17603;240;135;188;sea;false;ocean;0
17604;40;1;109;sea;false;ocean;0
17605;95;123;30;sea;false;ocean;0
17606;150;244;207;sea;false;ocean;0
17607;206;110;128;sea;false;ocean;0
17608;5;232;49;sea;false;ocean;0
17609;61;97;226;sea;false;ocean;0
17610;116;219;147;sea;false;ocean;0
17611;172;85;68;sea;false;ocean;0
17612;227;206;245;sea;false;ocean;0
17613;27;72;166;sea;false;ocean;0
17614;82;194;87;sea;false;ocean;0
17615;138;60;8;sea;false;ocean;0
17616;193;181;185;sea;false;ocean;0
17617;249;47;106;sea;false;ocean;0
17618;48;169;27;sea;false;ocean;0
17619;104;34;204;sea;false;ocean;0
17620;159;156;125;sea;false;ocean;0
17621;215;22;46;sea;false;ocean;0
17622;14;143;223;sea;false;ocean;0
17623;70;9;144;sea;false;ocean;0
17624;125;131;65;sea;false;ocean;0
17625;180;252;242;sea;false;ocean;0
17626;236;118;163;sea;false;ocean;0
17627;35;240;84;sea;false;ocean;0
17628;91;106;5;sea;false;ocean;0
17629;146;227;182;sea;false;ocean;0
17630;202;93;103;sea;false;ocean;0
17631;1;215;24;sea;false;ocean;0
17632;57;80;201;sea;false;ocean;0
17633;112;202;122;sea;false;ocean;0
17634;168;68;43;sea;false;ocean;0
17635;223;189;220;sea;false;ocean;0
17636;23;55;141;sea;false;ocean;0
17637;78;177;62;sea;false;ocean;0
17638;134;42;239;sea;false;ocean;0
17639;189;164;160;sea;false;ocean;0
17640;245;30;81;sea;false;ocean;0
17641;44;152;2;sea;false;ocean;0
17642;100;17;179;sea;false;ocean;0
17643;155;139;100;sea;false;ocean;0
17644;211;5;21;sea;false;ocean;0
17645;10;126;198;sea;false;ocean;0
17646;65;248;119;sea;false;ocean;0
17647;121;114;40;sea;false;ocean;0
17648;176;235;217;sea;false;ocean;0
17649;232;101;138;sea;false;ocean;0
17650;31;223;59;sea;false;ocean;0
17651;87;88;236;sea;false;ocean;0
17652;142;210;157;sea;false;ocean;0
17653;198;76;78;sea;false;ocean;0
17654;253;197;255;sea;false;ocean;0
17655;53;63;176;sea;false;ocean;0
17656;108;185;97;sea;false;ocean;0
17657;164;51;18;sea;false;ocean;0
17658;219;172;195;sea;false;ocean;0
17659;19;38;116;sea;false;ocean;0
17660;74;160;37;sea;false;ocean;0
17661;130;25;214;sea;false;ocean;0
17662;185;147;135;sea;false;ocean;0
17663;241;13;56;sea;false;ocean;0
17664;40;134;233;sea;false;ocean;0
17665;96;0;154;sea;false;ocean;0
17666;151;122;75;sea;false;ocean;0
17667;206;243;252;sea;false;ocean;0
17668;6;109;173;sea;false;ocean;0
17669;61;231;94;sea;false;ocean;0
17670;117;97;15;sea;false;ocean;0
17671;172;218;192;sea;false;ocean;0
17672;228;84;113;sea;false;ocean;0
17673;27;206;34;sea;false;ocean;0
17674;83;71;211;sea;false;ocean;0
17675;138;193;132;sea;false;ocean;0
17676;194;59;53;sea;false;ocean;0
17677;249;180;230;sea;false;ocean;0
17678;49;46;151;sea;false;ocean;0
17679;104;168;72;sea;false;ocean;0
17680;160;33;249;sea;false;ocean;0
17681;215;155;170;sea;false;ocean;0
17682;15;21;91;sea;false;ocean;0
17683;70;143;12;sea;false;ocean;0
17684;126;8;189;sea;false;ocean;0
17685;181;130;110;sea;false;ocean;0
17686;236;252;31;sea;false;ocean;0
17687;36;117;208;sea;false;ocean;0
17688;91;239;129;sea;false;ocean;0
17689;147;105;50;sea;false;ocean;0
17690;202;226;227;sea;false;ocean;0
17691;2;92;148;sea;false;ocean;0
17692;57;214;69;sea;false;ocean;0
17693;113;79;246;sea;false;ocean;0
17694;168;201;167;sea;false;ocean;0
17695;224;67;88;sea;false;ocean;0
17696;23;189;9;sea;false;ocean;0
17697;79;54;186;sea;false;ocean;0
17698;134;176;107;sea;false;ocean;0
17699;190;42;28;sea;false;ocean;0
17700;245;163;205;sea;false;ocean;0
17701;45;29;126;sea;false;ocean;0
17702;100;151;47;sea;false;ocean;0
17703;156;16;224;sea;false;ocean;0
17704;211;138;145;sea;false;ocean;0
17705;11;4;66;sea;false;ocean;0
17706;66;125;243;sea;false;ocean;0
17707;121;247;164;sea;false;ocean;0
17708;177;113;85;sea;false;ocean;0
17709;232;235;6;sea;false;ocean;0
17710;32;100;183;sea;false;ocean;0
17711;87;222;104;sea;false;ocean;0
17712;143;88;25;sea;false;ocean;0
17713;198;209;202;sea;false;ocean;0
17714;254;75;123;sea;false;ocean;0
17715;53;197;44;sea;false;ocean;0
17716;109;62;221;sea;false;ocean;0
17717;164;184;142;sea;false;ocean;0
17718;220;50;63;sea;false;ocean;0
17719;19;171;240;sea;false;ocean;0
17720;75;37;161;lake;false;lakes;0
17721;130;159;82;lake;false;lakes;0
17722;186;25;3;lake;false;lakes;0
17723;241;146;180;lake;false;lakes;0
17724;41;12;101;lake;false;lakes;0
17725;96;134;22;lake;false;lakes;0
17726;151;255;199;lake;false;lakes;0
17727;207;121;120;lake;false;lakes;0
17728;6;243;41;lake;false;lakes;0
17729;62;108;218;lake;false;lakes;0
17730;117;230;139;lake;false;lakes;0
17731;173;96;60;lake;false;lakes;0
17732;228;217;237;lake;false;lakes;0
17733;28;83;158;lake;false;lakes;0
17734;83;205;79;lake;false;lakes;0
17735;139;71;0;lake;false;lakes;0
17736;194;192;177;lake;false;lakes;0
17737;250;58;98;lake;false;lakes;0
17738;49;180;19;lake;false;lakes;0
17739;105;45;196;lake;false;lakes;0
17740;160;167;117;lake;false;lakes;0
17741;216;33;38;lake;false;lakes;0
17742;15;154;215;lake;false;lakes;0
17743;71;20;136;lake;false;lakes;0
17744;126;142;57;lake;false;lakes;0
17745;182;7;234;lake;false;lakes;0
17746;237;129;155;lake;false;lakes;0
17747;36;251;76;lake;false;lakes;0
17748;92;116;253;lake;false;lakes;0
17749;147;238;174;lake;false;lakes;0
17750;203;104;95;lake;false;lakes;0
17751;2;226;16;lake;false;lakes;0
17752;58;91;193;lake;false;lakes;0
17753;113;213;114;lake;false;lakes;0
17754;169;79;35;lake;false;lakes;0
17755;224;200;212;lake;false;lakes;0
17756;24;66;133;lake;false;lakes;0
17757;79;188;54;lake;false;lakes;0
17758;135;53;231;lake;false;lakes;0
17759;190;175;152;lake;false;lakes;0
17760;246;41;73;lake;false;lakes;0
17761;45;162;250;lake;false;lakes;0
17762;101;28;171;lake;false;lakes;0
17763;156;150;92;lake;false;lakes;0
17764;212;16;13;lake;false;lakes;0
17765;11;137;190;lake;false;lakes;0
17766;67;3;111;lake;false;lakes;0
17767;122;125;32;lake;false;lakes;0
17768;177;246;209;lake;false;lakes;0
17769;233;112;130;lake;false;lakes;0
17770;32;234;51;lake;false;lakes;0
17771;88;99;228;lake;false;lakes;0
17772;143;221;149;lake;false;lakes;0
17773;199;87;70;lake;false;lakes;0
17774;254;208;247;lake;false;lakes;0
17775;54;74;168;lake;false;lakes;0
17776;109;196;89;lake;false;lakes;0
17777;165;62;10;lake;false;lakes;0
17778;220;183;187;lake;false;lakes;0
17779;20;49;108;lake;false;lakes;0
