1;0;936.50;9.50;2037.50;0.00;0.00
2;0;1380.50;9.50;2035.50;0.00;0.00
3;0;1400.50;9.50;2023.50;0.00;0.00
4;0;1556.50;9.50;2041.50;0.00;0.00
5;0;1748.50;9.50;2040.50;0.00;0.00
6;0;1923.50;9.50;2031.50;0.00;0.00
7;0;1971.50;9.50;2026.50;0.00;0.00
8;0;2016.50;9.50;2025.50;0.00;0.00
9;0;2061.50;9.50;2025.50;0.00;0.00
10;0;2106.50;9.50;2016.50;0.00;0.00
11;0;2143.50;9.50;2012.50;0.00;0.00
12;0;2171.50;9.50;2030.50;0.00;0.00
13;0;2208.50;9.50;2030.50;0.00;0.00
14;0;2244.50;9.50;2019.50;0.00;0.00
15;0;2286.50;9.50;2020.50;0.00;0.00
16;0;2333.50;9.50;2023.50;0.00;0.00
17;0;2389.50;9.50;2024.50;0.00;0.00
18;0;2445.50;9.50;2014.50;0.00;0.00
19;0;2479.50;9.50;2022.50;0.00;0.00
20;0;3074.50;9.50;2044.50;0.00;0.00
21;0;3873.50;9.50;2041.50;0.00;0.00
22;0;4416.50;9.50;2030.50;0.00;0.00
23;0;1023.50;9.50;2044.50;0.00;0.00
24;0;1120.50;9.50;2024.50;0.00;0.00
25;0;1273.50;9.50;2029.50;0.00;0.00
26;0;4526.50;9.50;2024.50;0.00;0.00
27;0;4349.50;9.50;2014.50;0.00;0.00
28;0;1020.50;9.50;2028.50;0.00;0.00
29;0;4494.50;9.50;1970.50;0.00;0.00
30;0;4290.50;9.50;2017.50;0.00;0.00
31;0;3749.50;9.50;2021.50;0.00;0.00
32;0;4987.50;9.50;2023.50;0.00;0.00
33;0;965.50;9.50;2028.50;0.00;0.00
34;0;1573.50;9.50;2030.50;0.00;0.00
35;0;4108.50;9.50;2032.50;0.00;0.00
36;0;4940.50;9.50;2025.50;0.00;0.00
37;0;1524.50;9.50;2019.50;0.00;0.00
38;0;4226.50;9.50;2007.50;0.00;0.00
39;0;3708.50;9.50;2006.50;0.00;0.00
40;0;1337.50;9.50;2018.50;0.00;0.00
41;0;4265.50;9.50;1990.50;0.00;0.00
42;0;5135.50;9.50;2018.50;0.00;0.00
43;0;4098.50;9.50;2022.50;0.00;0.00
44;0;1183.50;9.50;2020.50;0.00;0.00
45;0;1948.50;9.50;2004.50;0.00;0.00
46;0;2525.50;9.50;2019.50;0.00;0.00
47;0;4170.50;9.50;1987.50;0.00;0.00
48;0;2196.50;9.50;1999.50;0.00;0.00
49;0;4303.50;9.50;1987.50;0.00;0.00
50;0;922.50;9.50;1987.50;0.00;0.00
51;0;4579.50;9.50;1982.50;0.00;0.00
52;0;884.50;9.50;1980.50;0.00;0.00
53;0;2355.50;9.50;1979.50;0.00;0.00
54;0;965.50;9.50;1994.50;0.00;0.00
55;0;2009.50;9.50;1984.50;0.00;0.00
56;0;2405.50;9.50;1982.50;0.00;0.00
57;0;4940.50;9.50;2002.50;0.00;0.00
58;0;5014.50;9.50;2002.50;0.00;0.00
59;0;1336.50;9.50;1987.50;0.00;0.00
60;0;1265.50;9.50;1981.50;0.00;0.00
61;0;4200.50;9.50;1977.50;0.00;0.00
62;0;2060.50;9.50;1980.50;0.00;0.00
63;0;4546.50;9.50;1997.50;0.00;0.00
64;0;2300.50;9.50;1977.50;0.00;0.00
65;0;3665.50;9.50;1973.50;0.00;0.00
66;0;4775.50;9.50;1974.50;0.00;0.00
67;0;1442.50;9.50;1977.50;0.00;0.00
68;0;1470.50;9.50;1995.50;0.00;0.00
69;0;2149.50;9.50;1976.50;0.00;0.00
70;0;2238.50;9.50;1977.50;0.00;0.00
71;0;5041.50;9.50;1994.50;0.00;0.00
72;0;1150.50;9.50;1973.50;0.00;0.00
73;0;1529.50;9.50;1986.50;0.00;0.00
74;0;4133.50;9.50;1979.50;0.00;0.00
75;0;1498.50;9.50;1978.50;0.00;0.00
76;0;1583.50;9.50;1989.50;0.00;0.00
77;0;1975.50;9.50;1979.50;0.00;0.00
78;0;4098.50;9.50;1985.50;0.00;0.00
79;0;4622.50;9.50;1977.50;0.00;0.00
80;0;4662.50;9.50;1971.50;0.00;0.00
81;0;1568.50;9.50;1987.50;0.00;0.00
82;0;3999.50;9.50;1993.50;0.00;0.00
83;0;4454.50;9.50;1960.50;0.00;0.00
84;0;4534.50;9.50;1967.50;0.00;0.00
85;0;4814.50;9.50;1975.50;0.00;0.00
86;0;3917.50;9.50;1990.50;0.00;0.00
87;0;4370.50;9.50;1963.50;0.00;0.00
88;0;2105.50;9.50;1967.50;0.00;0.00
89;0;4332.50;9.50;1967.50;0.00;0.00
90;0;4412.50;9.50;1948.50;0.00;0.00
91;0;1020.50;9.50;1965.50;0.00;0.00
92;0;4232.50;9.50;1973.50;0.00;0.00
93;0;987.50;9.50;1973.50;0.00;0.00
94;0;2185.50;9.50;1970.50;0.00;0.00
95;0;4704.50;9.50;1964.50;0.00;0.00
96;0;3994.50;9.50;1944.50;0.00;0.00
97;0;4055.50;9.50;1984.50;0.00;0.00
98;0;1077.50;9.50;1957.50;0.00;0.00
99;0;4743.50;9.50;1950.50;0.00;0.00
100;0;1115.50;9.50;1945.50;0.00;0.00
101;0;3900.50;9.50;1953.50;0.00;0.00
102;0;3931.50;9.50;1971.50;0.00;0.00
103;0;5026.50;9.50;1960.50;0.00;0.00
104;0;1630.50;9.50;1969.50;0.00;0.00
105;0;5065.50;9.50;1962.50;0.00;0.00
106;0;4032.50;9.50;1941.50;0.00;0.00
107;0;1575.50;9.50;1967.50;0.00;0.00
108;0;4158.50;9.50;1954.50;0.00;0.00
109;0;5099.50;9.50;1948.50;0.00;0.00
110;0;4078.50;9.50;1967.50;0.00;0.00
111;0;5134.50;9.50;1960.50;0.00;0.00
112;0;1540.50;9.50;1963.50;0.00;0.00
113;0;2440.50;9.50;1972.50;0.00;0.00
114;0;4595.50;9.50;1952.50;0.00;0.00
115;0;1324.50;9.50;1950.50;0.00;0.00
116;0;1513.50;9.50;1953.50;0.00;0.00
117;0;1599.50;9.50;1956.50;0.00;0.00
118;0;4290.50;9.50;1949.50;0.00;0.00
119;0;5167.50;9.50;1948.50;0.00;0.00
120;0;1470.50;9.50;1953.50;0.00;0.00
121;0;4011.50;9.50;1967.50;0.00;0.00
122;0;4254.50;9.50;1947.50;0.00;0.00
123;0;4897.50;9.50;1949.50;0.00;0.00
124;0;2025.50;9.50;1956.50;0.00;0.00
125;0;2454.50;9.50;1957.50;0.00;0.00
126;0;3966.50;9.50;1962.50;0.00;0.00
127;0;2415.50;9.50;1953.50;0.00;0.00
128;0;4190.50;9.50;1947.50;0.00;0.00
129;0;1163.50;9.50;1943.50;0.00;0.00
130;0;1662.50;9.50;1931.50;0.00;0.00
131;0;1691.50;9.50;1942.50;0.00;0.00
132;0;4985.50;9.50;1948.50;0.00;0.00
133;0;10.50;9.50;1958.50;0.00;0.00
134;0;1352.50;9.50;1943.50;0.00;0.00
135;0;4092.50;9.50;1948.50;0.00;0.00
136;0;4825.50;9.50;1940.50;0.00;0.00
137;0;4932.50;9.50;1950.50;0.00;0.00
138;0;5627.50;9.50;1958.50;0.00;0.00
139;0;2050.50;9.50;1942.50;0.00;0.00
140;0;2396.50;9.50;1931.50;0.00;0.00
141;0;359.50;9.50;1942.50;0.00;0.00
142;0;1623.50;9.50;1948.50;0.00;0.00
143;0;1564.50;9.50;1949.50;0.00;0.00
144;0;1976.50;9.50;1957.50;0.00;0.00
145;0;4951.50;9.50;1930.50;0.00;0.00
146;0;393.50;9.50;1934.50;0.00;0.00
147;0;2686.50;9.50;1956.50;0.00;0.00
148;0;3249.50;9.50;1948.50;0.00;0.00
149;0;4123.50;9.50;1935.50;0.00;0.00
150;0;5208.50;9.50;1940.50;0.00;0.00
151;0;2366.50;9.50;1937.50;0.00;0.00
152;0;3200.50;9.50;1934.50;0.00;0.00
153;0;5238.50;9.50;1938.50;0.00;0.00
154;0;5289.50;9.50;1937.50;0.00;0.00
155;0;2148.50;9.50;1922.50;0.00;0.00
156;0;2191.50;9.50;1932.50;0.00;0.00
157;0;2238.50;9.50;1934.50;0.00;0.00
158;0;2304.50;9.50;1940.50;0.00;0.00
159;0;2334.50;9.50;1926.50;0.00;0.00
160;0;434.50;9.50;1929.50;0.00;0.00
161;0;1195.50;9.50;1935.50;0.00;0.00
162;0;4220.50;9.50;1934.50;0.00;0.00
163;0;4342.50;9.50;1933.50;0.00;0.00
164;0;4553.50;9.50;1936.50;0.00;0.00
165;0;4624.50;9.50;1930.50;0.00;0.00
166;0;4787.50;9.50;1931.50;0.00;0.00
167;0;4877.50;9.50;1924.50;0.00;0.00
168;0;321.50;9.50;1934.50;0.00;0.00
169;0;1734.50;9.50;1924.50;0.00;0.00
170;0;3269.50;9.50;1946.50;0.00;0.00
171;0;1969.50;9.50;1950.50;0.00;0.00
172;0;2076.50;9.50;1920.50;0.00;0.00
173;0;1973.50;9.50;1936.50;0.00;0.00
174;0;5316.50;9.50;1925.50;0.00;0.00
175;0;1536.50;9.50;1944.50;0.00;0.00
176;0;4663.50;9.50;1930.50;0.00;0.00
177;0;819.50;9.50;1925.50;0.00;0.00
178;0;475.50;9.50;1931.50;0.00;0.00
179;0;3773.50;9.50;1930.50;0.00;0.00
180;0;1370.50;9.50;1921.50;0.00;0.00
181;0;1638.50;9.50;1933.50;0.00;0.00
182;0;2110.50;9.50;1926.50;0.00;0.00
183;0;2422.50;9.50;1936.50;0.00;0.00
184;0;5127.50;9.50;1929.50;0.00;0.00
185;0;285.50;9.50;1927.50;0.00;0.00
186;0;4464.50;9.50;1914.50;0.00;0.00
187;0;1021.50;9.50;1942.50;0.00;0.00
188;0;3125.50;9.50;1928.50;0.00;0.00
189;0;4916.50;9.50;1927.50;0.00;0.00
190;0;767.50;9.50;1920.50;0.00;0.00
191;0;1000.50;9.50;1941.50;0.00;0.00
192;0;3865.50;9.50;1935.50;0.00;0.00
193;0;518.50;9.50;1920.50;0.00;0.00
194;0;551.50;9.50;1924.50;0.00;0.00
195;0;860.50;9.50;1919.50;0.00;0.00
196;0;1453.50;9.50;1940.50;0.00;0.00
197;0;2282.50;9.50;1913.50;0.00;0.00
198;0;2451.50;9.50;1938.50;0.00;0.00
199;0;3105.50;9.50;1926.50;0.00;0.00
200;0;5188.50;9.50;1922.50;0.00;0.00
201;0;590.50;9.50;1917.50;0.00;0.00
202;0;4581.50;9.50;1922.50;0.00;0.00
203;0;5022.50;9.50;1918.50;0.00;0.00
204;0;5489.50;9.50;1909.50;0.00;0.00
205;0;3936.50;9.50;1921.50;0.00;0.00
206;0;5453.50;9.50;1909.50;0.00;0.00
207;0;3229.50;9.50;1915.50;0.00;0.00
208;0;3322.50;9.50;1924.50;0.00;0.00
209;0;5528.50;9.50;1920.50;0.00;0.00
210;0;1063.50;9.50;1927.50;0.00;0.00
211;0;1297.50;9.50;1892.50;0.00;0.00
212;0;5261.50;9.50;1918.50;0.00;0.00
213;0;5563.50;9.50;1920.50;0.00;0.00
214;0;905.50;9.50;1914.50;0.00;0.00
215;0;1483.50;9.50;1932.50;0.00;0.00
216;0;1505.50;9.50;1921.50;0.00;0.00
217;0;5158.50;9.50;1917.50;0.00;0.00
218;0;3300.50;9.50;1921.50;0.00;0.00
219;0;4155.50;9.50;1919.50;0.00;0.00
220;0;4377.50;9.50;1909.50;0.00;0.00
221;0;4507.50;9.50;1915.50;0.00;0.00
222;0;5065.50;9.50;1916.50;0.00;0.00
223;0;5379.50;9.50;1917.50;0.00;0.00
224;0;707.50;9.50;1913.50;0.00;0.00
225;0;1587.50;9.50;1928.50;0.00;0.00
226;0;3809.50;9.50;1921.50;0.00;0.00
227;0;626.50;9.50;1917.50;0.00;0.00
228;0;1533.50;9.50;1924.50;0.00;0.00
229;0;3258.50;9.50;1898.50;0.00;0.00
230;0;3783.50;9.50;1910.50;0.00;0.00
231;0;3906.50;9.50;1908.50;0.00;0.00
232;0;4017.50;9.50;1930.50;0.00;0.00
233;0;4721.50;9.50;1909.50;0.00;0.00
234;0;4754.50;9.50;1913.50;0.00;0.00
235;0;2029.50;9.50;1915.50;0.00;0.00
236;0;4081.50;9.50;1913.50;0.00;0.00
237;0;4846.50;9.50;1908.50;0.00;0.00
238;0;4979.50;9.50;1915.50;0.00;0.00
239;0;5416.50;9.50;1913.50;0.00;0.00
240;0;5590.50;9.50;1902.50;0.00;0.00
241;0;954.50;9.50;1915.50;0.00;0.00
242;0;3584.50;9.50;1926.50;0.00;0.00
243;0;4194.50;9.50;1917.50;0.00;0.00
244;0;4294.50;9.50;1910.50;0.00;0.00
245;0;4688.50;9.50;1903.50;0.00;0.00
246;0;1609.50;9.50;1928.50;0.00;0.00
247;0;3343.50;9.50;1918.50;0.00;0.00
248;0;5617.50;9.50;1914.50;0.00;0.00
249;0;1702.50;9.50;1911.50;0.00;0.00
250;0;3060.50;9.50;1902.50;0.00;0.00
251;0;4252.50;9.50;1911.50;0.00;0.00
252;0;254.50;9.50;1913.50;0.00;0.00
253;0;357.50;9.50;1912.50;0.00;0.00
254;0;664.50;9.50;1906.50;0.00;0.00
255;0;1419.50;9.50;1905.50;0.00;0.00
256;0;3280.50;9.50;1918.50;0.00;0.00
257;0;3362.50;9.50;1901.50;0.00;0.00
258;0;3865.50;9.50;1907.50;0.00;0.00
259;0;4422.50;9.50;1897.50;0.00;0.00
260;0;3191.50;9.50;1912.50;0.00;0.00
261;0;4044.50;9.50;1901.50;0.00;0.00
262;0;1244.50;9.50;1922.50;0.00;0.00
263;0;3396.50;9.50;1903.50;0.00;0.00
264;0;5215.50;9.50;1911.50;0.00;0.00
265;0;15.50;9.50;1904.50;0.00;0.00
266;0;987.50;9.50;1907.50;0.00;0.00
267;0;3665.50;9.50;1903.50;0.00;0.00
268;0;3737.50;9.50;1905.50;0.00;0.00
269;0;4003.50;9.50;1909.50;0.00;0.00
270;0;1023.50;9.50;1893.50;0.00;0.00
271;0;1174.50;9.50;1883.50;0.00;0.00
272;0;3148.50;9.50;1904.50;0.00;0.00
273;0;4540.50;9.50;1900.50;0.00;0.00
274;0;3638.50;9.50;1906.50;0.00;0.00
275;0;3702.50;9.50;1905.50;0.00;0.00
276;0;489.50;9.50;1902.50;0.00;0.00
277;0;1121.50;9.50;1879.50;0.00;0.00
278;0;1521.50;9.50;1899.50;0.00;0.00
279;0;1483.50;9.50;1900.50;0.00;0.00
280;0;2214.50;9.50;1896.50;0.00;0.00
281;0;4605.50;9.50;1899.50;0.00;0.00
282;0;4812.50;9.50;1896.50;0.00;0.00
283;0;1994.50;9.50;1913.50;0.00;0.00
284;0;3516.50;9.50;1909.50;0.00;0.00
285;0;327.50;9.50;1901.50;0.00;0.00
286;0;413.50;9.50;1900.50;0.00;0.00
287;0;1760.50;9.50;1900.50;0.00;0.00
288;0;4338.50;9.50;1897.50;0.00;0.00
289;0;383.50;9.50;1895.50;0.00;0.00
290;0;1339.50;9.50;1893.50;0.00;0.00
291;0;3113.50;9.50;1902.50;0.00;0.00
292;0;4136.50;9.50;1891.50;0.00;0.00
293;0;4643.50;9.50;1893.50;0.00;0.00
294;0;5093.50;9.50;1887.50;0.00;0.00
295;0;5273.50;9.50;1892.50;0.00;0.00
296;0;2250.50;9.50;1896.50;0.00;0.00
297;0;4950.50;9.50;1895.50;0.00;0.00
298;0;5239.50;9.50;1895.50;0.00;0.00
299;0;5350.50;9.50;1901.50;0.00;0.00
300;0;48.50;9.50;1891.50;0.00;0.00
301;0;805.50;9.50;1892.50;0.00;0.00
302;0;1622.50;9.50;1905.50;0.00;0.00
303;0;3029.50;9.50;1911.50;0.00;0.00
304;0;3430.50;9.50;1895.50;0.00;0.00
305;0;3827.50;9.50;1900.50;0.00;0.00
306;0;4919.50;9.50;1899.50;0.00;0.00
307;0;5128.50;9.50;1897.50;0.00;0.00
308;0;465.50;9.50;1888.50;0.00;0.00
309;0;1447.50;9.50;1885.50;0.00;0.00
310;0;3203.50;9.50;1886.50;0.00;0.00
311;0;4176.50;9.50;1895.50;0.00;0.00
312;0;5315.50;9.50;1896.50;0.00;0.00
313;0;287.50;9.50;1897.50;0.00;0.00
314;0;3332.50;9.50;1902.50;0.00;0.00
315;0;3585.50;9.50;1893.50;0.00;0.00
316;0;4220.50;9.50;1891.50;0.00;0.00
317;0;561.50;9.50;1893.50;0.00;0.00
318;0;1791.50;9.50;1894.50;0.00;0.00
319;0;3175.50;9.50;1889.50;0.00;0.00
320;0;3300.50;9.50;1899.50;0.00;0.00
321;0;4882.50;9.50;1888.50;0.00;0.00
322;0;439.50;9.50;1889.50;0.00;0.00
323;0;2175.50;9.50;1887.50;0.00;0.00
324;0;756.50;9.50;1888.50;0.00;0.00
325;0;1058.50;9.50;1887.50;0.00;0.00
326;0;3087.50;9.50;1891.50;0.00;0.00
327;0;933.50;9.50;1900.50;0.00;0.00
328;0;1372.50;9.50;1893.50;0.00;0.00
329;0;5185.50;9.50;1895.50;0.00;0.00
330;0;875.50;9.50;1895.50;0.00;0.00
331;0;1249.50;9.50;1887.50;0.00;0.00
332;0;4779.50;9.50;1886.50;0.00;0.00
333;0;4996.50;9.50;1887.50;0.00;0.00
334;0;5545.50;9.50;1887.50;0.00;0.00
335;0;2000.50;9.50;1884.50;0.00;0.00
336;0;3791.50;9.50;1885.50;0.00;0.00
337;0;3974.50;9.50;1881.50;0.00;0.00
338;0;78.50;9.50;1873.50;0.00;0.00
339;0;1812.50;9.50;1877.50;0.00;0.00
340;0;2044.50;9.50;1892.50;0.00;0.00
341;0;3230.50;9.50;1888.50;0.00;0.00
342;0;3928.50;9.50;1895.50;0.00;0.00
343;0;5510.50;9.50;1882.50;0.00;0.00
344;0;4072.50;9.50;1881.50;0.00;0.00
345;0;4570.50;9.50;1880.50;0.00;0.00
346;0;633.50;9.50;1886.50;0.00;0.00
347;0;2071.50;9.50;1885.50;0.00;0.00
348;0;2110.50;9.50;1885.50;0.00;0.00
349;0;3046.50;9.50;1889.50;0.00;0.00
350;0;3884.50;9.50;1883.50;0.00;0.00
351;0;4016.50;9.50;1885.50;0.00;0.00
352;0;4105.50;9.50;1875.50;0.00;0.00
353;0;5042.50;9.50;1877.50;0.00;0.00
354;0;5157.50;9.50;1886.50;0.00;0.00
355;0;4269.50;9.50;1879.50;0.00;0.00
356;0;4499.50;9.50;1882.50;0.00;0.00
357;0;5389.50;9.50;1880.50;0.00;0.00
358;0;593.50;9.50;1880.50;0.00;0.00
359;0;1832.50;9.50;1884.50;0.00;0.00
360;0;2143.50;9.50;1872.50;0.00;0.00
361;0;3842.50;9.50;1879.50;0.00;0.00
362;0;5472.50;9.50;1875.50;0.00;0.00
363;0;357.50;9.50;1881.50;0.00;0.00
364;0;829.50;9.50;1867.50;0.00;0.00
365;0;984.50;9.50;1875.50;0.00;0.00
366;0;1399.50;9.50;1876.50;0.00;0.00
367;0;1744.50;9.50;1870.50;0.00;0.00
368;0;4746.50;9.50;1880.50;0.00;0.00
369;0;504.50;9.50;1877.50;0.00;0.00
370;0;534.50;9.50;1873.50;0.00;0.00
371;0;5433.50;9.50;1875.50;0.00;0.00
372;0;111.50;9.50;1874.50;0.00;0.00
373;0;697.50;9.50;1878.50;0.00;0.00
374;0;4313.50;9.50;1872.50;0.00;0.00
375;0;3126.50;9.50;1879.50;0.00;0.00
376;0;133.50;9.50;1879.50;0.00;0.00
377;0;724.50;9.50;1864.50;0.00;0.00
378;0;1679.50;9.50;1874.50;0.00;0.00
379;0;3621.50;9.50;1876.50;0.00;0.00
380;0;3647.50;9.50;1879.50;0.00;0.00
381;0;3910.50;9.50;1868.50;0.00;0.00
382;0;309.50;9.50;1872.50;0.00;0.00
383;0;3675.50;9.50;1878.50;0.00;0.00
384;0;3707.50;9.50;1878.50;0.00;0.00
385;0;3734.50;9.50;1881.50;0.00;0.00
386;0;3766.50;9.50;1878.50;0.00;0.00
387;0;5205.50;9.50;1878.50;0.00;0.00
388;0;5577.50;9.50;1872.50;0.00;0.00
389;0;5612.50;9.50;1874.50;0.00;0.00
390;0;784.50;9.50;1863.50;0.00;0.00
391;0;3022.50;9.50;1873.50;0.00;0.00
392;0;3153.50;9.50;1877.50;0.00;0.00
393;0;4458.50;9.50;1871.50;0.00;0.00
394;0;4697.50;9.50;1873.50;0.00;0.00
395;0;5350.50;9.50;1874.50;0.00;0.00
396;0;3953.50;9.50;1882.50;0.00;0.00
397;0;4527.50;9.50;1867.50;0.00;0.00
398;0;664.50;9.50;1871.50;0.00;0.00
399;0;4040.50;9.50;1869.50;0.00;0.00
400;0;4844.50;9.50;1870.50;0.00;0.00
401;0;253.50;9.50;1868.50;0.00;0.00
402;0;1016.50;9.50;1868.50;0.00;0.00
403;0;3296.50;9.50;1868.50;0.00;0.00
404;0;3815.50;9.50;1868.50;0.00;0.00
405;0;3996.50;9.50;1869.50;0.00;0.00
406;0;4172.50;9.50;1866.50;0.00;0.00
407;0;4387.50;9.50;1865.50;0.00;0.00
408;0;4667.50;9.50;1864.50;0.00;0.00
409;0;229.50;9.50;1866.50;0.00;0.00
410;0;2545.50;9.50;1867.50;0.00;0.00
411;0;3326.50;9.50;1871.50;0.00;0.00
412;0;3477.50;9.50;1875.50;0.00;0.00
413;0;4912.50;9.50;1869.50;0.00;0.00
414;0;1423.50;9.50;1857.50;0.00;0.00
415;0;2468.50;9.50;1876.50;0.00;0.00
416;0;3271.50;9.50;1877.50;0.00;0.00
417;0;3348.50;9.50;1872.50;0.00;0.00
418;0;3864.50;9.50;1866.50;0.00;0.00
419;0;334.50;9.50;1868.50;0.00;0.00
420;0;1355.50;9.50;1865.50;0.00;0.00
421;0;2024.50;9.50;1875.50;0.00;0.00
422;0;3497.50;9.50;1871.50;0.00;0.00
423;0;3599.50;9.50;1873.50;0.00;0.00
424;0;4239.50;9.50;1864.50;0.00;0.00
425;0;4348.50;9.50;1862.50;0.00;0.00
426;0;1321.50;9.50;1856.50;0.00;0.00
427;0;3055.50;9.50;1870.50;0.00;0.00
428;0;4607.50;9.50;1866.50;0.00;0.00
429;0;5299.50;9.50;1859.50;0.00;0.00
430;0;211.50;9.50;1872.50;0.00;0.00
431;0;477.50;9.50;1865.50;0.00;0.00
432;0;4722.50;9.50;1861.50;0.00;0.00
433;0;5120.50;9.50;1865.50;0.00;0.00
434;0;1290.50;9.50;1843.50;0.00;0.00
435;0;1712.50;9.50;1841.50;0.00;0.00
436;0;3516.50;9.50;1860.50;0.00;0.00
437;0;4954.50;9.50;1862.50;0.00;0.00
438;0;5175.50;9.50;1865.50;0.00;0.00
439;0;5228.50;9.50;1857.50;0.00;0.00
440;0;5264.50;9.50;1860.50;0.00;0.00
441;0;278.50;9.50;1868.50;0.00;0.00
442;0;876.50;9.50;1866.50;0.00;0.00
443;0;2515.50;9.50;1867.50;0.00;0.00
444;0;3935.50;9.50;1869.50;0.00;0.00
445;0;4204.50;9.50;1857.50;0.00;0.00
446;0;382.50;9.50;1863.50;0.00;0.00
447;0;417.50;9.50;1861.50;0.00;0.00
448;0;1483.50;9.50;1857.50;0.00;0.00
449;0;3073.50;9.50;1861.50;0.00;0.00
450;0;3463.50;9.50;1862.50;0.00;0.00
451;0;3541.50;9.50;1865.50;0.00;0.00
452;0;3570.50;9.50;1865.50;0.00;0.00
453;0;5009.50;9.50;1858.50;0.00;0.00
454;0;566.50;9.50;1859.50;0.00;0.00
455;0;1048.50;9.50;1858.50;0.00;0.00
456;0;2579.50;9.50;1863.50;0.00;0.00
457;0;3448.50;9.50;1868.50;0.00;0.00
458;0;622.50;9.50;1860.50;0.00;0.00
459;0;4807.50;9.50;1860.50;0.00;0.00
460;0;1226.50;9.50;1860.50;0.00;0.00
461;0;3096.50;9.50;1860.50;0.00;0.00
462;0;3223.50;9.50;1864.50;0.00;0.00
463;0;4636.50;9.50;1855.50;0.00;0.00
464;0;952.50;9.50;1872.50;0.00;0.00
465;0;3959.50;9.50;1858.50;0.00;0.00
466;0;4424.50;9.50;1849.50;0.00;0.00
467;0;3767.50;9.50;1848.50;0.00;0.00
468;0;3796.50;9.50;1840.50;0.00;0.00
469;0;5075.50;9.50;1850.50;0.00;0.00
470;0;925.50;9.50;1846.50;0.00;0.00
471;0;3691.50;9.50;1856.50;0.00;0.00
472;0;4133.50;9.50;1844.50;0.00;0.00
473;0;4287.50;9.50;1851.50;0.00;0.00
474;0;955.50;9.50;1852.50;0.00;0.00
475;0;1085.50;9.50;1848.50;0.00;0.00
476;0;2476.50;9.50;1860.50;0.00;0.00
477;0;3271.50;9.50;1860.50;0.00;0.00
478;0;857.50;9.50;1848.50;0.00;0.00
479;0;1617.50;9.50;1859.50;0.00;0.00
480;0;4773.50;9.50;1851.50;0.00;0.00
481;0;4883.50;9.50;1849.50;0.00;0.00
482;0;5544.50;9.50;1855.50;0.00;0.00
483;0;445.50;9.50;1846.50;0.00;0.00
484;0;3118.50;9.50;1854.50;0.00;0.00
485;0;3663.50;9.50;1854.50;0.00;0.00
486;0;3737.50;9.50;1857.50;0.00;0.00
487;0;4552.50;9.50;1851.50;0.00;0.00
488;0;1386.50;9.50;1848.50;0.00;0.00
489;0;2027.50;9.50;1848.50;0.00;0.00
490;0;2060.50;9.50;1852.50;0.00;0.00
491;0;2091.50;9.50;1852.50;0.00;0.00
492;0;3139.50;9.50;1857.50;0.00;0.00
493;0;3255.50;9.50;1859.50;0.00;0.00
494;0;994.50;9.50;1849.50;0.00;0.00
495;0;4096.50;9.50;1845.50;0.00;0.00
496;0;646.50;9.50;1846.50;0.00;0.00
497;0;1527.50;9.50;1852.50;0.00;0.00
498;0;1780.50;9.50;1845.50;0.00;0.00
499;0;2160.50;9.50;1845.50;0.00;0.00
500;0;3398.50;9.50;1859.50;0.00;0.00
501;0;3715.50;9.50;1848.50;0.00;0.00
502;0;4583.50;9.50;1847.50;0.00;0.00
503;0;346.50;9.50;1845.50;0.00;0.00
504;0;501.50;9.50;1851.50;0.00;0.00
505;0;2998.50;9.50;1848.50;0.00;0.00
506;0;3022.50;9.50;1856.50;0.00;0.00
507;0;3207.50;9.50;1851.50;0.00;0.00
508;0;3630.50;9.50;1850.50;0.00;0.00
509;0;5337.50;9.50;1835.50;0.00;0.00
510;0;3047.50;9.50;1852.50;0.00;0.00
511;0;3417.50;9.50;1840.50;0.00;0.00
512;0;4017.50;9.50;1846.50;0.00;0.00
513;0;5516.50;9.50;1840.50;0.00;0.00
514;0;3306.50;9.50;1849.50;0.00;0.00
515;0;3357.50;9.50;1853.50;0.00;0.00
516;0;3992.50;9.50;1846.50;0.00;0.00
517;0;4057.50;9.50;1842.50;0.00;0.00
518;0;4744.50;9.50;1845.50;0.00;0.00
519;0;5587.50;9.50;1843.50;0.00;0.00
520;0;3482.50;9.50;1848.50;0.00;0.00
521;0;4257.50;9.50;1843.50;0.00;0.00
522;0;5385.50;9.50;1843.50;0.00;0.00
523;0;3937.50;9.50;1850.50;0.00;0.00
524;0;5484.50;9.50;1840.50;0.00;0.00
525;0;314.50;9.50;1845.50;0.00;0.00
526;0;538.50;9.50;1844.50;0.00;0.00
527;0;1118.50;9.50;1841.50;0.00;0.00
528;0;2523.50;9.50;1848.50;0.00;0.00
529;0;3972.50;9.50;1843.50;0.00;0.00
530;0;4925.50;9.50;1843.50;0.00;0.00
531;0;1152.50;9.50;1838.50;0.00;0.00
532;0;2119.50;9.50;1839.50;0.00;0.00
533;0;3435.50;9.50;1847.50;0.00;0.00
534;0;4974.50;9.50;1837.50;0.00;0.00
535;0;5201.50;9.50;1836.50;0.00;0.00
536;0;738.50;9.50;1834.50;0.00;0.00
537;0;3454.50;9.50;1846.50;0.00;0.00
538;0;594.50;9.50;1840.50;0.00;0.00
539;0;703.50;9.50;1838.50;0.00;0.00
540;0;812.50;9.50;1835.50;0.00;0.00
541;0;1026.50;9.50;1838.50;0.00;0.00
542;0;3833.50;9.50;1843.50;0.00;0.00
543;0;4692.50;9.50;1841.50;0.00;0.00
544;0;5041.50;9.50;1838.50;0.00;0.00
545;0;5173.50;9.50;1838.50;0.00;0.00
546;0;5432.50;9.50;1837.50;0.00;0.00
547;0;3058.50;9.50;1835.50;0.00;0.00
548;0;3328.50;9.50;1842.50;0.00;0.00
549;0;3856.50;9.50;1837.50;0.00;0.00
550;0;5135.50;9.50;1838.50;0.00;0.00
551;0;769.50;9.50;1828.50;0.00;0.00
552;0;1193.50;9.50;1835.50;0.00;0.00
553;0;3586.50;9.50;1841.50;0.00;0.00
554;0;3895.50;9.50;1839.50;0.00;0.00
555;0;474.50;9.50;1842.50;0.00;0.00
556;0;671.50;9.50;1830.50;0.00;0.00
557;0;1738.50;9.50;1831.50;0.00;0.00
558;0;2974.50;9.50;1833.50;0.00;0.00
559;0;3611.50;9.50;1837.50;0.00;0.00
560;0;4851.50;9.50;1837.50;0.00;0.00
561;0;3561.50;9.50;1843.50;0.00;0.00
562;0;3644.50;9.50;1834.50;0.00;0.00
563;0;3918.50;9.50;1830.50;0.00;0.00
564;0;4173.50;9.50;1835.50;0.00;0.00
565;0;373.50;9.50;1833.50;0.00;0.00
566;0;405.50;9.50;1830.50;0.00;0.00
567;0;889.50;9.50;1834.50;0.00;0.00
568;0;2462.50;9.50;1846.50;0.00;0.00
569;0;4311.50;9.50;1832.50;0.00;0.00
570;0;4499.50;9.50;1831.50;0.00;0.00
571;0;5563.50;9.50;1832.50;0.00;0.00
572;0;3192.50;9.50;1841.50;0.00;0.00
573;0;3387.50;9.50;1819.50;0.00;0.00
574;0;5105.50;9.50;1831.50;0.00;0.00
575;0;5608.50;9.50;1832.50;0.00;0.00
576;0;3524.50;9.50;1835.50;0.00;0.00
577;0;3682.50;9.50;1835.50;0.00;0.00
578;0;1357.50;9.50;1833.50;0.00;0.00
579;0;3396.50;9.50;1836.50;0.00;0.00
580;0;4359.50;9.50;1828.50;0.00;0.00
581;0;4651.50;9.50;1828.50;0.00;0.00
582;0;974.50;9.50;1827.50;0.00;0.00
583;0;3019.50;9.50;1834.50;0.00;0.00
584;0;3082.50;9.50;1826.50;0.00;0.00
585;0;3096.50;9.50;1836.50;0.00;0.00
586;0;3259.50;9.50;1837.50;0.00;0.00
587;0;3499.50;9.50;1829.50;0.00;0.00
588;0;1058.50;9.50;1832.50;0.00;0.00
589;0;3163.50;9.50;1833.50;0.00;0.00
590;0;4459.50;9.50;1827.50;0.00;0.00
591;0;4948.50;9.50;1828.50;0.00;0.00
592;0;515.50;9.50;1831.50;0.00;0.00
593;0;623.50;9.50;1831.50;0.00;0.00
594;0;3277.50;9.50;1842.50;0.00;0.00
595;0;150.50;9.50;1839.50;0.00;0.00
596;0;3347.50;9.50;1835.50;0.00;0.00
597;0;4621.50;9.50;1824.50;0.00;0.00
598;0;4720.50;9.50;1831.50;0.00;0.00
599;0;5293.50;9.50;1828.50;0.00;0.00
600;0;563.50;9.50;1827.50;0.00;0.00
601;0;3468.50;9.50;1828.50;0.00;0.00
602;0;4230.50;9.50;1823.50;0.00;0.00
603;0;4809.50;9.50;1830.50;0.00;0.00
604;0;5001.50;9.50;1830.50;0.00;0.00
605;0;5152.50;9.50;1826.50;0.00;0.00
606;0;1610.50;9.50;1840.50;0.00;0.00
607;0;3544.50;9.50;1822.50;0.00;0.00
608;0;3871.50;9.50;1817.50;0.00;0.00
609;0;4394.50;9.50;1822.50;0.00;0.00
610;0;4908.50;9.50;1821.50;0.00;0.00
611;0;282.50;9.50;1829.50;0.00;0.00
612;0;2051.50;9.50;1825.50;0.00;0.00
613;0;3209.50;9.50;1824.50;0.00;0.00
614;0;3291.50;9.50;1822.50;0.00;0.00
615;0;490.50;9.50;1826.50;0.00;0.00
616;0;3662.50;9.50;1827.50;0.00;0.00
617;0;3734.50;9.50;1823.50;0.00;0.00
618;0;3941.50;9.50;1825.50;0.00;0.00
619;0;1596.50;9.50;1836.50;0.00;0.00
620;0;2078.50;9.50;1822.50;0.00;0.00
621;0;2947.50;9.50;1829.50;0.00;0.00
622;0;4201.50;9.50;1821.50;0.00;0.00
623;0;4781.50;9.50;1821.50;0.00;0.00
624;0;5256.50;9.50;1820.50;0.00;0.00
625;0;944.50;9.50;1822.50;0.00;0.00
626;0;2993.50;9.50;1831.50;0.00;0.00
627;0;3185.50;9.50;1829.50;0.00;0.00
628;0;3441.50;9.50;1826.50;0.00;0.00
629;0;3709.50;9.50;1823.50;0.00;0.00
630;0;3819.50;9.50;1822.50;0.00;0.00
631;0;3961.50;9.50;1825.50;0.00;0.00
632;0;460.50;9.50;1824.50;0.00;0.00
633;0;1334.50;9.50;1815.50;0.00;0.00
634;0;325.50;9.50;1820.50;0.00;0.00
635;0;1272.50;9.50;1816.50;0.00;0.00
636;0;3172.50;9.50;1827.50;0.00;0.00
637;0;3772.50;9.50;1824.50;0.00;0.00
638;0;4676.50;9.50;1814.50;0.00;0.00
639;0;248.50;9.50;1827.50;0.00;0.00
640;0;845.50;9.50;1816.50;0.00;0.00
641;0;915.50;9.50;1821.50;0.00;0.00
642;0;5224.50;9.50;1816.50;0.00;0.00
643;0;1306.50;9.50;1802.50;0.00;0.00
644;0;3037.50;9.50;1821.50;0.00;0.00
645;0;3981.50;9.50;1823.50;0.00;0.00
646;0;4831.50;9.50;1813.50;0.00;0.00
647;0;3334.50;9.50;1822.50;0.00;0.00
648;0;3622.50;9.50;1817.50;0.00;0.00
649;0;4011.50;9.50;1819.50;0.00;0.00
650;0;4087.50;9.50;1813.50;0.00;0.00
651;0;4331.50;9.50;1809.50;0.00;0.00
652;0;4590.50;9.50;1817.50;0.00;0.00
653;0;435.50;9.50;1814.50;0.00;0.00
654;0;996.50;9.50;1817.50;0.00;0.00
655;0;2926.50;9.50;1823.50;0.00;0.00
656;0;3314.50;9.50;1818.50;0.00;0.00
657;0;4267.50;9.50;1818.50;0.00;0.00
658;0;301.50;9.50;1814.50;0.00;0.00
659;0;350.50;9.50;1815.50;0.00;0.00
660;0;1513.50;9.50;1825.50;0.00;0.00
661;0;4752.50;9.50;1813.50;0.00;0.00
662;0;5450.50;9.50;1809.50;0.00;0.00
663;0;1238.50;9.50;1809.50;0.00;0.00
664;0;4881.50;9.50;1817.50;0.00;0.00
665;0;1772.50;9.50;1821.50;0.00;0.00
666;0;4046.50;9.50;1812.50;0.00;0.00
667;0;4428.50;9.50;1812.50;0.00;0.00
668;0;5129.50;9.50;1815.50;0.00;0.00
669;0;5413.50;9.50;1808.50;0.00;0.00
670;0;1172.50;9.50;1808.50;0.00;0.00
671;0;2141.50;9.50;1815.50;0.00;0.00
672;0;3567.50;9.50;1811.50;0.00;0.00
673;0;4563.50;9.50;1807.50;0.00;0.00
674;0;5483.50;9.50;1806.50;0.00;0.00
675;0;1098.50;9.50;1813.50;0.00;0.00
676;0;3687.50;9.50;1814.50;0.00;0.00
677;0;4703.50;9.50;1810.50;0.00;0.00
678;0;232.50;9.50;1813.50;0.00;0.00
679;0;2987.50;9.50;1818.50;0.00;0.00
680;0;3422.50;9.50;1812.50;0.00;0.00
681;0;3896.50;9.50;1815.50;0.00;0.00
682;0;1612.50;9.50;1804.50;0.00;0.00
683;0;3599.50;9.50;1813.50;0.00;0.00
684;0;3643.50;9.50;1813.50;0.00;0.00
685;0;4159.50;9.50;1795.50;0.00;0.00
686;0;4544.50;9.50;1821.50;0.00;0.00
687;0;4931.50;9.50;1809.50;0.00;0.00
688;0;5024.50;9.50;1807.50;0.00;0.00
689;0;3235.50;9.50;1815.50;0.00;0.00
690;0;3484.50;9.50;1810.50;0.00;0.00
691;0;5169.50;9.50;1811.50;0.00;0.00
692;0;5194.50;9.50;1808.50;0.00;0.00
693;0;5510.50;9.50;1812.50;0.00;0.00
694;0;543.50;9.50;1805.50;0.00;0.00
695;0;1204.50;9.50;1802.50;0.00;0.00
696;0;1670.50;9.50;1805.50;0.00;0.00
697;0;4520.50;9.50;1799.50;0.00;0.00
698;0;5363.50;9.50;1816.50;0.00;0.00
699;0;277.50;9.50;1809.50;0.00;0.00
700;0;1143.50;9.50;1808.50;0.00;0.00
701;0;1567.50;9.50;1816.50;0.00;0.00
702;0;1638.50;9.50;1807.50;0.00;0.00
703;0;2710.50;9.50;1819.50;0.00;0.00
704;0;3063.50;9.50;1813.50;0.00;0.00
705;0;3179.50;9.50;1814.50;0.00;0.00
706;0;3248.50;9.50;1813.50;0.00;0.00
707;0;3519.50;9.50;1812.50;0.00;0.00
708;0;4295.50;9.50;1801.50;0.00;0.00
709;0;4489.50;9.50;1802.50;0.00;0.00
710;0;4857.50;9.50;1803.50;0.00;0.00
711;0;658.50;9.50;1800.50;0.00;0.00
712;0;885.50;9.50;1803.50;0.00;0.00
713;0;2102.50;9.50;1805.50;0.00;0.00
714;0;2952.50;9.50;1814.50;0.00;0.00
715;0;3000.50;9.50;1809.50;0.00;0.00
716;0;3161.50;9.50;1808.50;0.00;0.00
717;0;3347.50;9.50;1810.50;0.00;0.00
718;0;587.50;9.50;1803.50;0.00;0.00
719;0;728.50;9.50;1801.50;0.00;0.00
720;0;2967.50;9.50;1808.50;0.00;0.00
721;0;3026.50;9.50;1805.50;0.00;0.00
722;0;3078.50;9.50;1812.50;0.00;0.00
723;0;3456.50;9.50;1808.50;0.00;0.00
724;0;3845.50;9.50;1804.50;0.00;0.00
725;0;254.50;9.50;1810.50;0.00;0.00
726;0;480.50;9.50;1808.50;0.00;0.00
727;0;512.50;9.50;1809.50;0.00;0.00
728;0;692.50;9.50;1801.50;0.00;0.00
729;0;804.50;9.50;1800.50;0.00;0.00
730;0;2907.50;9.50;1808.50;0.00;0.00
731;0;3296.50;9.50;1814.50;0.00;0.00
732;0;3667.50;9.50;1809.50;0.00;0.00
733;0;4970.50;9.50;1808.50;0.00;0.00
734;0;627.50;9.50;1803.50;0.00;0.00
735;0;1066.50;9.50;1798.50;0.00;0.00
736;0;3272.50;9.50;1815.50;0.00;0.00
737;0;3992.50;9.50;1806.50;0.00;0.00
738;0;5059.50;9.50;1795.50;0.00;0.00
739;0;5387.50;9.50;1797.50;0.00;0.00
740;0;3194.50;9.50;1812.50;0.00;0.00
741;0;376.50;9.50;1799.50;0.00;0.00
742;0;2928.50;9.50;1807.50;0.00;0.00
743;0;3331.50;9.50;1807.50;0.00;0.00
744;0;3754.50;9.50;1796.50;0.00;0.00
745;0;3922.50;9.50;1803.50;0.00;0.00
746;0;3948.50;9.50;1806.50;0.00;0.00
747;0;3966.50;9.50;1805.50;0.00;0.00
748;0;4185.50;9.50;1797.50;0.00;0.00
749;0;5089.50;9.50;1804.50;0.00;0.00
750;0;1118.50;9.50;1799.50;0.00;0.00
751;0;1800.50;9.50;1809.50;0.00;0.00
752;0;4802.50;9.50;1799.50;0.00;0.00
753;0;4728.50;9.50;1796.50;0.00;0.00
754;0;461.50;9.50;1796.50;0.00;0.00
755;0;764.50;9.50;1799.50;0.00;0.00
756;0;957.50;9.50;1798.50;0.00;0.00
757;0;2124.50;9.50;1796.50;0.00;0.00
758;0;3222.50;9.50;1810.50;0.00;0.00
759;0;3249.50;9.50;1802.50;0.00;0.00
760;0;4550.50;9.50;1787.50;0.00;0.00
761;0;4609.50;9.50;1800.50;0.00;0.00
762;0;4652.50;9.50;1800.50;0.00;0.00
763;0;409.50;9.50;1795.50;0.00;0.00
764;0;2978.50;9.50;1798.50;0.00;0.00
765;0;3771.50;9.50;1801.50;0.00;0.00
766;0;4360.50;9.50;1798.50;0.00;0.00
767;0;4996.50;9.50;1792.50;0.00;0.00
768;0;979.50;9.50;1794.50;0.00;0.00
769;0;1699.50;9.50;1795.50;0.00;0.00
770;0;3737.50;9.50;1803.50;0.00;0.00
771;0;3820.50;9.50;1796.50;0.00;0.00
772;0;5118.50;9.50;1794.50;0.00;0.00
773;0;493.50;9.50;1794.50;0.00;0.00
774;0;3043.50;9.50;1798.50;0.00;0.00
775;0;3396.50;9.50;1798.50;0.00;0.00
776;0;4953.50;9.50;1789.50;0.00;0.00
777;0;3694.50;9.50;1795.50;0.00;0.00
778;0;923.50;9.50;1797.50;0.00;0.00
779;0;3716.50;9.50;1794.50;0.00;0.00
780;0;1041.50;9.50;1794.50;0.00;0.00
781;0;3060.50;9.50;1795.50;0.00;0.00
782;0;3616.50;9.50;1796.50;0.00;0.00
783;0;4234.50;9.50;1790.50;0.00;0.00
784;0;244.50;9.50;1796.50;0.00;0.00
785;0;3204.50;9.50;1800.50;0.00;0.00
786;0;3235.50;9.50;1798.50;0.00;0.00
787;0;3359.50;9.50;1795.50;0.00;0.00
788;0;4386.50;9.50;1789.50;0.00;0.00
789;0;4475.50;9.50;1777.50;0.00;0.00
790;0;4907.50;9.50;1795.50;0.00;0.00
791;0;5140.50;9.50;1790.50;0.00;0.00
792;0;291.50;9.50;1792.50;0.00;0.00
793;0;320.50;9.50;1791.50;0.00;0.00
794;0;3079.50;9.50;1797.50;0.00;0.00
795;0;3272.50;9.50;1796.50;0.00;0.00
796;0;4006.50;9.50;1791.50;0.00;0.00
797;0;4262.50;9.50;1792.50;0.00;0.00
798;0;4412.50;9.50;1789.50;0.00;0.00
799;0;264.50;9.50;1793.50;0.00;0.00
800;0;1088.50;9.50;1795.50;0.00;0.00
801;0;3345.50;9.50;1796.50;0.00;0.00
802;0;3522.50;9.50;1787.50;0.00;0.00
803;0;3536.50;9.50;1794.50;0.00;0.00
804;0;3783.50;9.50;1784.50;0.00;0.00
805;0;3978.50;9.50;1792.50;0.00;0.00
806;0;4580.50;9.50;1789.50;0.00;0.00
807;0;3216.50;9.50;1794.50;0.00;0.00
808;0;3286.50;9.50;1794.50;0.00;0.00
809;0;3418.50;9.50;1789.50;0.00;0.00
810;0;3590.50;9.50;1789.50;0.00;0.00
811;0;3871.50;9.50;1789.50;0.00;0.00
812;0;3894.50;9.50;1793.50;0.00;0.00
813;0;846.50;9.50;1792.50;0.00;0.00
814;0;2946.50;9.50;1795.50;0.00;0.00
815;0;3002.50;9.50;1795.50;0.00;0.00
816;0;3153.50;9.50;1796.50;0.00;0.00
817;0;3505.50;9.50;1783.50;0.00;0.00
818;0;3558.50;9.50;1794.50;0.00;0.00
819;0;3660.50;9.50;1792.50;0.00;0.00
820;0;4775.50;9.50;1786.50;0.00;0.00
821;0;5161.50;9.50;1790.50;0.00;0.00
822;0;5223.50;9.50;1790.50;0.00;0.00
823;0;2904.50;9.50;1790.50;0.00;0.00
824;0;3020.50;9.50;1789.50;0.00;0.00
825;0;3170.50;9.50;1792.50;0.00;0.00
826;0;4121.50;9.50;1786.50;0.00;0.00
827;0;4443.50;9.50;1782.50;0.00;0.00
828;0;4819.50;9.50;1778.50;0.00;0.00
829;0;474.50;9.50;1791.50;0.00;0.00
830;0;2921.50;9.50;1791.50;0.00;0.00
831;0;3677.50;9.50;1785.50;0.00;0.00
832;0;3940.50;9.50;1790.50;0.00;0.00
833;0;4688.50;9.50;1783.50;0.00;0.00
834;0;5182.50;9.50;1788.50;0.00;0.00
835;0;3459.50;9.50;1788.50;0.00;0.00
836;0;3488.50;9.50;1789.50;0.00;0.00
837;0;4208.50;9.50;1784.50;0.00;0.00
838;0;4884.50;9.50;1786.50;0.00;0.00
839;0;2796.50;9.50;1790.50;0.00;0.00
840;0;2966.50;9.50;1788.50;0.00;0.00
841;0;3567.50;9.50;1782.50;0.00;0.00
842;0;4028.50;9.50;1784.50;0.00;0.00
843;0;4055.50;9.50;1783.50;0.00;0.00
844;0;1647.50;9.50;1779.50;0.00;0.00
845;0;3383.50;9.50;1775.50;0.00;0.00
846;0;3444.50;9.50;1788.50;0.00;0.00
847;0;3473.50;9.50;1783.50;0.00;0.00
848;0;3733.50;9.50;1789.50;0.00;0.00
849;0;3803.50;9.50;1778.50;0.00;0.00
850;0;4085.50;9.50;1779.50;0.00;0.00
851;0;4319.50;9.50;1783.50;0.00;0.00
852;0;4929.50;9.50;1786.50;0.00;0.00
853;0;5203.50;9.50;1782.50;0.00;0.00
854;0;346.50;9.50;1780.50;0.00;0.00
855;0;454.50;9.50;1784.50;0.00;0.00
856;0;1813.50;9.50;1774.50;0.00;0.00
857;0;2991.50;9.50;1789.50;0.00;0.00
858;0;3096.50;9.50;1788.50;0.00;0.00
859;0;4343.50;9.50;1780.50;0.00;0.00
860;0;1679.50;9.50;1777.50;0.00;0.00
861;0;1750.50;9.50;1792.50;0.00;0.00
862;0;3192.50;9.50;1790.50;0.00;0.00
863;0;3333.50;9.50;1784.50;0.00;0.00
864;0;3961.50;9.50;1782.50;0.00;0.00
865;0;4844.50;9.50;1774.50;0.00;0.00
866;0;3764.50;9.50;1783.50;0.00;0.00
867;0;4615.50;9.50;1773.50;0.00;0.00
868;0;5026.50;9.50;1778.50;0.00;0.00
869;0;5336.50;9.50;1770.50;0.00;0.00
870;0;212.50;9.50;1787.50;0.00;0.00
871;0;4281.50;9.50;1777.50;0.00;0.00
872;0;514.50;9.50;1790.50;0.00;0.00
873;0;1707.50;9.50;1778.50;0.00;0.00
874;0;4640.50;9.50;1762.50;0.00;0.00
875;0;638.50;9.50;1780.50;0.00;0.00
876;0;3034.50;9.50;1782.50;0.00;0.00
877;0;3066.50;9.50;1782.50;0.00;0.00
878;0;3403.50;9.50;1780.50;0.00;0.00
879;0;3633.50;9.50;1778.50;0.00;0.00
880;0;3848.50;9.50;1777.50;0.00;0.00
881;0;1610.50;9.50;1769.50;0.00;0.00
882;0;1796.50;9.50;1774.50;0.00;0.00
883;0;2974.50;9.50;1777.50;0.00;0.00
884;0;3105.50;9.50;1779.50;0.00;0.00
885;0;3289.50;9.50;1783.50;0.00;0.00
886;0;3989.50;9.50;1776.50;0.00;0.00
887;0;4505.50;9.50;1771.50;0.00;0.00
888;0;4750.50;9.50;1769.50;0.00;0.00
889;0;2944.50;9.50;1780.50;0.00;0.00
890;0;2983.50;9.50;1785.50;0.00;0.00
891;0;3302.50;9.50;1777.50;0.00;0.00
892;0;3316.50;9.50;1782.50;0.00;0.00
893;0;3359.50;9.50;1780.50;0.00;0.00
894;0;3647.50;9.50;1783.50;0.00;0.00
895;0;3695.50;9.50;1780.50;0.00;0.00
896;0;4665.50;9.50;1770.50;0.00;0.00
897;0;4719.50;9.50;1771.50;0.00;0.00
898;0;303.50;9.50;1777.50;0.00;0.00
899;0;2959.50;9.50;1777.50;0.00;0.00
900;0;3049.50;9.50;1781.50;0.00;0.00
901;0;3434.50;9.50;1777.50;0.00;0.00
902;0;3010.50;9.50;1779.50;0.00;0.00
903;0;3615.50;9.50;1776.50;0.00;0.00
904;0;3746.50;9.50;1778.50;0.00;0.00
905;0;4868.50;9.50;1768.50;0.00;0.00
906;0;381.50;9.50;1766.50;0.00;0.00
907;0;870.50;9.50;1768.50;0.00;0.00
908;0;912.50;9.50;1770.50;0.00;0.00
909;0;948.50;9.50;1765.50;0.00;0.00
910;0;962.50;9.50;1777.50;0.00;0.00
911;0;998.50;9.50;1775.50;0.00;0.00
912;0;1022.50;9.50;1772.50;0.00;0.00
913;0;1050.50;9.50;1766.50;0.00;0.00
914;0;1072.50;9.50;1776.50;0.00;0.00
915;0;1130.50;9.50;1781.50;0.00;0.00
916;0;1169.50;9.50;1765.50;0.00;0.00
917;0;1203.50;9.50;1768.50;0.00;0.00
918;0;1236.50;9.50;1769.50;0.00;0.00
919;0;1268.50;9.50;1768.50;0.00;0.00
920;0;1296.50;9.50;1772.50;0.00;0.00
921;0;1320.50;9.50;1775.50;0.00;0.00
922;0;3275.50;9.50;1780.50;0.00;0.00
923;0;3714.50;9.50;1778.50;0.00;0.00
924;0;3727.50;9.50;1773.50;0.00;0.00
925;0;3895.50;9.50;1765.50;0.00;0.00
926;0;4147.50;9.50;1770.50;0.00;0.00
927;0;4174.50;9.50;1768.50;0.00;0.00
928;0;669.50;9.50;1777.50;0.00;0.00
929;0;728.50;9.50;1774.50;0.00;0.00
930;0;748.50;9.50;1761.50;0.00;0.00
931;0;784.50;9.50;1775.50;0.00;0.00
932;0;805.50;9.50;1758.50;0.00;0.00
933;0;830.50;9.50;1771.50;0.00;0.00
934;0;3919.50;9.50;1772.50;0.00;0.00
935;0;2912.50;9.50;1772.50;0.00;0.00
936;0;3263.50;9.50;1775.50;0.00;0.00
937;0;4301.50;9.50;1767.50;0.00;0.00
938;0;2992.50;9.50;1777.50;0.00;0.00
939;0;3242.50;9.50;1774.50;0.00;0.00
940;0;3598.50;9.50;1767.50;0.00;0.00
941;0;4403.50;9.50;1770.50;0.00;0.00
942;0;4954.50;9.50;1764.50;0.00;0.00
943;0;691.50;9.50;1767.50;0.00;0.00
944;0;3095.50;9.50;1774.50;0.00;0.00
945;0;3421.50;9.50;1777.50;0.00;0.00
946;0;3456.50;9.50;1775.50;0.00;0.00
947;0;3579.50;9.50;1772.50;0.00;0.00
948;0;3668.50;9.50;1767.50;0.00;0.00
949;0;4256.50;9.50;1767.50;0.00;0.00
950;0;4368.50;9.50;1769.50;0.00;0.00
951;0;2948.50;9.50;1764.50;0.00;0.00
952;0;3221.50;9.50;1773.50;0.00;0.00
953;0;3284.50;9.50;1772.50;0.00;0.00
954;0;3547.50;9.50;1771.50;0.00;0.00
955;0;5345.50;9.50;1755.50;0.00;0.00
956;0;3207.50;9.50;1772.50;0.00;0.00
957;0;3445.50;9.50;1772.50;0.00;0.00
958;0;4796.50;9.50;1761.50;0.00;0.00
959;0;1718.50;9.50;1762.50;0.00;0.00
960;0;3079.50;9.50;1771.50;0.00;0.00
961;0;4012.50;9.50;1759.50;0.00;0.00
962;0;4564.50;9.50;1758.50;0.00;0.00
963;0;4920.50;9.50;1762.50;0.00;0.00
964;0;3951.50;9.50;1764.50;0.00;0.00
965;0;5000.50;9.50;1762.50;0.00;0.00
966;0;773.50;9.50;1758.50;0.00;0.00
967;0;3188.50;9.50;1769.50;0.00;0.00
968;0;3324.50;9.50;1766.50;0.00;0.00
969;0;3339.50;9.50;1769.50;0.00;0.00
970;0;3475.50;9.50;1760.50;0.00;0.00
971;0;3817.50;9.50;1763.50;0.00;0.00
972;0;4595.50;9.50;1750.50;0.00;0.00
973;0;2756.50;9.50;1759.50;0.00;0.00
974;0;3047.50;9.50;1770.50;0.00;0.00
975;0;3309.50;9.50;1764.50;0.00;0.00
976;0;3487.50;9.50;1767.50;0.00;0.00
977;0;3765.50;9.50;1767.50;0.00;0.00
978;0;3836.50;9.50;1760.50;0.00;0.00
979;0;4110.50;9.50;1761.50;0.00;0.00
980;0;4426.50;9.50;1757.50;0.00;0.00
981;0;970.50;9.50;1762.50;0.00;0.00
982;0;1131.50;9.50;1763.50;0.00;0.00
983;0;3736.50;9.50;1766.50;0.00;0.00
984;0;3785.50;9.50;1765.50;0.00;0.00
985;0;4226.50;9.50;1759.50;0.00;0.00
986;0;4533.50;9.50;1754.50;0.00;0.00
987;0;4898.50;9.50;1756.50;0.00;0.00
988;0;714.50;9.50;1759.50;0.00;0.00
989;0;2927.50;9.50;1762.50;0.00;0.00
990;0;3004.50;9.50;1768.50;0.00;0.00
991;0;3356.50;9.50;1764.50;0.00;0.00
992;0;3507.50;9.50;1758.50;0.00;0.00
993;0;3527.50;9.50;1764.50;0.00;0.00
994;0;4387.50;9.50;1763.50;0.00;0.00
995;0;5387.50;9.50;1770.50;0.00;0.00
996;0;3561.50;9.50;1761.50;0.00;0.00
997;0;3686.50;9.50;1758.50;0.00;0.00
998;0;4044.50;9.50;1756.50;0.00;0.00
999;0;412.50;9.50;1768.50;0.00;0.00
1000;0;1735.50;9.50;1752.50;0.00;0.00
1001;0;3001.50;9.50;1756.50;0.00;0.00
1002;0;3169.50;9.50;1761.50;0.00;0.00
1003;0;3464.50;9.50;1757.50;0.00;0.00
1004;0;3708.50;9.50;1765.50;0.00;0.00
1005;0;3858.50;9.50;1755.50;0.00;0.00
1006;0;3876.50;9.50;1751.50;0.00;0.00
1007;0;4350.50;9.50;1761.50;0.00;0.00
1008;0;989.50;9.50;1757.50;0.00;0.00
1009;0;1108.50;9.50;1750.50;0.00;0.00
1010;0;1784.50;9.50;1760.50;0.00;0.00
1011;0;3258.50;9.50;1763.50;0.00;0.00
1012;0;1632.50;9.50;1750.50;0.00;0.00
1013;0;1690.50;9.50;1752.50;0.00;0.00
1014;0;3038.50;9.50;1762.50;0.00;0.00
1015;0;3057.50;9.50;1760.50;0.00;0.00
1016;0;3068.50;9.50;1762.50;0.00;0.00
1017;0;3232.50;9.50;1762.50;0.00;0.00
1018;0;3367.50;9.50;1764.50;0.00;0.00
1019;0;3434.50;9.50;1762.50;0.00;0.00
1020;0;3719.50;9.50;1762.50;0.00;0.00
1021;0;1663.50;9.50;1749.50;0.00;0.00
1022;0;3295.50;9.50;1760.50;0.00;0.00
1023;0;3393.50;9.50;1759.50;0.00;0.00
1024;0;3618.50;9.50;1760.50;0.00;0.00
1025;0;4449.50;9.50;1749.50;0.00;0.00
1026;0;5302.50;9.50;1746.50;0.00;0.00
1027;0;1347.50;9.50;1754.50;0.00;0.00
1028;0;3271.50;9.50;1759.50;0.00;0.00
1029;0;4331.50;9.50;1758.50;0.00;0.00
1030;0;4979.50;9.50;1747.50;0.00;0.00
1031;0;847.50;9.50;1747.50;0.00;0.00
1032;0;1754.50;9.50;1753.50;0.00;0.00
1033;0;3449.50;9.50;1758.50;0.00;0.00
1034;0;4076.50;9.50;1750.50;0.00;0.00
1035;0;4279.50;9.50;1756.50;0.00;0.00
1036;0;4477.50;9.50;1749.50;0.00;0.00
1037;0;4700.50;9.50;1752.50;0.00;0.00
1038;0;5327.50;9.50;1748.50;0.00;0.00
1039;0;3025.50;9.50;1756.50;0.00;0.00
1040;0;3203.50;9.50;1762.50;0.00;0.00
1041;0;421.50;9.50;1749.50;0.00;0.00
1042;0;893.50;9.50;1745.50;0.00;0.00
1043;0;1008.50;9.50;1747.50;0.00;0.00
1044;0;1319.50;9.50;1753.50;0.00;0.00
1045;0;2729.50;9.50;1748.50;0.00;0.00
1046;0;2746.50;9.50;1750.50;0.00;0.00
1047;0;3214.50;9.50;1759.50;0.00;0.00
1048;0;3576.50;9.50;1757.50;0.00;0.00
1049;0;3606.50;9.50;1754.50;0.00;0.00
1050;0;3730.50;9.50;1758.50;0.00;0.00
1051;0;3746.50;9.50;1755.50;0.00;0.00
1052;0;3798.50;9.50;1752.50;0.00;0.00
1053;0;359.50;9.50;1748.50;0.00;0.00
1054;0;3335.50;9.50;1755.50;0.00;0.00
1055;0;3635.50;9.50;1754.50;0.00;0.00
1056;0;3652.50;9.50;1754.50;0.00;0.00
1057;0;3758.50;9.50;1754.50;0.00;0.00
1058;0;3774.50;9.50;1755.50;0.00;0.00
1059;0;3933.50;9.50;1749.50;0.00;0.00
1060;0;3973.50;9.50;1748.50;0.00;0.00
1061;0;4134.50;9.50;1748.50;0.00;0.00
1062;0;923.50;9.50;1741.50;0.00;0.00
1063;0;1833.50;9.50;1742.50;0.00;0.00
1064;0;2711.50;9.50;1756.50;0.00;0.00
1065;0;4194.50;9.50;1747.50;0.00;0.00
1066;0;4315.50;9.50;1747.50;0.00;0.00
1067;0;1081.50;9.50;1745.50;0.00;0.00
1068;0;3281.50;9.50;1749.50;0.00;0.00
1069;0;3373.50;9.50;1753.50;0.00;0.00
1070;0;3407.50;9.50;1756.50;0.00;0.00
1071;0;4406.50;9.50;1749.50;0.00;0.00
1072;0;4668.50;9.50;1745.50;0.00;0.00
1073;0;4935.50;9.50;1745.50;0.00;0.00
1074;0;1151.50;9.50;1740.50;0.00;0.00
1075;0;1292.50;9.50;1746.50;0.00;0.00
1076;0;3013.50;9.50;1753.50;0.00;0.00
1077;0;3238.50;9.50;1748.50;0.00;0.00
1078;0;3490.50;9.50;1755.50;0.00;0.00
1079;0;4245.50;9.50;1747.50;0.00;0.00
1080;0;4822.50;9.50;1739.50;0.00;0.00
1081;0;1033.50;9.50;1745.50;0.00;0.00
1082;0;1257.50;9.50;1743.50;0.00;0.00
1083;0;3320.50;9.50;1751.50;0.00;0.00
1084;0;3671.50;9.50;1751.50;0.00;0.00
1085;0;3907.50;9.50;1743.50;0.00;0.00
1086;0;699.50;9.50;1749.50;0.00;0.00
1087;0;3046.50;9.50;1750.50;0.00;0.00
1088;0;3386.50;9.50;1748.50;0.00;0.00
1089;0;3589.50;9.50;1750.50;0.00;0.00
1090;0;3698.50;9.50;1748.50;0.00;0.00
1091;0;4157.50;9.50;1746.50;0.00;0.00
1092;0;4295.50;9.50;1746.50;0.00;0.00
1093;0;1804.50;9.50;1744.50;0.00;0.00
1094;0;3224.50;9.50;1747.50;0.00;0.00
1095;0;3304.50;9.50;1747.50;0.00;0.00
1096;0;3351.50;9.50;1752.50;0.00;0.00
1097;0;3423.50;9.50;1750.50;0.00;0.00
1098;0;3954.50;9.50;1746.50;0.00;0.00
1099;0;4264.50;9.50;1744.50;0.00;0.00
1100;0;1778.50;9.50;1745.50;0.00;0.00
1101;0;3072.50;9.50;1750.50;0.00;0.00
1102;0;3434.50;9.50;1750.50;0.00;0.00
1103;0;3735.50;9.50;1743.50;0.00;0.00
1104;0;4098.50;9.50;1740.50;0.00;0.00
1105;0;4383.50;9.50;1739.50;0.00;0.00
1106;0;4759.50;9.50;1742.50;0.00;0.00
1107;0;4853.50;9.50;1736.50;0.00;0.00
1108;0;965.50;9.50;1743.50;0.00;0.00
1109;0;3203.50;9.50;1749.50;0.00;0.00
1110;0;3444.50;9.50;1748.50;0.00;0.00
1111;0;3457.50;9.50;1750.50;0.00;0.00
1112;0;3531.50;9.50;1745.50;0.00;0.00
1113;0;3544.50;9.50;1750.50;0.00;0.00
1114;0;3711.50;9.50;1746.50;0.00;0.00
1115;0;3996.50;9.50;1737.50;0.00;0.00
1116;0;5279.50;9.50;1736.50;0.00;0.00
1117;0;760.50;9.50;1742.50;0.00;0.00
1118;0;1189.50;9.50;1740.50;0.00;0.00
1119;0;1713.50;9.50;1740.50;0.00;0.00
1120;0;3105.50;9.50;1746.50;0.00;0.00
1121;0;3412.50;9.50;1749.50;0.00;0.00
1122;0;3566.50;9.50;1746.50;0.00;0.00
1123;0;3684.50;9.50;1747.50;0.00;0.00
1124;0;3720.50;9.50;1750.50;0.00;0.00
1125;0;3845.50;9.50;1746.50;0.00;0.00
1126;0;4175.50;9.50;1743.50;0.00;0.00
1127;0;4504.50;9.50;1739.50;0.00;0.00
1128;0;1057.50;9.50;1735.50;0.00;0.00
1129;0;3035.50;9.50;1746.50;0.00;0.00
1130;0;3782.50;9.50;1745.50;0.00;0.00
1131;0;3815.50;9.50;1742.50;0.00;0.00
1132;0;3765.50;9.50;1744.50;0.00;0.00
1133;0;4350.50;9.50;1741.50;0.00;0.00
1134;0;4958.50;9.50;1739.50;0.00;0.00
1135;0;782.50;9.50;1737.50;0.00;0.00
1136;0;1361.50;9.50;1733.50;0.00;0.00
1137;0;2972.50;9.50;1741.50;0.00;0.00
1138;0;3158.50;9.50;1742.50;0.00;0.00
1139;0;3401.50;9.50;1744.50;0.00;0.00
1140;0;3471.50;9.50;1744.50;0.00;0.00
1141;0;4365.50;9.50;1733.50;0.00;0.00
1142;0;1233.50;9.50;1732.50;0.00;0.00
1143;0;2767.50;9.50;1740.50;0.00;0.00
1144;0;2779.50;9.50;1744.50;0.00;0.00
1145;0;3365.50;9.50;1742.50;0.00;0.00
1146;0;3493.50;9.50;1742.50;0.00;0.00
1147;0;3599.50;9.50;1743.50;0.00;0.00
1148;0;3611.50;9.50;1743.50;0.00;0.00
1149;0;3627.50;9.50;1742.50;0.00;0.00
1150;0;3643.50;9.50;1742.50;0.00;0.00
1151;0;738.50;9.50;1730.50;0.00;0.00
1152;0;3253.50;9.50;1738.50;0.00;0.00
1153;0;3269.50;9.50;1741.50;0.00;0.00
1154;0;3289.50;9.50;1739.50;0.00;0.00
1155;0;3334.50;9.50;1739.50;0.00;0.00
1156;0;3510.50;9.50;1739.50;0.00;0.00
1157;0;3657.50;9.50;1740.50;0.00;0.00
1158;0;4118.50;9.50;1740.50;0.00;0.00
1159;0;4216.50;9.50;1737.50;0.00;0.00
1160;0;4883.50;9.50;1730.50;0.00;0.00
1161;0;1124.50;9.50;1728.50;0.00;0.00
1162;0;2736.50;9.50;1740.50;0.00;0.00
1163;0;3011.50;9.50;1741.50;0.00;0.00
1164;0;4787.50;9.50;1733.50;0.00;0.00
1165;0;987.50;9.50;1736.50;0.00;0.00
1166;0;1764.50;9.50;1735.50;0.00;0.00
1167;0;3180.50;9.50;1736.50;0.00;0.00
1168;0;829.50;9.50;1725.50;0.00;0.00
1169;0;949.50;9.50;1729.50;0.00;0.00
1170;0;3350.50;9.50;1740.50;0.00;0.00
1171;0;3418.50;9.50;1741.50;0.00;0.00
1172;0;3454.50;9.50;1740.50;0.00;0.00
1173;0;3727.50;9.50;1733.50;0.00;0.00
1174;0;3884.50;9.50;1731.50;0.00;0.00
1175;0;4903.50;9.50;1733.50;0.00;0.00
1176;0;5354.50;9.50;1736.50;0.00;0.00
1177;0;3069.50;9.50;1738.50;0.00;0.00
1178;0;3378.50;9.50;1737.50;0.00;0.00
1179;0;3427.50;9.50;1739.50;0.00;0.00
1180;0;3754.50;9.50;1738.50;0.00;0.00
1181;0;3860.50;9.50;1734.50;0.00;0.00
1182;0;804.50;9.50;1728.50;0.00;0.00
1183;0;1318.50;9.50;1731.50;0.00;0.00
1184;0;3197.50;9.50;1737.50;0.00;0.00
1185;0;3210.50;9.50;1739.50;0.00;0.00
1186;0;3391.50;9.50;1738.50;0.00;0.00
1187;0;3446.50;9.50;1735.50;0.00;0.00
1188;0;3479.50;9.50;1736.50;0.00;0.00
1189;0;3584.50;9.50;1734.50;0.00;0.00
1190;0;3743.50;9.50;1735.50;0.00;0.00
1191;0;3792.50;9.50;1738.50;0.00;0.00
1192;0;4145.50;9.50;1734.50;0.00;0.00
1193;0;1392.50;9.50;1731.50;0.00;0.00
1194;0;1744.50;9.50;1732.50;0.00;0.00
1195;0;3019.50;9.50;1737.50;0.00;0.00
1196;0;3051.50;9.50;1735.50;0.00;0.00
1197;0;3463.50;9.50;1736.50;0.00;0.00
1198;0;3674.50;9.50;1737.50;0.00;0.00
1199;0;3692.50;9.50;1737.50;0.00;0.00
1200;0;4024.50;9.50;1729.50;0.00;0.00
1201;0;4622.50;9.50;1722.50;0.00;0.00
1202;0;1276.50;9.50;1726.50;0.00;0.00
1203;0;1788.50;9.50;1731.50;0.00;0.00
1204;0;2951.50;9.50;1737.50;0.00;0.00
1205;0;3034.50;9.50;1735.50;0.00;0.00
1206;0;3438.50;9.50;1738.50;0.00;0.00
1207;0;3575.50;9.50;1737.50;0.00;0.00
1208;0;3706.50;9.50;1734.50;0.00;0.00
1209;0;4283.50;9.50;1731.50;0.00;0.00
1210;0;4330.50;9.50;1733.50;0.00;0.00
1211;0;4399.50;9.50;1732.50;0.00;0.00
1212;0;866.50;9.50;1720.50;0.00;0.00
1213;0;1854.50;9.50;1716.50;0.00;0.00
1214;0;3220.50;9.50;1727.50;0.00;0.00
1215;0;3315.50;9.50;1733.50;0.00;0.00
1216;0;3775.50;9.50;1735.50;0.00;0.00
1217;0;4052.50;9.50;1726.50;0.00;0.00
1218;0;4305.50;9.50;1730.50;0.00;0.00
1219;0;4430.50;9.50;1734.50;0.00;0.00
1220;0;4557.50;9.50;1725.50;0.00;0.00
1221;0;4606.50;9.50;1726.50;0.00;0.00
1222;0;4924.50;9.50;1724.50;0.00;0.00
1223;0;1339.50;9.50;1721.50;0.00;0.00
1224;0;3234.50;9.50;1731.50;0.00;0.00
1225;0;3523.50;9.50;1733.50;0.00;0.00
1226;0;3563.50;9.50;1733.50;0.00;0.00
1227;0;3596.50;9.50;1734.50;0.00;0.00
1228;0;4707.50;9.50;1732.50;0.00;0.00
1229;0;5337.50;9.50;1727.50;0.00;0.00
1230;0;3541.50;9.50;1732.50;0.00;0.00
1231;0;3840.50;9.50;1734.50;0.00;0.00
1232;0;3945.50;9.50;1729.50;0.00;0.00
1233;0;3970.50;9.50;1730.50;0.00;0.00
1234;0;4537.50;9.50;1728.50;0.00;0.00
1235;0;1172.50;9.50;1717.50;0.00;0.00
1236;0;1685.50;9.50;1723.50;0.00;0.00
1237;0;2747.50;9.50;1732.50;0.00;0.00
1238;0;2763.50;9.50;1729.50;0.00;0.00
1239;0;3163.50;9.50;1731.50;0.00;0.00
1240;0;3400.50;9.50;1732.50;0.00;0.00
1241;0;3410.50;9.50;1732.50;0.00;0.00
1242;0;3649.50;9.50;1731.50;0.00;0.00
1243;0;3765.50;9.50;1733.50;0.00;0.00
1244;0;4131.50;9.50;1731.50;0.00;0.00
1245;0;4454.50;9.50;1724.50;0.00;0.00
1246;0;4647.50;9.50;1724.50;0.00;0.00
1247;0;321.50;9.50;1727.50;0.00;0.00
1248;0;1424.50;9.50;1719.50;0.00;0.00
1249;0;1627.50;9.50;1719.50;0.00;0.00
1250;0;1654.50;9.50;1720.50;0.00;0.00
1251;0;2948.50;9.50;1727.50;0.00;0.00
1252;0;3278.50;9.50;1729.50;0.00;0.00
1253;0;3328.50;9.50;1727.50;0.00;0.00
1254;0;3341.50;9.50;1729.50;0.00;0.00
1255;0;3493.50;9.50;1731.50;0.00;0.00
1256;0;3610.50;9.50;1734.50;0.00;0.00
1257;0;3636.50;9.50;1731.50;0.00;0.00
1258;0;3831.50;9.50;1724.50;0.00;0.00
1259;0;1576.50;9.50;1727.50;0.00;0.00
1260;0;1726.50;9.50;1719.50;0.00;0.00
1261;0;3355.50;9.50;1730.50;0.00;0.00
1262;0;4198.50;9.50;1724.50;0.00;0.00
1263;0;4242.50;9.50;1725.50;0.00;0.00
1264;0;2754.50;9.50;1728.50;0.00;0.00
1265;0;3365.50;9.50;1731.50;0.00;0.00
1266;0;3435.50;9.50;1728.50;0.00;0.00
1267;0;3625.50;9.50;1729.50;0.00;0.00
1268;0;4266.50;9.50;1726.50;0.00;0.00
1269;0;4480.50;9.50;1721.50;0.00;0.00
1270;0;4575.50;9.50;1711.50;0.00;0.00
1271;0;4734.50;9.50;1720.50;0.00;0.00
1272;0;1016.50;9.50;1721.50;0.00;0.00
1273;0;1299.50;9.50;1719.50;0.00;0.00
1274;0;2729.50;9.50;1724.50;0.00;0.00
1275;0;2737.50;9.50;1724.50;0.00;0.00
1276;0;2977.50;9.50;1729.50;0.00;0.00
1277;0;3290.50;9.50;1727.50;0.00;0.00
1278;0;3302.50;9.50;1727.50;0.00;0.00
1279;0;3423.50;9.50;1728.50;0.00;0.00
1280;0;3608.50;9.50;1723.50;0.00;0.00
1281;0;3659.50;9.50;1730.50;0.00;0.00
1282;0;3905.50;9.50;1723.50;0.00;0.00
1283;0;4182.50;9.50;1726.50;0.00;0.00
1284;0;760.50;9.50;1721.50;0.00;0.00
1285;0;2968.50;9.50;1726.50;0.00;0.00
1286;0;3176.50;9.50;1725.50;0.00;0.00
1287;0;3197.50;9.50;1723.50;0.00;0.00
1288;0;3798.50;9.50;1725.50;0.00;0.00
1289;0;3814.50;9.50;1723.50;0.00;0.00
1290;0;4164.50;9.50;1726.50;0.00;0.00
1291;0;4945.50;9.50;1723.50;0.00;0.00
1292;0;5262.50;9.50;1715.50;0.00;0.00
1293;0;900.50;9.50;1716.50;0.00;0.00
1294;0;970.50;9.50;1720.50;0.00;0.00
1295;0;3387.50;9.50;1726.50;0.00;0.00
1296;0;3447.50;9.50;1726.50;0.00;0.00
1297;0;3457.50;9.50;1726.50;0.00;0.00
1298;0;3514.50;9.50;1724.50;0.00;0.00
1299;0;3670.50;9.50;1724.50;0.00;0.00
1300;0;4088.50;9.50;1721.50;0.00;0.00
1301;0;4110.50;9.50;1719.50;0.00;0.00
1302;0;4695.50;9.50;1711.50;0.00;0.00
1303;0;3018.50;9.50;1725.50;0.00;0.00
1304;0;3035.50;9.50;1725.50;0.00;0.00
1305;0;3376.50;9.50;1726.50;0.00;0.00
1306;0;3468.50;9.50;1726.50;0.00;0.00
1307;0;3502.50;9.50;1722.50;0.00;0.00
1308;0;3594.50;9.50;1723.50;0.00;0.00
1309;0;3691.50;9.50;1720.50;0.00;0.00
1310;0;5289.50;9.50;1715.50;0.00;0.00
1311;0;5313.50;9.50;1717.50;0.00;0.00
1312;0;1106.50;9.50;1711.50;0.00;0.00
1313;0;1808.50;9.50;1717.50;0.00;0.00
1314;0;3149.50;9.50;1726.50;0.00;0.00
1315;0;3186.50;9.50;1723.50;0.00;0.00
1316;0;3209.50;9.50;1725.50;0.00;0.00
1317;0;3479.50;9.50;1725.50;0.00;0.00
1318;0;3680.50;9.50;1724.50;0.00;0.00
1319;0;3703.50;9.50;1720.50;0.00;0.00
1320;0;4672.50;9.50;1716.50;0.00;0.00
1321;0;4756.50;9.50;1715.50;0.00;0.00
1322;0;994.50;9.50;1715.50;0.00;0.00
1323;0;1042.50;9.50;1716.50;0.00;0.00
1324;0;1079.50;9.50;1715.50;0.00;0.00
1325;0;3560.50;9.50;1721.50;0.00;0.00
1326;0;3583.50;9.50;1721.50;0.00;0.00
1327;0;3642.50;9.50;1719.50;0.00;0.00
1328;0;3714.50;9.50;1720.50;0.00;0.00
1329;0;3748.50;9.50;1721.50;0.00;0.00
1330;0;3777.50;9.50;1721.50;0.00;0.00
1331;0;1451.50;9.50;1710.50;0.00;0.00
1332;0;3239.50;9.50;1720.50;0.00;0.00
1333;0;3397.50;9.50;1725.50;0.00;0.00
1334;0;3547.50;9.50;1721.50;0.00;0.00
1335;0;3759.50;9.50;1722.50;0.00;0.00
1336;0;4318.50;9.50;1715.50;0.00;0.00
1337;0;4349.50;9.50;1717.50;0.00;0.00
1338;0;1208.50;9.50;1706.50;0.00;0.00
1339;0;3261.50;9.50;1719.50;0.00;0.00
1340;0;3414.50;9.50;1721.50;0.00;0.00
1341;0;3531.50;9.50;1722.50;0.00;0.00
1342;0;4148.50;9.50;1720.50;0.00;0.00
1343;0;4224.50;9.50;1719.50;0.00;0.00
1344;0;4373.50;9.50;1714.50;0.00;0.00
1345;0;1768.50;9.50;1717.50;0.00;0.00
1346;0;3008.50;9.50;1722.50;0.00;0.00
1347;0;3726.50;9.50;1719.50;0.00;0.00
1348;0;3737.50;9.50;1718.50;0.00;0.00
1349;0;3849.50;9.50;1714.50;0.00;0.00
1350;0;3935.50;9.50;1712.50;0.00;0.00
1351;0;3958.50;9.50;1714.50;0.00;0.00
1352;0;4395.50;9.50;1714.50;0.00;0.00
1353;0;1834.50;9.50;1705.50;0.00;0.00
1354;0;2777.50;9.50;1719.50;0.00;0.00
1355;0;3024.50;9.50;1718.50;0.00;0.00
1356;0;3347.50;9.50;1718.50;0.00;0.00
1357;0;4004.50;9.50;1715.50;0.00;0.00
1358;0;4295.50;9.50;1714.50;0.00;0.00
1359;0;4595.50;9.50;1711.50;0.00;0.00
1360;0;1260.50;9.50;1707.50;0.00;0.00
1361;0;2757.50;9.50;1719.50;0.00;0.00
1362;0;2767.50;9.50;1718.50;0.00;0.00
1363;0;2996.50;9.50;1717.50;0.00;0.00
1364;0;3275.50;9.50;1714.50;0.00;0.00
1365;0;3481.50;9.50;1714.50;0.00;0.00
1366;0;3868.50;9.50;1713.50;0.00;0.00
1367;0;3977.50;9.50;1714.50;0.00;0.00
1368;0;4075.50;9.50;1707.50;0.00;0.00
1369;0;4132.50;9.50;1717.50;0.00;0.00
1370;0;4504.50;9.50;1712.50;0.00;0.00
1371;0;925.50;9.50;1705.50;0.00;0.00
1372;0;2955.50;9.50;1717.50;0.00;0.00
1373;0;3222.50;9.50;1717.50;0.00;0.00
1374;0;3250.50;9.50;1712.50;0.00;0.00
1375;0;3361.50;9.50;1717.50;0.00;0.00
1376;0;3383.50;9.50;1718.50;0.00;0.00
1377;0;3391.50;9.50;1719.50;0.00;0.00
1378;0;3403.50;9.50;1719.50;0.00;0.00
1379;0;3522.50;9.50;1716.50;0.00;0.00
1380;0;278.50;9.50;1713.50;0.00;0.00
1381;0;1140.50;9.50;1706.50;0.00;0.00
1382;0;1361.50;9.50;1710.50;0.00;0.00
1383;0;1399.50;9.50;1702.50;0.00;0.00
1384;0;1702.50;9.50;1703.50;0.00;0.00
1385;0;1790.50;9.50;1714.50;0.00;0.00
1386;0;2965.50;9.50;1712.50;0.00;0.00
1387;0;3372.50;9.50;1718.50;0.00;0.00
1388;0;3423.50;9.50;1717.50;0.00;0.00
1389;0;3448.50;9.50;1717.50;0.00;0.00
1390;0;3492.50;9.50;1713.50;0.00;0.00
1391;0;3623.50;9.50;1711.50;0.00;0.00
1392;0;3655.50;9.50;1717.50;0.00;0.00
1393;0;4783.50;9.50;1710.50;0.00;0.00
1394;0;791.50;9.50;1707.50;0.00;0.00
1395;0;3288.50;9.50;1715.50;0.00;0.00
1396;0;3459.50;9.50;1716.50;0.00;0.00
1397;0;3470.50;9.50;1716.50;0.00;0.00
1398;0;4334.50;9.50;1700.50;0.00;0.00
1399;0;2787.50;9.50;1714.50;0.00;0.00
1400;0;3212.50;9.50;1715.50;0.00;0.00
1401;0;3306.50;9.50;1714.50;0.00;0.00
1402;0;3435.50;9.50;1715.50;0.00;0.00
1403;0;4164.50;9.50;1713.50;0.00;0.00
1404;0;4262.50;9.50;1710.50;0.00;0.00
1405;0;4839.50;9.50;1711.50;0.00;0.00
1406;0;4858.50;9.50;1708.50;0.00;0.00
1407;0;1235.50;9.50;1705.50;0.00;0.00
1408;0;2745.50;9.50;1710.50;0.00;0.00
1409;0;3004.50;9.50;1714.50;0.00;0.00
1410;0;3164.50;9.50;1715.50;0.00;0.00
1411;0;3325.50;9.50;1712.50;0.00;0.00
1412;0;3572.50;9.50;1715.50;0.00;0.00
1413;0;4182.50;9.50;1711.50;0.00;0.00
1414;0;4806.50;9.50;1710.50;0.00;0.00
1415;0;815.50;9.50;1703.50;0.00;0.00
1416;0;1478.50;9.50;1701.50;0.00;0.00
1417;0;1871.50;9.50;1700.50;0.00;0.00
1418;0;2976.50;9.50;1714.50;0.00;0.00
1419;0;2982.50;9.50;1709.50;0.00;0.00
1420;0;4279.50;9.50;1703.50;0.00;0.00
1421;0;3186.50;9.50;1713.50;0.00;0.00
1422;0;3339.50;9.50;1707.50;0.00;0.00
1423;0;3399.50;9.50;1713.50;0.00;0.00
1424;0;3405.50;9.50;1709.50;0.00;0.00
1425;0;3505.50;9.50;1711.50;0.00;0.00
1426;0;3670.50;9.50;1712.50;0.00;0.00
1427;0;3682.50;9.50;1711.50;0.00;0.00
1428;0;3795.50;9.50;1710.50;0.00;0.00
1429;0;3827.50;9.50;1707.50;0.00;0.00
1430;0;4621.50;9.50;1707.50;0.00;0.00
1431;0;4709.50;9.50;1695.50;0.00;0.00
1432;0;5341.50;9.50;1708.50;0.00;0.00
1433;0;951.50;9.50;1703.50;0.00;0.00
1434;0;1316.50;9.50;1700.50;0.00;0.00
1435;0;3294.50;9.50;1706.50;0.00;0.00
1436;0;3413.50;9.50;1711.50;0.00;0.00
1437;0;3559.50;9.50;1709.50;0.00;0.00
1438;0;3637.50;9.50;1711.50;0.00;0.00
1439;0;3646.50;9.50;1712.50;0.00;0.00
1440;0;3660.50;9.50;1709.50;0.00;0.00
1441;0;3760.50;9.50;1708.50;0.00;0.00
1442;0;3810.50;9.50;1707.50;0.00;0.00
1443;0;4094.50;9.50;1704.50;0.00;0.00
1444;0;4433.50;9.50;1704.50;0.00;0.00
1445;0;843.50;9.50;1699.50;0.00;0.00
1446;0;1745.50;9.50;1703.50;0.00;0.00
1447;0;2760.50;9.50;1711.50;0.00;0.00
1448;0;3208.50;9.50;1705.50;0.00;0.00
1449;0;3265.50;9.50;1709.50;0.00;0.00
1450;0;3516.50;9.50;1707.50;0.00;0.00
1451;0;3547.50;9.50;1709.50;0.00;0.00
1452;0;3609.50;9.50;1707.50;0.00;0.00
1453;0;3744.50;9.50;1709.50;0.00;0.00
1454;0;3903.50;9.50;1706.50;0.00;0.00
1455;0;4208.50;9.50;1704.50;0.00;0.00
1456;0;4246.50;9.50;1707.50;0.00;0.00
1457;0;4409.50;9.50;1701.50;0.00;0.00
1458;0;4544.50;9.50;1698.50;0.00;0.00
1459;0;4914.50;9.50;1700.50;0.00;0.00
1460;0;1027.50;9.50;1702.50;0.00;0.00
1461;0;1058.50;9.50;1699.50;0.00;0.00
1462;0;2700.50;9.50;1705.50;0.00;0.00
1463;0;2779.50;9.50;1709.50;0.00;0.00
1464;0;3195.50;9.50;1708.50;0.00;0.00
1465;0;3352.50;9.50;1708.50;0.00;0.00
1466;0;3428.50;9.50;1708.50;0.00;0.00
1467;0;3578.50;9.50;1711.50;0.00;0.00
1468;0;4039.50;9.50;1696.50;0.00;0.00
1469;0;4123.50;9.50;1703.50;0.00;0.00
1470;0;4465.50;9.50;1700.50;0.00;0.00
1471;0;5414.50;9.50;1712.50;0.00;0.00
1472;0;1507.50;9.50;1701.50;0.00;0.00
1473;0;1590.50;9.50;1696.50;0.00;0.00
1474;0;1610.50;9.50;1702.50;0.00;0.00
1475;0;2713.50;9.50;1706.50;0.00;0.00
1476;0;3369.50;9.50;1704.50;0.00;0.00
1477;0;3378.50;9.50;1709.50;0.00;0.00
1478;0;3391.50;9.50;1709.50;0.00;0.00
1479;0;3598.50;9.50;1707.50;0.00;0.00
1480;0;3693.50;9.50;1705.50;0.00;0.00
1481;0;3717.50;9.50;1708.50;0.00;0.00
1482;0;3920.50;9.50;1692.50;0.00;0.00
1483;0;3987.50;9.50;1699.50;0.00;0.00
1484;0;4024.50;9.50;1706.50;0.00;0.00
1485;0;4057.50;9.50;1700.50;0.00;0.00
1486;0;4137.50;9.50;1704.50;0.00;0.00
1487;0;4195.50;9.50;1705.50;0.00;0.00
1488;0;980.50;9.50;1698.50;0.00;0.00
1489;0;2689.50;9.50;1706.50;0.00;0.00
1490;0;3147.50;9.50;1705.50;0.00;0.00
1491;0;3216.50;9.50;1705.50;0.00;0.00
1492;0;3442.50;9.50;1705.50;0.00;0.00
1493;0;3455.50;9.50;1705.50;0.00;0.00
1494;0;3705.50;9.50;1701.50;0.00;0.00
1495;0;3727.50;9.50;1705.50;0.00;0.00
1496;0;3777.50;9.50;1705.50;0.00;0.00
1497;0;4886.50;9.50;1694.50;0.00;0.00
1498;0;1296.50;9.50;1691.50;0.00;0.00
1499;0;2723.50;9.50;1702.50;0.00;0.00
1500;0;2998.50;9.50;1706.50;0.00;0.00
1501;0;3283.50;9.50;1704.50;0.00;0.00
1502;0;3528.50;9.50;1702.50;0.00;0.00
1503;0;3630.50;9.50;1706.50;0.00;0.00
1504;0;4154.50;9.50;1703.50;0.00;0.00
1505;0;4228.50;9.50;1699.50;0.00;0.00
1506;0;4658.50;9.50;1695.50;0.00;0.00
1507;0;4971.50;9.50;1707.50;0.00;0.00
1508;0;1676.50;9.50;1694.50;0.00;0.00
1509;0;1767.50;9.50;1694.50;0.00;0.00
1510;0;2775.50;9.50;1701.50;0.00;0.00
1511;0;3162.50;9.50;1703.50;0.00;0.00
1512;0;3310.50;9.50;1703.50;0.00;0.00
1513;0;3420.50;9.50;1706.50;0.00;0.00
1514;0;3472.50;9.50;1705.50;0.00;0.00
1515;0;3879.50;9.50;1697.50;0.00;0.00
1516;0;4605.50;9.50;1698.50;0.00;0.00
1517;0;5275.50;9.50;1697.50;0.00;0.00
1518;0;1120.50;9.50;1693.50;0.00;0.00
1519;0;1340.50;9.50;1696.50;0.00;0.00
1520;0;2792.50;9.50;1706.50;0.00;0.00
1521;0;2948.50;9.50;1706.50;0.00;0.00
1522;0;3132.50;9.50;1703.50;0.00;0.00
1523;0;3179.50;9.50;1703.50;0.00;0.00
1524;0;3539.50;9.50;1701.50;0.00;0.00
1525;0;3968.50;9.50;1701.50;0.00;0.00
1526;0;4171.50;9.50;1701.50;0.00;0.00
1527;0;4740.50;9.50;1697.50;0.00;0.00
1528;0;1162.50;9.50;1693.50;0.00;0.00
1529;0;1788.50;9.50;1701.50;0.00;0.00
1530;0;1816.50;9.50;1693.50;0.00;0.00
1531;0;2766.50;9.50;1703.50;0.00;0.00
1532;0;3225.50;9.50;1701.50;0.00;0.00
1533;0;3235.50;9.50;1695.50;0.00;0.00
1534;0;3245.50;9.50;1701.50;0.00;0.00
1535;0;4109.50;9.50;1698.50;0.00;0.00
1536;0;4302.50;9.50;1694.50;0.00;0.00
1537;0;4488.50;9.50;1695.50;0.00;0.00
1538;0;4764.50;9.50;1694.50;0.00;0.00
1539;0;891.50;9.50;1692.50;0.00;0.00
1540;0;1642.50;9.50;1699.50;0.00;0.00
1541;0;1913.50;9.50;1688.50;0.00;0.00
1542;0;2784.50;9.50;1703.50;0.00;0.00
1543;0;3388.50;9.50;1702.50;0.00;0.00
1544;0;3497.50;9.50;1701.50;0.00;0.00
1545;0;4351.50;9.50;1694.50;0.00;0.00
1546;0;4390.50;9.50;1696.50;0.00;0.00
1547;0;1368.50;9.50;1686.50;0.00;0.00
1548;0;1888.50;9.50;1677.50;0.00;0.00
1549;0;2968.50;9.50;1701.50;0.00;0.00
1550;0;3100.50;9.50;1699.50;0.00;0.00
1551;0;3401.50;9.50;1701.50;0.00;0.00
1552;0;3410.50;9.50;1701.50;0.00;0.00
1553;0;3486.50;9.50;1695.50;0.00;0.00
1554;0;3585.50;9.50;1698.50;0.00;0.00
1555;0;3674.50;9.50;1700.50;0.00;0.00
1556;0;3746.50;9.50;1700.50;0.00;0.00
1557;0;1006.50;9.50;1691.50;0.00;0.00
1558;0;1186.50;9.50;1685.50;0.00;0.00
1559;0;1434.50;9.50;1690.50;0.00;0.00
1560;0;3086.50;9.50;1699.50;0.00;0.00
1561;0;3320.50;9.50;1696.50;0.00;0.00
1562;0;3378.50;9.50;1700.50;0.00;0.00
1563;0;3466.50;9.50;1699.50;0.00;0.00
1564;0;3518.50;9.50;1696.50;0.00;0.00
1565;0;3567.50;9.50;1699.50;0.00;0.00
1566;0;3646.50;9.50;1700.50;0.00;0.00
1567;0;3428.50;9.50;1697.50;0.00;0.00
1568;0;3860.50;9.50;1689.50;0.00;0.00
1569;0;4448.50;9.50;1690.50;0.00;0.00
1570;0;4940.50;9.50;1690.50;0.00;0.00
1571;0;867.50;9.50;1687.50;0.00;0.00
1572;0;2801.50;9.50;1698.50;0.00;0.00
1573;0;3016.50;9.50;1696.50;0.00;0.00
1574;0;3253.50;9.50;1697.50;0.00;0.00
1575;0;3263.50;9.50;1699.50;0.00;0.00
1576;0;3272.50;9.50;1698.50;0.00;0.00
1577;0;3331.50;9.50;1695.50;0.00;0.00
1578;0;3348.50;9.50;1696.50;0.00;0.00
1579;0;3416.50;9.50;1695.50;0.00;0.00
1580;0;3508.50;9.50;1694.50;0.00;0.00
1581;0;3552.50;9.50;1698.50;0.00;0.00
1582;0;3620.50;9.50;1697.50;0.00;0.00
1583;0;3766.50;9.50;1695.50;0.00;0.00
1584;0;3792.50;9.50;1697.50;0.00;0.00
1585;0;4371.50;9.50;1692.50;0.00;0.00
1586;0;4568.50;9.50;1687.50;0.00;0.00
1587;0;4588.50;9.50;1693.50;0.00;0.00
1588;0;2960.50;9.50;1695.50;0.00;0.00
1589;0;3027.50;9.50;1692.50;0.00;0.00
1590;0;3073.50;9.50;1691.50;0.00;0.00
1591;0;3394.50;9.50;1695.50;0.00;0.00
1592;0;3474.50;9.50;1693.50;0.00;0.00
1593;0;3599.50;9.50;1696.50;0.00;0.00
1594;0;3660.50;9.50;1696.50;0.00;0.00
1595;0;3685.50;9.50;1693.50;0.00;0.00
1596;0;3746.50;9.50;1691.50;0.00;0.00
1597;0;3841.50;9.50;1691.50;0.00;0.00
1598;0;3895.50;9.50;1693.50;0.00;0.00
1599;0;4965.50;9.50;1676.50;0.00;0.00
1600;0;5299.50;9.50;1689.50;0.00;0.00
1601;0;2745.50;9.50;1697.50;0.00;0.00
1602;0;2791.50;9.50;1698.50;0.00;0.00
1603;0;2981.50;9.50;1694.50;0.00;0.00
1604;0;3195.50;9.50;1696.50;0.00;0.00
1605;0;3449.50;9.50;1695.50;0.00;0.00
1606;0;3610.50;9.50;1695.50;0.00;0.00
1607;0;3631.50;9.50;1694.50;0.00;0.00
1608;0;3725.50;9.50;1694.50;0.00;0.00
1609;0;3735.50;9.50;1695.50;0.00;0.00
1610;0;1039.50;9.50;1688.50;0.00;0.00
1611;0;1081.50;9.50;1687.50;0.00;0.00
1612;0;2694.50;9.50;1694.50;0.00;0.00
1613;0;2717.50;9.50;1695.50;0.00;0.00
1614;0;3297.50;9.50;1695.50;0.00;0.00
1615;0;3714.50;9.50;1688.50;0.00;0.00
1616;0;4004.50;9.50;1687.50;0.00;0.00
1617;0;4152.50;9.50;1688.50;0.00;0.00
1618;0;4637.50;9.50;1683.50;0.00;0.00
1619;0;2684.50;9.50;1685.50;0.00;0.00
1620;0;2705.50;9.50;1692.50;0.00;0.00
1621;0;3112.50;9.50;1693.50;0.00;0.00
1622;0;3283.50;9.50;1693.50;0.00;0.00
1623;0;3372.50;9.50;1693.50;0.00;0.00
1624;0;3459.50;9.50;1693.50;0.00;0.00
1625;0;3944.50;9.50;1688.50;0.00;0.00
1626;0;4088.50;9.50;1685.50;0.00;0.00
1627;0;4136.50;9.50;1689.50;0.00;0.00
1628;0;4238.50;9.50;1683.50;0.00;0.00
1629;0;4262.50;9.50;1689.50;0.00;0.00
1630;0;5050.50;9.50;1679.50;0.00;0.00
1631;0;2667.50;9.50;1692.50;0.00;0.00
1632;0;3007.50;9.50;1692.50;0.00;0.00
1633;0;3124.50;9.50;1687.50;0.00;0.00
1634;0;3132.50;9.50;1694.50;0.00;0.00
1635;0;3145.50;9.50;1689.50;0.00;0.00
1636;0;3158.50;9.50;1692.50;0.00;0.00
1637;0;3175.50;9.50;1692.50;0.00;0.00
1638;0;3361.50;9.50;1689.50;0.00;0.00
1639;0;3439.50;9.50;1693.50;0.00;0.00
1640;0;3825.50;9.50;1690.50;0.00;0.00
1641;0;4180.50;9.50;1689.50;0.00;0.00
1642;0;4199.50;9.50;1689.50;0.00;0.00
1643;0;4988.50;9.50;1681.50;0.00;0.00
1644;0;207.50;9.50;1689.50;0.00;0.00
1645;0;745.50;9.50;1687.50;0.00;0.00
1646;0;796.50;9.50;1687.50;0.00;0.00
1647;0;911.50;9.50;1682.50;0.00;0.00
1648;0;965.50;9.50;1684.50;0.00;0.00
1649;0;1103.50;9.50;1684.50;0.00;0.00
1650;0;2782.50;9.50;1693.50;0.00;0.00
1651;0;2811.50;9.50;1689.50;0.00;0.00
1652;0;2970.50;9.50;1692.50;0.00;0.00
1653;0;3060.50;9.50;1689.50;0.00;0.00
1654;0;3387.50;9.50;1694.50;0.00;0.00
1655;0;3640.50;9.50;1689.50;0.00;0.00
1656;0;4422.50;9.50;1687.50;0.00;0.00
1657;0;4784.50;9.50;1686.50;0.00;0.00
1658;0;5012.50;9.50;1675.50;0.00;0.00
1659;0;2773.50;9.50;1691.50;0.00;0.00
1660;0;3212.50;9.50;1691.50;0.00;0.00
1661;0;3308.50;9.50;1688.50;0.00;0.00
1662;0;3562.50;9.50;1689.50;0.00;0.00
1663;0;3700.50;9.50;1687.50;0.00;0.00
1664;0;3810.50;9.50;1688.50;0.00;0.00
1665;0;4070.50;9.50;1683.50;0.00;0.00
1666;0;4615.50;9.50;1680.50;0.00;0.00
1667;0;4822.50;9.50;1684.50;0.00;0.00
1668;0;1495.50;9.50;1679.50;0.00;0.00
1669;0;1519.50;9.50;1680.50;0.00;0.00
1670;0;2795.50;9.50;1692.50;0.00;0.00
1671;0;3086.50;9.50;1689.50;0.00;0.00
1672;0;3223.50;9.50;1690.50;0.00;0.00
1673;0;4121.50;9.50;1685.50;0.00;0.00
1674;0;932.50;9.50;1679.50;0.00;0.00
1675;0;1722.50;9.50;1676.50;0.00;0.00
1676;0;3035.50;9.50;1688.50;0.00;0.00
1677;0;3045.50;9.50;1688.50;0.00;0.00
1678;0;3263.50;9.50;1691.50;0.00;0.00
1679;0;3407.50;9.50;1688.50;0.00;0.00
1680;0;3573.50;9.50;1690.50;0.00;0.00
1681;0;3673.50;9.50;1688.50;0.00;0.00
1682;0;3960.50;9.50;1681.50;0.00;0.00
1683;0;4282.50;9.50;1683.50;0.00;0.00
1684;0;4404.50;9.50;1682.50;0.00;0.00
1685;0;1230.50;9.50;1686.50;0.00;0.00
1686;0;1782.50;9.50;1683.50;0.00;0.00
1687;0;1861.50;9.50;1675.50;0.00;0.00
1688;0;2803.50;9.50;1688.50;0.00;0.00
1689;0;2992.50;9.50;1688.50;0.00;0.00
1690;0;3247.50;9.50;1691.50;0.00;0.00
1691;0;3336.50;9.50;1684.50;0.00;0.00
1692;0;3604.50;9.50;1687.50;0.00;0.00
1693;0;3650.50;9.50;1686.50;0.00;0.00
1694;0;3756.50;9.50;1684.50;0.00;0.00
1695;0;3785.50;9.50;1686.50;0.00;0.00
1696;0;3797.50;9.50;1680.50;0.00;0.00
1697;0;4670.50;9.50;1674.50;0.00;0.00
1698;0;1833.50;9.50;1676.50;0.00;0.00
1699;0;3348.50;9.50;1684.50;0.00;0.00
1700;0;3381.50;9.50;1690.50;0.00;0.00
1701;0;3397.50;9.50;1688.50;0.00;0.00
1702;0;3487.50;9.50;1684.50;0.00;0.00
1703;0;3498.50;9.50;1686.50;0.00;0.00
1704;0;3533.50;9.50;1685.50;0.00;0.00
1705;0;4691.50;9.50;1682.50;0.00;0.00
1706;0;1150.50;9.50;1677.50;0.00;0.00
1707;0;1415.50;9.50;1672.50;0.00;0.00
1708;0;2787.50;9.50;1687.50;0.00;0.00
1709;0;2952.50;9.50;1684.50;0.00;0.00
1710;0;3017.50;9.50;1685.50;0.00;0.00
1711;0;3181.50;9.50;1683.50;0.00;0.00
1712;0;3197.50;9.50;1683.50;0.00;0.00
1713;0;3239.50;9.50;1685.50;0.00;0.00
1714;0;3293.50;9.50;1686.50;0.00;0.00
1715;0;3416.50;9.50;1686.50;0.00;0.00
1716;0;3521.50;9.50;1685.50;0.00;0.00
1717;0;3552.50;9.50;1686.50;0.00;0.00
1718;0;4020.50;9.50;1680.50;0.00;0.00
1719;0;4471.50;9.50;1680.50;0.00;0.00
1720;0;820.50;9.50;1678.50;0.00;0.00
1721;0;1211.50;9.50;1675.50;0.00;0.00
1722;0;2715.50;9.50;1683.50;0.00;0.00
1723;0;2932.50;9.50;1685.50;0.00;0.00
1724;0;2942.50;9.50;1682.50;0.00;0.00
1725;0;2960.50;9.50;1686.50;0.00;0.00
1726;0;3001.50;9.50;1685.50;0.00;0.00
1727;0;3319.50;9.50;1684.50;0.00;0.00
1728;0;3470.50;9.50;1683.50;0.00;0.00
1729;0;3595.50;9.50;1688.50;0.00;0.00
1730;0;3982.50;9.50;1678.50;0.00;0.00
1731;0;5267.50;9.50;1678.50;0.00;0.00
1732;0;1390.50;9.50;1673.50;0.00;0.00
1733;0;1450.50;9.50;1669.50;0.00;0.00
1734;0;1602.50;9.50;1668.50;0.00;0.00
1735;0;1694.50;9.50;1672.50;0.00;0.00
1736;0;1753.50;9.50;1678.50;0.00;0.00
1737;0;2974.50;9.50;1686.50;0.00;0.00
1738;0;3278.50;9.50;1684.50;0.00;0.00
1739;0;3623.50;9.50;1682.50;0.00;0.00
1740;0;3768.50;9.50;1682.50;0.00;0.00
1741;0;4107.50;9.50;1678.50;0.00;0.00
1742;0;4335.50;9.50;1678.50;0.00;0.00
1743;0;1134.50;9.50;1673.50;0.00;0.00
1744;0;1623.50;9.50;1682.50;0.00;0.00
1745;0;2796.50;9.50;1685.50;0.00;0.00
1746;0;3102.50;9.50;1683.50;0.00;0.00
1747;0;3132.50;9.50;1684.50;0.00;0.00
1748;0;3161.50;9.50;1681.50;0.00;0.00
1749;0;3267.50;9.50;1681.50;0.00;0.00
1750;0;3574.50;9.50;1681.50;0.00;0.00
1751;0;3660.50;9.50;1680.50;0.00;0.00
1752;0;3743.50;9.50;1676.50;0.00;0.00
1753;0;4044.50;9.50;1680.50;0.00;0.00
1754;0;4162.50;9.50;1673.50;0.00;0.00
1755;0;4221.50;9.50;1673.50;0.00;0.00
1756;0;4438.50;9.50;1676.50;0.00;0.00
1757;0;4855.50;9.50;1674.50;0.00;0.00
1758;0;989.50;9.50;1673.50;0.00;0.00
1759;0;1932.50;9.50;1672.50;0.00;0.00
1760;0;2675.50;9.50;1678.50;0.00;0.00
1761;0;2775.50;9.50;1686.50;0.00;0.00
1762;0;3052.50;9.50;1681.50;0.00;0.00
1763;0;3093.50;9.50;1679.50;0.00;0.00
1764;0;3113.50;9.50;1682.50;0.00;0.00
1765;0;3210.50;9.50;1680.50;0.00;0.00
1766;0;3380.50;9.50;1682.50;0.00;0.00
1767;0;3437.50;9.50;1680.50;0.00;0.00
1768;0;3876.50;9.50;1677.50;0.00;0.00
1769;0;3905.50;9.50;1678.50;0.00;0.00
1770;0;4305.50;9.50;1675.50;0.00;0.00
1771;0;4524.50;9.50;1668.50;0.00;0.00
1772;0;4879.50;9.50;1669.50;0.00;0.00
1773;0;4913.50;9.50;1677.50;0.00;0.00
1774;0;1020.50;9.50;1673.50;0.00;0.00
1775;0;1058.50;9.50;1675.50;0.00;0.00
1776;0;1314.50;9.50;1672.50;0.00;0.00
1777;0;3082.50;9.50;1678.50;0.00;0.00
1778;0;3251.50;9.50;1677.50;0.00;0.00
1779;0;3425.50;9.50;1680.50;0.00;0.00
1780;0;3456.50;9.50;1681.50;0.00;0.00
1781;0;3611.50;9.50;1678.50;0.00;0.00
1782;0;3689.50;9.50;1678.50;0.00;0.00
1783;0;3725.50;9.50;1680.50;0.00;0.00
1784;0;1340.50;9.50;1667.50;0.00;0.00
1785;0;2693.50;9.50;1677.50;0.00;0.00
1786;0;2704.50;9.50;1680.50;0.00;0.00
1787;0;2810.50;9.50;1681.50;0.00;0.00
1788;0;2817.50;9.50;1681.50;0.00;0.00
1789;0;2906.50;9.50;1678.50;0.00;0.00
1790;0;2915.50;9.50;1680.50;0.00;0.00
1791;0;2962.50;9.50;1678.50;0.00;0.00
1792;0;3371.50;9.50;1679.50;0.00;0.00
1793;0;3448.50;9.50;1675.50;0.00;0.00
1794;0;3598.50;9.50;1679.50;0.00;0.00
1795;0;4748.50;9.50;1671.50;0.00;0.00
1796;0;1801.50;9.50;1670.50;0.00;0.00
1797;0;2753.50;9.50;1678.50;0.00;0.00
1798;0;2764.50;9.50;1680.50;0.00;0.00
1799;0;2782.50;9.50;1679.50;0.00;0.00
1800;0;2924.50;9.50;1678.50;0.00;0.00
1801;0;2971.50;9.50;1678.50;0.00;0.00
1802;0;3030.50;9.50;1679.50;0.00;0.00
1803;0;3171.50;9.50;1677.50;0.00;0.00
1804;0;3389.50;9.50;1679.50;0.00;0.00
1805;0;3509.50;9.50;1675.50;0.00;0.00
1806;0;3543.50;9.50;1678.50;0.00;0.00
1807;0;4056.50;9.50;1674.50;0.00;0.00
1808;0;4189.50;9.50;1677.50;0.00;0.00
1809;0;4551.50;9.50;1670.50;0.00;0.00
1810;0;1118.50;9.50;1674.50;0.00;0.00
1811;0;1635.50;9.50;1665.50;0.00;0.00
1812;0;2773.50;9.50;1677.50;0.00;0.00
1813;0;2791.50;9.50;1678.50;0.00;0.00
1814;0;2801.50;9.50;1680.50;0.00;0.00
1815;0;2978.50;9.50;1680.50;0.00;0.00
1816;0;3043.50;9.50;1676.50;0.00;0.00
1817;0;3146.50;9.50;1676.50;0.00;0.00
1818;0;3586.50;9.50;1675.50;0.00;0.00
1819;0;3638.50;9.50;1677.50;0.00;0.00
1820;0;3673.50;9.50;1675.50;0.00;0.00
1821;0;3918.50;9.50;1668.50;0.00;0.00
1822;0;3935.50;9.50;1671.50;0.00;0.00
1823;0;4142.50;9.50;1674.50;0.00;0.00
1824;0;4382.50;9.50;1670.50;0.00;0.00
1825;0;4584.50;9.50;1675.50;0.00;0.00
1826;0;4803.50;9.50;1670.50;0.00;0.00
1827;0;4831.50;9.50;1665.50;0.00;0.00
1828;0;849.50;9.50;1667.50;0.00;0.00
1829;0;2898.50;9.50;1674.50;0.00;0.00
1830;0;3009.50;9.50;1678.50;0.00;0.00
1831;0;3224.50;9.50;1677.50;0.00;0.00
1832;0;3282.50;9.50;1671.50;0.00;0.00
1833;0;3354.50;9.50;1671.50;0.00;0.00
1834;0;3400.50;9.50;1677.50;0.00;0.00
1835;0;3481.50;9.50;1674.50;0.00;0.00
1836;0;3497.50;9.50;1675.50;0.00;0.00
1837;0;3560.50;9.50;1676.50;0.00;0.00
1838;0;4456.50;9.50;1669.50;0.00;0.00
1839;0;1543.50;9.50;1678.50;0.00;0.00
1840;0;1908.50;9.50;1671.50;0.00;0.00
1841;0;2985.50;9.50;1678.50;0.00;0.00
1842;0;3293.50;9.50;1675.50;0.00;0.00
1843;0;3326.50;9.50;1674.50;0.00;0.00
1844;0;3840.50;9.50;1673.50;0.00;0.00
1845;0;3998.50;9.50;1669.50;0.00;0.00
1846;0;4036.50;9.50;1667.50;0.00;0.00
1847;0;4352.50;9.50;1667.50;0.00;0.00
1848;0;4714.50;9.50;1653.50;0.00;0.00
1849;0;956.50;9.50;1666.50;0.00;0.00
1850;0;1168.50;9.50;1667.50;0.00;0.00
1851;0;1474.50;9.50;1662.50;0.00;0.00
1852;0;3019.50;9.50;1675.50;0.00;0.00
1853;0;3312.50;9.50;1675.50;0.00;0.00
1854;0;3522.50;9.50;1673.50;0.00;0.00
1855;0;3651.50;9.50;1673.50;0.00;0.00
1856;0;3708.50;9.50;1671.50;0.00;0.00
1857;0;4257.50;9.50;1669.50;0.00;0.00
1858;0;4774.50;9.50;1667.50;0.00;0.00
1859;0;883.50;9.50;1666.50;0.00;0.00
1860;0;1038.50;9.50;1670.50;0.00;0.00
1861;0;1267.50;9.50;1666.50;0.00;0.00
1862;0;2952.50;9.50;1675.50;0.00;0.00
1863;0;3059.50;9.50;1674.50;0.00;0.00
1864;0;3128.50;9.50;1673.50;0.00;0.00
1865;0;3341.50;9.50;1674.50;0.00;0.00
1866;0;3412.50;9.50;1674.50;0.00;0.00
1867;0;1664.50;9.50;1664.50;0.00;0.00
1868;0;2714.50;9.50;1672.50;0.00;0.00
1869;0;3000.50;9.50;1672.50;0.00;0.00
1870;0;3105.50;9.50;1673.50;0.00;0.00
1871;0;3116.50;9.50;1672.50;0.00;0.00
1872;0;3180.50;9.50;1673.50;0.00;0.00
1873;0;3303.50;9.50;1670.50;0.00;0.00
1874;0;3762.50;9.50;1669.50;0.00;0.00
1875;0;3824.50;9.50;1669.50;0.00;0.00
1876;0;4423.50;9.50;1672.50;0.00;0.00
1877;0;4929.50;9.50;1660.50;0.00;0.00
1878;0;4949.50;9.50;1664.50;0.00;0.00
1879;0;5520.50;9.50;1676.50;0.00;0.00
1880;0;2806.50;9.50;1671.50;0.00;0.00
1881;0;2832.50;9.50;1673.50;0.00;0.00
1882;0;2932.50;9.50;1673.50;0.00;0.00
1883;0;3034.50;9.50;1672.50;0.00;0.00
1884;0;3154.50;9.50;1668.50;0.00;0.00
1885;0;3367.50;9.50;1672.50;0.00;0.00
1886;0;3775.50;9.50;1661.50;0.00;0.00
1887;0;3962.50;9.50;1663.50;0.00;0.00
1888;0;4122.50;9.50;1669.50;0.00;0.00
1889;0;1744.50;9.50;1661.50;0.00;0.00
1890;0;2819.50;9.50;1670.50;0.00;0.00
1891;0;2942.50;9.50;1672.50;0.00;0.00
1892;0;2976.50;9.50;1672.50;0.00;0.00
1893;0;2991.50;9.50;1672.50;0.00;0.00
1894;0;3071.50;9.50;1668.50;0.00;0.00
1895;0;3138.50;9.50;1668.50;0.00;0.00
1896;0;3216.50;9.50;1668.50;0.00;0.00
1897;0;3270.50;9.50;1669.50;0.00;0.00
1898;0;3382.50;9.50;1671.50;0.00;0.00
1899;0;3630.50;9.50;1668.50;0.00;0.00
1900;0;4099.50;9.50;1665.50;0.00;0.00
1901;0;4322.50;9.50;1661.50;0.00;0.00
1902;0;4648.50;9.50;1660.50;0.00;0.00
1903;0;5274.50;9.50;1660.50;0.00;0.00
1904;0;920.50;9.50;1662.50;0.00;0.00
1905;0;1365.50;9.50;1663.50;0.00;0.00
1906;0;1534.50;9.50;1664.50;0.00;0.00
1907;0;2784.50;9.50;1670.50;0.00;0.00
1908;0;2793.50;9.50;1671.50;0.00;0.00
1909;0;2799.50;9.50;1669.50;0.00;0.00
1910;0;2912.50;9.50;1671.50;0.00;0.00
1911;0;3164.50;9.50;1667.50;0.00;0.00
1912;0;3204.50;9.50;1668.50;0.00;0.00
1913;0;3229.50;9.50;1666.50;0.00;0.00
1914;0;3433.50;9.50;1669.50;0.00;0.00
1915;0;3456.50;9.50;1671.50;0.00;0.00
1916;0;3663.50;9.50;1668.50;0.00;0.00
1917;0;4500.50;9.50;1662.50;0.00;0.00
1918;0;5043.50;9.50;1663.50;0.00;0.00
1919;0;1082.50;9.50;1660.50;0.00;0.00
1920;0;2698.50;9.50;1668.50;0.00;0.00
1921;0;2761.50;9.50;1668.50;0.00;0.00
1922;0;2892.50;9.50;1669.50;0.00;0.00
1923;0;2922.50;9.50;1667.50;0.00;0.00
1924;0;2963.50;9.50;1670.50;0.00;0.00
1925;0;3085.50;9.50;1669.50;0.00;0.00
1926;0;3422.50;9.50;1669.50;0.00;0.00
1927;0;3601.50;9.50;1669.50;0.00;0.00
1928;0;3613.50;9.50;1666.50;0.00;0.00
1929;0;3809.50;9.50;1659.50;0.00;0.00
1930;0;3894.50;9.50;1664.50;0.00;0.00
1931;0;4068.50;9.50;1666.50;0.00;0.00
1932;0;4625.50;9.50;1662.50;0.00;0.00
1933;0;2683.50;9.50;1663.50;0.00;0.00
1934;0;2772.50;9.50;1669.50;0.00;0.00
1935;0;2837.50;9.50;1666.50;0.00;0.00
1936;0;3192.50;9.50;1665.50;0.00;0.00
1937;0;3240.50;9.50;1664.50;0.00;0.00
1938;0;3317.50;9.50;1668.50;0.00;0.00
1939;0;3443.50;9.50;1666.50;0.00;0.00
1940;0;3465.50;9.50;1664.50;0.00;0.00
1941;0;3565.50;9.50;1666.50;0.00;0.00
1942;0;3726.50;9.50;1666.50;0.00;0.00
1943;0;3791.50;9.50;1657.50;0.00;0.00
1944;0;4017.50;9.50;1663.50;0.00;0.00
1945;0;2826.50;9.50;1666.50;0.00;0.00
1946;0;2904.50;9.50;1668.50;0.00;0.00
1947;0;2983.50;9.50;1668.50;0.00;0.00
1948;0;3013.50;9.50;1667.50;0.00;0.00
1949;0;3025.50;9.50;1670.50;0.00;0.00
1950;0;3050.50;9.50;1660.50;0.00;0.00
1951;0;3477.50;9.50;1663.50;0.00;0.00
1952;0;3551.50;9.50;1665.50;0.00;0.00
1953;0;3576.50;9.50;1664.50;0.00;0.00
1954;0;3681.50;9.50;1664.50;0.00;0.00
1955;0;3694.50;9.50;1665.50;0.00;0.00
1956;0;4083.50;9.50;1660.50;0.00;0.00
1957;0;4181.50;9.50;1660.50;0.00;0.00
1958;0;4299.50;9.50;1651.50;0.00;0.00
1959;0;4595.50;9.50;1660.50;0.00;0.00
1960;0;1006.50;9.50;1657.50;0.00;0.00
1961;0;1104.50;9.50;1660.50;0.00;0.00
1962;0;2664.50;9.50;1664.50;0.00;0.00
1963;0;2675.50;9.50;1658.50;0.00;0.00
1964;0;2811.50;9.50;1666.50;0.00;0.00
1965;0;2970.50;9.50;1667.50;0.00;0.00
1966;0;3040.50;9.50;1665.50;0.00;0.00
1967;0;3059.50;9.50;1666.50;0.00;0.00
1968;0;3094.50;9.50;1665.50;0.00;0.00
1969;0;3401.50;9.50;1666.50;0.00;0.00
1970;0;3534.50;9.50;1663.50;0.00;0.00
1971;0;3945.50;9.50;1660.50;0.00;0.00
1972;0;4909.50;9.50;1658.50;0.00;0.00
1973;0;1189.50;9.50;1655.50;0.00;0.00
1974;0;1239.50;9.50;1654.50;0.00;0.00
1975;0;2753.50;9.50;1662.50;0.00;0.00
1976;0;2950.50;9.50;1668.50;0.00;0.00
1977;0;2956.50;9.50;1664.50;0.00;0.00
1978;0;3005.50;9.50;1662.50;0.00;0.00
1979;0;3252.50;9.50;1665.50;0.00;0.00
1980;0;3260.50;9.50;1662.50;0.00;0.00
1981;0;4207.50;9.50;1662.50;0.00;0.00
1982;0;2779.50;9.50;1664.50;0.00;0.00
1983;0;2936.50;9.50;1666.50;0.00;0.00
1984;0;3414.50;9.50;1665.50;0.00;0.00
1985;0;3516.50;9.50;1663.50;0.00;0.00
1986;0;3588.50;9.50;1661.50;0.00;0.00
1987;0;3644.50;9.50;1661.50;0.00;0.00
1988;0;3738.50;9.50;1660.50;0.00;0.00
1989;0;3762.50;9.50;1649.50;0.00;0.00
1990;0;3982.50;9.50;1660.50;0.00;0.00
1991;0;4276.50;9.50;1652.50;0.00;0.00
1992;0;4436.50;9.50;1663.50;0.00;0.00
1993;0;90.50;9.50;1666.50;0.00;0.00
1994;0;827.50;9.50;1656.50;0.00;0.00
1995;0;1126.50;9.50;1659.50;0.00;0.00
1996;0;2996.50;9.50;1663.50;0.00;0.00
1997;0;3104.50;9.50;1664.50;0.00;0.00
1998;0;3146.50;9.50;1661.50;0.00;0.00
1999;0;3289.50;9.50;1661.50;0.00;0.00
2000;0;3327.50;9.50;1663.50;0.00;0.00
2001;0;3339.50;9.50;1656.50;0.00;0.00
2002;0;3347.50;9.50;1659.50;0.00;0.00
2003;0;3374.50;9.50;1661.50;0.00;0.00
2004;0;3494.50;9.50;1659.50;0.00;0.00
2005;0;1433.50;9.50;1650.50;0.00;0.00
2006;0;1841.50;9.50;1648.50;0.00;0.00
2007;0;2792.50;9.50;1663.50;0.00;0.00
2008;0;2805.50;9.50;1663.50;0.00;0.00
2009;0;2887.50;9.50;1662.50;0.00;0.00
2010;0;2916.50;9.50;1663.50;0.00;0.00
2011;0;3027.50;9.50;1663.50;0.00;0.00
2012;0;3116.50;9.50;1660.50;0.00;0.00
2013;0;3363.50;9.50;1662.50;0.00;0.00
2014;0;3392.50;9.50;1657.50;0.00;0.00
2015;0;3623.50;9.50;1659.50;0.00;0.00
2016;0;3855.50;9.50;1655.50;0.00;0.00
2017;0;3877.50;9.50;1651.50;0.00;0.00
2018;0;4425.50;9.50;1648.50;0.00;0.00
2019;0;939.50;9.50;1656.50;0.00;0.00
2020;0;1518.50;9.50;1656.50;0.00;0.00
2021;0;1587.50;9.50;1648.50;0.00;0.00
2022;0;2898.50;9.50;1664.50;0.00;0.00
2023;0;2928.50;9.50;1662.50;0.00;0.00
2024;0;3127.50;9.50;1662.50;0.00;0.00
2025;0;3276.50;9.50;1660.50;0.00;0.00
2026;0;3508.50;9.50;1655.50;0.00;0.00
2027;0;4136.50;9.50;1659.50;0.00;0.00
2028;0;4476.50;9.50;1648.50;0.00;0.00
2029;0;4569.50;9.50;1653.50;0.00;0.00
2030;0;4681.50;9.50;1654.50;0.00;0.00
2031;0;5001.50;9.50;1652.50;0.00;0.00
2032;0;903.50;9.50;1651.50;0.00;0.00
2033;0;1149.50;9.50;1655.50;0.00;0.00
2034;0;2744.50;9.50;1661.50;0.00;0.00
2035;0;2771.50;9.50;1661.50;0.00;0.00
2036;0;2798.50;9.50;1661.50;0.00;0.00
2037;0;2943.50;9.50;1661.50;0.00;0.00
2038;0;2968.50;9.50;1660.50;0.00;0.00
2039;0;2988.50;9.50;1660.50;0.00;0.00
2040;0;3179.50;9.50;1659.50;0.00;0.00
2041;0;52.50;9.50;1659.50;0.00;0.00
2042;0;974.50;9.50;1651.50;0.00;0.00
2043;0;1060.50;9.50;1652.50;0.00;0.00
2044;0;1497.50;9.50;1650.50;0.00;0.00
2045;0;1705.50;9.50;1647.50;0.00;0.00
2046;0;1789.50;9.50;1648.50;0.00;0.00
2047;0;2786.50;9.50;1661.50;0.00;0.00
2048;0;2910.50;9.50;1662.50;0.00;0.00
2049;0;3035.50;9.50;1659.50;0.00;0.00
2050;0;3081.50;9.50;1660.50;0.00;0.00
2051;0;3167.50;9.50;1658.50;0.00;0.00
2052;0;3311.50;9.50;1658.50;0.00;0.00
2053;0;3525.50;9.50;1656.50;0.00;0.00
2054;0;3599.50;9.50;1656.50;0.00;0.00
2055;0;4236.50;9.50;1650.50;0.00;0.00
2056;0;4361.50;9.50;1647.50;0.00;0.00
2057;0;4814.50;9.50;1652.50;0.00;0.00
2058;0;1290.50;9.50;1647.50;0.00;0.00
2059;0;2762.50;9.50;1657.50;0.00;0.00
2060;0;2813.50;9.50;1657.50;0.00;0.00
2061;0;2823.50;9.50;1658.50;0.00;0.00
2062;0;2904.50;9.50;1660.50;0.00;0.00
2063;0;2975.50;9.50;1659.50;0.00;0.00
2064;0;3060.50;9.50;1658.50;0.00;0.00
2065;0;3300.50;9.50;1655.50;0.00;0.00
2066;0;3423.50;9.50;1657.50;0.00;0.00
2067;0;3925.50;9.50;1654.50;0.00;0.00
2068;0;4115.50;9.50;1654.50;0.00;0.00
2069;0;4163.50;9.50;1652.50;0.00;0.00
2070;0;1041.50;9.50;1653.50;0.00;0.00
2071;0;1213.50;9.50;1649.50;0.00;0.00
2072;0;2880.50;9.50;1658.50;0.00;0.00
2073;0;2937.50;9.50;1659.50;0.00;0.00
2074;0;2960.50;9.50;1659.50;0.00;0.00
2075;0;3013.50;9.50;1660.50;0.00;0.00
2076;0;3440.50;9.50;1654.50;0.00;0.00
2077;0;3544.50;9.50;1656.50;0.00;0.00
2078;0;3561.50;9.50;1656.50;0.00;0.00
2079;0;4976.50;9.50;1648.50;0.00;0.00
2080;0;32.50;9.50;1659.50;0.00;0.00
2081;0;1385.50;9.50;1648.50;0.00;0.00
2082;0;1872.50;9.50;1648.50;0.00;0.00
2083;0;2950.50;9.50;1657.50;0.00;0.00
2084;0;3201.50;9.50;1656.50;0.00;0.00
2085;0;3211.50;9.50;1657.50;0.00;0.00
2086;0;3221.50;9.50;1657.50;0.00;0.00
2087;0;3232.50;9.50;1655.50;0.00;0.00
2088;0;3358.50;9.50;1655.50;0.00;0.00
2089;0;3380.50;9.50;1654.50;0.00;0.00
2090;0;3405.50;9.50;1657.50;0.00;0.00
2091;0;3661.50;9.50;1655.50;0.00;0.00
2092;0;4735.50;9.50;1639.50;0.00;0.00
2093;0;867.50;9.50;1649.50;0.00;0.00
2094;0;1544.50;9.50;1645.50;0.00;0.00
2095;0;1730.50;9.50;1644.50;0.00;0.00
2096;0;2777.50;9.50;1656.50;0.00;0.00
2097;0;2919.50;9.50;1655.50;0.00;0.00
2098;0;3096.50;9.50;1655.50;0.00;0.00
2099;0;3108.50;9.50;1653.50;0.00;0.00
2100;0;3134.50;9.50;1657.50;0.00;0.00
2101;0;3152.50;9.50;1652.50;0.00;0.00
2102;0;3327.50;9.50;1655.50;0.00;0.00
2103;0;3453.50;9.50;1651.50;0.00;0.00
2104;0;3697.50;9.50;1654.50;0.00;0.00
2105;0;3715.50;9.50;1651.50;0.00;0.00
2106;0;4385.50;9.50;1647.50;0.00;0.00
2107;0;4883.50;9.50;1648.50;0.00;0.00
2108;0;1023.50;9.50;1645.50;0.00;0.00
2109;0;2929.50;9.50;1655.50;0.00;0.00
2110;0;3743.50;9.50;1648.50;0.00;0.00
2111;0;3829.50;9.50;1646.50;0.00;0.00
2112;0;3901.50;9.50;1647.50;0.00;0.00
2113;0;4032.50;9.50;1645.50;0.00;0.00
2114;0;4069.50;9.50;1652.50;0.00;0.00
2115;0;4609.50;9.50;1646.50;0.00;0.00
2116;0;4842.50;9.50;1646.50;0.00;0.00
2117;0;993.50;9.50;1642.50;0.00;0.00
2118;0;1410.50;9.50;1644.50;0.00;0.00
2119;0;2795.50;9.50;1655.50;0.00;0.00
2120;0;2804.50;9.50;1655.50;0.00;0.00
2121;0;2874.50;9.50;1654.50;0.00;0.00
2122;0;2893.50;9.50;1656.50;0.00;0.00
2123;0;2943.50;9.50;1655.50;0.00;0.00
2124;0;3000.50;9.50;1653.50;0.00;0.00
2125;0;3071.50;9.50;1651.50;0.00;0.00
2126;0;3126.50;9.50;1654.50;0.00;0.00
2127;0;3142.50;9.50;1653.50;0.00;0.00
2128;0;3370.50;9.50;1652.50;0.00;0.00
2129;0;3580.50;9.50;1650.50;0.00;0.00
2130;0;3676.50;9.50;1651.50;0.00;0.00
2131;0;4009.50;9.50;1646.50;0.00;0.00
2132;0;4098.50;9.50;1650.50;0.00;0.00
2133;0;1457.50;9.50;1643.50;0.00;0.00
2134;0;1766.50;9.50;1642.50;0.00;0.00
2135;0;2900.50;9.50;1654.50;0.00;0.00
2136;0;2963.50;9.50;1653.50;0.00;0.00
2137;0;3019.50;9.50;1652.50;0.00;0.00
2138;0;3161.50;9.50;1650.50;0.00;0.00
2139;0;3192.50;9.50;1652.50;0.00;0.00
2140;0;3236.50;9.50;1645.50;0.00;0.00
2141;0;3260.50;9.50;1650.50;0.00;0.00
2142;0;3465.50;9.50;1652.50;0.00;0.00
2143;0;3477.50;9.50;1652.50;0.00;0.00
2144;0;3635.50;9.50;1646.50;0.00;0.00
2145;0;5051.50;9.50;1645.50;0.00;0.00
2146;0;1115.50;9.50;1646.50;0.00;0.00
2147;0;1562.50;9.50;1643.50;0.00;0.00
2148;0;1933.50;9.50;1646.50;0.00;0.00
2149;0;2783.50;9.50;1652.50;0.00;0.00
2150;0;2976.50;9.50;1651.50;0.00;0.00
2151;0;2984.50;9.50;1652.50;0.00;0.00
2152;0;3009.50;9.50;1652.50;0.00;0.00
2153;0;3059.50;9.50;1649.50;0.00;0.00
2154;0;3086.50;9.50;1652.50;0.00;0.00
2155;0;3249.50;9.50;1645.50;0.00;0.00
2156;0;3270.50;9.50;1646.50;0.00;0.00
2157;0;3318.50;9.50;1650.50;0.00;0.00
2158;0;3429.50;9.50;1649.50;0.00;0.00
2159;0;3534.50;9.50;1651.50;0.00;0.00
2160;0;3613.50;9.50;1648.50;0.00;0.00
2161;0;3991.50;9.50;1646.50;0.00;0.00
2162;0;4055.50;9.50;1645.50;0.00;0.00
2163;0;4953.50;9.50;1644.50;0.00;0.00
2164;0;885.50;9.50;1646.50;0.00;0.00
2165;0;1166.50;9.50;1644.50;0.00;0.00
2166;0;1260.50;9.50;1647.50;0.00;0.00
2167;0;1338.50;9.50;1643.50;0.00;0.00
2168;0;2789.50;9.50;1651.50;0.00;0.00
2169;0;3039.50;9.50;1652.50;0.00;0.00
2170;0;3047.50;9.50;1650.50;0.00;0.00
2171;0;3118.50;9.50;1651.50;0.00;0.00
2172;0;3946.50;9.50;1645.50;0.00;0.00
2173;0;4533.50;9.50;1645.50;0.00;0.00
2174;0;4669.50;9.50;1639.50;0.00;0.00
2175;0;4773.50;9.50;1644.50;0.00;0.00
2176;0;4795.50;9.50;1640.50;0.00;0.00
2177;0;1279.50;9.50;1649.50;0.00;0.00
2178;0;2825.50;9.50;1649.50;0.00;0.00
2179;0;2831.50;9.50;1650.50;0.00;0.00
2180;0;2891.50;9.50;1651.50;0.00;0.00
2181;0;2908.50;9.50;1651.50;0.00;0.00
2182;0;2955.50;9.50;1650.50;0.00;0.00
2183;0;3278.50;9.50;1650.50;0.00;0.00
2184;0;3287.50;9.50;1650.50;0.00;0.00
2185;0;3553.50;9.50;1647.50;0.00;0.00
2186;0;3918.50;9.50;1641.50;0.00;0.00
2187;0;4145.50;9.50;1646.50;0.00;0.00
2188;0;4204.50;9.50;1639.50;0.00;0.00
2189;0;4406.50;9.50;1640.50;0.00;0.00
2190;0;4443.50;9.50;1642.50;0.00;0.00
2191;0;4586.50;9.50;1641.50;0.00;0.00
2192;0;4631.50;9.50;1642.50;0.00;0.00
2193;0;849.50;9.50;1644.50;0.00;0.00
2194;0;955.50;9.50;1644.50;0.00;0.00
2195;0;1133.50;9.50;1643.50;0.00;0.00
2196;0;1680.50;9.50;1636.50;0.00;0.00
2197;0;2767.50;9.50;1648.50;0.00;0.00
2198;0;2813.50;9.50;1650.50;0.00;0.00
2199;0;2936.50;9.50;1650.50;0.00;0.00
2200;0;2968.50;9.50;1647.50;0.00;0.00
2201;0;2992.50;9.50;1648.50;0.00;0.00
2202;0;3218.50;9.50;1647.50;0.00;0.00
2203;0;3349.50;9.50;1648.50;0.00;0.00
2204;0;3408.50;9.50;1648.50;0.00;0.00
2205;0;3658.50;9.50;1639.50;0.00;0.00
2206;0;4335.50;9.50;1641.50;0.00;0.00
2207;0;1361.50;9.50;1640.50;0.00;0.00
2208;0;2775.50;9.50;1647.50;0.00;0.00
2209;0;2808.50;9.50;1647.50;0.00;0.00
2210;0;2867.50;9.50;1646.50;0.00;0.00
2211;0;2915.50;9.50;1647.50;0.00;0.00
2212;0;2946.50;9.50;1649.50;0.00;0.00
2213;0;3030.50;9.50;1648.50;0.00;0.00
2214;0;3080.50;9.50;1646.50;0.00;0.00
2215;0;3174.50;9.50;1646.50;0.00;0.00
2216;0;3185.50;9.50;1644.50;0.00;0.00
2217;0;3308.50;9.50;1646.50;0.00;0.00
2218;0;3394.50;9.50;1646.50;0.00;0.00
2219;0;3689.50;9.50;1646.50;0.00;0.00
2220;0;4496.50;9.50;1642.50;0.00;0.00
2221;0;4520.50;9.50;1630.50;0.00;0.00
2222;0;921.50;9.50;1642.50;0.00;0.00
2223;0;1101.50;9.50;1642.50;0.00;0.00
2224;0;1319.50;9.50;1638.50;0.00;0.00
2225;0;1610.50;9.50;1635.50;0.00;0.00
2226;0;1639.50;9.50;1636.50;0.00;0.00
2227;0;2795.50;9.50;1644.50;0.00;0.00
2228;0;2801.50;9.50;1648.50;0.00;0.00
2229;0;2860.50;9.50;1646.50;0.00;0.00
2230;0;2883.50;9.50;1645.50;0.00;0.00
2231;0;2901.50;9.50;1647.50;0.00;0.00
2232;0;2929.50;9.50;1646.50;0.00;0.00
2233;0;3136.50;9.50;1647.50;0.00;0.00
2234;0;3293.50;9.50;1645.50;0.00;0.00
2235;0;3339.50;9.50;1647.50;0.00;0.00
2236;0;3417.50;9.50;1644.50;0.00;0.00
2237;0;3566.50;9.50;1645.50;0.00;0.00
2238;0;3934.50;9.50;1649.50;0.00;0.00
2239;0;2750.50;9.50;1642.50;0.00;0.00
2240;0;2818.50;9.50;1646.50;0.00;0.00
2241;0;2875.50;9.50;1646.50;0.00;0.00
2242;0;3366.50;9.50;1643.50;0.00;0.00
2243;0;3528.50;9.50;1644.50;0.00;0.00
2244;0;3542.50;9.50;1645.50;0.00;0.00
2245;0;3783.50;9.50;1641.50;0.00;0.00
2246;0;3958.50;9.50;1637.50;0.00;0.00
2247;0;4074.50;9.50;1637.50;0.00;0.00
2248;0;4696.50;9.50;1631.50;0.00;0.00
2249;0;4757.50;9.50;1635.50;0.00;0.00
2250;0;2921.50;9.50;1643.50;0.00;0.00
2251;0;3090.50;9.50;1641.50;0.00;0.00
2252;0;3098.50;9.50;1645.50;0.00;0.00
2253;0;3150.50;9.50;1643.50;0.00;0.00
2254;0;3205.50;9.50;1643.50;0.00;0.00
2255;0;3357.50;9.50;1641.50;0.00;0.00
2256;0;3379.50;9.50;1643.50;0.00;0.00
2257;0;3471.50;9.50;1637.50;0.00;0.00
2258;0;3482.50;9.50;1642.50;0.00;0.00
2259;0;3494.50;9.50;1641.50;0.00;0.00
2260;0;4932.50;9.50;1638.50;0.00;0.00
2261;0;2782.50;9.50;1644.50;0.00;0.00
2262;0;2853.50;9.50;1645.50;0.00;0.00
2263;0;2894.50;9.50;1644.50;0.00;0.00
2264;0;2953.50;9.50;1644.50;0.00;0.00
2265;0;3004.50;9.50;1643.50;0.00;0.00
2266;0;3129.50;9.50;1643.50;0.00;0.00
2267;0;3327.50;9.50;1643.50;0.00;0.00
2268;0;3436.50;9.50;1641.50;0.00;0.00
2269;0;3506.50;9.50;1640.50;0.00;0.00
2270;0;3517.50;9.50;1642.50;0.00;0.00
2271;0;3589.50;9.50;1637.50;0.00;0.00
2272;0;3725.50;9.50;1640.50;0.00;0.00
2273;0;4650.50;9.50;1635.50;0.00;0.00
2274;0;4908.50;9.50;1639.50;0.00;0.00
2275;0;835.50;9.50;1633.50;0.00;0.00
2276;0;1479.50;9.50;1633.50;0.00;0.00
2277;0;2759.50;9.50;1643.50;0.00;0.00
2278;0;2845.50;9.50;1642.50;0.00;0.00
2279;0;2960.50;9.50;1643.50;0.00;0.00
2280;0;3019.50;9.50;1644.50;0.00;0.00
2281;0;3037.50;9.50;1640.50;0.00;0.00
2282;0;3052.50;9.50;1643.50;0.00;0.00
2283;0;3112.50;9.50;1643.50;0.00;0.00
2284;0;3401.50;9.50;1642.50;0.00;0.00
2285;0;3700.50;9.50;1640.50;0.00;0.00
2286;0;3711.50;9.50;1639.50;0.00;0.00
2287;0;3809.50;9.50;1633.50;0.00;0.00
2288;0;4095.50;9.50;1634.50;0.00;0.00
2289;0;4182.50;9.50;1636.50;0.00;0.00
2290;0;4823.50;9.50;1634.50;0.00;0.00
2291;0;815.50;9.50;1642.50;0.00;0.00
2292;0;1070.50;9.50;1634.50;0.00;0.00
2293;0;1087.50;9.50;1638.50;0.00;0.00
2294;0;2938.50;9.50;1641.50;0.00;0.00
2295;0;2975.50;9.50;1643.50;0.00;0.00
2296;0;2996.50;9.50;1641.50;0.00;0.00
2297;0;3121.50;9.50;1640.50;0.00;0.00
2298;0;3140.50;9.50;1639.50;0.00;0.00
2299;0;3389.50;9.50;1639.50;0.00;0.00
2300;0;3686.50;9.50;1632.50;0.00;0.00
2301;0;4119.50;9.50;1637.50;0.00;0.00
2302;0;4544.50;9.50;1630.50;0.00;0.00
2303;0;4862.50;9.50;1629.50;0.00;0.00
2304;0;938.50;9.50;1638.50;0.00;0.00
2305;0;1515.50;9.50;1635.50;0.00;0.00
2306;0;2947.50;9.50;1642.50;0.00;0.00
2307;0;2984.50;9.50;1640.50;0.00;0.00
2308;0;3076.50;9.50;1638.50;0.00;0.00
2309;0;3573.50;9.50;1636.50;0.00;0.00
2310;0;3622.50;9.50;1634.50;0.00;0.00
2311;0;4260.50;9.50;1621.50;0.00;0.00
2312;0;4565.50;9.50;1633.50;0.00;0.00
2313;0;5257.50;9.50;1641.50;0.00;0.00
2314;0;1196.50;9.50;1632.50;0.00;0.00
2315;0;1253.50;9.50;1629.50;0.00;0.00
2316;0;2888.50;9.50;1640.50;0.00;0.00
2317;0;3164.50;9.50;1636.50;0.00;0.00
2318;0;3455.50;9.50;1636.50;0.00;0.00
2319;0;3604.50;9.50;1633.50;0.00;0.00
2320;0;3854.50;9.50;1630.50;0.00;0.00
2321;0;4160.50;9.50;1633.50;0.00;0.00
2322;0;893.50;9.50;1634.50;0.00;0.00
2323;0;1237.50;9.50;1634.50;0.00;0.00
2324;0;2878.50;9.50;1639.50;0.00;0.00
2325;0;2903.50;9.50;1639.50;0.00;0.00
2326;0;3066.50;9.50;1638.50;0.00;0.00
2327;0;3224.50;9.50;1639.50;0.00;0.00
2328;0;3264.50;9.50;1637.50;0.00;0.00
2329;0;3283.50;9.50;1638.50;0.00;0.00
2330;0;3306.50;9.50;1635.50;0.00;0.00
2331;0;3752.50;9.50;1632.50;0.00;0.00
2332;0;4279.50;9.50;1630.50;0.00;0.00
2333;0;1010.50;9.50;1627.50;0.00;0.00
2334;0;1053.50;9.50;1626.50;0.00;0.00
2335;0;1287.50;9.50;1628.50;0.00;0.00
2336;0;2741.50;9.50;1638.50;0.00;0.00
2337;0;2911.50;9.50;1638.50;0.00;0.00
2338;0;2931.50;9.50;1639.50;0.00;0.00
2339;0;2966.50;9.50;1639.50;0.00;0.00
2340;0;3028.50;9.50;1638.50;0.00;0.00
2341;0;3410.50;9.50;1637.50;0.00;0.00
2342;0;3423.50;9.50;1635.50;0.00;0.00
2343;0;3526.50;9.50;1632.50;0.00;0.00
2344;0;3545.50;9.50;1634.50;0.00;0.00
2345;0;3737.50;9.50;1635.50;0.00;0.00
2346;0;3886.50;9.50;1626.50;0.00;0.00
2347;0;3934.50;9.50;1632.50;0.00;0.00
2348;0;4242.50;9.50;1629.50;0.00;0.00
2349;0;906.50;9.50;1634.50;0.00;0.00
2350;0;1154.50;9.50;1627.50;0.00;0.00
2351;0;1533.50;9.50;1628.50;0.00;0.00
2352;0;1745.50;9.50;1627.50;0.00;0.00
2353;0;2857.50;9.50;1637.50;0.00;0.00
2354;0;2867.50;9.50;1635.50;0.00;0.00
2355;0;2895.50;9.50;1637.50;0.00;0.00
2356;0;3099.50;9.50;1637.50;0.00;0.00
2357;0;3254.50;9.50;1635.50;0.00;0.00
2358;0;3294.50;9.50;1637.50;0.00;0.00
2359;0;3767.50;9.50;1631.50;0.00;0.00
2360;0;5059.50;9.50;1628.50;0.00;0.00
2361;0;1033.50;9.50;1627.50;0.00;0.00
2362;0;1175.50;9.50;1626.50;0.00;0.00
2363;0;1302.50;9.50;1631.50;0.00;0.00
2364;0;1395.50;9.50;1628.50;0.00;0.00
2365;0;3195.50;9.50;1635.50;0.00;0.00
2366;0;3242.50;9.50;1632.50;0.00;0.00
2367;0;3274.50;9.50;1633.50;0.00;0.00
2368;0;3674.50;9.50;1622.50;0.00;0.00
2369;0;3982.50;9.50;1628.50;0.00;0.00
2370;0;4007.50;9.50;1625.50;0.00;0.00
2371;0;4888.50;9.50;1631.50;0.00;0.00
2372;0;1218.50;9.50;1627.50;0.00;0.00
2373;0;1919.50;9.50;1625.50;0.00;0.00
2374;0;2919.50;9.50;1634.50;0.00;0.00
2375;0;2954.50;9.50;1635.50;0.00;0.00
2376;0;2973.50;9.50;1633.50;0.00;0.00
2377;0;3051.50;9.50;1632.50;0.00;0.00
2378;0;3108.50;9.50;1635.50;0.00;0.00
2379;0;3326.50;9.50;1634.50;0.00;0.00
2380;0;3647.50;9.50;1625.50;0.00;0.00
2381;0;4466.50;9.50;1631.50;0.00;0.00
2382;0;5003.50;9.50;1628.50;0.00;0.00
2383;0;878.50;9.50;1631.50;0.00;0.00
2384;0;980.50;9.50;1627.50;0.00;0.00
2385;0;2884.50;9.50;1634.50;0.00;0.00
2386;0;2946.50;9.50;1635.50;0.00;0.00
2387;0;2996.50;9.50;1632.50;0.00;0.00
2388;0;3013.50;9.50;1633.50;0.00;0.00
2389;0;3060.50;9.50;1633.50;0.00;0.00
2390;0;3084.50;9.50;1633.50;0.00;0.00
2391;0;3126.50;9.50;1633.50;0.00;0.00
2392;0;3155.50;9.50;1631.50;0.00;0.00
2393;0;3173.50;9.50;1632.50;0.00;0.00
2394;0;3232.50;9.50;1629.50;0.00;0.00
2395;0;3339.50;9.50;1634.50;0.00;0.00
2396;0;3350.50;9.50;1630.50;0.00;0.00
2397;0;3442.50;9.50;1631.50;0.00;0.00
2398;0;3490.50;9.50;1631.50;0.00;0.00
2399;0;4976.50;9.50;1623.50;0.00;0.00
2400;0;1118.50;9.50;1628.50;0.00;0.00
2401;0;1583.50;9.50;1626.50;0.00;0.00
2402;0;2846.50;9.50;1632.50;0.00;0.00
2403;0;2936.50;9.50;1633.50;0.00;0.00
2404;0;3021.50;9.50;1632.50;0.00;0.00
2405;0;3036.50;9.50;1628.50;0.00;0.00
2406;0;3115.50;9.50;1634.50;0.00;0.00
2407;0;3133.50;9.50;1632.50;0.00;0.00
2408;0;3186.50;9.50;1630.50;0.00;0.00
2409;0;3378.50;9.50;1632.50;0.00;0.00
2410;0;3397.50;9.50;1631.50;0.00;0.00
2411;0;3562.50;9.50;1628.50;0.00;0.00
2412;0;3783.50;9.50;1626.50;0.00;0.00
2413;0;4356.50;9.50;1626.50;0.00;0.00
2414;0;4424.50;9.50;1617.50;0.00;0.00
2415;0;1722.50;9.50;1621.50;0.00;0.00
2416;0;2929.50;9.50;1632.50;0.00;0.00
2417;0;2982.50;9.50;1631.50;0.00;0.00
2418;0;3073.50;9.50;1629.50;0.00;0.00
2419;0;3093.50;9.50;1628.50;0.00;0.00
2420;0;3144.50;9.50;1628.50;0.00;0.00
2421;0;3205.50;9.50;1631.50;0.00;0.00
2422;0;3298.50;9.50;1627.50;0.00;0.00
2423;0;3967.50;9.50;1627.50;0.00;0.00
2424;0;4442.50;9.50;1624.50;0.00;0.00
2425;0;4480.50;9.50;1621.50;0.00;0.00
2426;0;4718.50;9.50;1619.50;0.00;0.00
2427;0;4802.50;9.50;1624.50;0.00;0.00
2428;0;4845.50;9.50;1628.50;0.00;0.00
2429;0;1135.50;9.50;1626.50;0.00;0.00
2430;0;1270.50;9.50;1626.50;0.00;0.00
2431;0;1449.50;9.50;1623.50;0.00;0.00
2432;0;1501.50;9.50;1621.50;0.00;0.00
2433;0;1557.50;9.50;1626.50;0.00;0.00
2434;0;1661.50;9.50;1618.50;0.00;0.00
2435;0;2855.50;9.50;1630.50;0.00;0.00
2436;0;3004.50;9.50;1627.50;0.00;0.00
2437;0;3220.50;9.50;1629.50;0.00;0.00
2438;0;3315.50;9.50;1626.50;0.00;0.00
2439;0;3367.50;9.50;1632.50;0.00;0.00
2440;0;3388.50;9.50;1628.50;0.00;0.00
2441;0;3481.50;9.50;1624.50;0.00;0.00
2442;0;3702.50;9.50;1628.50;0.00;0.00
2443;0;3715.50;9.50;1628.50;0.00;0.00
2444;0;3910.50;9.50;1623.50;0.00;0.00
2445;0;4300.50;9.50;1621.50;0.00;0.00
2446;0;4377.50;9.50;1623.50;0.00;0.00
2447;0;4605.50;9.50;1626.50;0.00;0.00
2448;0;961.50;9.50;1625.50;0.00;0.00
2449;0;1371.50;9.50;1621.50;0.00;0.00
2450;0;1698.50;9.50;1620.50;0.00;0.00
2451;0;1938.50;9.50;1628.50;0.00;0.00
2452;0;2966.50;9.50;1631.50;0.00;0.00
2453;0;3043.50;9.50;1633.50;0.00;0.00
2454;0;3465.50;9.50;1626.50;0.00;0.00
2455;0;3502.50;9.50;1628.50;0.00;0.00
2456;0;3514.50;9.50;1625.50;0.00;0.00
2457;0;3827.50;9.50;1623.50;0.00;0.00
2458;0;4051.50;9.50;1624.50;0.00;0.00
2459;0;4139.50;9.50;1626.50;0.00;0.00
2460;0;4497.50;9.50;1623.50;0.00;0.00
2461;0;4782.50;9.50;1621.50;0.00;0.00
2462;0;4951.50;9.50;1623.50;0.00;0.00
2463;0;853.50;9.50;1623.50;0.00;0.00
2464;0;1353.50;9.50;1622.50;0.00;0.00
2465;0;2896.50;9.50;1630.50;0.00;0.00
2466;0;2904.50;9.50;1629.50;0.00;0.00
2467;0;3123.50;9.50;1628.50;0.00;0.00
2468;0;3332.50;9.50;1628.50;0.00;0.00
2469;0;3361.50;9.50;1625.50;0.00;0.00
2470;0;4031.50;9.50;1621.50;0.00;0.00
2471;0;922.50;9.50;1625.50;0.00;0.00
2472;0;1102.50;9.50;1625.50;0.00;0.00
2473;0;2835.50;9.50;1627.50;0.00;0.00
2474;0;2891.50;9.50;1624.50;0.00;0.00
2475;0;2944.50;9.50;1628.50;0.00;0.00
2476;0;3284.50;9.50;1626.50;0.00;0.00
2477;0;3405.50;9.50;1626.50;0.00;0.00
2478;0;3415.50;9.50;1625.50;0.00;0.00
2479;0;3728.50;9.50;1624.50;0.00;0.00
2480;0;4324.50;9.50;1615.50;0.00;0.00
2481;0;2870.50;9.50;1621.50;0.00;0.00
2482;0;2875.50;9.50;1628.50;0.00;0.00
2483;0;2924.50;9.50;1627.50;0.00;0.00
2484;0;3103.50;9.50;1627.50;0.00;0.00
2485;0;3113.50;9.50;1627.50;0.00;0.00
2486;0;3165.50;9.50;1624.50;0.00;0.00
2487;0;3324.50;9.50;1621.50;0.00;0.00
2488;0;4228.50;9.50;1614.50;0.00;0.00
2489;0;4625.50;9.50;1620.50;0.00;0.00
2490;0;936.50;9.50;1623.50;0.00;0.00
2491;0;1831.50;9.50;1623.50;0.00;0.00
2492;0;2827.50;9.50;1626.50;0.00;0.00
2493;0;2883.50;9.50;1623.50;0.00;0.00
2494;0;2917.50;9.50;1626.50;0.00;0.00
2495;0;2953.50;9.50;1627.50;0.00;0.00
2496;0;2988.50;9.50;1625.50;0.00;0.00
2497;0;3017.50;9.50;1625.50;0.00;0.00
2498;0;3084.50;9.50;1625.50;0.00;0.00
2499;0;3306.50;9.50;1624.50;0.00;0.00
2500;0;3591.50;9.50;1623.50;0.00;0.00
2501;0;3952.50;9.50;1618.50;0.00;0.00
2502;0;4077.50;9.50;1621.50;0.00;0.00
2503;0;4113.50;9.50;1619.50;0.00;0.00
2504;0;4207.50;9.50;1613.50;0.00;0.00
2505;0;4672.50;9.50;1615.50;0.00;0.00
2506;0;4743.50;9.50;1619.50;0.00;0.00
2507;0;4763.50;9.50;1621.50;0.00;0.00
2508;0;4911.50;9.50;1621.50;0.00;0.00
2509;0;5046.50;9.50;1617.50;0.00;0.00
2510;0;910.50;9.50;1622.50;0.00;0.00
2511;0;1415.50;9.50;1617.50;0.00;0.00
2512;0;2910.50;9.50;1625.50;0.00;0.00
2513;0;3130.50;9.50;1625.50;0.00;0.00
2514;0;3179.50;9.50;1621.50;0.00;0.00
2515;0;3192.50;9.50;1623.50;0.00;0.00
2516;0;3211.50;9.50;1623.50;0.00;0.00
2517;0;3246.50;9.50;1623.50;0.00;0.00
2518;0;3269.50;9.50;1621.50;0.00;0.00
2519;0;3425.50;9.50;1624.50;0.00;0.00
2520;0;3743.50;9.50;1621.50;0.00;0.00
2521;0;2775.50;9.50;1624.50;0.00;0.00
2522;0;2846.50;9.50;1623.50;0.00;0.00
2523;0;2932.50;9.50;1624.50;0.00;0.00
2524;0;2939.50;9.50;1624.50;0.00;0.00
2525;0;2965.50;9.50;1624.50;0.00;0.00
2526;0;2979.50;9.50;1624.50;0.00;0.00
2527;0;3026.50;9.50;1621.50;0.00;0.00
2528;0;3057.50;9.50;1624.50;0.00;0.00
2529;0;3258.50;9.50;1623.50;0.00;0.00
2530;0;3540.50;9.50;1621.50;0.00;0.00
2531;0;3570.50;9.50;1616.50;0.00;0.00
2532;0;3613.50;9.50;1619.50;0.00;0.00
2533;0;3631.50;9.50;1618.50;0.00;0.00
2534;0;4587.50;9.50;1612.50;0.00;0.00
2535;0;893.50;9.50;1622.50;0.00;0.00
2536;0;2793.50;9.50;1622.50;0.00;0.00
2537;0;2860.50;9.50;1622.50;0.00;0.00
2538;0;3341.50;9.50;1623.50;0.00;0.00
2539;0;3437.50;9.50;1621.50;0.00;0.00
2540;0;3866.50;9.50;1609.50;0.00;0.00
2541;0;4157.50;9.50;1615.50;0.00;0.00
2542;0;4646.50;9.50;1612.50;0.00;0.00
2543;0;4816.50;9.50;1618.50;0.00;0.00
2544;0;4932.50;9.50;1618.50;0.00;0.00
2545;0;1964.50;9.50;1613.50;0.00;0.00
2546;0;2996.50;9.50;1621.50;0.00;0.00
2547;0;3067.50;9.50;1621.50;0.00;0.00
2548;0;3379.50;9.50;1622.50;0.00;0.00
2549;0;3396.50;9.50;1621.50;0.00;0.00
2550;0;3691.50;9.50;1615.50;0.00;0.00
2551;0;4095.50;9.50;1614.50;0.00;0.00
2552;0;4460.50;9.50;1617.50;0.00;0.00
2553;0;1544.50;9.50;1614.50;0.00;0.00
2554;0;1622.50;9.50;1611.50;0.00;0.00
2555;0;2971.50;9.50;1619.50;0.00;0.00
2556;0;3011.50;9.50;1618.50;0.00;0.00
2557;0;3044.50;9.50;1620.50;0.00;0.00
2558;0;3119.50;9.50;1621.50;0.00;0.00
2559;0;3449.50;9.50;1620.50;0.00;0.00
2560;0;3933.50;9.50;1615.50;0.00;0.00
2561;0;3992.50;9.50;1612.50;0.00;0.00
2562;0;868.50;9.50;1615.50;0.00;0.00
2563;0;2899.50;9.50;1619.50;0.00;0.00
2564;0;2924.50;9.50;1621.50;0.00;0.00
2565;0;3035.50;9.50;1616.50;0.00;0.00
2566;0;3079.50;9.50;1617.50;0.00;0.00
2567;0;3101.50;9.50;1620.50;0.00;0.00
2568;0;3111.50;9.50;1619.50;0.00;0.00
2569;0;3201.50;9.50;1617.50;0.00;0.00
2570;0;3350.50;9.50;1620.50;0.00;0.00
2571;0;3491.50;9.50;1617.50;0.00;0.00
2572;0;3525.50;9.50;1617.50;0.00;0.00
2573;0;3760.50;9.50;1613.50;0.00;0.00
2574;0;4831.50;9.50;1616.50;0.00;0.00
2575;0;1600.50;9.50;1611.50;0.00;0.00
2576;0;1928.50;9.50;1606.50;0.00;0.00
2577;0;2819.50;9.50;1617.50;0.00;0.00
2578;0;2827.50;9.50;1619.50;0.00;0.00
2579;0;2835.50;9.50;1618.50;0.00;0.00
2580;0;2909.50;9.50;1619.50;0.00;0.00
2581;0;2944.50;9.50;1619.50;0.00;0.00
2582;0;2952.50;9.50;1618.50;0.00;0.00
2583;0;2959.50;9.50;1619.50;0.00;0.00
2584;0;3089.50;9.50;1619.50;0.00;0.00
2585;0;3148.50;9.50;1619.50;0.00;0.00
2586;0;3221.50;9.50;1617.50;0.00;0.00
2587;0;3231.50;9.50;1617.50;0.00;0.00
2588;0;3241.50;9.50;1616.50;0.00;0.00
2589;0;4561.50;9.50;1608.50;0.00;0.00
2590;0;4878.50;9.50;1614.50;0.00;0.00
2591;0;2804.50;9.50;1619.50;0.00;0.00
2592;0;2916.50;9.50;1618.50;0.00;0.00
2593;0;3125.50;9.50;1617.50;0.00;0.00
2594;0;3134.50;9.50;1619.50;0.00;0.00
2595;0;3156.50;9.50;1618.50;0.00;0.00
2596;0;3387.50;9.50;1617.50;0.00;0.00
2597;0;3973.50;9.50;1613.50;0.00;0.00
2598;0;1387.50;9.50;1611.50;0.00;0.00
2599;0;1482.50;9.50;1611.50;0.00;0.00
2600;0;2810.50;9.50;1613.50;0.00;0.00
2601;0;2878.50;9.50;1615.50;0.00;0.00
2602;0;2888.50;9.50;1616.50;0.00;0.00
2603;0;3285.50;9.50;1615.50;0.00;0.00
2604;0;3295.50;9.50;1616.50;0.00;0.00
2605;0;3468.50;9.50;1615.50;0.00;0.00
2606;0;3716.50;9.50;1613.50;0.00;0.00
2607;0;4534.50;9.50;1609.50;0.00;0.00
2608;0;4793.50;9.50;1611.50;0.00;0.00
2609;0;4843.50;9.50;1614.50;0.00;0.00
2610;0;4893.50;9.50;1608.50;0.00;0.00
2611;0;4994.50;9.50;1609.50;0.00;0.00
2612;0;1518.50;9.50;1609.50;0.00;0.00
2613;0;1644.50;9.50;1604.50;0.00;0.00
2614;0;1791.50;9.50;1611.50;0.00;0.00
2615;0;2985.50;9.50;1616.50;0.00;0.00
2616;0;3070.50;9.50;1614.50;0.00;0.00
2617;0;3095.50;9.50;1615.50;0.00;0.00
2618;0;3276.50;9.50;1613.50;0.00;0.00
2619;0;3304.50;9.50;1616.50;0.00;0.00
2620;0;3331.50;9.50;1611.50;0.00;0.00
2621;0;3556.50;9.50;1611.50;0.00;0.00
2622;0;3599.50;9.50;1610.50;0.00;0.00
2623;0;4065.50;9.50;1609.50;0.00;0.00
2624;0;881.50;9.50;1611.50;0.00;0.00
2625;0;1564.50;9.50;1608.50;0.00;0.00
2626;0;1676.50;9.50;1605.50;0.00;0.00
2627;0;1771.50;9.50;1609.50;0.00;0.00
2628;0;2795.50;9.50;1611.50;0.00;0.00
2629;0;2853.50;9.50;1616.50;0.00;0.00
2630;0;3003.50;9.50;1613.50;0.00;0.00
2631;0;3050.50;9.50;1617.50;0.00;0.00
2632;0;3409.50;9.50;1612.50;0.00;0.00
2633;0;3420.50;9.50;1613.50;0.00;0.00
2634;0;3429.50;9.50;1614.50;0.00;0.00
2635;0;3457.50;9.50;1611.50;0.00;0.00
2636;0;3510.50;9.50;1612.50;0.00;0.00
2637;0;3656.50;9.50;1611.50;0.00;0.00
2638;0;3780.50;9.50;1607.50;0.00;0.00
2639;0;3892.50;9.50;1605.50;0.00;0.00
2640;0;4346.50;9.50;1608.50;0.00;0.00
2641;0;4401.50;9.50;1604.50;0.00;0.00
2642;0;4755.50;9.50;1613.50;0.00;0.00
2643;0;1907.50;9.50;1603.50;0.00;0.00
2644;0;1948.50;9.50;1603.50;0.00;0.00
2645;0;2922.50;9.50;1612.50;0.00;0.00
2646;0;2932.50;9.50;1614.50;0.00;0.00
2647;0;2965.50;9.50;1613.50;0.00;0.00
2648;0;3022.50;9.50;1612.50;0.00;0.00
2649;0;3191.50;9.50;1614.50;0.00;0.00
2650;0;3361.50;9.50;1614.50;0.00;0.00
2651;0;3478.50;9.50;1612.50;0.00;0.00
2652;0;2842.50;9.50;1612.50;0.00;0.00
2653;0;2865.50;9.50;1611.50;0.00;0.00
2654;0;2938.50;9.50;1614.50;0.00;0.00
2655;0;3105.50;9.50;1613.50;0.00;0.00
2656;0;3171.50;9.50;1610.50;0.00;0.00
2657;0;3251.50;9.50;1612.50;0.00;0.00
2658;0;3262.50;9.50;1610.50;0.00;0.00
2659;0;3398.50;9.50;1610.50;0.00;0.00
2660;0;3445.50;9.50;1609.50;0.00;0.00
2661;0;3583.50;9.50;1609.50;0.00;0.00
2662;0;4182.50;9.50;1606.50;0.00;0.00
2663;0;4381.50;9.50;1600.50;0.00;0.00
2664;0;4511.50;9.50;1607.50;0.00;0.00
2665;0;4608.50;9.50;1606.50;0.00;0.00
2666;0;901.50;9.50;1611.50;0.00;0.00
2667;0;914.50;9.50;1610.50;0.00;0.00
2668;0;937.50;9.50;1608.50;0.00;0.00
2669;0;961.50;9.50;1611.50;0.00;0.00
2670;0;977.50;9.50;1607.50;0.00;0.00
2671;0;993.50;9.50;1609.50;0.00;0.00
2672;0;1011.50;9.50;1607.50;0.00;0.00
2673;0;1036.50;9.50;1607.50;0.00;0.00
2674;0;1054.50;9.50;1609.50;0.00;0.00
2675;0;1069.50;9.50;1602.50;0.00;0.00
2676;0;1087.50;9.50;1607.50;0.00;0.00
2677;0;1106.50;9.50;1607.50;0.00;0.00
2678;0;1128.50;9.50;1603.50;0.00;0.00
2679;0;1149.50;9.50;1607.50;0.00;0.00
2680;0;1175.50;9.50;1600.50;0.00;0.00
2681;0;1197.50;9.50;1607.50;0.00;0.00
2682;0;1216.50;9.50;1598.50;0.00;0.00
2683;0;1232.50;9.50;1608.50;0.00;0.00
2684;0;1249.50;9.50;1598.50;0.00;0.00
2685;0;1264.50;9.50;1608.50;0.00;0.00
2686;0;1279.50;9.50;1606.50;0.00;0.00
2687;0;1292.50;9.50;1598.50;0.00;0.00
2688;0;1303.50;9.50;1611.50;0.00;0.00
2689;0;1326.50;9.50;1608.50;0.00;0.00
2690;0;2947.50;9.50;1612.50;0.00;0.00
2691;0;2975.50;9.50;1612.50;0.00;0.00
2692;0;2994.50;9.50;1611.50;0.00;0.00
2693;0;3136.50;9.50;1613.50;0.00;0.00
2694;0;3319.50;9.50;1609.50;0.00;0.00
2695;0;3349.50;9.50;1608.50;0.00;0.00
2696;0;3645.50;9.50;1599.50;0.00;0.00
2697;0;3737.50;9.50;1605.50;0.00;0.00
2698;0;4695.50;9.50;1604.50;0.00;0.00
2699;0;4770.50;9.50;1608.50;0.00;0.00
2700;0;4869.50;9.50;1603.50;0.00;0.00
2701;0;4906.50;9.50;1608.50;0.00;0.00
2702;0;1581.50;9.50;1606.50;0.00;0.00
2703;0;2898.50;9.50;1612.50;0.00;0.00
2704;0;2956.50;9.50;1611.50;0.00;0.00
2705;0;3054.50;9.50;1610.50;0.00;0.00
2706;0;3159.50;9.50;1610.50;0.00;0.00
2707;0;3211.50;9.50;1610.50;0.00;0.00
2708;0;3337.50;9.50;1606.50;0.00;0.00
2709;0;3374.50;9.50;1611.50;0.00;0.00
2710;0;4735.50;9.50;1604.50;0.00;0.00
2711;0;4953.50;9.50;1602.50;0.00;0.00
2712;0;2766.50;9.50;1609.50;0.00;0.00
2713;0;3013.50;9.50;1609.50;0.00;0.00
2714;0;3085.50;9.50;1609.50;0.00;0.00
2715;0;3113.50;9.50;1609.50;0.00;0.00
2716;0;3128.50;9.50;1608.50;0.00;0.00
2717;0;3182.50;9.50;1607.50;0.00;0.00
2718;0;3308.50;9.50;1607.50;0.00;0.00
2719;0;3531.50;9.50;1605.50;0.00;0.00
2720;0;3840.50;9.50;1600.50;0.00;0.00
2721;0;4249.50;9.50;1602.50;0.00;0.00
2722;0;4438.50;9.50;1603.50;0.00;0.00
2723;0;4808.50;9.50;1607.50;0.00;0.00
2724;0;1706.50;9.50;1602.50;0.00;0.00
2725;0;2855.50;9.50;1608.50;0.00;0.00
2726;0;2915.50;9.50;1609.50;0.00;0.00
2727;0;3066.50;9.50;1608.50;0.00;0.00
2728;0;3435.50;9.50;1608.50;0.00;0.00
2729;0;3543.50;9.50;1600.50;0.00;0.00
2730;0;3801.50;9.50;1600.50;0.00;0.00
2731;0;3917.50;9.50;1602.50;0.00;0.00
2732;0;4472.50;9.50;1603.50;0.00;0.00
2733;0;4824.50;9.50;1606.50;0.00;0.00
2734;0;4853.50;9.50;1603.50;0.00;0.00
2735;0;2751.50;9.50;1605.50;0.00;0.00
2736;0;2823.50;9.50;1606.50;0.00;0.00
2737;0;2834.50;9.50;1605.50;0.00;0.00
2738;0;2908.50;9.50;1606.50;0.00;0.00
2739;0;3076.50;9.50;1608.50;0.00;0.00
2740;0;3093.50;9.50;1608.50;0.00;0.00
2741;0;3120.50;9.50;1607.50;0.00;0.00
2742;0;3203.50;9.50;1607.50;0.00;0.00
2743;0;3482.50;9.50;1605.50;0.00;0.00
2744;0;3704.50;9.50;1601.50;0.00;0.00
2745;0;4304.50;9.50;1603.50;0.00;0.00
2746;0;1339.50;9.50;1599.50;0.00;0.00
2747;0;1739.50;9.50;1598.50;0.00;0.00
2748;0;1976.50;9.50;1605.50;0.00;0.00
2749;0;2789.50;9.50;1603.50;0.00;0.00
2750;0;2877.50;9.50;1605.50;0.00;0.00
2751;0;2886.50;9.50;1605.50;0.00;0.00
2752;0;2896.50;9.50;1605.50;0.00;0.00
2753;0;2933.50;9.50;1608.50;0.00;0.00
2754;0;2942.50;9.50;1608.50;0.00;0.00
2755;0;2979.50;9.50;1605.50;0.00;0.00
2756;0;3029.50;9.50;1606.50;0.00;0.00
2757;0;3222.50;9.50;1606.50;0.00;0.00
2758;0;3272.50;9.50;1606.50;0.00;0.00
2759;0;3298.50;9.50;1607.50;0.00;0.00
2760;0;3614.50;9.50;1603.50;0.00;0.00
2761;0;3945.50;9.50;1600.50;0.00;0.00
2762;0;4840.50;9.50;1603.50;0.00;0.00
2763;0;955.50;9.50;1600.50;0.00;0.00
2764;0;1357.50;9.50;1603.50;0.00;0.00
2765;0;2986.50;9.50;1606.50;0.00;0.00
2766;0;3100.50;9.50;1602.50;0.00;0.00
2767;0;3191.50;9.50;1605.50;0.00;0.00
2768;0;3235.50;9.50;1607.50;0.00;0.00
2769;0;3364.50;9.50;1607.50;0.00;0.00
2770;0;3381.50;9.50;1605.50;0.00;0.00
2771;0;3388.50;9.50;1607.50;0.00;0.00
2772;0;3426.50;9.50;1606.50;0.00;0.00
2773;0;3499.50;9.50;1602.50;0.00;0.00
2774;0;3628.50;9.50;1596.50;0.00;0.00
2775;0;4013.50;9.50;1600.50;0.00;0.00
2776;0;4113.50;9.50;1595.50;0.00;0.00
2777;0;4266.50;9.50;1596.50;0.00;0.00
2778;0;2810.50;9.50;1605.50;0.00;0.00
2779;0;2949.50;9.50;1606.50;0.00;0.00
2780;0;3041.50;9.50;1605.50;0.00;0.00
2781;0;3109.50;9.50;1604.50;0.00;0.00
2782;0;3140.50;9.50;1604.50;0.00;0.00
2783;0;3149.50;9.50;1606.50;0.00;0.00
2784;0;3687.50;9.50;1590.50;0.00;0.00
2785;0;4034.50;9.50;1600.50;0.00;0.00
2786;0;4053.50;9.50;1596.50;0.00;0.00
2787;0;4460.50;9.50;1599.50;0.00;0.00
2788;0;923.50;9.50;1599.50;0.00;0.00
2789;0;1549.50;9.50;1597.50;0.00;0.00
2790;0;1690.50;9.50;1596.50;0.00;0.00
2791;0;1721.50;9.50;1604.50;0.00;0.00
2792;0;2802.50;9.50;1605.50;0.00;0.00
2793;0;2923.50;9.50;1605.50;0.00;0.00
2794;0;2964.50;9.50;1605.50;0.00;0.00
2795;0;3323.50;9.50;1602.50;0.00;0.00
2796;0;3343.50;9.50;1600.50;0.00;0.00
2797;0;3403.50;9.50;1604.50;0.00;0.00
2798;0;3413.50;9.50;1603.50;0.00;0.00
2799;0;3466.50;9.50;1603.50;0.00;0.00
2800;0;4756.50;9.50;1599.50;0.00;0.00
2801;0;4777.50;9.50;1598.50;0.00;0.00
2802;0;1318.50;9.50;1597.50;0.00;0.00
2803;0;1498.50;9.50;1598.50;0.00;0.00
2804;0;2817.50;9.50;1599.50;0.00;0.00
2805;0;2994.50;9.50;1603.50;0.00;0.00
2806;0;3007.50;9.50;1604.50;0.00;0.00
2807;0;3035.50;9.50;1600.50;0.00;0.00
2808;0;3164.50;9.50;1601.50;0.00;0.00
2809;0;3213.50;9.50;1602.50;0.00;0.00
2810;0;3452.50;9.50;1601.50;0.00;0.00
2811;0;3823.50;9.50;1589.50;0.00;0.00
2812;0;3965.50;9.50;1598.50;0.00;0.00
2813;0;4146.50;9.50;1593.50;0.00;0.00
2814;0;4164.50;9.50;1598.50;0.00;0.00
2815;0;4197.50;9.50;1597.50;0.00;0.00
2816;0;4418.50;9.50;1595.50;0.00;0.00
2817;0;4967.50;9.50;1578.50;0.00;0.00
2818;0;870.50;9.50;1601.50;0.00;0.00
2819;0;1381.50;9.50;1595.50;0.00;0.00
2820;0;1531.50;9.50;1593.50;0.00;0.00
2821;0;2939.50;9.50;1602.50;0.00;0.00
2822;0;2956.50;9.50;1602.50;0.00;0.00
2823;0;3001.50;9.50;1600.50;0.00;0.00
2824;0;3061.50;9.50;1601.50;0.00;0.00
2825;0;3091.50;9.50;1602.50;0.00;0.00
2826;0;3246.50;9.50;1600.50;0.00;0.00
2827;0;3722.50;9.50;1594.50;0.00;0.00
2828;0;3753.50;9.50;1593.50;0.00;0.00
2829;0;4075.50;9.50;1592.50;0.00;0.00
2830;0;4331.50;9.50;1594.50;0.00;0.00
2831;0;4718.50;9.50;1597.50;0.00;0.00
2832;0;4788.50;9.50;1598.50;0.00;0.00
2833;0;4910.50;9.50;1595.50;0.00;0.00
2834;0;1305.50;9.50;1599.50;0.00;0.00
2835;0;2869.50;9.50;1599.50;0.00;0.00
2836;0;2901.50;9.50;1600.50;0.00;0.00
2837;0;2931.50;9.50;1601.50;0.00;0.00
2838;0;2970.50;9.50;1599.50;0.00;0.00
2839;0;3255.50;9.50;1600.50;0.00;0.00
2840;0;3421.50;9.50;1599.50;0.00;0.00
2841;0;3433.50;9.50;1601.50;0.00;0.00
2842;0;4619.50;9.50;1589.50;0.00;0.00
2843;0;4800.50;9.50;1598.50;0.00;0.00
2844;0;4933.50;9.50;1597.50;0.00;0.00
2845;0;909.50;9.50;1598.50;0.00;0.00
2846;0;1023.50;9.50;1592.50;0.00;0.00
2847;0;2768.50;9.50;1599.50;0.00;0.00
2848;0;2850.50;9.50;1600.50;0.00;0.00
2849;0;3071.50;9.50;1601.50;0.00;0.00
2850;0;3125.50;9.50;1599.50;0.00;0.00
2851;0;3156.50;9.50;1600.50;0.00;0.00
2852;0;3229.50;9.50;1599.50;0.00;0.00
2853;0;3238.50;9.50;1596.50;0.00;0.00
2854;0;3294.50;9.50;1599.50;0.00;0.00
2855;0;3303.50;9.50;1596.50;0.00;0.00
2856;0;3353.50;9.50;1599.50;0.00;0.00
2857;0;3394.50;9.50;1598.50;0.00;0.00
2858;0;3520.50;9.50;1597.50;0.00;0.00
2859;0;3557.50;9.50;1601.50;0.00;0.00
2860;0;3666.50;9.50;1593.50;0.00;0.00
2861;0;4485.50;9.50;1600.50;0.00;0.00
2862;0;879.50;9.50;1597.50;0.00;0.00
2863;0;889.50;9.50;1599.50;0.00;0.00
2864;0;1662.50;9.50;1592.50;0.00;0.00
2865;0;1990.50;9.50;1593.50;0.00;0.00
2866;0;2918.50;9.50;1598.50;0.00;0.00
2867;0;3013.50;9.50;1599.50;0.00;0.00
2868;0;3133.50;9.50;1596.50;0.00;0.00
2869;0;3265.50;9.50;1598.50;0.00;0.00
2870;0;3281.50;9.50;1597.50;0.00;0.00
2871;0;3407.50;9.50;1597.50;0.00;0.00
2872;0;3443.50;9.50;1598.50;0.00;0.00
2873;0;3995.50;9.50;1592.50;0.00;0.00
2874;0;898.50;9.50;1595.50;0.00;0.00
2875;0;1783.50;9.50;1593.50;0.00;0.00
2876;0;2911.50;9.50;1598.50;0.00;0.00
2877;0;2949.50;9.50;1598.50;0.00;0.00
2878;0;3116.50;9.50;1598.50;0.00;0.00
2879;0;3182.50;9.50;1596.50;0.00;0.00
2880;0;3312.50;9.50;1596.50;0.00;0.00
2881;0;3366.50;9.50;1598.50;0.00;0.00
2882;0;3376.50;9.50;1598.50;0.00;0.00
2883;0;3582.50;9.50;1594.50;0.00;0.00
2884;0;4094.50;9.50;1591.50;0.00;0.00
2885;0;4238.50;9.50;1591.50;0.00;0.00
2886;0;4548.50;9.50;1588.50;0.00;0.00
2887;0;4833.50;9.50;1595.50;0.00;0.00
2888;0;964.50;9.50;1590.50;0.00;0.00
2889;0;1611.50;9.50;1590.50;0.00;0.00
2890;0;2838.50;9.50;1595.50;0.00;0.00
2891;0;2879.50;9.50;1595.50;0.00;0.00
2892;0;2925.50;9.50;1596.50;0.00;0.00
2893;0;2979.50;9.50;1598.50;0.00;0.00
2894;0;2986.50;9.50;1597.50;0.00;0.00
2895;0;3022.50;9.50;1597.50;0.00;0.00
2896;0;3274.50;9.50;1593.50;0.00;0.00
2897;0;3329.50;9.50;1595.50;0.00;0.00
2898;0;3460.50;9.50;1595.50;0.00;0.00
2899;0;4528.50;9.50;1590.50;0.00;0.00
2900;0;4671.50;9.50;1589.50;0.00;0.00
2901;0;4745.50;9.50;1593.50;0.00;0.00
2902;0;4822.50;9.50;1594.50;0.00;0.00
2903;0;4894.50;9.50;1588.50;0.00;0.00
2904;0;1723.50;9.50;1589.50;0.00;0.00
2905;0;1759.50;9.50;1592.50;0.00;0.00
2906;0;1982.50;9.50;1585.50;0.00;0.00
2907;0;2888.50;9.50;1595.50;0.00;0.00
2908;0;2963.50;9.50;1596.50;0.00;0.00
2909;0;3087.50;9.50;1595.50;0.00;0.00
2910;0;3173.50;9.50;1595.50;0.00;0.00
2911;0;3199.50;9.50;1597.50;0.00;0.00
2912;0;3222.50;9.50;1595.50;0.00;0.00
2913;0;3595.50;9.50;1587.50;0.00;0.00
2914;0;4216.50;9.50;1590.50;0.00;0.00
2915;0;4646.50;9.50;1586.50;0.00;0.00
2916;0;947.50;9.50;1589.50;0.00;0.00
2917;0;978.50;9.50;1592.50;0.00;0.00
2918;0;1366.50;9.50;1590.50;0.00;0.00
2919;0;1564.50;9.50;1589.50;0.00;0.00
2920;0;1630.50;9.50;1588.50;0.00;0.00
2921;0;2941.50;9.50;1596.50;0.00;0.00
2922;0;2994.50;9.50;1596.50;0.00;0.00
2923;0;3070.50;9.50;1589.50;0.00;0.00
2924;0;3146.50;9.50;1593.50;0.00;0.00
2925;0;3534.50;9.50;1587.50;0.00;0.00
2926;0;3554.50;9.50;1590.50;0.00;0.00
2927;0;3879.50;9.50;1585.50;0.00;0.00
2928;0;4811.50;9.50;1593.50;0.00;0.00
2929;0;4845.50;9.50;1592.50;0.00;0.00
2930;0;4859.50;9.50;1592.50;0.00;0.00
2931;0;5045.50;9.50;1587.50;0.00;0.00
2932;0;932.50;9.50;1588.50;0.00;0.00
2933;0;2789.50;9.50;1591.50;0.00;0.00
2934;0;2905.50;9.50;1593.50;0.00;0.00
2935;0;3052.50;9.50;1593.50;0.00;0.00
2936;0;3108.50;9.50;1594.50;0.00;0.00
2937;0;3213.50;9.50;1594.50;0.00;0.00
2938;0;3288.50;9.50;1591.50;0.00;0.00
2939;0;3387.50;9.50;1590.50;0.00;0.00
2940;0;3857.50;9.50;1583.50;0.00;0.00
2941;0;4765.50;9.50;1592.50;0.00;0.00
2942;0;995.50;9.50;1587.50;0.00;0.00
2943;0;1078.50;9.50;1587.50;0.00;0.00
2944;0;1109.50;9.50;1587.50;0.00;0.00
2945;0;1151.50;9.50;1586.50;0.00;0.00
2946;0;1582.50;9.50;1589.50;0.00;0.00
2947;0;2800.50;9.50;1591.50;0.00;0.00
2948;0;3062.50;9.50;1591.50;0.00;0.00
2949;0;3096.50;9.50;1594.50;0.00;0.00
2950;0;3420.50;9.50;1591.50;0.00;0.00
2951;0;3430.50;9.50;1593.50;0.00;0.00
2952;0;3569.50;9.50;1588.50;0.00;0.00
2953;0;3615.50;9.50;1592.50;0.00;0.00
2954;0;3772.50;9.50;1579.50;0.00;0.00
2955;0;4178.50;9.50;1588.50;0.00;0.00
2956;0;4470.50;9.50;1589.50;0.00;0.00
2957;0;4569.50;9.50;1579.50;0.00;0.00
2958;0;4591.50;9.50;1583.50;0.00;0.00
2959;0;1051.50;9.50;1586.50;0.00;0.00
2960;0;2811.50;9.50;1591.50;0.00;0.00
2961;0;2822.50;9.50;1589.50;0.00;0.00
2962;0;2831.50;9.50;1588.50;0.00;0.00
2963;0;2956.50;9.50;1594.50;0.00;0.00
2964;0;3009.50;9.50;1594.50;0.00;0.00
2965;0;3079.50;9.50;1590.50;0.00;0.00
2966;0;3155.50;9.50;1591.50;0.00;0.00
2967;0;3404.50;9.50;1590.50;0.00;0.00
2968;0;3449.50;9.50;1591.50;0.00;0.00
2969;0;3476.50;9.50;1586.50;0.00;0.00
2970;0;3903.50;9.50;1581.50;0.00;0.00
2971;0;3927.50;9.50;1581.50;0.00;0.00
2972;0;4299.50;9.50;1586.50;0.00;0.00
2973;0;1596.50;9.50;1581.50;0.00;0.00
2974;0;2896.50;9.50;1590.50;0.00;0.00
2975;0;3041.50;9.50;1590.50;0.00;0.00
2976;0;3371.50;9.50;1590.50;0.00;0.00
2977;0;3412.50;9.50;1591.50;0.00;0.00
2978;0;3793.50;9.50;1580.50;0.00;0.00
2979;0;4354.50;9.50;1579.50;0.00;0.00
2980;0;4374.50;9.50;1579.50;0.00;0.00
2981;0;4493.50;9.50;1586.50;0.00;0.00
2982;0;4703.50;9.50;1583.50;0.00;0.00
2983;0;4875.50;9.50;1588.50;0.00;0.00
2984;0;889.50;9.50;1588.50;0.00;0.00
2985;0;1093.50;9.50;1580.50;0.00;0.00
2986;0;1197.50;9.50;1584.50;0.00;0.00
2987;0;1231.50;9.50;1585.50;0.00;0.00
2988;0;1270.50;9.50;1582.50;0.00;0.00
2989;0;1326.50;9.50;1584.50;0.00;0.00
2990;0;1514.50;9.50;1583.50;0.00;0.00
2991;0;2855.50;9.50;1587.50;0.00;0.00
2992;0;2867.50;9.50;1589.50;0.00;0.00
2993;0;2917.50;9.50;1591.50;0.00;0.00
2994;0;2945.50;9.50;1590.50;0.00;0.00
2995;0;2951.50;9.50;1591.50;0.00;0.00
2996;0;2971.50;9.50;1591.50;0.00;0.00
2997;0;2977.50;9.50;1588.50;0.00;0.00
2998;0;2997.50;9.50;1590.50;0.00;0.00
2999;0;3026.50;9.50;1589.50;0.00;0.00
3000;0;3114.50;9.50;1593.50;0.00;0.00
3001;0;3119.50;9.50;1588.50;0.00;0.00
3002;0;3138.50;9.50;1589.50;0.00;0.00
3003;0;3196.50;9.50;1588.50;0.00;0.00
3004;0;3204.50;9.50;1589.50;0.00;0.00
3005;0;3295.50;9.50;1587.50;0.00;0.00
3006;0;3340.50;9.50;1588.50;0.00;0.00
3007;0;3361.50;9.50;1589.50;0.00;0.00
3008;0;3494.50;9.50;1584.50;0.00;0.00
3009;0;1310.50;9.50;1585.50;0.00;0.00
3010;0;1679.50;9.50;1581.50;0.00;0.00
3011;0;2930.50;9.50;1589.50;0.00;0.00
3012;0;2936.50;9.50;1591.50;0.00;0.00
3013;0;2986.50;9.50;1588.50;0.00;0.00
3014;0;3010.50;9.50;1587.50;0.00;0.00
3015;0;3127.50;9.50;1589.50;0.00;0.00
3016;0;3163.50;9.50;1588.50;0.00;0.00
3017;0;3237.50;9.50;1588.50;0.00;0.00
3018;0;3258.50;9.50;1590.50;0.00;0.00
3019;0;3350.50;9.50;1587.50;0.00;0.00
3020;0;3398.50;9.50;1587.50;0.00;0.00
3021;0;3438.50;9.50;1587.50;0.00;0.00
3022;0;4317.50;9.50;1576.50;0.00;0.00
3023;0;4782.50;9.50;1587.50;0.00;0.00
3024;0;878.50;9.50;1586.50;0.00;0.00
3025;0;1344.50;9.50;1584.50;0.00;0.00
3026;0;1426.50;9.50;1578.50;0.00;0.00
3027;0;1648.50;9.50;1581.50;0.00;0.00
3028;0;1696.50;9.50;1582.50;0.00;0.00
3029;0;1741.50;9.50;1582.50;0.00;0.00
3030;0;1779.50;9.50;1579.50;0.00;0.00
3031;0;2876.50;9.50;1587.50;0.00;0.00
3032;0;2965.50;9.50;1588.50;0.00;0.00
3033;0;3102.50;9.50;1588.50;0.00;0.00
3034;0;3248.50;9.50;1589.50;0.00;0.00
3035;0;3323.50;9.50;1587.50;0.00;0.00
3036;0;3520.50;9.50;1583.50;0.00;0.00
3037;0;4794.50;9.50;1585.50;0.00;0.00
3038;0;916.50;9.50;1584.50;0.00;0.00
3039;0;1128.50;9.50;1581.50;0.00;0.00
3040;0;2912.50;9.50;1586.50;0.00;0.00
3041;0;3092.50;9.50;1585.50;0.00;0.00
3042;0;3109.50;9.50;1586.50;0.00;0.00
3043;0;3174.50;9.50;1587.50;0.00;0.00
3044;0;3182.50;9.50;1587.50;0.00;0.00
3045;0;3276.50;9.50;1585.50;0.00;0.00
3046;0;3656.50;9.50;1579.50;0.00;0.00
3047;0;3733.50;9.50;1578.50;0.00;0.00
3048;0;3949.50;9.50;1580.50;0.00;0.00
3049;0;4271.50;9.50;1577.50;0.00;0.00
3050;0;4742.50;9.50;1585.50;0.00;0.00
3051;0;4753.50;9.50;1584.50;0.00;0.00
3052;0;1015.50;9.50;1575.50;0.00;0.00
3053;0;1292.50;9.50;1580.50;0.00;0.00
3054;0;2904.50;9.50;1585.50;0.00;0.00
3055;0;3188.50;9.50;1581.50;0.00;0.00
3056;0;3224.50;9.50;1585.50;0.00;0.00
3057;0;3265.50;9.50;1586.50;0.00;0.00
3058;0;3310.50;9.50;1584.50;0.00;0.00
3059;0;3379.50;9.50;1584.50;0.00;0.00
3060;0;3459.50;9.50;1586.50;0.00;0.00
3061;0;3674.50;9.50;1580.50;0.00;0.00
3062;0;3968.50;9.50;1581.50;0.00;0.00
3063;0;4041.50;9.50;1585.50;0.00;0.00
3064;0;4414.50;9.50;1574.50;0.00;0.00
3065;0;4437.50;9.50;1576.50;0.00;0.00
3066;0;4771.50;9.50;1582.50;0.00;0.00
3067;0;4805.50;9.50;1584.50;0.00;0.00
3068;0;901.50;9.50;1583.50;0.00;0.00
3069;0;1214.50;9.50;1578.50;0.00;0.00
3070;0;1250.50;9.50;1579.50;0.00;0.00
3071;0;1547.50;9.50;1580.50;0.00;0.00
3072;0;1728.50;9.50;1576.50;0.00;0.00
3073;0;2921.50;9.50;1586.50;0.00;0.00
3074;0;3055.50;9.50;1585.50;0.00;0.00
3075;0;4105.50;9.50;1580.50;0.00;0.00
3076;0;4199.50;9.50;1582.50;0.00;0.00
3077;0;4229.50;9.50;1576.50;0.00;0.00
3078;0;4819.50;9.50;1584.50;0.00;0.00
3079;0;4832.50;9.50;1584.50;0.00;0.00
3080;0;1036.50;9.50;1574.50;0.00;0.00
3081;0;1065.50;9.50;1575.50;0.00;0.00
3082;0;2841.50;9.50;1582.50;0.00;0.00
3083;0;2949.50;9.50;1582.50;0.00;0.00
3084;0;2957.50;9.50;1584.50;0.00;0.00
3085;0;3083.50;9.50;1582.50;0.00;0.00
3086;0;3232.50;9.50;1583.50;0.00;0.00
3087;0;3428.50;9.50;1583.50;0.00;0.00
3088;0;4734.50;9.50;1580.50;0.00;0.00
3089;0;4932.50;9.50;1577.50;0.00;0.00
3090;0;1762.50;9.50;1577.50;0.00;0.00
3091;0;2811.50;9.50;1580.50;0.00;0.00
3092;0;2884.50;9.50;1580.50;0.00;0.00
3093;0;3213.50;9.50;1583.50;0.00;0.00
3094;0;3711.50;9.50;1575.50;0.00;0.00
3095;0;4116.50;9.50;1566.50;0.00;0.00
3096;0;4130.50;9.50;1575.50;0.00;0.00
3097;0;4861.50;9.50;1580.50;0.00;0.00
3098;0;1177.50;9.50;1576.50;0.00;0.00
3099;0;1573.50;9.50;1578.50;0.00;0.00
3100;0;1709.50;9.50;1574.50;0.00;0.00
3101;0;1798.50;9.50;1575.50;0.00;0.00
3102;0;1835.50;9.50;1573.50;0.00;0.00
3103;0;1867.50;9.50;1571.50;0.00;0.00
3104;0;2797.50;9.50;1580.50;0.00;0.00
3105;0;2936.50;9.50;1582.50;0.00;0.00
3106;0;2998.50;9.50;1582.50;0.00;0.00
3107;0;3025.50;9.50;1582.50;0.00;0.00
3108;0;3037.50;9.50;1582.50;0.00;0.00
3109;0;3046.50;9.50;1581.50;0.00;0.00
3110;0;3062.50;9.50;1582.50;0.00;0.00
3111;0;3146.50;9.50;1581.50;0.00;0.00
3112;0;3284.50;9.50;1581.50;0.00;0.00
3113;0;3367.50;9.50;1581.50;0.00;0.00
3114;0;3448.50;9.50;1582.50;0.00;0.00
3115;0;4064.50;9.50;1574.50;0.00;0.00
3116;0;4848.50;9.50;1580.50;0.00;0.00
3117;0;958.50;9.50;1577.50;0.00;0.00
3118;0;1396.50;9.50;1572.50;0.00;0.00
3119;0;2892.50;9.50;1581.50;0.00;0.00
3120;0;2929.50;9.50;1580.50;0.00;0.00
3121;0;2966.50;9.50;1580.50;0.00;0.00
3122;0;2977.50;9.50;1582.50;0.00;0.00
3123;0;2991.50;9.50;1581.50;0.00;0.00
3124;0;3072.50;9.50;1577.50;0.00;0.00
3125;0;3100.50;9.50;1582.50;0.00;0.00
3126;0;3117.50;9.50;1581.50;0.00;0.00
3127;0;3136.50;9.50;1581.50;0.00;0.00
3128;0;3205.50;9.50;1579.50;0.00;0.00
3129;0;3246.50;9.50;1580.50;0.00;0.00
3130;0;4146.50;9.50;1575.50;0.00;0.00
3131;0;4161.50;9.50;1575.50;0.00;0.00
3132;0;4185.50;9.50;1574.50;0.00;0.00
3133;0;4720.50;9.50;1578.50;0.00;0.00
3134;0;4885.50;9.50;1576.50;0.00;0.00
3135;0;2824.50;9.50;1578.50;0.00;0.00
3136;0;2859.50;9.50;1578.50;0.00;0.00
3137;0;3167.50;9.50;1579.50;0.00;0.00
3138;0;3296.50;9.50;1580.50;0.00;0.00
3139;0;3467.50;9.50;1578.50;0.00;0.00
3140;0;4391.50;9.50;1570.50;0.00;0.00
3141;0;4521.50;9.50;1567.50;0.00;0.00
3142;0;888.50;9.50;1577.50;0.00;0.00
3143;0;939.50;9.50;1574.50;0.00;0.00
3144;0;975.50;9.50;1577.50;0.00;0.00
3145;0;1363.50;9.50;1575.50;0.00;0.00
3146;0;1445.50;9.50;1572.50;0.00;0.00
3147;0;1532.50;9.50;1578.50;0.00;0.00
3148;0;2923.50;9.50;1578.50;0.00;0.00
3149;0;2942.50;9.50;1578.50;0.00;0.00
3150;0;3124.50;9.50;1577.50;0.00;0.00
3151;0;3252.50;9.50;1576.50;0.00;0.00
3152;0;3260.50;9.50;1579.50;0.00;0.00
3153;0;3290.50;9.50;1574.50;0.00;0.00
3154;0;3334.50;9.50;1577.50;0.00;0.00
3155;0;3347.50;9.50;1578.50;0.00;0.00
3156;0;3358.50;9.50;1575.50;0.00;0.00
3157;0;3420.50;9.50;1579.50;0.00;0.00
3158;0;3455.50;9.50;1578.50;0.00;0.00
3159;0;3507.50;9.50;1574.50;0.00;0.00
3160;0;3572.50;9.50;1575.50;0.00;0.00
3161;0;3748.50;9.50;1569.50;0.00;0.00
3162;0;3827.50;9.50;1571.50;0.00;0.00
3163;0;4252.50;9.50;1566.50;0.00;0.00
3164;0;1560.50;9.50;1573.50;0.00;0.00
3165;0;1621.50;9.50;1573.50;0.00;0.00
3166;0;2906.50;9.50;1578.50;0.00;0.00
3167;0;2916.50;9.50;1579.50;0.00;0.00
3168;0;3109.50;9.50;1579.50;0.00;0.00
3169;0;3177.50;9.50;1578.50;0.00;0.00
3170;0;3197.50;9.50;1577.50;0.00;0.00
3171;0;3219.50;9.50;1576.50;0.00;0.00
3172;0;3270.50;9.50;1575.50;0.00;0.00
3173;0;3323.50;9.50;1576.50;0.00;0.00
3174;0;3432.50;9.50;1578.50;0.00;0.00
3175;0;3440.50;9.50;1578.50;0.00;0.00
3176;0;4212.50;9.50;1573.50;0.00;0.00
3177;0;4500.50;9.50;1562.50;0.00;0.00
3178;0;4618.50;9.50;1569.50;0.00;0.00
3179;0;4761.50;9.50;1575.50;0.00;0.00
3180;0;4872.50;9.50;1576.50;0.00;0.00
3181;0;1380.50;9.50;1573.50;0.00;0.00
3182;0;1488.50;9.50;1573.50;0.00;0.00
3183;0;1662.50;9.50;1573.50;0.00;0.00
3184;0;3412.50;9.50;1577.50;0.00;0.00
3185;0;3557.50;9.50;1575.50;0.00;0.00
3186;0;4475.50;9.50;1571.50;0.00;0.00
3187;0;4813.50;9.50;1575.50;0.00;0.00
3188;0;923.50;9.50;1571.50;0.00;0.00
3189;0;1474.50;9.50;1575.50;0.00;0.00
3190;0;2870.50;9.50;1575.50;0.00;0.00
3191;0;2955.50;9.50;1576.50;0.00;0.00
3192;0;3007.50;9.50;1575.50;0.00;0.00
3193;0;3132.50;9.50;1576.50;0.00;0.00
3194;0;3234.50;9.50;1576.50;0.00;0.00
3195;0;3534.50;9.50;1574.50;0.00;0.00
3196;0;4082.50;9.50;1570.50;0.00;0.00
3197;0;4664.50;9.50;1571.50;0.00;0.00
3198;0;4780.50;9.50;1574.50;0.00;0.00
3199;0;4802.50;9.50;1574.50;0.00;0.00
3200;0;4824.50;9.50;1574.50;0.00;0.00
3201;0;4837.50;9.50;1574.50;0.00;0.00
3202;0;4917.50;9.50;1569.50;0.00;0.00
3203;0;1315.50;9.50;1571.50;0.00;0.00
3204;0;1746.50;9.50;1569.50;0.00;0.00
3205;0;2975.50;9.50;1575.50;0.00;0.00
3206;0;3024.50;9.50;1572.50;0.00;0.00
3207;0;3061.50;9.50;1575.50;0.00;0.00
3208;0;3091.50;9.50;1575.50;0.00;0.00
3209;0;3099.50;9.50;1576.50;0.00;0.00
3210;0;3151.50;9.50;1573.50;0.00;0.00
3211;0;3159.50;9.50;1574.50;0.00;0.00
3212;0;3425.50;9.50;1573.50;0.00;0.00
3213;0;3478.50;9.50;1576.50;0.00;0.00
3214;0;4340.50;9.50;1560.50;0.00;0.00
3215;0;4454.50;9.50;1561.50;0.00;0.00
3216;0;4679.50;9.50;1562.50;0.00;0.00
3217;0;4792.50;9.50;1573.50;0.00;0.00
3218;0;4897.50;9.50;1569.50;0.00;0.00
3219;0;4943.50;9.50;1560.50;0.00;0.00
3220;0;1000.50;9.50;1568.50;0.00;0.00
3221;0;1158.50;9.50;1564.50;0.00;0.00
3222;0;1636.50;9.50;1570.50;0.00;0.00
3223;0;2981.50;9.50;1575.50;0.00;0.00
3224;0;2998.50;9.50;1573.50;0.00;0.00
3225;0;3039.50;9.50;1574.50;0.00;0.00
3226;0;3116.50;9.50;1574.50;0.00;0.00
3227;0;4046.50;9.50;1568.50;0.00;0.00
3228;0;4535.50;9.50;1558.50;0.00;0.00
3229;0;905.50;9.50;1570.50;0.00;0.00
3230;0;1139.50;9.50;1564.50;0.00;0.00
3231;0;1345.50;9.50;1570.50;0.00;0.00
3232;0;2844.50;9.50;1572.50;0.00;0.00
3233;0;2894.50;9.50;1571.50;0.00;0.00
3234;0;2935.50;9.50;1573.50;0.00;0.00
3235;0;2946.50;9.50;1573.50;0.00;0.00
3236;0;2968.50;9.50;1572.50;0.00;0.00
3237;0;3053.50;9.50;1567.50;0.00;0.00
3238;0;3082.50;9.50;1573.50;0.00;0.00
3239;0;3184.50;9.50;1572.50;0.00;0.00
3240;0;3212.50;9.50;1572.50;0.00;0.00
3241;0;3247.50;9.50;1568.50;0.00;0.00
3242;0;4004.50;9.50;1566.50;0.00;0.00
3243;0;4026.50;9.50;1567.50;0.00;0.00
3244;0;4855.50;9.50;1570.50;0.00;0.00
3245;0;1105.50;9.50;1565.50;0.00;0.00
3246;0;1330.50;9.50;1566.50;0.00;0.00
3247;0;2834.50;9.50;1569.50;0.00;0.00
3248;0;2919.50;9.50;1573.50;0.00;0.00
3249;0;2928.50;9.50;1573.50;0.00;0.00
3250;0;3138.50;9.50;1571.50;0.00;0.00
3251;0;3447.50;9.50;1571.50;0.00;0.00
3252;0;3688.50;9.50;1563.50;0.00;0.00
3253;0;3807.50;9.50;1569.50;0.00;0.00
3254;0;4696.50;9.50;1565.50;0.00;0.00
3255;0;1591.50;9.50;1569.50;0.00;0.00
3256;0;1785.50;9.50;1565.50;0.00;0.00
3257;0;2851.50;9.50;1565.50;0.00;0.00
3258;0;2911.50;9.50;1570.50;0.00;0.00
3259;0;2960.50;9.50;1570.50;0.00;0.00
3260;0;3107.50;9.50;1572.50;0.00;0.00
3261;0;3521.50;9.50;1568.50;0.00;0.00
3262;0;3986.50;9.50;1560.50;0.00;0.00
3263;0;4642.50;9.50;1560.50;0.00;0.00
3264;0;1087.50;9.50;1563.50;0.00;0.00
3265;0;1406.50;9.50;1562.50;0.00;0.00
3266;0;1421.50;9.50;1565.50;0.00;0.00
3267;0;1694.50;9.50;1566.50;0.00;0.00
3268;0;1720.50;9.50;1564.50;0.00;0.00
3269;0;1858.50;9.50;1565.50;0.00;0.00
3270;0;2802.50;9.50;1568.50;0.00;0.00
3271;0;2880.50;9.50;1568.50;0.00;0.00
3272;0;2903.50;9.50;1570.50;0.00;0.00
3273;0;2943.50;9.50;1568.50;0.00;0.00
3274;0;2986.50;9.50;1569.50;0.00;0.00
3275;0;3171.50;9.50;1569.50;0.00;0.00
3276;0;3199.50;9.50;1569.50;0.00;0.00
3277;0;3226.50;9.50;1569.50;0.00;0.00
3278;0;3238.50;9.50;1569.50;0.00;0.00
3279;0;3279.50;9.50;1568.50;0.00;0.00
3280;0;3455.50;9.50;1569.50;0.00;0.00
3281;0;3669.50;9.50;1565.50;0.00;0.00
3282;0;3857.50;9.50;1563.50;0.00;0.00
3283;0;4173.50;9.50;1563.50;0.00;0.00
3284;0;4287.50;9.50;1561.50;0.00;0.00
3285;0;4742.50;9.50;1567.50;0.00;0.00
3286;0;4752.50;9.50;1570.50;0.00;0.00
3287;0;4770.50;9.50;1568.50;0.00;0.00
3288;0;882.50;9.50;1567.50;0.00;0.00
3289;0;1121.50;9.50;1563.50;0.00;0.00
3290;0;2861.50;9.50;1566.50;0.00;0.00
3291;0;3012.50;9.50;1566.50;0.00;0.00
3292;0;3350.50;9.50;1567.50;0.00;0.00
3293;0;3440.50;9.50;1570.50;0.00;0.00
3294;0;3491.50;9.50;1565.50;0.00;0.00
3295;0;3758.50;9.50;1560.50;0.00;0.00
3296;0;3839.50;9.50;1557.50;0.00;0.00
3297;0;4095.50;9.50;1564.50;0.00;0.00
3298;0;4585.50;9.50;1562.50;0.00;0.00
3299;0;4711.50;9.50;1564.50;0.00;0.00
3300;0;5163.50;9.50;1569.50;0.00;0.00
3301;0;1576.50;9.50;1567.50;0.00;0.00
3302;0;1678.50;9.50;1564.50;0.00;0.00
3303;0;2819.50;9.50;1566.50;0.00;0.00
3304;0;3098.50;9.50;1570.50;0.00;0.00
3305;0;3119.50;9.50;1567.50;0.00;0.00
3306;0;3128.50;9.50;1570.50;0.00;0.00
3307;0;3263.50;9.50;1565.50;0.00;0.00
3308;0;3478.50;9.50;1565.50;0.00;0.00
3309;0;3547.50;9.50;1558.50;0.00;0.00
3310;0;4555.50;9.50;1556.50;0.00;0.00
3311;0;4844.50;9.50;1566.50;0.00;0.00
3312;0;1024.50;9.50;1555.50;0.00;0.00
3313;0;1356.50;9.50;1563.50;0.00;0.00
3314;0;1371.50;9.50;1564.50;0.00;0.00
3315;0;1606.50;9.50;1561.50;0.00;0.00
3316;0;1770.50;9.50;1563.50;0.00;0.00
3317;0;2974.50;9.50;1568.50;0.00;0.00
3318;0;3207.50;9.50;1565.50;0.00;0.00
3319;0;3413.50;9.50;1565.50;0.00;0.00
3320;0;3428.50;9.50;1566.50;0.00;0.00
3321;0;4830.50;9.50;1565.50;0.00;0.00
3322;0;1050.50;9.50;1560.50;0.00;0.00
3323;0;1436.50;9.50;1561.50;0.00;0.00
3324;0;1820.50;9.50;1561.50;0.00;0.00
3325;0;2888.50;9.50;1564.50;0.00;0.00
3326;0;2951.50;9.50;1565.50;0.00;0.00
3327;0;3037.50;9.50;1562.50;0.00;0.00
3328;0;3178.50;9.50;1564.50;0.00;0.00
3329;0;3190.50;9.50;1563.50;0.00;0.00
3330;0;3435.50;9.50;1564.50;0.00;0.00
3331;0;3467.50;9.50;1566.50;0.00;0.00
3332;0;4728.50;9.50;1564.50;0.00;0.00
3333;0;4788.50;9.50;1563.50;0.00;0.00
3334;0;4809.50;9.50;1565.50;0.00;0.00
3335;0;4867.50;9.50;1563.50;0.00;0.00
3336;0;4879.50;9.50;1565.50;0.00;0.00
3337;0;949.50;9.50;1560.50;0.00;0.00
3338;0;965.50;9.50;1555.50;0.00;0.00
3339;0;981.50;9.50;1561.50;0.00;0.00
3340;0;2870.50;9.50;1562.50;0.00;0.00
3341;0;2935.50;9.50;1565.50;0.00;0.00
3342;0;2998.50;9.50;1564.50;0.00;0.00
3343;0;3065.50;9.50;1567.50;0.00;0.00
3344;0;3073.50;9.50;1563.50;0.00;0.00
3345;0;3082.50;9.50;1563.50;0.00;0.00
3346;0;3091.50;9.50;1564.50;0.00;0.00
3347;0;3110.50;9.50;1564.50;0.00;0.00
3348;0;3136.50;9.50;1565.50;0.00;0.00
3349;0;3146.50;9.50;1564.50;0.00;0.00
3350;0;3159.50;9.50;1566.50;0.00;0.00
3351;0;3360.50;9.50;1559.50;0.00;0.00
3352;0;3460.50;9.50;1562.50;0.00;0.00
3353;0;3506.50;9.50;1558.50;0.00;0.00
3354;0;3881.50;9.50;1560.50;0.00;0.00
3355;0;3916.50;9.50;1559.50;0.00;0.00
3356;0;3940.50;9.50;1560.50;0.00;0.00
3357;0;3958.50;9.50;1560.50;0.00;0.00
3358;0;4194.50;9.50;1559.50;0.00;0.00
3359;0;4311.50;9.50;1554.50;0.00;0.00
3360;0;1197.50;9.50;1559.50;0.00;0.00
3361;0;1223.50;9.50;1559.50;0.00;0.00
3362;0;1244.50;9.50;1558.50;0.00;0.00
3363;0;1271.50;9.50;1561.50;0.00;0.00
3364;0;1299.50;9.50;1555.50;0.00;0.00
3365;0;1389.50;9.50;1560.50;0.00;0.00
3366;0;1566.50;9.50;1564.50;0.00;0.00
3367;0;1734.50;9.50;1559.50;0.00;0.00
3368;0;2928.50;9.50;1565.50;0.00;0.00
3369;0;2968.50;9.50;1565.50;0.00;0.00
3370;0;2979.50;9.50;1564.50;0.00;0.00
3371;0;3062.50;9.50;1559.50;0.00;0.00
3372;0;3126.50;9.50;1565.50;0.00;0.00
3373;0;3772.50;9.50;1556.50;0.00;0.00
3374;0;4798.50;9.50;1563.50;0.00;0.00
3375;0;4819.50;9.50;1560.50;0.00;0.00
3376;0;1069.50;9.50;1558.50;0.00;0.00
3377;0;1491.50;9.50;1554.50;0.00;0.00
3378;0;1836.50;9.50;1558.50;0.00;0.00
3379;0;2900.50;9.50;1562.50;0.00;0.00
3380;0;3220.50;9.50;1562.50;0.00;0.00
3381;0;3235.50;9.50;1561.50;0.00;0.00
3382;0;3251.50;9.50;1561.50;0.00;0.00
3383;0;3334.50;9.50;1562.50;0.00;0.00
3384;0;3343.50;9.50;1560.50;0.00;0.00
3385;0;3534.50;9.50;1561.50;0.00;0.00
3386;0;3789.50;9.50;1556.50;0.00;0.00
3387;0;4058.50;9.50;1558.50;0.00;0.00
3388;0;4139.50;9.50;1557.50;0.00;0.00
3389;0;893.50;9.50;1557.50;0.00;0.00
3390;0;934.50;9.50;1557.50;0.00;0.00
3391;0;1659.50;9.50;1560.50;0.00;0.00
3392;0;1806.50;9.50;1551.50;0.00;0.00
3393;0;2842.50;9.50;1561.50;0.00;0.00
3394;0;2915.50;9.50;1561.50;0.00;0.00
3395;0;2960.50;9.50;1563.50;0.00;0.00
3396;0;2987.50;9.50;1561.50;0.00;0.00
3397;0;3101.50;9.50;1562.50;0.00;0.00
3398;0;3421.50;9.50;1560.50;0.00;0.00
3399;0;3448.50;9.50;1561.50;0.00;0.00
3400;0;3640.50;9.50;1551.50;0.00;0.00
3401;0;4907.50;9.50;1557.50;0.00;0.00
3402;0;2907.50;9.50;1556.50;0.00;0.00
3403;0;2922.50;9.50;1560.50;0.00;0.00
3404;0;2944.50;9.50;1560.50;0.00;0.00
3405;0;3212.50;9.50;1559.50;0.00;0.00
3406;0;3243.50;9.50;1560.50;0.00;0.00
3407;0;4071.50;9.50;1560.50;0.00;0.00
3408;0;4418.50;9.50;1553.50;0.00;0.00
3409;0;4856.50;9.50;1559.50;0.00;0.00
3410;0;916.50;9.50;1559.50;0.00;0.00
3411;0;1317.50;9.50;1556.50;0.00;0.00
3412;0;1591.50;9.50;1557.50;0.00;0.00
3413;0;1625.50;9.50;1556.50;0.00;0.00
3414;0;1638.50;9.50;1558.50;0.00;0.00
3415;0;2823.50;9.50;1556.50;0.00;0.00
3416;0;3123.50;9.50;1559.50;0.00;0.00
3417;0;3131.50;9.50;1560.50;0.00;0.00
3418;0;3165.50;9.50;1559.50;0.00;0.00
3419;0;3200.50;9.50;1559.50;0.00;0.00
3420;0;3227.50;9.50;1559.50;0.00;0.00
3421;0;3403.50;9.50;1555.50;0.00;0.00
3422;0;3815.50;9.50;1552.50;0.00;0.00
3423;0;4157.50;9.50;1556.50;0.00;0.00
3424;0;4211.50;9.50;1556.50;0.00;0.00
3425;0;4661.50;9.50;1553.50;0.00;0.00
3426;0;4719.50;9.50;1553.50;0.00;0.00
3427;0;4736.50;9.50;1558.50;0.00;0.00
3428;0;4748.50;9.50;1558.50;0.00;0.00
3429;0;905.50;9.50;1555.50;0.00;0.00
3430;0;1577.50;9.50;1557.50;0.00;0.00
3431;0;1753.50;9.50;1554.50;0.00;0.00
3432;0;2802.50;9.50;1554.50;0.00;0.00
3433;0;2831.50;9.50;1553.50;0.00;0.00
3434;0;2973.50;9.50;1559.50;0.00;0.00
3435;0;3115.50;9.50;1557.50;0.00;0.00
3436;0;3157.50;9.50;1555.50;0.00;0.00
3437;0;3720.50;9.50;1552.50;0.00;0.00
3438;0;3741.50;9.50;1549.50;0.00;0.00
3439;0;4477.50;9.50;1552.50;0.00;0.00
3440;0;4759.50;9.50;1554.50;0.00;0.00
3441;0;882.50;9.50;1554.50;0.00;0.00
3442;0;1008.50;9.50;1549.50;0.00;0.00
3443;0;1341.50;9.50;1553.50;0.00;0.00
3444;0;2856.50;9.50;1556.50;0.00;0.00
3445;0;2965.50;9.50;1559.50;0.00;0.00
3446;0;3005.50;9.50;1554.50;0.00;0.00
3447;0;3382.50;9.50;1558.50;0.00;0.00
3448;0;3440.50;9.50;1559.50;0.00;0.00
3449;0;3467.50;9.50;1558.50;0.00;0.00
3450;0;4232.50;9.50;1549.50;0.00;0.00
3451;0;4388.50;9.50;1548.50;0.00;0.00
3452;0;4768.50;9.50;1558.50;0.00;0.00
3453;0;4780.50;9.50;1556.50;0.00;0.00
3454;0;5041.50;9.50;1548.50;0.00;0.00
3455;0;5130.50;9.50;1556.50;0.00;0.00
3456;0;1504.50;9.50;1550.50;0.00;0.00
3457;0;2877.50;9.50;1555.50;0.00;0.00
3458;0;3051.50;9.50;1554.50;0.00;0.00
3459;0;3095.50;9.50;1556.50;0.00;0.00
3460;0;3140.50;9.50;1557.50;0.00;0.00
3461;0;3261.50;9.50;1555.50;0.00;0.00
3462;0;3275.50;9.50;1556.50;0.00;0.00
3463;0;3475.50;9.50;1557.50;0.00;0.00
3464;0;3484.50;9.50;1555.50;0.00;0.00
3465;0;3901.50;9.50;1544.50;0.00;0.00
3466;0;4042.50;9.50;1551.50;0.00;0.00
3467;0;1284.50;9.50;1547.50;0.00;0.00
3468;0;1713.50;9.50;1550.50;0.00;0.00
3469;0;2894.50;9.50;1555.50;0.00;0.00
3470;0;2935.50;9.50;1557.50;0.00;0.00
3471;0;2953.50;9.50;1555.50;0.00;0.00
3472;0;2981.50;9.50;1557.50;0.00;0.00
3473;0;2994.50;9.50;1556.50;0.00;0.00
3474;0;3077.50;9.50;1555.50;0.00;0.00
3475;0;3518.50;9.50;1550.50;0.00;0.00
3476;0;4598.50;9.50;1543.50;0.00;0.00
3477;0;4622.50;9.50;1550.50;0.00;0.00
3478;0;4842.50;9.50;1556.50;0.00;0.00
3479;0;993.50;9.50;1548.50;0.00;0.00
3480;0;1261.50;9.50;1548.50;0.00;0.00
3481;0;1700.50;9.50;1549.50;0.00;0.00
3482;0;2928.50;9.50;1555.50;0.00;0.00
3483;0;3147.50;9.50;1554.50;0.00;0.00
3484;0;3177.50;9.50;1555.50;0.00;0.00
3485;0;3187.50;9.50;1553.50;0.00;0.00
3486;0;3457.50;9.50;1553.50;0.00;0.00
3487;0;3495.50;9.50;1552.50;0.00;0.00
3488;0;3625.50;9.50;1553.50;0.00;0.00
3489;0;4025.50;9.50;1549.50;0.00;0.00
3490;0;4122.50;9.50;1546.50;0.00;0.00
3491;0;4810.50;9.50;1554.50;0.00;0.00
3492;0;4831.50;9.50;1553.50;0.00;0.00
3493;0;4879.50;9.50;1554.50;0.00;0.00
3494;0;1370.50;9.50;1553.50;0.00;0.00
3495;0;2960.50;9.50;1555.50;0.00;0.00
3496;0;3087.50;9.50;1552.50;0.00;0.00
3497;0;3128.50;9.50;1554.50;0.00;0.00
3498;0;3413.50;9.50;1552.50;0.00;0.00
3499;0;3663.50;9.50;1549.50;0.00;0.00
3500;0;3702.50;9.50;1549.50;0.00;0.00
3501;0;4086.50;9.50;1545.50;0.00;0.00
3502;0;4791.50;9.50;1553.50;0.00;0.00
3503;0;4799.50;9.50;1554.50;0.00;0.00
3504;0;1037.50;9.50;1543.50;0.00;0.00
3505;0;1357.50;9.50;1550.50;0.00;0.00
3506;0;1398.50;9.50;1548.50;0.00;0.00
3507;0;1420.50;9.50;1552.50;0.00;0.00
3508;0;1431.50;9.50;1550.50;0.00;0.00
3509;0;1546.50;9.50;1539.50;0.00;0.00
3510;0;3107.50;9.50;1552.50;0.00;0.00
3511;0;3218.50;9.50;1552.50;0.00;0.00
3512;0;3232.50;9.50;1554.50;0.00;0.00
3513;0;3349.50;9.50;1551.50;0.00;0.00
3514;0;3433.50;9.50;1553.50;0.00;0.00
3515;0;3445.50;9.50;1552.50;0.00;0.00
3516;0;3950.50;9.50;1547.50;0.00;0.00
3517;0;3996.50;9.50;1549.50;0.00;0.00
3518;0;4182.50;9.50;1547.50;0.00;0.00
3519;0;4926.50;9.50;1542.50;0.00;0.00
3520;0;923.50;9.50;1548.50;0.00;0.00
3521;0;1478.50;9.50;1545.50;0.00;0.00
3522;0;2811.50;9.50;1549.50;0.00;0.00
3523;0;2887.50;9.50;1549.50;0.00;0.00
3524;0;2918.50;9.50;1551.50;0.00;0.00
3525;0;2943.50;9.50;1553.50;0.00;0.00
3526;0;3862.50;9.50;1546.50;0.00;0.00
3527;0;4010.50;9.50;1544.50;0.00;0.00
3528;0;4446.50;9.50;1539.50;0.00;0.00
3529;0;4517.50;9.50;1543.50;0.00;0.00
3530;0;4860.50;9.50;1549.50;0.00;0.00
3531;0;4890.50;9.50;1550.50;0.00;0.00
3532;0;1211.50;9.50;1545.50;0.00;0.00
3533;0;1384.50;9.50;1547.50;0.00;0.00
3534;0;1584.50;9.50;1550.50;0.00;0.00
3535;0;1600.50;9.50;1548.50;0.00;0.00
3536;0;1615.50;9.50;1548.50;0.00;0.00
3537;0;2845.50;9.50;1548.50;0.00;0.00
3538;0;2899.50;9.50;1549.50;0.00;0.00
3539;0;2972.50;9.50;1551.50;0.00;0.00
3540;0;3066.50;9.50;1549.50;0.00;0.00
3541;0;3122.50;9.50;1551.50;0.00;0.00
3542;0;3170.50;9.50;1552.50;0.00;0.00
3543;0;3198.50;9.50;1550.50;0.00;0.00
3544;0;3209.50;9.50;1550.50;0.00;0.00
3545;0;3242.50;9.50;1552.50;0.00;0.00
3546;0;3251.50;9.50;1551.50;0.00;0.00
3547;0;4570.50;9.50;1546.50;0.00;0.00
3548;0;4732.50;9.50;1548.50;0.00;0.00
3549;0;4851.50;9.50;1550.50;0.00;0.00
3550;0;1090.50;9.50;1549.50;0.00;0.00
3551;0;1103.50;9.50;1545.50;0.00;0.00
3552;0;1118.50;9.50;1547.50;0.00;0.00
3553;0;1130.50;9.50;1534.50;0.00;0.00
3554;0;1148.50;9.50;1545.50;0.00;0.00
3555;0;1170.50;9.50;1547.50;0.00;0.00
3556;0;1574.50;9.50;1548.50;0.00;0.00
3557;0;1639.50;9.50;1546.50;0.00;0.00
3558;0;1650.50;9.50;1549.50;0.00;0.00
3559;0;1662.50;9.50;1549.50;0.00;0.00
3560;0;1674.50;9.50;1549.50;0.00;0.00
3561;0;1688.50;9.50;1550.50;0.00;0.00
3562;0;2981.50;9.50;1549.50;0.00;0.00
3563;0;3135.50;9.50;1550.50;0.00;0.00
3564;0;3536.50;9.50;1547.50;0.00;0.00
3565;0;3931.50;9.50;1544.50;0.00;0.00
3566;0;3975.50;9.50;1546.50;0.00;0.00
3567;0;4167.50;9.50;1544.50;0.00;0.00
3568;0;4261.50;9.50;1541.50;0.00;0.00
3569;0;4696.50;9.50;1546.50;0.00;0.00
3570;0;4769.50;9.50;1550.50;0.00;0.00
3571;0;4819.50;9.50;1550.50;0.00;0.00
3572;0;4871.50;9.50;1548.50;0.00;0.00
3573;0;1442.50;9.50;1543.50;0.00;0.00
3574;0;1791.50;9.50;1542.50;0.00;0.00
3575;0;2869.50;9.50;1546.50;0.00;0.00
3576;0;2990.50;9.50;1548.50;0.00;0.00
3577;0;3099.50;9.50;1547.50;0.00;0.00
3578;0;3428.50;9.50;1545.50;0.00;0.00
3579;0;3470.50;9.50;1550.50;0.00;0.00
3580;0;3680.50;9.50;1543.50;0.00;0.00
3581;0;3799.50;9.50;1542.50;0.00;0.00
3582;0;4200.50;9.50;1544.50;0.00;0.00
3583;0;4286.50;9.50;1538.50;0.00;0.00
3584;0;4360.50;9.50;1533.50;0.00;0.00
3585;0;4710.50;9.50;1546.50;0.00;0.00
3586;0;4746.50;9.50;1548.50;0.00;0.00
3587;0;4785.50;9.50;1548.50;0.00;0.00
3588;0;4903.50;9.50;1544.50;0.00;0.00
3589;0;1411.50;9.50;1544.50;0.00;0.00
3590;0;1728.50;9.50;1544.50;0.00;0.00
3591;0;2908.50;9.50;1547.50;0.00;0.00
3592;0;2931.50;9.50;1546.50;0.00;0.00
3593;0;2948.50;9.50;1547.50;0.00;0.00
3594;0;2956.50;9.50;1548.50;0.00;0.00
3595;0;3115.50;9.50;1547.50;0.00;0.00
3596;0;3179.50;9.50;1547.50;0.00;0.00
3597;0;3235.50;9.50;1546.50;0.00;0.00
3598;0;3758.50;9.50;1539.50;0.00;0.00
3599;0;4680.50;9.50;1542.50;0.00;0.00
3600;0;2859.50;9.50;1544.50;0.00;0.00
3601;0;2879.50;9.50;1545.50;0.00;0.00
3602;0;2965.50;9.50;1547.50;0.00;0.00
3603;0;3152.50;9.50;1547.50;0.00;0.00
3604;0;3225.50;9.50;1547.50;0.00;0.00
3605;0;3261.50;9.50;1546.50;0.00;0.00
3606;0;3506.50;9.50;1545.50;0.00;0.00
3607;0;894.50;9.50;1543.50;0.00;0.00
3608;0;908.50;9.50;1543.50;0.00;0.00
3609;0;975.50;9.50;1538.50;0.00;0.00
3610;0;1071.50;9.50;1539.50;0.00;0.00
3611;0;1237.50;9.50;1538.50;0.00;0.00
3612;0;2822.50;9.50;1545.50;0.00;0.00
3613;0;3057.50;9.50;1544.50;0.00;0.00
3614;0;3080.50;9.50;1545.50;0.00;0.00
3615;0;3144.50;9.50;1544.50;0.00;0.00
3616;0;3164.50;9.50;1543.50;0.00;0.00
3617;0;3840.50;9.50;1539.50;0.00;0.00
3618;0;3886.50;9.50;1544.50;0.00;0.00
3619;0;4104.50;9.50;1532.50;0.00;0.00
3620;0;4646.50;9.50;1539.50;0.00;0.00
3621;0;4776.50;9.50;1543.50;0.00;0.00
3622;0;4796.50;9.50;1546.50;0.00;0.00
3623;0;937.50;9.50;1539.50;0.00;0.00
3624;0;1333.50;9.50;1539.50;0.00;0.00
3625;0;2835.50;9.50;1541.50;0.00;0.00
3626;0;2997.50;9.50;1545.50;0.00;0.00
3627;0;3005.50;9.50;1544.50;0.00;0.00
3628;0;3463.50;9.50;1543.50;0.00;0.00
3629;0;4331.50;9.50;1533.50;0.00;0.00
3630;0;4472.50;9.50;1534.50;0.00;0.00
3631;0;4583.50;9.50;1536.50;0.00;0.00
3632;0;4756.50;9.50;1543.50;0.00;0.00
3633;0;4807.50;9.50;1543.50;0.00;0.00
3634;0;880.50;9.50;1541.50;0.00;0.00
3635;0;956.50;9.50;1538.50;0.00;0.00
3636;0;1084.50;9.50;1540.50;0.00;0.00
3637;0;1589.50;9.50;1543.50;0.00;0.00
3638;0;1682.50;9.50;1542.50;0.00;0.00
3639;0;3127.50;9.50;1544.50;0.00;0.00
3640;0;3192.50;9.50;1544.50;0.00;0.00
3641;0;3245.50;9.50;1545.50;0.00;0.00
3642;0;3485.50;9.50;1545.50;0.00;0.00
3643;0;4142.50;9.50;1539.50;0.00;0.00
3644;0;4216.50;9.50;1541.50;0.00;0.00
3645;0;4544.50;9.50;1536.50;0.00;0.00
3646;0;4834.50;9.50;1541.50;0.00;0.00
3647;0;5059.50;9.50;1538.50;0.00;0.00
3648;0;1053.50;9.50;1534.50;0.00;0.00
3649;0;1315.50;9.50;1540.50;0.00;0.00
3650;0;1350.50;9.50;1539.50;0.00;0.00
3651;0;1371.50;9.50;1539.50;0.00;0.00
3652;0;1496.50;9.50;1539.50;0.00;0.00
3653;0;1560.50;9.50;1539.50;0.00;0.00
3654;0;2799.50;9.50;1538.50;0.00;0.00
3655;0;2893.50;9.50;1542.50;0.00;0.00
3656;0;2923.50;9.50;1541.50;0.00;0.00
3657;0;2941.50;9.50;1541.50;0.00;0.00
3658;0;2973.50;9.50;1544.50;0.00;0.00
3659;0;3094.50;9.50;1540.50;0.00;0.00
3660;0;3205.50;9.50;1543.50;0.00;0.00
3661;0;3434.50;9.50;1539.50;0.00;0.00
3662;0;3445.50;9.50;1539.50;0.00;0.00
3663;0;3650.50;9.50;1537.50;0.00;0.00
3664;0;4728.50;9.50;1538.50;0.00;0.00
3665;0;4766.50;9.50;1541.50;0.00;0.00
3666;0;4822.50;9.50;1537.50;0.00;0.00
3667;0;5103.50;9.50;1545.50;0.00;0.00
3668;0;1019.50;9.50;1535.50;0.00;0.00
3669;0;1180.50;9.50;1533.50;0.00;0.00
3670;0;1470.50;9.50;1537.50;0.00;0.00
3671;0;1631.50;9.50;1539.50;0.00;0.00
3672;0;2808.50;9.50;1539.50;0.00;0.00
3673;0;2913.50;9.50;1540.50;0.00;0.00
3674;0;3071.50;9.50;1541.50;0.00;0.00
3675;0;3184.50;9.50;1541.50;0.00;0.00
3676;0;3218.50;9.50;1543.50;0.00;0.00
3677;0;3472.50;9.50;1541.50;0.00;0.00
3678;0;3495.50;9.50;1542.50;0.00;0.00
3679;0;3552.50;9.50;1536.50;0.00;0.00
3680;0;3728.50;9.50;1538.50;0.00;0.00
3681;0;4612.50;9.50;1532.50;0.00;0.00
3682;0;4738.50;9.50;1540.50;0.00;0.00
3683;0;4852.50;9.50;1542.50;0.00;0.00
3684;0;2986.50;9.50;1541.50;0.00;0.00
3685;0;3198.50;9.50;1540.50;0.00;0.00
3686;0;3212.50;9.50;1538.50;0.00;0.00
3687;0;3916.50;9.50;1535.50;0.00;0.00
3688;0;3968.50;9.50;1533.50;0.00;0.00
3689;0;4421.50;9.50;1526.50;0.00;0.00
3690;0;4495.50;9.50;1525.50;0.00;0.00
3691;0;4718.50;9.50;1538.50;0.00;0.00
3692;0;4877.50;9.50;1538.50;0.00;0.00
3693;0;1163.50;9.50;1533.50;0.00;0.00
3694;0;1197.50;9.50;1533.50;0.00;0.00
3695;0;1300.50;9.50;1537.50;0.00;0.00
3696;0;1438.50;9.50;1536.50;0.00;0.00
3697;0;1573.50;9.50;1539.50;0.00;0.00
3698;0;1655.50;9.50;1538.50;0.00;0.00
3699;0;1691.50;9.50;1535.50;0.00;0.00
3700;0;3085.50;9.50;1539.50;0.00;0.00
3701;0;3112.50;9.50;1538.50;0.00;0.00
3702;0;3257.50;9.50;1540.50;0.00;0.00
3703;0;3632.50;9.50;1532.50;0.00;0.00
3704;0;4664.50;9.50;1534.50;0.00;0.00
3705;0;4788.50;9.50;1540.50;0.00;0.00
3706;0;4891.50;9.50;1538.50;0.00;0.00
3707;0;5084.50;9.50;1530.50;0.00;0.00
3708;0;1484.50;9.50;1535.50;0.00;0.00
3709;0;1644.50;9.50;1537.50;0.00;0.00
3710;0;1701.50;9.50;1537.50;0.00;0.00
3711;0;1712.50;9.50;1537.50;0.00;0.00
3712;0;2979.50;9.50;1537.50;0.00;0.00
3713;0;3150.50;9.50;1538.50;0.00;0.00
3714;0;4036.50;9.50;1533.50;0.00;0.00
3715;0;4862.50;9.50;1538.50;0.00;0.00
3716;0;1003.50;9.50;1534.50;0.00;0.00
3717;0;1095.50;9.50;1532.50;0.00;0.00
3718;0;1256.50;9.50;1532.50;0.00;0.00
3719;0;2851.50;9.50;1535.50;0.00;0.00
3720;0;2993.50;9.50;1536.50;0.00;0.00
3721;0;3010.50;9.50;1538.50;0.00;0.00
3722;0;3132.50;9.50;1536.50;0.00;0.00
3723;0;3171.50;9.50;1535.50;0.00;0.00
3724;0;3235.50;9.50;1538.50;0.00;0.00
3725;0;3704.50;9.50;1534.50;0.00;0.00
3726;0;3986.50;9.50;1531.50;0.00;0.00
3727;0;4052.50;9.50;1532.50;0.00;0.00
3728;0;4069.50;9.50;1531.50;0.00;0.00
3729;0;4190.50;9.50;1533.50;0.00;0.00
3730;0;4238.50;9.50;1529.50;0.00;0.00
3731;0;917.50;9.50;1534.50;0.00;0.00
3732;0;1220.50;9.50;1531.50;0.00;0.00
3733;0;1427.50;9.50;1537.50;0.00;0.00
3734;0;1674.50;9.50;1535.50;0.00;0.00
3735;0;2874.50;9.50;1536.50;0.00;0.00
3736;0;2886.50;9.50;1535.50;0.00;0.00
3737;0;3066.50;9.50;1536.50;0.00;0.00
3738;0;3103.50;9.50;1537.50;0.00;0.00
3739;0;3242.50;9.50;1539.50;0.00;0.00
3740;0;3457.50;9.50;1535.50;0.00;0.00
3741;0;3777.50;9.50;1526.50;0.00;0.00
3742;0;4022.50;9.50;1534.50;0.00;0.00
3743;0;4305.50;9.50;1523.50;0.00;0.00
3744;0;4797.50;9.50;1537.50;0.00;0.00
3745;0;5047.50;9.50;1533.50;0.00;0.00
3746;0;5071.50;9.50;1530.50;0.00;0.00
3747;0;990.50;9.50;1533.50;0.00;0.00
3748;0;1281.50;9.50;1530.50;0.00;0.00
3749;0;1394.50;9.50;1535.50;0.00;0.00
3750;0;1662.50;9.50;1532.50;0.00;0.00
3751;0;2900.50;9.50;1533.50;0.00;0.00
3752;0;3077.50;9.50;1536.50;0.00;0.00
3753;0;3123.50;9.50;1535.50;0.00;0.00
3754;0;3228.50;9.50;1537.50;0.00;0.00
3755;0;3467.50;9.50;1534.50;0.00;0.00
3756;0;3684.50;9.50;1526.50;0.00;0.00
3757;0;3858.50;9.50;1527.50;0.00;0.00
3758;0;4000.50;9.50;1535.50;0.00;0.00
3759;0;4395.50;9.50;1526.50;0.00;0.00
3760;0;4857.50;9.50;1528.50;0.00;0.00
3761;0;1415.50;9.50;1533.50;0.00;0.00
3762;0;1517.50;9.50;1534.50;0.00;0.00
3763;0;2824.50;9.50;1534.50;0.00;0.00
3764;0;2920.50;9.50;1533.50;0.00;0.00
3765;0;2931.50;9.50;1535.50;0.00;0.00
3766;0;3255.50;9.50;1533.50;0.00;0.00
3767;0;3476.50;9.50;1534.50;0.00;0.00
3768;0;3504.50;9.50;1534.50;0.00;0.00
3769;0;3526.50;9.50;1533.50;0.00;0.00
3770;0;3538.50;9.50;1533.50;0.00;0.00
3771;0;3741.50;9.50;1532.50;0.00;0.00
3772;0;3950.50;9.50;1533.50;0.00;0.00
3773;0;4156.50;9.50;1529.50;0.00;0.00
3774;0;4175.50;9.50;1530.50;0.00;0.00
3775;0;4742.50;9.50;1534.50;0.00;0.00
3776;0;4751.50;9.50;1535.50;0.00;0.00
3777;0;4844.50;9.50;1530.50;0.00;0.00
3778;0;5035.50;9.50;1527.50;0.00;0.00
3779;0;3016.50;9.50;1531.50;0.00;0.00
3780;0;3142.50;9.50;1534.50;0.00;0.00
3781;0;3240.50;9.50;1534.50;0.00;0.00
3782;0;3486.50;9.50;1531.50;0.00;0.00
3783;0;3495.50;9.50;1528.50;0.00;0.00
3784;0;4568.50;9.50;1528.50;0.00;0.00
3785;0;4778.50;9.50;1533.50;0.00;0.00
3786;0;4811.50;9.50;1532.50;0.00;0.00
3787;0;4907.50;9.50;1529.50;0.00;0.00
3788;0;888.50;9.50;1529.50;0.00;0.00
3789;0;2866.50;9.50;1531.50;0.00;0.00
3790;0;2999.50;9.50;1532.50;0.00;0.00
3791;0;3182.50;9.50;1530.50;0.00;0.00
3792;0;3221.50;9.50;1533.50;0.00;0.00
3793;0;3247.50;9.50;1532.50;0.00;0.00
3794;0;3937.50;9.50;1528.50;0.00;0.00
3795;0;4695.50;9.50;1531.50;0.00;0.00
3796;0;4709.50;9.50;1532.50;0.00;0.00
3797;0;4734.50;9.50;1532.50;0.00;0.00
3798;0;903.50;9.50;1528.50;0.00;0.00
3799;0;2688.50;9.50;1524.50;0.00;0.00
3800;0;2839.50;9.50;1528.50;0.00;0.00
3801;0;3094.50;9.50;1531.50;0.00;0.00
3802;0;3193.50;9.50;1531.50;0.00;0.00
3803;0;3203.50;9.50;1531.50;0.00;0.00
3804;0;3515.50;9.50;1532.50;0.00;0.00
3805;0;3895.50;9.50;1529.50;0.00;0.00
3806;0;4010.50;9.50;1528.50;0.00;0.00
3807;0;4526.50;9.50;1524.50;0.00;0.00
3808;0;4829.50;9.50;1528.50;0.00;0.00
3809;0;1424.50;9.50;1528.50;0.00;0.00
3810;0;2700.50;9.50;1529.50;0.00;0.00
3811;0;2911.50;9.50;1529.50;0.00;0.00
3812;0;3154.50;9.50;1529.50;0.00;0.00
3813;0;3165.50;9.50;1527.50;0.00;0.00
3814;0;3665.50;9.50;1523.50;0.00;0.00
3815;0;3830.50;9.50;1525.50;0.00;0.00
3816;0;4214.50;9.50;1526.50;0.00;0.00
3817;0;4722.50;9.50;1529.50;0.00;0.00
3818;0;4766.50;9.50;1530.50;0.00;0.00
3819;0;4788.50;9.50;1530.50;0.00;0.00
3820;0;1112.50;9.50;1523.50;0.00;0.00
3821;0;1503.50;9.50;1528.50;0.00;0.00
3822;0;1565.50;9.50;1526.50;0.00;0.00
3823;0;1636.50;9.50;1526.50;0.00;0.00
3824;0;2728.50;9.50;1528.50;0.00;0.00
3825;0;2818.50;9.50;1524.50;0.00;0.00
3826;0;2984.50;9.50;1530.50;0.00;0.00
3827;0;3006.50;9.50;1529.50;0.00;0.00
3828;0;3026.50;9.50;1527.50;0.00;0.00
3829;0;3114.50;9.50;1529.50;0.00;0.00
3830;0;3127.50;9.50;1530.50;0.00;0.00
3831;0;3212.50;9.50;1530.50;0.00;0.00
3832;0;3234.50;9.50;1530.50;0.00;0.00
3833;0;925.50;9.50;1523.50;0.00;0.00
3834;0;1542.50;9.50;1524.50;0.00;0.00
3835;0;1555.50;9.50;1525.50;0.00;0.00
3836;0;1625.50;9.50;1527.50;0.00;0.00
3837;0;2714.50;9.50;1528.50;0.00;0.00
3838;0;2807.50;9.50;1527.50;0.00;0.00
3839;0;3075.50;9.50;1529.50;0.00;0.00
3840;0;3082.50;9.50;1528.50;0.00;0.00
3841;0;3135.50;9.50;1529.50;0.00;0.00
3842;0;3227.50;9.50;1529.50;0.00;0.00
3843;0;3715.50;9.50;1522.50;0.00;0.00
3844;0;3811.50;9.50;1523.50;0.00;0.00
3845;0;3924.50;9.50;1524.50;0.00;0.00
3846;0;4274.50;9.50;1521.50;0.00;0.00
3847;0;4596.50;9.50;1524.50;0.00;0.00
3848;0;4801.50;9.50;1528.50;0.00;0.00
3849;0;4873.50;9.50;1528.50;0.00;0.00
3850;0;4891.50;9.50;1527.50;0.00;0.00
3851;0;1472.50;9.50;1527.50;0.00;0.00
3852;0;1492.50;9.50;1526.50;0.00;0.00
3853;0;1647.50;9.50;1526.50;0.00;0.00
3854;0;1688.50;9.50;1525.50;0.00;0.00
3855;0;2797.50;9.50;1528.50;0.00;0.00
3856;0;3106.50;9.50;1528.50;0.00;0.00
3857;0;3451.50;9.50;1528.50;0.00;0.00
3858;0;3795.50;9.50;1510.50;0.00;0.00
3859;0;3883.50;9.50;1523.50;0.00;0.00
3860;0;1042.50;9.50;1521.50;0.00;0.00
3861;0;1313.50;9.50;1521.50;0.00;0.00
3862;0;1327.50;9.50;1526.50;0.00;0.00
3863;0;1354.50;9.50;1526.50;0.00;0.00
3864;0;1374.50;9.50;1526.50;0.00;0.00
3865;0;1385.50;9.50;1520.50;0.00;0.00
3866;0;1699.50;9.50;1526.50;0.00;0.00
3867;0;2757.50;9.50;1528.50;0.00;0.00
3868;0;2992.50;9.50;1527.50;0.00;0.00
3869;0;3120.50;9.50;1527.50;0.00;0.00
3870;0;3548.50;9.50;1526.50;0.00;0.00
3871;0;4754.50;9.50;1526.50;0.00;0.00
3872;0;877.50;9.50;1519.50;0.00;0.00
3873;0;1409.50;9.50;1522.50;0.00;0.00
3874;0;1437.50;9.50;1526.50;0.00;0.00
3875;0;1520.50;9.50;1524.50;0.00;0.00
3876;0;1657.50;9.50;1525.50;0.00;0.00
3877;0;1674.50;9.50;1525.50;0.00;0.00
3878;0;2748.50;9.50;1527.50;0.00;0.00
3879;0;2772.50;9.50;1527.50;0.00;0.00
3880;0;2786.50;9.50;1526.50;0.00;0.00
3881;0;2829.50;9.50;1525.50;0.00;0.00
3882;0;2851.50;9.50;1525.50;0.00;0.00
3883;0;3089.50;9.50;1524.50;0.00;0.00
3884;0;3240.50;9.50;1527.50;0.00;0.00
3885;0;3250.50;9.50;1525.50;0.00;0.00
3886;0;3505.50;9.50;1524.50;0.00;0.00
3887;0;3728.50;9.50;1525.50;0.00;0.00
3888;0;3747.50;9.50;1520.50;0.00;0.00
3889;0;3907.50;9.50;1521.50;0.00;0.00
3890;0;3959.50;9.50;1523.50;0.00;0.00
3891;0;4134.50;9.50;1515.50;0.00;0.00
3892;0;4630.50;9.50;1520.50;0.00;0.00
3893;0;4683.50;9.50;1523.50;0.00;0.00
3894;0;4744.50;9.50;1527.50;0.00;0.00
3895;0;5059.50;9.50;1523.50;0.00;0.00
3896;0;976.50;9.50;1520.50;0.00;0.00
3897;0;1026.50;9.50;1518.50;0.00;0.00
3898;0;1480.50;9.50;1523.50;0.00;0.00
3899;0;1587.50;9.50;1524.50;0.00;0.00
3900;0;2678.50;9.50;1523.50;0.00;0.00
3901;0;3463.50;9.50;1524.50;0.00;0.00
3902;0;3518.50;9.50;1524.50;0.00;0.00
3903;0;3556.50;9.50;1520.50;0.00;0.00
3904;0;3648.50;9.50;1520.50;0.00;0.00
3905;0;4086.50;9.50;1515.50;0.00;0.00
3906;0;4197.50;9.50;1517.50;0.00;0.00
3907;0;4254.50;9.50;1514.50;0.00;0.00
3908;0;4580.50;9.50;1522.50;0.00;0.00
3909;0;4774.50;9.50;1524.50;0.00;0.00
3910;0;5023.50;9.50;1520.50;0.00;0.00
3911;0;957.50;9.50;1517.50;0.00;0.00
3912;0;1072.50;9.50;1520.50;0.00;0.00
3913;0;1088.50;9.50;1518.50;0.00;0.00
3914;0;1149.50;9.50;1518.50;0.00;0.00
3915;0;1172.50;9.50;1520.50;0.00;0.00
3916;0;1398.50;9.50;1523.50;0.00;0.00
3917;0;1594.50;9.50;1515.50;0.00;0.00
3918;0;1608.50;9.50;1523.50;0.00;0.00
3919;0;1665.50;9.50;1521.50;0.00;0.00
3920;0;2859.50;9.50;1520.50;0.00;0.00
3921;0;2999.50;9.50;1525.50;0.00;0.00
3922;0;3142.50;9.50;1524.50;0.00;0.00
3923;0;3221.50;9.50;1524.50;0.00;0.00
3924;0;3527.50;9.50;1524.50;0.00;0.00
3925;0;3699.50;9.50;1520.50;0.00;0.00
3926;0;3761.50;9.50;1516.50;0.00;0.00
3927;0;4446.50;9.50;1516.50;0.00;0.00
3928;0;4469.50;9.50;1517.50;0.00;0.00
3929;0;4552.50;9.50;1518.50;0.00;0.00
3930;0;4645.50;9.50;1522.50;0.00;0.00
3931;0;4704.50;9.50;1523.50;0.00;0.00
3932;0;4728.50;9.50;1524.50;0.00;0.00
3933;0;4737.50;9.50;1524.50;0.00;0.00
3934;0;4783.50;9.50;1522.50;0.00;0.00
3935;0;939.50;9.50;1516.50;0.00;0.00
3936;0;1430.50;9.50;1521.50;0.00;0.00
3937;0;1509.50;9.50;1521.50;0.00;0.00
3938;0;1619.50;9.50;1520.50;0.00;0.00
3939;0;2774.50;9.50;1520.50;0.00;0.00
3940;0;3098.50;9.50;1523.50;0.00;0.00
3941;0;3129.50;9.50;1524.50;0.00;0.00
3942;0;3197.50;9.50;1524.50;0.00;0.00
3943;0;3477.50;9.50;1519.50;0.00;0.00
3944;0;3535.50;9.50;1522.50;0.00;0.00
3945;0;3971.50;9.50;1520.50;0.00;0.00
3946;0;3984.50;9.50;1518.50;0.00;0.00
3947;0;4163.50;9.50;1514.50;0.00;0.00
3948;0;4669.50;9.50;1518.50;0.00;0.00
3949;0;4717.50;9.50;1522.50;0.00;0.00
3950;0;4794.50;9.50;1521.50;0.00;0.00
3951;0;1009.50;9.50;1516.50;0.00;0.00
3952;0;1057.50;9.50;1516.50;0.00;0.00
3953;0;1364.50;9.50;1518.50;0.00;0.00
3954;0;1419.50;9.50;1521.50;0.00;0.00
3955;0;2734.50;9.50;1520.50;0.00;0.00
3956;0;3211.50;9.50;1521.50;0.00;0.00
3957;0;3229.50;9.50;1521.50;0.00;0.00
3958;0;3487.50;9.50;1521.50;0.00;0.00
3959;0;4820.50;9.50;1518.50;0.00;0.00
3960;0;2761.50;9.50;1520.50;0.00;0.00
3961;0;2989.50;9.50;1521.50;0.00;0.00
3962;0;3153.50;9.50;1520.50;0.00;0.00
3963;0;3177.50;9.50;1521.50;0.00;0.00
3964;0;4112.50;9.50;1512.50;0.00;0.00
3965;0;4747.50;9.50;1520.50;0.00;0.00
3966;0;4762.50;9.50;1518.50;0.00;0.00
3967;0;4769.50;9.50;1518.50;0.00;0.00
3968;0;4808.50;9.50;1519.50;0.00;0.00
3969;0;912.50;9.50;1515.50;0.00;0.00
3970;0;992.50;9.50;1516.50;0.00;0.00
3971;0;1531.50;9.50;1517.50;0.00;0.00
3972;0;2961.50;9.50;1515.50;0.00;0.00
3973;0;3007.50;9.50;1520.50;0.00;0.00
3974;0;3018.50;9.50;1517.50;0.00;0.00
3975;0;3108.50;9.50;1519.50;0.00;0.00
3976;0;3123.50;9.50;1521.50;0.00;0.00
3977;0;3188.50;9.50;1520.50;0.00;0.00
3978;0;3203.50;9.50;1517.50;0.00;0.00
3979;0;3238.50;9.50;1520.50;0.00;0.00
3980;0;3246.50;9.50;1520.50;0.00;0.00
3981;0;4224.50;9.50;1512.50;0.00;0.00
3982;0;4833.50;9.50;1517.50;0.00;0.00
3983;0;4850.50;9.50;1518.50;0.00;0.00
3984;0;4861.50;9.50;1518.50;0.00;0.00
3985;0;5046.50;9.50;1518.50;0.00;0.00
3986;0;894.50;9.50;1515.50;0.00;0.00
3987;0;1196.50;9.50;1515.50;0.00;0.00
3988;0;1220.50;9.50;1510.50;0.00;0.00
3989;0;1246.50;9.50;1515.50;0.00;0.00
3990;0;1266.50;9.50;1513.50;0.00;0.00
3991;0;1349.50;9.50;1515.50;0.00;0.00
3992;0;1498.50;9.50;1517.50;0.00;0.00
3993;0;2698.50;9.50;1519.50;0.00;0.00
3994;0;2715.50;9.50;1517.50;0.00;0.00
3995;0;2725.50;9.50;1518.50;0.00;0.00
3996;0;2744.50;9.50;1518.50;0.00;0.00
3997;0;2783.50;9.50;1519.50;0.00;0.00
3998;0;2794.50;9.50;1518.50;0.00;0.00
3999;0;2848.50;9.50;1518.50;0.00;0.00
4000;0;3031.50;9.50;1515.50;0.00;0.00
4001;0;3134.50;9.50;1520.50;0.00;0.00
4002;0;3162.50;9.50;1518.50;0.00;0.00
4003;0;3841.50;9.50;1512.50;0.00;0.00
4004;0;3875.50;9.50;1513.50;0.00;0.00
4005;0;4003.50;9.50;1520.50;0.00;0.00
4006;0;4289.50;9.50;1509.50;0.00;0.00
4007;0;4566.50;9.50;1516.50;0.00;0.00
4008;0;4616.50;9.50;1516.50;0.00;0.00
4009;0;4755.50;9.50;1519.50;0.00;0.00
4010;0;5008.50;9.50;1516.50;0.00;0.00
4011;0;1293.50;9.50;1515.50;0.00;0.00
4012;0;1702.50;9.50;1515.50;0.00;0.00
4013;0;2995.50;9.50;1517.50;0.00;0.00
4014;0;3496.50;9.50;1517.50;0.00;0.00
4015;0;3863.50;9.50;1513.50;0.00;0.00
4016;0;4038.50;9.50;1505.50;0.00;0.00
4017;0;4053.50;9.50;1512.50;0.00;0.00
4018;0;1123.50;9.50;1504.50;0.00;0.00
4019;0;1330.50;9.50;1514.50;0.00;0.00
4020;0;1486.50;9.50;1515.50;0.00;0.00
4021;0;1644.50;9.50;1516.50;0.00;0.00
4022;0;2807.50;9.50;1515.50;0.00;0.00
4023;0;2840.50;9.50;1517.50;0.00;0.00
4024;0;3537.50;9.50;1513.50;0.00;0.00
4025;0;3895.50;9.50;1515.50;0.00;0.00
4026;0;3939.50;9.50;1516.50;0.00;0.00
4027;0;4695.50;9.50;1515.50;0.00;0.00
4028;0;4737.50;9.50;1514.50;0.00;0.00
4029;0;1181.50;9.50;1510.50;0.00;0.00
4030;0;1605.50;9.50;1514.50;0.00;0.00
4031;0;1627.50;9.50;1514.50;0.00;0.00
4032;0;1653.50;9.50;1514.50;0.00;0.00
4033;0;1672.50;9.50;1517.50;0.00;0.00
4034;0;2682.50;9.50;1514.50;0.00;0.00
4035;0;2832.50;9.50;1514.50;0.00;0.00
4036;0;3116.50;9.50;1517.50;0.00;0.00
4037;0;3145.50;9.50;1514.50;0.00;0.00
4038;0;3183.50;9.50;1514.50;0.00;0.00
4039;0;3219.50;9.50;1515.50;0.00;0.00
4040;0;3513.50;9.50;1515.50;0.00;0.00
4041;0;3729.50;9.50;1512.50;0.00;0.00
4042;0;3915.50;9.50;1514.50;0.00;0.00
4043;0;3953.50;9.50;1514.50;0.00;0.00
4044;0;4179.50;9.50;1509.50;0.00;0.00
4045;0;1282.50;9.50;1505.50;0.00;0.00
4046;0;1581.50;9.50;1513.50;0.00;0.00
4047;0;1635.50;9.50;1516.50;0.00;0.00
4048;0;1681.50;9.50;1514.50;0.00;0.00
4049;0;1691.50;9.50;1514.50;0.00;0.00
4050;0;2755.50;9.50;1515.50;0.00;0.00
4051;0;3138.50;9.50;1515.50;0.00;0.00
4052;0;3683.50;9.50;1510.50;0.00;0.00
4053;0;4007.50;9.50;1510.50;0.00;0.00
4054;0;4329.50;9.50;1506.50;0.00;0.00
4055;0;4353.50;9.50;1510.50;0.00;0.00
4056;0;4704.50;9.50;1515.50;0.00;0.00
4057;0;4724.50;9.50;1511.50;0.00;0.00
4058;0;4788.50;9.50;1514.50;0.00;0.00
4059;0;1303.50;9.50;1508.50;0.00;0.00
4060;0;1400.50;9.50;1508.50;0.00;0.00
4061;0;1468.50;9.50;1509.50;0.00;0.00
4062;0;1662.50;9.50;1513.50;0.00;0.00
4063;0;2772.50;9.50;1512.50;0.00;0.00
4064;0;2799.50;9.50;1510.50;0.00;0.00
4065;0;2820.50;9.50;1512.50;0.00;0.00
4066;0;3130.50;9.50;1513.50;0.00;0.00
4067;0;3501.50;9.50;1510.50;0.00;0.00
4068;0;3518.50;9.50;1510.50;0.00;0.00
4069;0;3546.50;9.50;1514.50;0.00;0.00
4070;0;4538.50;9.50;1509.50;0.00;0.00
4071;0;4598.50;9.50;1510.50;0.00;0.00
4072;0;4656.50;9.50;1510.50;0.00;0.00
4073;0;1510.50;9.50;1512.50;0.00;0.00
4074;0;1614.50;9.50;1512.50;0.00;0.00
4075;0;3176.50;9.50;1513.50;0.00;0.00
4076;0;3563.50;9.50;1511.50;0.00;0.00
4077;0;4382.50;9.50;1505.50;0.00;0.00
4078;0;1164.50;9.50;1509.50;0.00;0.00
4079;0;1408.50;9.50;1513.50;0.00;0.00
4080;0;1416.50;9.50;1512.50;0.00;0.00
4081;0;1424.50;9.50;1509.50;0.00;0.00
4082;0;1432.50;9.50;1513.50;0.00;0.00
4083;0;1439.50;9.50;1509.50;0.00;0.00
4084;0;1477.50;9.50;1511.50;0.00;0.00
4085;0;2694.50;9.50;1511.50;0.00;0.00
4086;0;2706.50;9.50;1513.50;0.00;0.00
4087;0;2782.50;9.50;1512.50;0.00;0.00
4088;0;3169.50;9.50;1509.50;0.00;0.00
4089;0;3227.50;9.50;1510.50;0.00;0.00
4090;0;3236.50;9.50;1512.50;0.00;0.00
4091;0;3490.50;9.50;1511.50;0.00;0.00
4092;0;3527.50;9.50;1510.50;0.00;0.00
4093;0;3746.50;9.50;1507.50;0.00;0.00
4094;0;3774.50;9.50;1508.50;0.00;0.00
4095;0;4581.50;9.50;1509.50;0.00;0.00
4096;0;4711.50;9.50;1507.50;0.00;0.00
4097;0;4756.50;9.50;1512.50;0.00;0.00
4098;0;4797.50;9.50;1509.50;0.00;0.00
4099;0;1340.50;9.50;1508.50;0.00;0.00
4100;0;3008.50;9.50;1510.50;0.00;0.00
4101;0;3040.50;9.50;1508.50;0.00;0.00
4102;0;3118.50;9.50;1509.50;0.00;0.00
4103;0;3152.50;9.50;1513.50;0.00;0.00
4104;0;3194.50;9.50;1509.50;0.00;0.00
4105;0;3211.50;9.50;1510.50;0.00;0.00
4106;0;3247.50;9.50;1512.50;0.00;0.00
4107;0;3472.50;9.50;1510.50;0.00;0.00
4108;0;3887.50;9.50;1507.50;0.00;0.00
4109;0;4406.50;9.50;1500.50;0.00;0.00
4110;0;4747.50;9.50;1511.50;0.00;0.00
4111;0;4773.50;9.50;1510.50;0.00;0.00
4112;0;4782.50;9.50;1508.50;0.00;0.00
4113;0;4843.50;9.50;1510.50;0.00;0.00
4114;0;1320.50;9.50;1505.50;0.00;0.00
4115;0;1358.50;9.50;1507.50;0.00;0.00
4116;0;1380.50;9.50;1507.50;0.00;0.00
4117;0;1391.50;9.50;1504.50;0.00;0.00
4118;0;1502.50;9.50;1509.50;0.00;0.00
4119;0;1670.50;9.50;1512.50;0.00;0.00
4120;0;2746.50;9.50;1509.50;0.00;0.00
4121;0;2851.50;9.50;1509.50;0.00;0.00
4122;0;2861.50;9.50;1509.50;0.00;0.00
4123;0;2957.50;9.50;1507.50;0.00;0.00
4124;0;3508.50;9.50;1507.50;0.00;0.00
4125;0;3554.50;9.50;1509.50;0.00;0.00
4126;0;3904.50;9.50;1508.50;0.00;0.00
4127;0;3997.50;9.50;1506.50;0.00;0.00
4128;0;4500.50;9.50;1503.50;0.00;0.00
4129;0;4520.50;9.50;1504.50;0.00;0.00
4130;0;4641.50;9.50;1502.50;0.00;0.00
4131;0;4687.50;9.50;1506.50;0.00;0.00
4132;0;4765.50;9.50;1509.50;0.00;0.00
4133;0;4807.50;9.50;1509.50;0.00;0.00
4134;0;1099.50;9.50;1503.50;0.00;0.00
4135;0;1492.50;9.50;1508.50;0.00;0.00
4136;0;2736.50;9.50;1503.50;0.00;0.00
4137;0;2760.50;9.50;1507.50;0.00;0.00
4138;0;3154.50;9.50;1506.50;0.00;0.00
4139;0;3481.50;9.50;1507.50;0.00;0.00
4140;0;3669.50;9.50;1504.50;0.00;0.00
4141;0;4675.50;9.50;1506.50;0.00;0.00
4142;0;2844.50;9.50;1502.50;0.00;0.00
4143;0;3025.50;9.50;1506.50;0.00;0.00
4144;0;3699.50;9.50;1505.50;0.00;0.00
4145;0;3814.50;9.50;1501.50;0.00;0.00
4146;0;3984.50;9.50;1507.50;0.00;0.00
4147;0;4152.50;9.50;1498.50;0.00;0.00
4148;0;4208.50;9.50;1496.50;0.00;0.00
4149;0;4239.50;9.50;1496.50;0.00;0.00
4150;0;4556.50;9.50;1505.50;0.00;0.00
4151;0;4815.50;9.50;1504.50;0.00;0.00
4152;0;1143.50;9.50;1502.50;0.00;0.00
4153;0;1369.50;9.50;1505.50;0.00;0.00
4154;0;1561.50;9.50;1503.50;0.00;0.00
4155;0;1572.50;9.50;1504.50;0.00;0.00
4156;0;1708.50;9.50;1504.50;0.00;0.00
4157;0;2718.50;9.50;1507.50;0.00;0.00
4158;0;2812.50;9.50;1506.50;0.00;0.00
4159;0;3125.50;9.50;1506.50;0.00;0.00
4160;0;3138.50;9.50;1508.50;0.00;0.00
4161;0;3186.50;9.50;1502.50;0.00;0.00
4162;0;3716.50;9.50;1501.50;0.00;0.00
4163;0;3917.50;9.50;1507.50;0.00;0.00
4164;0;4019.50;9.50;1506.50;0.00;0.00
4165;0;4478.50;9.50;1497.50;0.00;0.00
4166;0;4608.50;9.50;1502.50;0.00;0.00
4167;0;5012.50;9.50;1506.50;0.00;0.00
4168;0;1647.50;9.50;1505.50;0.00;0.00
4169;0;2684.50;9.50;1504.50;0.00;0.00
4170;0;2726.50;9.50;1501.50;0.00;0.00
4171;0;2828.50;9.50;1503.50;0.00;0.00
4172;0;3015.50;9.50;1504.50;0.00;0.00
4173;0;3204.50;9.50;1503.50;0.00;0.00
4174;0;3242.50;9.50;1506.50;0.00;0.00
4175;0;3366.50;9.50;1501.50;0.00;0.00
4176;0;3928.50;9.50;1502.50;0.00;0.00
4177;0;3942.50;9.50;1504.50;0.00;0.00
4178;0;3952.50;9.50;1502.50;0.00;0.00
4179;0;4700.50;9.50;1502.50;0.00;0.00
4180;0;4837.50;9.50;1503.50;0.00;0.00
4181;0;1669.50;9.50;1503.50;0.00;0.00
4182;0;1676.50;9.50;1506.50;0.00;0.00
4183;0;2780.50;9.50;1503.50;0.00;0.00
4184;0;3053.50;9.50;1503.50;0.00;0.00
4185;0;3160.50;9.50;1505.50;0.00;0.00
4186;0;3166.50;9.50;1500.50;0.00;0.00
4187;0;3536.50;9.50;1504.50;0.00;0.00
4188;0;3965.50;9.50;1503.50;0.00;0.00
4189;0;4098.50;9.50;1497.50;0.00;0.00
4190;0;4269.50;9.50;1497.50;0.00;0.00
4191;0;4569.50;9.50;1502.50;0.00;0.00
4192;0;4591.50;9.50;1501.50;0.00;0.00
4193;0;4736.50;9.50;1504.50;0.00;0.00
4194;0;4752.50;9.50;1504.50;0.00;0.00
4195;0;4827.50;9.50;1499.50;0.00;0.00
4196;0;1039.50;9.50;1494.50;0.00;0.00
4197;0;1050.50;9.50;1503.50;0.00;0.00
4198;0;1072.50;9.50;1501.50;0.00;0.00
4199;0;1582.50;9.50;1501.50;0.00;0.00
4200;0;1593.50;9.50;1503.50;0.00;0.00
4201;0;1602.50;9.50;1505.50;0.00;0.00
4202;0;1615.50;9.50;1504.50;0.00;0.00
4203;0;1627.50;9.50;1503.50;0.00;0.00
4204;0;1637.50;9.50;1503.50;0.00;0.00
4205;0;1656.50;9.50;1503.50;0.00;0.00
4206;0;1687.50;9.50;1502.50;0.00;0.00
4207;0;1697.50;9.50;1503.50;0.00;0.00
4208;0;2710.50;9.50;1504.50;0.00;0.00
4209;0;2771.50;9.50;1503.50;0.00;0.00
4210;0;3176.50;9.50;1502.50;0.00;0.00
4211;0;3219.50;9.50;1503.50;0.00;0.00
4212;0;3251.50;9.50;1504.50;0.00;0.00
4213;0;3344.50;9.50;1504.50;0.00;0.00
4214;0;3359.50;9.50;1505.50;0.00;0.00
4215;0;3761.50;9.50;1501.50;0.00;0.00
4216;0;3851.50;9.50;1500.50;0.00;0.00
4217;0;3865.50;9.50;1501.50;0.00;0.00
4218;0;4429.50;9.50;1491.50;0.00;0.00
4219;0;4759.50;9.50;1504.50;0.00;0.00
4220;0;882.50;9.50;1500.50;0.00;0.00
4221;0;896.50;9.50;1494.50;0.00;0.00
4222;0;909.50;9.50;1500.50;0.00;0.00
4223;0;930.50;9.50;1499.50;0.00;0.00
4224;0;950.50;9.50;1496.50;0.00;0.00
4225;0;971.50;9.50;1494.50;0.00;0.00
4226;0;988.50;9.50;1499.50;0.00;0.00
4227;0;1005.50;9.50;1497.50;0.00;0.00
4228;0;1023.50;9.50;1499.50;0.00;0.00
4229;0;1194.50;9.50;1500.50;0.00;0.00
4230;0;1243.50;9.50;1498.50;0.00;0.00
4231;0;1348.50;9.50;1500.50;0.00;0.00
4232;0;1430.50;9.50;1502.50;0.00;0.00
4233;0;1552.50;9.50;1503.50;0.00;0.00
4234;0;2698.50;9.50;1500.50;0.00;0.00
4235;0;3062.50;9.50;1503.50;0.00;0.00
4236;0;3147.50;9.50;1504.50;0.00;0.00
4237;0;3235.50;9.50;1502.50;0.00;0.00
4238;0;3338.50;9.50;1498.50;0.00;0.00
4239;0;3492.50;9.50;1502.50;0.00;0.00
4240;0;3560.50;9.50;1502.50;0.00;0.00
4241;0;3572.50;9.50;1500.50;0.00;0.00
4242;0;3733.50;9.50;1499.50;0.00;0.00
4243;0;3877.50;9.50;1501.50;0.00;0.00
4244;0;4009.50;9.50;1496.50;0.00;0.00
4245;0;4064.50;9.50;1495.50;0.00;0.00
4246;0;4363.50;9.50;1497.50;0.00;0.00
4247;0;4629.50;9.50;1502.50;0.00;0.00
4248;0;1332.50;9.50;1498.50;0.00;0.00
4249;0;1415.50;9.50;1501.50;0.00;0.00
4250;0;2792.50;9.50;1499.50;0.00;0.00
4251;0;2804.50;9.50;1501.50;0.00;0.00
4252;0;3141.50;9.50;1503.50;0.00;0.00
4253;0;3325.50;9.50;1501.50;0.00;0.00
4254;0;3519.50;9.50;1500.50;0.00;0.00
4255;0;3545.50;9.50;1501.50;0.00;0.00
4256;0;3910.50;9.50;1500.50;0.00;0.00
4257;0;3974.50;9.50;1499.50;0.00;0.00
4258;0;4343.50;9.50;1486.50;0.00;0.00
4259;0;4727.50;9.50;1501.50;0.00;0.00
4260;0;4744.50;9.50;1499.50;0.00;0.00
4261;0;4788.50;9.50;1500.50;0.00;0.00
4262;0;1160.50;9.50;1499.50;0.00;0.00
4263;0;1177.50;9.50;1499.50;0.00;0.00
4264;0;1442.50;9.50;1501.50;0.00;0.00
4265;0;2743.50;9.50;1502.50;0.00;0.00
4266;0;3036.50;9.50;1498.50;0.00;0.00
4267;0;3046.50;9.50;1498.50;0.00;0.00
4268;0;3133.50;9.50;1501.50;0.00;0.00
4269;0;3529.50;9.50;1501.50;0.00;0.00
4270;0;3837.50;9.50;1496.50;0.00;0.00
4271;0;4453.50;9.50;1490.50;0.00;0.00
4272;0;4661.50;9.50;1497.50;0.00;0.00
4273;0;4717.50;9.50;1497.50;0.00;0.00
4274;0;4770.50;9.50;1501.50;0.00;0.00
4275;0;4797.50;9.50;1496.50;0.00;0.00
4276;0;1405.50;9.50;1497.50;0.00;0.00
4277;0;1460.50;9.50;1500.50;0.00;0.00
4278;0;1470.50;9.50;1500.50;0.00;0.00
4279;0;1482.50;9.50;1499.50;0.00;0.00
4280;0;1494.50;9.50;1499.50;0.00;0.00
4281;0;1504.50;9.50;1500.50;0.00;0.00
4282;0;2706.50;9.50;1499.50;0.00;0.00
4283;0;3377.50;9.50;1498.50;0.00;0.00
4284;0;3498.50;9.50;1498.50;0.00;0.00
4285;0;3506.50;9.50;1500.50;0.00;0.00
4286;0;3751.50;9.50;1496.50;0.00;0.00
4287;0;4121.50;9.50;1491.50;0.00;0.00
4288;0;4288.50;9.50;1479.50;0.00;0.00
4289;0;4777.50;9.50;1498.50;0.00;0.00
4290;0;4805.50;9.50;1499.50;0.00;0.00
4291;0;1290.50;9.50;1494.50;0.00;0.00
4292;0;1302.50;9.50;1497.50;0.00;0.00
4293;0;1311.50;9.50;1494.50;0.00;0.00
4294;0;1542.50;9.50;1499.50;0.00;0.00
4295;0;1661.50;9.50;1497.50;0.00;0.00
4296;0;1674.50;9.50;1499.50;0.00;0.00
4297;0;3220.50;9.50;1493.50;0.00;0.00
4298;0;3316.50;9.50;1496.50;0.00;0.00
4299;0;3350.50;9.50;1499.50;0.00;0.00
4300;0;1059.50;9.50;1493.50;0.00;0.00
4301;0;1451.50;9.50;1496.50;0.00;0.00
4302;0;1514.50;9.50;1497.50;0.00;0.00
4303;0;2757.50;9.50;1497.50;0.00;0.00
4304;0;3124.50;9.50;1498.50;0.00;0.00
4305;0;3485.50;9.50;1498.50;0.00;0.00
4306;0;3551.50;9.50;1495.50;0.00;0.00
4307;0;4185.50;9.50;1488.50;0.00;0.00
4308;0;4619.50;9.50;1494.50;0.00;0.00
4309;0;4688.50;9.50;1497.50;0.00;0.00
4310;0;4763.50;9.50;1497.50;0.00;0.00
4311;0;1423.50;9.50;1494.50;0.00;0.00
4312;0;1603.50;9.50;1497.50;0.00;0.00
4313;0;2836.50;9.50;1498.50;0.00;0.00
4314;0;3152.50;9.50;1495.50;0.00;0.00
4315;0;3259.50;9.50;1497.50;0.00;0.00
4316;0;3888.50;9.50;1497.50;0.00;0.00
4317;0;3899.50;9.50;1494.50;0.00;0.00
4318;0;3937.50;9.50;1495.50;0.00;0.00
4319;0;3959.50;9.50;1496.50;0.00;0.00
4320;0;4021.50;9.50;1497.50;0.00;0.00
4321;0;4046.50;9.50;1489.50;0.00;0.00
4322;0;4534.50;9.50;1492.50;0.00;0.00
4323;0;4578.50;9.50;1495.50;0.00;0.00
4324;0;4649.50;9.50;1494.50;0.00;0.00
4325;0;5024.50;9.50;1487.50;0.00;0.00
4326;0;1228.50;9.50;1486.50;0.00;0.00
4327;0;1258.50;9.50;1486.50;0.00;0.00
4328;0;1529.50;9.50;1494.50;0.00;0.00
4329;0;1552.50;9.50;1496.50;0.00;0.00
4330;0;1613.50;9.50;1495.50;0.00;0.00
4331;0;2682.50;9.50;1496.50;0.00;0.00
4332;0;2749.50;9.50;1493.50;0.00;0.00
4333;0;3065.50;9.50;1491.50;0.00;0.00
4334;0;3194.50;9.50;1497.50;0.00;0.00
4335;0;3467.50;9.50;1491.50;0.00;0.00
4336;0;3800.50;9.50;1485.50;0.00;0.00
4337;0;3923.50;9.50;1493.50;0.00;0.00
4338;0;4753.50;9.50;1496.50;0.00;0.00
4339;0;4818.50;9.50;1492.50;0.00;0.00
4340;0;1386.50;9.50;1493.50;0.00;0.00
4341;0;3139.50;9.50;1496.50;0.00;0.00
4342;0;3252.50;9.50;1496.50;0.00;0.00
4343;0;3474.50;9.50;1495.50;0.00;0.00
4344;0;3511.50;9.50;1493.50;0.00;0.00
4345;0;3534.50;9.50;1494.50;0.00;0.00
4346;0;3691.50;9.50;1489.50;0.00;0.00
4347;0;3994.50;9.50;1492.50;0.00;0.00
4348;0;4082.50;9.50;1484.50;0.00;0.00
4349;0;4559.50;9.50;1492.50;0.00;0.00
4350;0;4631.50;9.50;1492.50;0.00;0.00
4351;0;4671.50;9.50;1494.50;0.00;0.00
4352;0;4706.50;9.50;1493.50;0.00;0.00
4353;0;4841.50;9.50;1494.50;0.00;0.00
4354;0;919.50;9.50;1489.50;0.00;0.00
4355;0;1276.50;9.50;1486.50;0.00;0.00
4356;0;1322.50;9.50;1492.50;0.00;0.00
4357;0;1359.50;9.50;1492.50;0.00;0.00
4358;0;1372.50;9.50;1492.50;0.00;0.00
4359;0;1397.50;9.50;1489.50;0.00;0.00
4360;0;1629.50;9.50;1493.50;0.00;0.00
4361;0;1637.50;9.50;1494.50;0.00;0.00
4362;0;1646.50;9.50;1493.50;0.00;0.00
4363;0;2809.50;9.50;1493.50;0.00;0.00
4364;0;2824.50;9.50;1493.50;0.00;0.00
4365;0;3074.50;9.50;1492.50;0.00;0.00
4366;0;3174.50;9.50;1494.50;0.00;0.00
4367;0;3185.50;9.50;1491.50;0.00;0.00
4368;0;3206.50;9.50;1495.50;0.00;0.00
4369;0;3265.50;9.50;1495.50;0.00;0.00
4370;0;3308.50;9.50;1491.50;0.00;0.00
4371;0;3390.50;9.50;1495.50;0.00;0.00
4372;0;3560.50;9.50;1490.50;0.00;0.00
4373;0;3581.50;9.50;1491.50;0.00;0.00
4374;0;1341.50;9.50;1491.50;0.00;0.00
4375;0;1562.50;9.50;1492.50;0.00;0.00
4376;0;1585.50;9.50;1490.50;0.00;0.00
4377;0;1595.50;9.50;1492.50;0.00;0.00
4378;0;1621.50;9.50;1490.50;0.00;0.00
4379;0;2962.50;9.50;1490.50;0.00;0.00
4380;0;3054.50;9.50;1492.50;0.00;0.00
4381;0;3133.50;9.50;1494.50;0.00;0.00
4382;0;3162.50;9.50;1492.50;0.00;0.00
4383;0;3231.50;9.50;1492.50;0.00;0.00
4384;0;3241.50;9.50;1493.50;0.00;0.00
4385;0;3272.50;9.50;1494.50;0.00;0.00
4386;0;3325.50;9.50;1493.50;0.00;0.00
4387;0;3357.50;9.50;1491.50;0.00;0.00
4388;0;3456.50;9.50;1491.50;0.00;0.00
4389;0;4681.50;9.50;1491.50;0.00;0.00
4390;0;4737.50;9.50;1493.50;0.00;0.00
4391;0;5014.50;9.50;1488.50;0.00;0.00
4392;0;1413.50;9.50;1490.50;0.00;0.00
4393;0;1432.50;9.50;1490.50;0.00;0.00
4394;0;1441.50;9.50;1492.50;0.00;0.00
4395;0;1500.50;9.50;1490.50;0.00;0.00
4396;0;1545.50;9.50;1492.50;0.00;0.00
4397;0;1573.50;9.50;1489.50;0.00;0.00
4398;0;1654.50;9.50;1491.50;0.00;0.00
4399;0;2701.50;9.50;1490.50;0.00;0.00
4400;0;2715.50;9.50;1490.50;0.00;0.00
4401;0;2770.50;9.50;1490.50;0.00;0.00
4402;0;3195.50;9.50;1491.50;0.00;0.00
4403;0;3287.50;9.50;1492.50;0.00;0.00
4404;0;3482.50;9.50;1491.50;0.00;0.00
4405;0;3520.50;9.50;1491.50;0.00;0.00
4406;0;3779.50;9.50;1488.50;0.00;0.00
4407;0;3878.50;9.50;1492.50;0.00;0.00
4408;0;3908.50;9.50;1492.50;0.00;0.00
4409;0;4606.50;9.50;1491.50;0.00;0.00
4410;0;4695.50;9.50;1491.50;0.00;0.00
4411;0;1469.50;9.50;1490.50;0.00;0.00
4412;0;1485.50;9.50;1490.50;0.00;0.00
4413;0;1673.50;9.50;1490.50;0.00;0.00
4414;0;2726.50;9.50;1490.50;0.00;0.00
4415;0;2740.50;9.50;1489.50;0.00;0.00
4416;0;2786.50;9.50;1490.50;0.00;0.00
4417;0;2797.50;9.50;1490.50;0.00;0.00
4418;0;2952.50;9.50;1484.50;0.00;0.00
4419;0;3142.50;9.50;1490.50;0.00;0.00
4420;0;3279.50;9.50;1491.50;0.00;0.00
4421;0;3294.50;9.50;1488.50;0.00;0.00
4422;0;3399.50;9.50;1491.50;0.00;0.00
4423;0;3407.50;9.50;1489.50;0.00;0.00
4424;0;3503.50;9.50;1492.50;0.00;0.00
4425;0;3722.50;9.50;1486.50;0.00;0.00
4426;0;3737.50;9.50;1486.50;0.00;0.00
4427;0;3863.50;9.50;1492.50;0.00;0.00
4428;0;3871.50;9.50;1486.50;0.00;0.00
4429;0;3964.50;9.50;1488.50;0.00;0.00
4430;0;3973.50;9.50;1488.50;0.00;0.00
4431;0;4311.50;9.50;1477.50;0.00;0.00
4432;0;4546.50;9.50;1485.50;0.00;0.00
4433;0;4775.50;9.50;1492.50;0.00;0.00
4434;0;1459.50;9.50;1489.50;0.00;0.00
4435;0;1477.50;9.50;1486.50;0.00;0.00
4436;0;1509.50;9.50;1489.50;0.00;0.00
4437;0;1521.50;9.50;1488.50;0.00;0.00
4438;0;2686.50;9.50;1488.50;0.00;0.00
4439;0;2762.50;9.50;1483.50;0.00;0.00
4440;0;3086.50;9.50;1488.50;0.00;0.00
4441;0;3127.50;9.50;1490.50;0.00;0.00
4442;0;3335.50;9.50;1489.50;0.00;0.00
4443;0;3344.50;9.50;1487.50;0.00;0.00
4444;0;3370.50;9.50;1490.50;0.00;0.00
4445;0;3433.50;9.50;1490.50;0.00;0.00
4446;0;3570.50;9.50;1489.50;0.00;0.00
4447;0;3674.50;9.50;1482.50;0.00;0.00
4448;0;3846.50;9.50;1487.50;0.00;0.00
4449;0;3948.50;9.50;1489.50;0.00;0.00
4450;0;4590.50;9.50;1489.50;0.00;0.00
4451;0;4729.50;9.50;1490.50;0.00;0.00
4452;0;4747.50;9.50;1488.50;0.00;0.00
4453;0;4757.50;9.50;1489.50;0.00;0.00
4454;0;4767.50;9.50;1489.50;0.00;0.00
4455;0;4785.50;9.50;1487.50;0.00;0.00
4456;0;4800.50;9.50;1487.50;0.00;0.00
4457;0;4829.50;9.50;1487.50;0.00;0.00
4458;0;1090.50;9.50;1486.50;0.00;0.00
4459;0;1103.50;9.50;1478.50;0.00;0.00
4460;0;1120.50;9.50;1484.50;0.00;0.00
4461;0;1138.50;9.50;1487.50;0.00;0.00
4462;0;1154.50;9.50;1482.50;0.00;0.00
4463;0;1165.50;9.50;1488.50;0.00;0.00
4464;0;1181.50;9.50;1488.50;0.00;0.00
4465;0;1535.50;9.50;1486.50;0.00;0.00
4466;0;1605.50;9.50;1488.50;0.00;0.00
4467;0;3041.50;9.50;1491.50;0.00;0.00
4468;0;3383.50;9.50;1489.50;0.00;0.00
4469;0;3418.50;9.50;1486.50;0.00;0.00
4470;0;3447.50;9.50;1488.50;0.00;0.00
4471;0;3539.50;9.50;1488.50;0.00;0.00
4472;0;4139.50;9.50;1477.50;0.00;0.00
4473;0;4392.50;9.50;1481.50;0.00;0.00
4474;0;4518.50;9.50;1484.50;0.00;0.00
4475;0;4640.50;9.50;1488.50;0.00;0.00
4476;0;4809.50;9.50;1484.50;0.00;0.00
4477;0;906.50;9.50;1484.50;0.00;0.00
4478;0;991.50;9.50;1481.50;0.00;0.00
4479;0;1074.50;9.50;1483.50;0.00;0.00
4480;0;1195.50;9.50;1486.50;0.00;0.00
4481;0;1210.50;9.50;1484.50;0.00;0.00
4482;0;1551.50;9.50;1489.50;0.00;0.00
4483;0;3121.50;9.50;1487.50;0.00;0.00
4484;0;3299.50;9.50;1483.50;0.00;0.00
4485;0;3493.50;9.50;1487.50;0.00;0.00
4486;0;3548.50;9.50;1487.50;0.00;0.00
4487;0;3769.50;9.50;1477.50;0.00;0.00
4488;0;3816.50;9.50;1483.50;0.00;0.00
4489;0;3827.50;9.50;1486.50;0.00;0.00
4490;0;3892.50;9.50;1485.50;0.00;0.00
4491;0;3912.50;9.50;1485.50;0.00;0.00
4492;0;4024.50;9.50;1484.50;0.00;0.00
4493;0;4572.50;9.50;1487.50;0.00;0.00
4494;0;4659.50;9.50;1486.50;0.00;0.00
4495;0;932.50;9.50;1482.50;0.00;0.00
4496;0;1023.50;9.50;1483.50;0.00;0.00
4497;0;1306.50;9.50;1485.50;0.00;0.00
4498;0;1494.50;9.50;1484.50;0.00;0.00
4499;0;2751.50;9.50;1484.50;0.00;0.00
4500;0;3316.50;9.50;1487.50;0.00;0.00
4501;0;3391.50;9.50;1485.50;0.00;0.00
4502;0;3648.50;9.50;1483.50;0.00;0.00
4503;0;3750.50;9.50;1484.50;0.00;0.00
4504;0;4226.50;9.50;1474.50;0.00;0.00
4505;0;4367.50;9.50;1482.50;0.00;0.00
4506;0;4498.50;9.50;1482.50;0.00;0.00
4507;0;1633.50;9.50;1486.50;0.00;0.00
4508;0;2804.50;9.50;1484.50;0.00;0.00
4509;0;3153.50;9.50;1487.50;0.00;0.00
4510;0;3167.50;9.50;1485.50;0.00;0.00
4511;0;3178.50;9.50;1486.50;0.00;0.00
4512;0;3475.50;9.50;1486.50;0.00;0.00
4513;0;3531.50;9.50;1485.50;0.00;0.00
4514;0;4253.50;9.50;1474.50;0.00;0.00
4515;0;4622.50;9.50;1484.50;0.00;0.00
4516;0;881.50;9.50;1481.50;0.00;0.00
4517;0;1405.50;9.50;1483.50;0.00;0.00
4518;0;1614.50;9.50;1485.50;0.00;0.00
4519;0;1648.50;9.50;1485.50;0.00;0.00
4520;0;2734.50;9.50;1483.50;0.00;0.00
4521;0;2815.50;9.50;1484.50;0.00;0.00
4522;0;3101.50;9.50;1479.50;0.00;0.00
4523;0;3137.50;9.50;1484.50;0.00;0.00
4524;0;3148.50;9.50;1481.50;0.00;0.00
4525;0;3363.50;9.50;1483.50;0.00;0.00
4526;0;3430.50;9.50;1482.50;0.00;0.00
4527;0;3511.50;9.50;1485.50;0.00;0.00
4528;0;3588.50;9.50;1484.50;0.00;0.00
4529;0;3926.50;9.50;1485.50;0.00;0.00
4530;0;3935.50;9.50;1484.50;0.00;0.00
4531;0;4162.50;9.50;1476.50;0.00;0.00
4532;0;4601.50;9.50;1483.50;0.00;0.00
4533;0;4612.50;9.50;1484.50;0.00;0.00
4534;0;4792.50;9.50;1483.50;0.00;0.00
4535;0;1294.50;9.50;1482.50;0.00;0.00
4536;0;1391.50;9.50;1482.50;0.00;0.00
4537;0;1452.50;9.50;1480.50;0.00;0.00
4538;0;3054.50;9.50;1483.50;0.00;0.00
4539;0;3062.50;9.50;1482.50;0.00;0.00
4540;0;3071.50;9.50;1483.50;0.00;0.00
4541;0;3271.50;9.50;1484.50;0.00;0.00
4542;0;3278.50;9.50;1482.50;0.00;0.00
4543;0;3881.50;9.50;1483.50;0.00;0.00
4544;0;3904.50;9.50;1483.50;0.00;0.00
4545;0;4632.50;9.50;1483.50;0.00;0.00
4546;0;4647.50;9.50;1483.50;0.00;0.00
4547;0;4668.50;9.50;1483.50;0.00;0.00
4548;0;4677.50;9.50;1483.50;0.00;0.00
4549;0;946.50;9.50;1478.50;0.00;0.00
4550;0;964.50;9.50;1475.50;0.00;0.00
4551;0;1009.50;9.50;1474.50;0.00;0.00
4552;0;1056.50;9.50;1480.50;0.00;0.00
4553;0;1315.50;9.50;1481.50;0.00;0.00
4554;0;1420.50;9.50;1481.50;0.00;0.00
4555;0;1441.50;9.50;1482.50;0.00;0.00
4556;0;1545.50;9.50;1483.50;0.00;0.00
4557;0;1558.50;9.50;1469.50;0.00;0.00
4558;0;2704.50;9.50;1482.50;0.00;0.00
4559;0;3232.50;9.50;1481.50;0.00;0.00
4560;0;3253.50;9.50;1481.50;0.00;0.00
4561;0;3329.50;9.50;1482.50;0.00;0.00
4562;0;3439.50;9.50;1482.50;0.00;0.00
4563;0;3461.50;9.50;1482.50;0.00;0.00
4564;0;3523.50;9.50;1483.50;0.00;0.00
4565;0;3701.50;9.50;1476.50;0.00;0.00
4566;0;3839.50;9.50;1482.50;0.00;0.00
4567;0;3857.50;9.50;1481.50;0.00;0.00
4568;0;4472.50;9.50;1475.50;0.00;0.00
4569;0;4565.50;9.50;1481.50;0.00;0.00
4570;0;4776.50;9.50;1482.50;0.00;0.00
4571;0;1041.50;9.50;1477.50;0.00;0.00
4572;0;1172.50;9.50;1479.50;0.00;0.00
4573;0;1378.50;9.50;1481.50;0.00;0.00
4574;0;2782.50;9.50;1481.50;0.00;0.00
4575;0;3354.50;9.50;1481.50;0.00;0.00
4576;0;3383.50;9.50;1480.50;0.00;0.00
4577;0;3503.50;9.50;1482.50;0.00;0.00
4578;0;3992.50;9.50;1477.50;0.00;0.00
4579;0;4694.50;9.50;1482.50;0.00;0.00
4580;0;4734.50;9.50;1481.50;0.00;0.00
4581;0;4760.50;9.50;1482.50;0.00;0.00
4582;0;1335.50;9.50;1479.50;0.00;0.00
4583;0;1354.50;9.50;1479.50;0.00;0.00
4584;0;1367.50;9.50;1476.50;0.00;0.00
4585;0;1431.50;9.50;1480.50;0.00;0.00
4586;0;1466.50;9.50;1479.50;0.00;0.00
4587;0;1563.50;9.50;1480.50;0.00;0.00
4588;0;1579.50;9.50;1479.50;0.00;0.00
4589;0;1591.50;9.50;1479.50;0.00;0.00
4590;0;1601.50;9.50;1479.50;0.00;0.00
4591;0;1628.50;9.50;1479.50;0.00;0.00
4592;0;1639.50;9.50;1481.50;0.00;0.00
4593;0;1654.50;9.50;1479.50;0.00;0.00
4594;0;2680.50;9.50;1477.50;0.00;0.00
4595;0;3128.50;9.50;1481.50;0.00;0.00
4596;0;3185.50;9.50;1480.50;0.00;0.00
4597;0;3284.50;9.50;1481.50;0.00;0.00
4598;0;3452.50;9.50;1480.50;0.00;0.00
4599;0;3484.50;9.50;1481.50;0.00;0.00
4600;0;3516.50;9.50;1478.50;0.00;0.00
4601;0;3567.50;9.50;1481.50;0.00;0.00
4602;0;3966.50;9.50;1476.50;0.00;0.00
4603;0;4555.50;9.50;1479.50;0.00;0.00
4604;0;4684.50;9.50;1478.50;0.00;0.00
4605;0;4752.50;9.50;1479.50;0.00;0.00
4606;0;4821.50;9.50;1481.50;0.00;0.00
4607;0;894.50;9.50;1475.50;0.00;0.00
4608;0;1502.50;9.50;1478.50;0.00;0.00
4609;0;1525.50;9.50;1478.50;0.00;0.00
4610;0;1619.50;9.50;1478.50;0.00;0.00
4611;0;2688.50;9.50;1479.50;0.00;0.00
4612;0;2697.50;9.50;1477.50;0.00;0.00
4613;0;3158.50;9.50;1480.50;0.00;0.00
4614;0;3242.50;9.50;1479.50;0.00;0.00
4615;0;3410.50;9.50;1478.50;0.00;0.00
4616;0;3577.50;9.50;1479.50;0.00;0.00
4617;0;3758.50;9.50;1478.50;0.00;0.00
4618;0;4053.50;9.50;1473.50;0.00;0.00
4619;0;4330.50;9.50;1472.50;0.00;0.00
4620;0;4410.50;9.50;1473.50;0.00;0.00
4621;0;4439.50;9.50;1475.50;0.00;0.00
4622;0;4588.50;9.50;1480.50;0.00;0.00
4623;0;4766.50;9.50;1477.50;0.00;0.00
4624;0;5011.50;9.50;1478.50;0.00;0.00
4625;0;1484.50;9.50;1477.50;0.00;0.00
4626;0;1513.50;9.50;1477.50;0.00;0.00
4627;0;1610.50;9.50;1478.50;0.00;0.00
4628;0;2721.50;9.50;1477.50;0.00;0.00
4629;0;3259.50;9.50;1480.50;0.00;0.00
4630;0;3304.50;9.50;1481.50;0.00;0.00
4631;0;3319.50;9.50;1478.50;0.00;0.00
4632;0;3552.50;9.50;1478.50;0.00;0.00
4633;0;4006.50;9.50;1475.50;0.00;0.00
4634;0;4531.50;9.50;1472.50;0.00;0.00
4635;0;4581.50;9.50;1477.50;0.00;0.00
4636;0;4617.50;9.50;1478.50;0.00;0.00
4637;0;4639.50;9.50;1480.50;0.00;0.00
4638;0;4743.50;9.50;1477.50;0.00;0.00
4639;0;5033.50;9.50;1472.50;0.00;0.00
4640;0;919.50;9.50;1477.50;0.00;0.00
4641;0;1134.50;9.50;1473.50;0.00;0.00
4642;0;2809.50;9.50;1477.50;0.00;0.00
4643;0;2962.50;9.50;1476.50;0.00;0.00
4644;0;3142.50;9.50;1476.50;0.00;0.00
4645;0;3294.50;9.50;1477.50;0.00;0.00
4646;0;3344.50;9.50;1476.50;0.00;0.00
4647;0;3397.50;9.50;1476.50;0.00;0.00
4648;0;3943.50;9.50;1476.50;0.00;0.00
4649;0;3956.50;9.50;1472.50;0.00;0.00
4650;0;4204.50;9.50;1462.50;0.00;0.00
4651;0;4573.50;9.50;1476.50;0.00;0.00
4652;0;4784.50;9.50;1477.50;0.00;0.00
4653;0;4801.50;9.50;1478.50;0.00;0.00
4654;0;1182.50;9.50;1476.50;0.00;0.00
4655;0;2789.50;9.50;1475.50;0.00;0.00
4656;0;3265.50;9.50;1476.50;0.00;0.00
4657;0;3538.50;9.50;1477.50;0.00;0.00
4658;0;3561.50;9.50;1472.50;0.00;0.00
4659;0;3789.50;9.50;1469.50;0.00;0.00
4660;0;3934.50;9.50;1475.50;0.00;0.00
4661;0;4095.50;9.50;1466.50;0.00;0.00
4662;0;4354.50;9.50;1470.50;0.00;0.00
4663;0;4609.50;9.50;1477.50;0.00;0.00
4664;0;4652.50;9.50;1475.50;0.00;0.00
4665;0;4726.50;9.50;1474.50;0.00;0.00
4666;0;5023.50;9.50;1468.50;0.00;0.00
4667;0;1162.50;9.50;1472.50;0.00;0.00
4668;0;1394.50;9.50;1474.50;0.00;0.00
4669;0;1410.50;9.50;1474.50;0.00;0.00
4670;0;1646.50;9.50;1476.50;0.00;0.00
4671;0;2709.50;9.50;1472.50;0.00;0.00
4672;0;2728.50;9.50;1469.50;0.00;0.00
4673;0;2739.50;9.50;1474.50;0.00;0.00
4674;0;2750.50;9.50;1474.50;0.00;0.00
4675;0;2800.50;9.50;1472.50;0.00;0.00
4676;0;3164.50;9.50;1475.50;0.00;0.00
4677;0;3374.50;9.50;1474.50;0.00;0.00
4678;0;3664.50;9.50;1469.50;0.00;0.00
4679;0;3686.50;9.50;1472.50;0.00;0.00
4680;0;3730.50;9.50;1473.50;0.00;0.00
4681;0;3877.50;9.50;1475.50;0.00;0.00
4682;0;3907.50;9.50;1475.50;0.00;0.00
4683;0;3922.50;9.50;1474.50;0.00;0.00
4684;0;4072.50;9.50;1466.50;0.00;0.00
4685;0;4627.50;9.50;1475.50;0.00;0.00
4686;0;4662.50;9.50;1475.50;0.00;0.00
4687;0;1474.50;9.50;1472.50;0.00;0.00
4688;0;1534.50;9.50;1472.50;0.00;0.00
4689;0;2776.50;9.50;1472.50;0.00;0.00
4690;0;3229.50;9.50;1473.50;0.00;0.00
4691;0;3272.50;9.50;1475.50;0.00;0.00
4692;0;3843.50;9.50;1474.50;0.00;0.00
4693;0;4032.50;9.50;1469.50;0.00;0.00
4694;0;4119.50;9.50;1465.50;0.00;0.00
4695;0;4546.50;9.50;1474.50;0.00;0.00
4696;0;1544.50;9.50;1474.50;0.00;0.00
4697;0;3069.50;9.50;1472.50;0.00;0.00
4698;0;3129.50;9.50;1474.50;0.00;0.00
4699;0;3302.50;9.50;1473.50;0.00;0.00
4700;0;3310.50;9.50;1475.50;0.00;0.00
4701;0;3327.50;9.50;1473.50;0.00;0.00
4702;0;3360.50;9.50;1473.50;0.00;0.00
4703;0;3472.50;9.50;1472.50;0.00;0.00
4704;0;3499.50;9.50;1473.50;0.00;0.00
4705;0;3530.50;9.50;1474.50;0.00;0.00
4706;0;3583.50;9.50;1472.50;0.00;0.00
4707;0;3715.50;9.50;1471.50;0.00;0.00
4708;0;3826.50;9.50;1470.50;0.00;0.00
4709;0;3852.50;9.50;1472.50;0.00;0.00
4710;0;3865.50;9.50;1472.50;0.00;0.00
4711;0;3977.50;9.50;1466.50;0.00;0.00
4712;0;4493.50;9.50;1468.50;0.00;0.00
4713;0;4775.50;9.50;1473.50;0.00;0.00
4714;0;906.50;9.50;1472.50;0.00;0.00
4715;0;928.50;9.50;1471.50;0.00;0.00
4716;0;1080.50;9.50;1468.50;0.00;0.00
4717;0;1197.50;9.50;1470.50;0.00;0.00
4718;0;1348.50;9.50;1468.50;0.00;0.00
4719;0;1425.50;9.50;1470.50;0.00;0.00
4720;0;1494.50;9.50;1472.50;0.00;0.00
4721;0;2763.50;9.50;1473.50;0.00;0.00
4722;0;2863.50;9.50;1471.50;0.00;0.00
4723;0;3137.50;9.50;1470.50;0.00;0.00
4724;0;3249.50;9.50;1472.50;0.00;0.00
4725;0;3285.50;9.50;1474.50;0.00;0.00
4726;0;3388.50;9.50;1471.50;0.00;0.00
4727;0;3420.50;9.50;1471.50;0.00;0.00
4728;0;3428.50;9.50;1473.50;0.00;0.00
4729;0;3442.50;9.50;1474.50;0.00;0.00
4730;0;3462.50;9.50;1473.50;0.00;0.00
4731;0;3483.50;9.50;1473.50;0.00;0.00
4732;0;3491.50;9.50;1471.50;0.00;0.00
4733;0;3508.50;9.50;1473.50;0.00;0.00
4734;0;3815.50;9.50;1471.50;0.00;0.00
4735;0;4507.50;9.50;1467.50;0.00;0.00
4736;0;4592.50;9.50;1473.50;0.00;0.00
4737;0;4647.50;9.50;1476.50;0.00;0.00
4738;0;4808.50;9.50;1472.50;0.00;0.00
4739;0;1148.50;9.50;1468.50;0.00;0.00
4740;0;1227.50;9.50;1469.50;0.00;0.00
4741;0;1248.50;9.50;1469.50;0.00;0.00
4742;0;1272.50;9.50;1466.50;0.00;0.00
4743;0;1288.50;9.50;1469.50;0.00;0.00
4744;0;1305.50;9.50;1470.50;0.00;0.00
4745;0;1318.50;9.50;1471.50;0.00;0.00
4746;0;1440.50;9.50;1471.50;0.00;0.00
4747;0;1462.50;9.50;1469.50;0.00;0.00
4748;0;2716.50;9.50;1469.50;0.00;0.00
4749;0;3256.50;9.50;1469.50;0.00;0.00
4750;0;3336.50;9.50;1470.50;0.00;0.00
4751;0;3747.50;9.50;1469.50;0.00;0.00
4752;0;4179.50;9.50;1460.50;0.00;0.00
4753;0;4637.50;9.50;1473.50;0.00;0.00
4754;0;1063.50;9.50;1466.50;0.00;0.00
4755;0;1211.50;9.50;1467.50;0.00;0.00
4756;0;1384.50;9.50;1468.50;0.00;0.00
4757;0;1633.50;9.50;1466.50;0.00;0.00
4758;0;1639.50;9.50;1470.50;0.00;0.00
4759;0;2953.50;9.50;1468.50;0.00;0.00
4760;0;3278.50;9.50;1470.50;0.00;0.00
4761;0;3896.50;9.50;1467.50;0.00;0.00
4762;0;4602.50;9.50;1470.50;0.00;0.00
4763;0;4677.50;9.50;1470.50;0.00;0.00
4764;0;4718.50;9.50;1470.50;0.00;0.00
4765;0;978.50;9.50;1461.50;0.00;0.00
4766;0;1451.50;9.50;1470.50;0.00;0.00
4767;0;1651.50;9.50;1471.50;0.00;0.00
4768;0;3154.50;9.50;1470.50;0.00;0.00
4769;0;3263.50;9.50;1469.50;0.00;0.00
4770;0;3351.50;9.50;1470.50;0.00;0.00
4771;0;3543.50;9.50;1469.50;0.00;0.00
4772;0;3885.50;9.50;1465.50;0.00;0.00
4773;0;4619.50;9.50;1469.50;0.00;0.00
4774;0;4667.50;9.50;1467.50;0.00;0.00
4775;0;4787.50;9.50;1469.50;0.00;0.00
4776;0;1574.50;9.50;1459.50;0.00;0.00
4777;0;1576.50;9.50;1470.50;0.00;0.00
4778;0;1599.50;9.50;1471.50;0.00;0.00
4779;0;1608.50;9.50;1468.50;0.00;0.00
4780;0;1623.50;9.50;1467.50;0.00;0.00
4781;0;2694.50;9.50;1468.50;0.00;0.00
4782;0;2807.50;9.50;1465.50;0.00;0.00
4783;0;3176.50;9.50;1466.50;0.00;0.00
4784;0;3236.50;9.50;1470.50;0.00;0.00
4785;0;3368.50;9.50;1467.50;0.00;0.00
4786;0;3401.50;9.50;1468.50;0.00;0.00
4787;0;3410.50;9.50;1468.50;0.00;0.00
4788;0;3514.50;9.50;1469.50;0.00;0.00
4789;0;4383.50;9.50;1461.50;0.00;0.00
4790;0;4565.50;9.50;1467.50;0.00;0.00
4791;0;4583.50;9.50;1469.50;0.00;0.00
4792;0;4796.50;9.50;1468.50;0.00;0.00
4793;0;917.50;9.50;1467.50;0.00;0.00
4794;0;1023.50;9.50;1463.50;0.00;0.00
4795;0;1186.50;9.50;1467.50;0.00;0.00
4796;0;1360.50;9.50;1464.50;0.00;0.00
4797;0;1401.50;9.50;1466.50;0.00;0.00
4798;0;1414.50;9.50;1464.50;0.00;0.00
4799;0;1503.50;9.50;1465.50;0.00;0.00
4800;0;1585.50;9.50;1465.50;0.00;0.00
4801;0;2680.50;9.50;1469.50;0.00;0.00
4802;0;3078.50;9.50;1466.50;0.00;0.00
4803;0;3296.50;9.50;1468.50;0.00;0.00
4804;0;3322.50;9.50;1467.50;0.00;0.00
4805;0;3568.50;9.50;1467.50;0.00;0.00
4806;0;4012.50;9.50;1462.50;0.00;0.00
4807;0;4575.50;9.50;1467.50;0.00;0.00
4808;0;4611.50;9.50;1466.50;0.00;0.00
4809;0;4647.50;9.50;1467.50;0.00;0.00
4810;0;5011.50;9.50;1468.50;0.00;0.00
4811;0;934.50;9.50;1463.50;0.00;0.00
4812;0;997.50;9.50;1461.50;0.00;0.00
4813;0;1097.50;9.50;1463.50;0.00;0.00
4814;0;1173.50;9.50;1463.50;0.00;0.00
4815;0;1327.50;9.50;1466.50;0.00;0.00
4816;0;1340.50;9.50;1461.50;0.00;0.00
4817;0;1514.50;9.50;1465.50;0.00;0.00
4818;0;3144.50;9.50;1466.50;0.00;0.00
4819;0;3286.50;9.50;1465.50;0.00;0.00
4820;0;3312.50;9.50;1467.50;0.00;0.00
4821;0;3440.50;9.50;1468.50;0.00;0.00
4822;0;3456.50;9.50;1465.50;0.00;0.00
4823;0;3521.50;9.50;1468.50;0.00;0.00
4824;0;3532.50;9.50;1466.50;0.00;0.00
4825;0;3676.50;9.50;1463.50;0.00;0.00
4826;0;3803.50;9.50;1459.50;0.00;0.00
4827;0;4543.50;9.50;1459.50;0.00;0.00
4828;0;4656.50;9.50;1466.50;0.00;0.00
4829;0;955.50;9.50;1460.50;0.00;0.00
4830;0;1122.50;9.50;1460.50;0.00;0.00
4831;0;1484.50;9.50;1464.50;0.00;0.00
4832;0;1525.50;9.50;1464.50;0.00;0.00
4833;0;1549.50;9.50;1463.50;0.00;0.00
4834;0;2687.50;9.50;1464.50;0.00;0.00
4835;0;3168.50;9.50;1467.50;0.00;0.00
4836;0;3270.50;9.50;1466.50;0.00;0.00
4837;0;3426.50;9.50;1464.50;0.00;0.00
4838;0;3553.50;9.50;1465.50;0.00;0.00
4839;0;3576.50;9.50;1462.50;0.00;0.00
4840;0;3773.50;9.50;1457.50;0.00;0.00
4841;0;3933.50;9.50;1462.50;0.00;0.00
4842;0;3991.50;9.50;1464.50;0.00;0.00
4843;0;4462.50;9.50;1457.50;0.00;0.00
4844;0;4521.50;9.50;1462.50;0.00;0.00
4845;0;4595.50;9.50;1465.50;0.00;0.00
4846;0;4627.50;9.50;1464.50;0.00;0.00
4847;0;4636.50;9.50;1464.50;0.00;0.00
4848;0;4777.50;9.50;1460.50;0.00;0.00
4849;0;887.50;9.50;1463.50;0.00;0.00
4850;0;899.50;9.50;1462.50;0.00;0.00
4851;0;1039.50;9.50;1461.50;0.00;0.00
4852;0;1257.50;9.50;1457.50;0.00;0.00
4853;0;2701.50;9.50;1463.50;0.00;0.00
4854;0;2745.50;9.50;1461.50;0.00;0.00
4855;0;3242.50;9.50;1465.50;0.00;0.00
4856;0;3342.50;9.50;1463.50;0.00;0.00
4857;0;3435.50;9.50;1463.50;0.00;0.00
4858;0;3448.50;9.50;1465.50;0.00;0.00
4859;0;3479.50;9.50;1465.50;0.00;0.00
4860;0;3539.50;9.50;1463.50;0.00;0.00
4861;0;3697.50;9.50;1463.50;0.00;0.00
4862;0;3723.50;9.50;1461.50;0.00;0.00
4863;0;3735.50;9.50;1462.50;0.00;0.00
4864;0;3755.50;9.50;1457.50;0.00;0.00
4865;0;3834.50;9.50;1462.50;0.00;0.00
4866;0;3845.50;9.50;1459.50;0.00;0.00
4867;0;4428.50;9.50;1457.50;0.00;0.00
4868;0;1238.50;9.50;1457.50;0.00;0.00
4869;0;1469.50;9.50;1462.50;0.00;0.00
4870;0;1593.50;9.50;1461.50;0.00;0.00
4871;0;2673.50;9.50;1462.50;0.00;0.00
4872;0;2711.50;9.50;1461.50;0.00;0.00
4873;0;2766.50;9.50;1463.50;0.00;0.00
4874;0;3227.50;9.50;1465.50;0.00;0.00
4875;0;3249.50;9.50;1459.50;0.00;0.00
4876;0;3360.50;9.50;1463.50;0.00;0.00
4877;0;3466.50;9.50;1461.50;0.00;0.00
4878;0;3918.50;9.50;1462.50;0.00;0.00
4879;0;3961.50;9.50;1458.50;0.00;0.00
4880;0;4480.50;9.50;1458.50;0.00;0.00
4881;0;4558.50;9.50;1459.50;0.00;0.00
4882;0;4807.50;9.50;1465.50;0.00;0.00
4883;0;909.50;9.50;1462.50;0.00;0.00
4884;0;1158.50;9.50;1459.50;0.00;0.00
4885;0;1379.50;9.50;1457.50;0.00;0.00
4886;0;1393.50;9.50;1459.50;0.00;0.00
4887;0;1539.50;9.50;1461.50;0.00;0.00
4888;0;2729.50;9.50;1459.50;0.00;0.00
4889;0;2777.50;9.50;1462.50;0.00;0.00
4890;0;2791.50;9.50;1462.50;0.00;0.00
4891;0;3276.50;9.50;1463.50;0.00;0.00
4892;0;3378.50;9.50;1463.50;0.00;0.00
4893;0;3495.50;9.50;1463.50;0.00;0.00
4894;0;3710.50;9.50;1458.50;0.00;0.00
4895;0;3855.50;9.50;1462.50;0.00;0.00
4896;0;1602.50;9.50;1459.50;0.00;0.00
4897;0;2757.50;9.50;1459.50;0.00;0.00
4898;0;3256.50;9.50;1460.50;0.00;0.00
4899;0;3398.50;9.50;1460.50;0.00;0.00
4900;0;3504.50;9.50;1459.50;0.00;0.00
4901;0;3866.50;9.50;1461.50;0.00;0.00
4902;0;4277.50;9.50;1454.50;0.00;0.00
4903;0;4299.50;9.50;1453.50;0.00;0.00
4904;0;4785.50;9.50;1462.50;0.00;0.00
4905;0;4813.50;9.50;1460.50;0.00;0.00
4906;0;921.50;9.50;1459.50;0.00;0.00
4907;0;1312.50;9.50;1459.50;0.00;0.00
4908;0;1440.50;9.50;1460.50;0.00;0.00
4909;0;1614.50;9.50;1461.50;0.00;0.00
4910;0;3164.50;9.50;1460.50;0.00;0.00
4911;0;3307.50;9.50;1459.50;0.00;0.00
4912;0;3353.50;9.50;1462.50;0.00;0.00
4913;0;3388.50;9.50;1460.50;0.00;0.00
4914;0;3511.50;9.50;1462.50;0.00;0.00
4915;0;3902.50;9.50;1458.50;0.00;0.00
4916;0;3947.50;9.50;1452.50;0.00;0.00
4917;0;1054.50;9.50;1453.50;0.00;0.00
4918;0;1301.50;9.50;1456.50;0.00;0.00
4919;0;1322.50;9.50;1459.50;0.00;0.00
4920;0;1425.50;9.50;1459.50;0.00;0.00
4921;0;1494.50;9.50;1457.50;0.00;0.00
4922;0;3072.50;9.50;1456.50;0.00;0.00
4923;0;3264.50;9.50;1460.50;0.00;0.00
4924;0;3292.50;9.50;1459.50;0.00;0.00
4925;0;3299.50;9.50;1458.50;0.00;0.00
4926;0;3333.50;9.50;1458.50;0.00;0.00
4927;0;3413.50;9.50;1459.50;0.00;0.00
4928;0;4139.50;9.50;1454.50;0.00;0.00
4929;0;4345.50;9.50;1450.50;0.00;0.00
4930;0;4405.50;9.50;1450.50;0.00;0.00
4931;0;4584.50;9.50;1460.50;0.00;0.00
4932;0;4616.50;9.50;1460.50;0.00;0.00
4933;0;4798.50;9.50;1460.50;0.00;0.00
4934;0;5009.50;9.50;1457.50;0.00;0.00
4935;0;1187.50;9.50;1457.50;0.00;0.00
4936;0;1451.50;9.50;1459.50;0.00;0.00
4937;0;1636.50;9.50;1457.50;0.00;0.00
4938;0;3154.50;9.50;1454.50;0.00;0.00
4939;0;3315.50;9.50;1456.50;0.00;0.00
4940;0;3370.50;9.50;1458.50;0.00;0.00
4941;0;3443.50;9.50;1460.50;0.00;0.00
4942;0;3486.50;9.50;1459.50;0.00;0.00
4943;0;3522.50;9.50;1459.50;0.00;0.00
4944;0;3564.50;9.50;1456.50;0.00;0.00
4945;0;3818.50;9.50;1453.50;0.00;0.00
4946;0;4028.50;9.50;1454.50;0.00;0.00
4947;0;4049.50;9.50;1456.50;0.00;0.00
4948;0;4569.50;9.50;1458.50;0.00;0.00
4949;0;4601.50;9.50;1459.50;0.00;0.00
4950;0;4651.50;9.50;1459.50;0.00;0.00
4951;0;1085.50;9.50;1453.50;0.00;0.00
4952;0;1560.50;9.50;1454.50;0.00;0.00
4953;0;1627.50;9.50;1456.50;0.00;0.00
4954;0;3143.50;9.50;1458.50;0.00;0.00
4955;0;3183.50;9.50;1455.50;0.00;0.00
4956;0;3239.50;9.50;1457.50;0.00;0.00
4957;0;3324.50;9.50;1457.50;0.00;0.00
4958;0;3405.50;9.50;1456.50;0.00;0.00
4959;0;3422.50;9.50;1456.50;0.00;0.00
4960;0;3557.50;9.50;1458.50;0.00;0.00
4961;0;3877.50;9.50;1457.50;0.00;0.00
4962;0;3893.50;9.50;1458.50;0.00;0.00
4963;0;4159.50;9.50;1450.50;0.00;0.00
4964;0;4250.50;9.50;1446.50;0.00;0.00
4965;0;4591.50;9.50;1458.50;0.00;0.00
4966;0;4608.50;9.50;1456.50;0.00;0.00
4967;0;5022.50;9.50;1456.50;0.00;0.00
4968;0;939.50;9.50;1457.50;0.00;0.00
4969;0;1198.50;9.50;1452.50;0.00;0.00
4970;0;1286.50;9.50;1454.50;0.00;0.00
4971;0;1618.50;9.50;1453.50;0.00;0.00
4972;0;2693.50;9.50;1455.50;0.00;0.00
4973;0;3172.50;9.50;1455.50;0.00;0.00
4974;0;3350.50;9.50;1452.50;0.00;0.00
4975;0;1352.50;9.50;1451.50;0.00;0.00
4976;0;1463.50;9.50;1453.50;0.00;0.00
4977;0;1474.50;9.50;1455.50;0.00;0.00
4978;0;1585.50;9.50;1454.50;0.00;0.00
4979;0;2720.50;9.50;1453.50;0.00;0.00
4980;0;2784.50;9.50;1456.50;0.00;0.00
4981;0;2812.50;9.50;1457.50;0.00;0.00
4982;0;3280.50;9.50;1457.50;0.00;0.00
4983;0;3473.50;9.50;1453.50;0.00;0.00
4984;0;3531.50;9.50;1457.50;0.00;0.00
4985;0;3543.50;9.50;1453.50;0.00;0.00
4986;0;3692.50;9.50;1453.50;0.00;0.00
4987;0;3743.50;9.50;1453.50;0.00;0.00
4988;0;3788.50;9.50;1449.50;0.00;0.00
4989;0;3885.50;9.50;1456.50;0.00;0.00
4990;0;3996.50;9.50;1451.50;0.00;0.00
4991;0;4446.50;9.50;1449.50;0.00;0.00
4992;0;4502.50;9.50;1452.50;0.00;0.00
4993;0;4578.50;9.50;1454.50;0.00;0.00
4994;0;4639.50;9.50;1455.50;0.00;0.00
4995;0;4819.50;9.50;1455.50;0.00;0.00
4996;0;1169.50;9.50;1452.50;0.00;0.00
4997;0;1212.50;9.50;1452.50;0.00;0.00
4998;0;1367.50;9.50;1450.50;0.00;0.00
4999;0;1410.50;9.50;1452.50;0.00;0.00
5000;0;1531.50;9.50;1454.50;0.00;0.00
5001;0;2682.50;9.50;1454.50;0.00;0.00
5002;0;2707.50;9.50;1455.50;0.00;0.00
5003;0;2804.50;9.50;1453.50;0.00;0.00
5004;0;3360.50;9.50;1455.50;0.00;0.00
5005;0;3379.50;9.50;1455.50;0.00;0.00
5006;0;3430.50;9.50;1455.50;0.00;0.00
5007;0;3514.50;9.50;1456.50;0.00;0.00
5008;0;4319.50;9.50;1444.50;0.00;0.00
5009;0;4622.50;9.50;1455.50;0.00;0.00
5010;0;4630.50;9.50;1454.50;0.00;0.00
5011;0;4805.50;9.50;1455.50;0.00;0.00
5012;0;911.50;9.50;1454.50;0.00;0.00
5013;0;927.50;9.50;1453.50;0.00;0.00
5014;0;1102.50;9.50;1450.50;0.00;0.00
5015;0;1330.50;9.50;1451.50;0.00;0.00
5016;0;1486.50;9.50;1451.50;0.00;0.00
5017;0;1510.50;9.50;1453.50;0.00;0.00
5018;0;2699.50;9.50;1450.50;0.00;0.00
5019;0;2739.50;9.50;1453.50;0.00;0.00
5020;0;2796.50;9.50;1455.50;0.00;0.00
5021;0;3262.50;9.50;1454.50;0.00;0.00
5022;0;3272.50;9.50;1452.50;0.00;0.00
5023;0;3492.50;9.50;1454.50;0.00;0.00
5024;0;3574.50;9.50;1453.50;0.00;0.00
5025;0;3674.50;9.50;1451.50;0.00;0.00
5026;0;3911.50;9.50;1453.50;0.00;0.00
5027;0;3922.50;9.50;1456.50;0.00;0.00
5028;0;4376.50;9.50;1442.50;0.00;0.00
5029;0;4787.50;9.50;1454.50;0.00;0.00
5030;0;1145.50;9.50;1449.50;0.00;0.00
5031;0;1433.50;9.50;1451.50;0.00;0.00
5032;0;1446.50;9.50;1452.50;0.00;0.00
5033;0;1548.50;9.50;1451.50;0.00;0.00
5034;0;3229.50;9.50;1453.50;0.00;0.00
5035;0;3289.50;9.50;1451.50;0.00;0.00
5036;0;3341.50;9.50;1450.50;0.00;0.00
5037;0;3480.50;9.50;1452.50;0.00;0.00
5038;0;3831.50;9.50;1449.50;0.00;0.00
5039;0;3854.50;9.50;1453.50;0.00;0.00
5040;0;3976.50;9.50;1447.50;0.00;0.00
5041;0;4077.50;9.50;1446.50;0.00;0.00
5042;0;4532.50;9.50;1443.50;0.00;0.00
5043;0;4597.50;9.50;1453.50;0.00;0.00
5044;0;4773.50;9.50;1453.50;0.00;0.00
5045;0;4780.50;9.50;1453.50;0.00;0.00
5046;0;898.50;9.50;1451.50;0.00;0.00
5047;0;935.50;9.50;1450.50;0.00;0.00
5048;0;1181.50;9.50;1448.50;0.00;0.00
5049;0;1390.50;9.50;1449.50;0.00;0.00
5050;0;1518.50;9.50;1447.50;0.00;0.00
5051;0;1594.50;9.50;1452.50;0.00;0.00
5052;0;3392.50;9.50;1451.50;0.00;0.00
5053;0;3457.50;9.50;1452.50;0.00;0.00
5054;0;3664.50;9.50;1444.50;0.00;0.00
5055;0;3721.50;9.50;1450.50;0.00;0.00
5056;0;5017.50;9.50;1449.50;0.00;0.00
5057;0;947.50;9.50;1450.50;0.00;0.00
5058;0;1023.50;9.50;1447.50;0.00;0.00
5059;0;1068.50;9.50;1443.50;0.00;0.00
5060;0;1501.50;9.50;1448.50;0.00;0.00
5061;0;1538.50;9.50;1451.50;0.00;0.00
5062;0;1576.50;9.50;1448.50;0.00;0.00
5063;0;2771.50;9.50;1450.50;0.00;0.00
5064;0;3196.50;9.50;1448.50;0.00;0.00
5065;0;3244.50;9.50;1450.50;0.00;0.00
5066;0;3465.50;9.50;1452.50;0.00;0.00
5067;0;3505.50;9.50;1450.50;0.00;0.00
5068;0;3519.50;9.50;1451.50;0.00;0.00
5069;0;3527.50;9.50;1450.50;0.00;0.00
5070;0;4098.50;9.50;1445.50;0.00;0.00
5071;0;4552.50;9.50;1447.50;0.00;0.00
5072;0;4587.50;9.50;1450.50;0.00;0.00
5073;0;4645.50;9.50;1448.50;0.00;0.00
5074;0;4653.50;9.50;1451.50;0.00;0.00
5075;0;4824.50;9.50;1449.50;0.00;0.00
5076;0;919.50;9.50;1449.50;0.00;0.00
5077;0;1003.50;9.50;1444.50;0.00;0.00
5078;0;1604.50;9.50;1449.50;0.00;0.00
5079;0;2734.50;9.50;1447.50;0.00;0.00
5080;0;2762.50;9.50;1449.50;0.00;0.00
5081;0;3065.50;9.50;1448.50;0.00;0.00
5082;0;3304.50;9.50;1448.50;0.00;0.00
5083;0;3371.50;9.50;1450.50;0.00;0.00
5084;0;3381.50;9.50;1447.50;0.00;0.00
5085;0;3400.50;9.50;1450.50;0.00;0.00
5086;0;3414.50;9.50;1452.50;0.00;0.00
5087;0;3732.50;9.50;1447.50;0.00;0.00
5088;0;3863.50;9.50;1444.50;0.00;0.00
5089;0;3925.50;9.50;1444.50;0.00;0.00
5090;0;4010.50;9.50;1448.50;0.00;0.00
5091;0;4059.50;9.50;1443.50;0.00;0.00
5092;0;4797.50;9.50;1450.50;0.00;0.00
5093;0;4996.50;9.50;1443.50;0.00;0.00
5094;0;1228.50;9.50;1441.50;0.00;0.00
5095;0;1319.50;9.50;1447.50;0.00;0.00
5096;0;1342.50;9.50;1443.50;0.00;0.00
5097;0;1454.50;9.50;1449.50;0.00;0.00
5098;0;1633.50;9.50;1449.50;0.00;0.00
5099;0;2753.50;9.50;1445.50;0.00;0.00
5100;0;3253.50;9.50;1450.50;0.00;0.00
5101;0;3321.50;9.50;1448.50;0.00;0.00
5102;0;3436.50;9.50;1448.50;0.00;0.00
5103;0;3444.50;9.50;1445.50;0.00;0.00
5104;0;3535.50;9.50;1448.50;0.00;0.00
5105;0;3879.50;9.50;1448.50;0.00;0.00
5106;0;3897.50;9.50;1449.50;0.00;0.00
5107;0;4039.50;9.50;1442.50;0.00;0.00
5108;0;4122.50;9.50;1441.50;0.00;0.00
5109;0;4221.50;9.50;1433.50;0.00;0.00
5110;0;4418.50;9.50;1443.50;0.00;0.00
5111;0;4604.50;9.50;1449.50;0.00;0.00
5112;0;4612.50;9.50;1448.50;0.00;0.00
5113;0;981.50;9.50;1443.50;0.00;0.00
5114;0;1118.50;9.50;1443.50;0.00;0.00
5115;0;1159.50;9.50;1446.50;0.00;0.00
5116;0;1245.50;9.50;1441.50;0.00;0.00
5117;0;1478.50;9.50;1443.50;0.00;0.00
5118;0;2689.50;9.50;1447.50;0.00;0.00
5119;0;2745.50;9.50;1447.50;0.00;0.00
5120;0;2788.50;9.50;1447.50;0.00;0.00
5121;0;3161.50;9.50;1447.50;0.00;0.00
5122;0;3189.50;9.50;1448.50;0.00;0.00
5123;0;3279.50;9.50;1449.50;0.00;0.00
5124;0;3330.50;9.50;1448.50;0.00;0.00
5125;0;3364.50;9.50;1446.50;0.00;0.00
5126;0;3496.50;9.50;1447.50;0.00;0.00
5127;0;3569.50;9.50;1446.50;0.00;0.00
5128;0;3578.50;9.50;1444.50;0.00;0.00
5129;0;3760.50;9.50;1445.50;0.00;0.00
5130;0;4196.50;9.50;1437.50;0.00;0.00
5131;0;5005.50;9.50;1447.50;0.00;0.00
5132;0;1038.50;9.50;1444.50;0.00;0.00
5133;0;1134.50;9.50;1438.50;0.00;0.00
5134;0;1263.50;9.50;1441.50;0.00;0.00
5135;0;1279.50;9.50;1440.50;0.00;0.00
5136;0;1401.50;9.50;1443.50;0.00;0.00
5137;0;3049.50;9.50;1445.50;0.00;0.00
5138;0;3296.50;9.50;1447.50;0.00;0.00
5139;0;3355.50;9.50;1446.50;0.00;0.00
5140;0;3453.50;9.50;1447.50;0.00;0.00
5141;0;3550.50;9.50;1446.50;0.00;0.00
5142;0;3701.50;9.50;1446.50;0.00;0.00
5143;0;3710.50;9.50;1443.50;0.00;0.00
5144;0;4565.50;9.50;1443.50;0.00;0.00
5145;0;4574.50;9.50;1446.50;0.00;0.00
5146;0;4658.50;9.50;1443.50;0.00;0.00
5147;0;910.50;9.50;1445.50;0.00;0.00
5148;0;1379.50;9.50;1442.50;0.00;0.00
5149;0;1419.50;9.50;1443.50;0.00;0.00
5150;0;1441.50;9.50;1447.50;0.00;0.00
5151;0;1614.50;9.50;1444.50;0.00;0.00
5152;0;2712.50;9.50;1444.50;0.00;0.00
5153;0;3015.50;9.50;1444.50;0.00;0.00
5154;0;3167.50;9.50;1441.50;0.00;0.00
5155;0;3417.50;9.50;1444.50;0.00;0.00
5156;0;3424.50;9.50;1446.50;0.00;0.00
5157;0;3472.50;9.50;1446.50;0.00;0.00
5158;0;3514.50;9.50;1447.50;0.00;0.00
5159;0;3559.50;9.50;1445.50;0.00;0.00
5160;0;3841.50;9.50;1445.50;0.00;0.00
5161;0;3850.50;9.50;1444.50;0.00;0.00
5162;0;4595.50;9.50;1443.50;0.00;0.00
5163;0;4621.50;9.50;1446.50;0.00;0.00
5164;0;4636.50;9.50;1446.50;0.00;0.00
5165;0;4667.50;9.50;1444.50;0.00;0.00
5166;0;4790.50;9.50;1447.50;0.00;0.00
5167;0;4805.50;9.50;1444.50;0.00;0.00
5168;0;4817.50;9.50;1445.50;0.00;0.00
5169;0;953.50;9.50;1442.50;0.00;0.00
5170;0;1308.50;9.50;1441.50;0.00;0.00
5171;0;1531.50;9.50;1445.50;0.00;0.00
5172;0;1568.50;9.50;1441.50;0.00;0.00
5173;0;2726.50;9.50;1444.50;0.00;0.00
5174;0;3153.50;9.50;1444.50;0.00;0.00
5175;0;3396.50;9.50;1445.50;0.00;0.00
5176;0;3486.50;9.50;1446.50;0.00;0.00
5177;0;3748.50;9.50;1442.50;0.00;0.00
5178;0;3804.50;9.50;1440.50;0.00;0.00
5179;0;3907.50;9.50;1445.50;0.00;0.00
5180;0;4022.50;9.50;1441.50;0.00;0.00
5181;0;4489.50;9.50;1442.50;0.00;0.00
5182;0;4777.50;9.50;1445.50;0.00;0.00
5183;0;1429.50;9.50;1442.50;0.00;0.00
5184;0;1584.50;9.50;1441.50;0.00;0.00
5185;0;1597.50;9.50;1444.50;0.00;0.00
5186;0;2776.50;9.50;1443.50;0.00;0.00
5187;0;3029.50;9.50;1439.50;0.00;0.00
5188;0;3175.50;9.50;1443.50;0.00;0.00
5189;0;3262.50;9.50;1443.50;0.00;0.00
5190;0;3313.50;9.50;1442.50;0.00;0.00
5191;0;3336.50;9.50;1442.50;0.00;0.00
5192;0;3388.50;9.50;1442.50;0.00;0.00
5193;0;3688.50;9.50;1442.50;0.00;0.00
5194;0;3777.50;9.50;1439.50;0.00;0.00
5195;0;4173.50;9.50;1433.50;0.00;0.00
5196;0;4430.50;9.50;1441.50;0.00;0.00
5197;0;4476.50;9.50;1435.50;0.00;0.00
5198;0;4673.50;9.50;1437.50;0.00;0.00
5199;0;928.50;9.50;1441.50;0.00;0.00
5200;0;940.50;9.50;1442.50;0.00;0.00
5201;0;1193.50;9.50;1438.50;0.00;0.00
5202;0;1294.50;9.50;1439.50;0.00;0.00
5203;0;1466.50;9.50;1441.50;0.00;0.00
5204;0;1551.50;9.50;1441.50;0.00;0.00
5205;0;1631.50;9.50;1440.50;0.00;0.00
5206;0;2704.50;9.50;1441.50;0.00;0.00
5207;0;2798.50;9.50;1443.50;0.00;0.00
5208;0;3037.50;9.50;1443.50;0.00;0.00
5209;0;3252.50;9.50;1442.50;0.00;0.00
5210;0;3375.50;9.50;1443.50;0.00;0.00
5211;0;3541.50;9.50;1442.50;0.00;0.00
5212;0;3872.50;9.50;1440.50;0.00;0.00
5213;0;3893.50;9.50;1441.50;0.00;0.00
5214;0;4394.50;9.50;1435.50;0.00;0.00
5215;0;4628.50;9.50;1441.50;0.00;0.00
5216;0;964.50;9.50;1437.50;0.00;0.00
5217;0;1052.50;9.50;1438.50;0.00;0.00
5218;0;1359.50;9.50;1438.50;0.00;0.00
5219;0;1494.50;9.50;1439.50;0.00;0.00
5220;0;3349.50;9.50;1441.50;0.00;0.00
5221;0;3431.50;9.50;1441.50;0.00;0.00
5222;0;4358.50;9.50;1432.50;0.00;0.00
5223;0;4510.50;9.50;1433.50;0.00;0.00
5224;0;4586.50;9.50;1441.50;0.00;0.00
5225;0;4704.50;9.50;1438.50;0.00;0.00
5226;0;4829.50;9.50;1440.50;0.00;0.00
5227;0;904.50;9.50;1439.50;0.00;0.00
5228;0;1083.50;9.50;1438.50;0.00;0.00
5229;0;1208.50;9.50;1438.50;0.00;0.00
5230;0;1330.50;9.50;1440.50;0.00;0.00
5231;0;1410.50;9.50;1438.50;0.00;0.00
5232;0;1511.50;9.50;1437.50;0.00;0.00
5233;0;1540.50;9.50;1440.50;0.00;0.00
5234;0;2683.50;9.50;1438.50;0.00;0.00
5235;0;2782.50;9.50;1437.50;0.00;0.00
5236;0;3243.50;9.50;1440.50;0.00;0.00
5237;0;3272.50;9.50;1438.50;0.00;0.00
5238;0;3409.50;9.50;1442.50;0.00;0.00
5239;0;3460.50;9.50;1441.50;0.00;0.00
5240;0;3507.50;9.50;1442.50;0.00;0.00
5241;0;3679.50;9.50;1434.50;0.00;0.00
5242;0;3717.50;9.50;1437.50;0.00;0.00
5243;0;3821.50;9.50;1437.50;0.00;0.00
5244;0;3884.50;9.50;1439.50;0.00;0.00
5245;0;3942.50;9.50;1438.50;0.00;0.00
5246;0;5008.50;9.50;1438.50;0.00;0.00
5247;0;918.50;9.50;1439.50;0.00;0.00
5248;0;1175.50;9.50;1437.50;0.00;0.00
5249;0;1442.50;9.50;1438.50;0.00;0.00
5250;0;1452.50;9.50;1436.50;0.00;0.00
5251;0;1523.50;9.50;1439.50;0.00;0.00
5252;0;3292.50;9.50;1439.50;0.00;0.00
5253;0;3521.50;9.50;1439.50;0.00;0.00
5254;0;3531.50;9.50;1439.50;0.00;0.00
5255;0;3732.50;9.50;1437.50;0.00;0.00
5256;0;4607.50;9.50;1441.50;0.00;0.00
5257;0;4648.50;9.50;1441.50;0.00;0.00
5258;0;4798.50;9.50;1440.50;0.00;0.00
5259;0;4989.50;9.50;1437.50;0.00;0.00
5260;0;5019.50;9.50;1439.50;0.00;0.00
5261;0;1015.50;9.50;1433.50;0.00;0.00
5262;0;1100.50;9.50;1437.50;0.00;0.00
5263;0;1393.50;9.50;1437.50;0.00;0.00
5264;0;1621.50;9.50;1428.50;0.00;0.00
5265;0;2693.50;9.50;1437.50;0.00;0.00
5266;0;3041.50;9.50;1436.50;0.00;0.00
5267;0;3182.50;9.50;1440.50;0.00;0.00
5268;0;3282.50;9.50;1438.50;0.00;0.00
5269;0;3365.50;9.50;1438.50;0.00;0.00
5270;0;3380.50;9.50;1438.50;0.00;0.00
5271;0;3452.50;9.50;1439.50;0.00;0.00
5272;0;3467.50;9.50;1440.50;0.00;0.00
5273;0;3491.50;9.50;1440.50;0.00;0.00
5274;0;3499.50;9.50;1439.50;0.00;0.00
5275;0;3573.50;9.50;1439.50;0.00;0.00
5276;0;3999.50;9.50;1436.50;0.00;0.00
5277;0;4273.50;9.50;1431.50;0.00;0.00
5278;0;4332.50;9.50;1428.50;0.00;0.00
5279;0;4439.50;9.50;1436.50;0.00;0.00
5280;0;4463.50;9.50;1436.50;0.00;0.00
5281;0;4614.50;9.50;1439.50;0.00;0.00
5282;0;4641.50;9.50;1438.50;0.00;0.00
5283;0;4820.50;9.50;1438.50;0.00;0.00
5284;0;5001.50;9.50;1436.50;0.00;0.00
5285;0;2720.50;9.50;1438.50;0.00;0.00
5286;0;2743.50;9.50;1439.50;0.00;0.00
5287;0;3323.50;9.50;1437.50;0.00;0.00
5288;0;3474.50;9.50;1439.50;0.00;0.00
5289;0;3480.50;9.50;1438.50;0.00;0.00
5290;0;4579.50;9.50;1435.50;0.00;0.00
5291;0;4810.50;9.50;1437.50;0.00;0.00
5292;0;1319.50;9.50;1437.50;0.00;0.00
5293;0;2735.50;9.50;1437.50;0.00;0.00
5294;0;2764.50;9.50;1436.50;0.00;0.00
5295;0;3338.50;9.50;1435.50;0.00;0.00
5296;0;3345.50;9.50;1435.50;0.00;0.00
5297;0;3396.50;9.50;1439.50;0.00;0.00
5298;0;3907.50;9.50;1432.50;0.00;0.00
5299;0;4713.50;9.50;1432.50;0.00;0.00
5300;0;1155.50;9.50;1436.50;0.00;0.00
5301;0;3419.50;9.50;1434.50;0.00;0.00
5302;0;3445.50;9.50;1436.50;0.00;0.00
5303;0;3557.50;9.50;1436.50;0.00;0.00
5304;0;3585.50;9.50;1436.50;0.00;0.00
5305;0;3851.50;9.50;1431.50;0.00;0.00
5306;0;3920.50;9.50;1431.50;0.00;0.00
5307;0;4410.50;9.50;1431.50;0.00;0.00
5308;0;4558.50;9.50;1434.50;0.00;0.00
5309;0;4621.50;9.50;1436.50;0.00;0.00
5310;0;4730.50;9.50;1434.50;0.00;0.00
5311;0;4802.50;9.50;1434.50;0.00;0.00
5312;0;4835.50;9.50;1435.50;0.00;0.00
5313;0;1346.50;9.50;1431.50;0.00;0.00
5314;0;1370.50;9.50;1430.50;0.00;0.00
5315;0;1594.50;9.50;1436.50;0.00;0.00
5316;0;2713.50;9.50;1436.50;0.00;0.00
5317;0;2753.50;9.50;1434.50;0.00;0.00
5318;0;3162.50;9.50;1435.50;0.00;0.00
5319;0;3247.50;9.50;1436.50;0.00;0.00
5320;0;3258.50;9.50;1433.50;0.00;0.00
5321;0;3372.50;9.50;1436.50;0.00;0.00
5322;0;3511.50;9.50;1435.50;0.00;0.00
5323;0;3547.50;9.50;1436.50;0.00;0.00
5324;0;4086.50;9.50;1429.50;0.00;0.00
5325;0;4107.50;9.50;1429.50;0.00;0.00
5326;0;4592.50;9.50;1435.50;0.00;0.00
5327;0;4722.50;9.50;1435.50;0.00;0.00
5328;0;4957.50;9.50;1434.50;0.00;0.00
5329;0;911.50;9.50;1433.50;0.00;0.00
5330;0;1000.50;9.50;1427.50;0.00;0.00
5331;0;1473.50;9.50;1431.50;0.00;0.00
5332;0;1485.50;9.50;1431.50;0.00;0.00
5333;0;1534.50;9.50;1431.50;0.00;0.00
5334;0;1563.50;9.50;1432.50;0.00;0.00
5335;0;2727.50;9.50;1435.50;0.00;0.00
5336;0;3050.50;9.50;1433.50;0.00;0.00
5337;0;3407.50;9.50;1436.50;0.00;0.00
5338;0;3427.50;9.50;1431.50;0.00;0.00
5339;0;3437.50;9.50;1432.50;0.00;0.00
5340;0;3669.50;9.50;1434.50;0.00;0.00
5341;0;3700.50;9.50;1432.50;0.00;0.00
5342;0;3750.50;9.50;1428.50;0.00;0.00
5343;0;3762.50;9.50;1432.50;0.00;0.00
5344;0;3931.50;9.50;1426.50;0.00;0.00
5345;0;3964.50;9.50;1434.50;0.00;0.00
5346;0;4053.50;9.50;1430.50;0.00;0.00
5347;0;4069.50;9.50;1429.50;0.00;0.00
5348;0;4292.50;9.50;1420.50;0.00;0.00
5349;0;4570.50;9.50;1431.50;0.00;0.00
5350;0;4602.50;9.50;1433.50;0.00;0.00
5351;0;4633.50;9.50;1434.50;0.00;0.00
5352;0;4653.50;9.50;1434.50;0.00;0.00
5353;0;4663.50;9.50;1431.50;0.00;0.00
5354;0;4694.50;9.50;1431.50;0.00;0.00
5355;0;936.50;9.50;1432.50;0.00;0.00
5356;0;1502.50;9.50;1430.50;0.00;0.00
5357;0;1554.50;9.50;1432.50;0.00;0.00
5358;0;1609.50;9.50;1430.50;0.00;0.00
5359;0;2773.50;9.50;1431.50;0.00;0.00
5360;0;3302.50;9.50;1432.50;0.00;0.00
5361;0;3384.50;9.50;1431.50;0.00;0.00
5362;0;3397.50;9.50;1433.50;0.00;0.00
5363;0;3593.50;9.50;1429.50;0.00;0.00
5364;0;3601.50;9.50;1429.50;0.00;0.00
5365;0;3797.50;9.50;1427.50;0.00;0.00
5366;0;3862.50;9.50;1432.50;0.00;0.00
5367;0;4155.50;9.50;1422.50;0.00;0.00
5368;0;4448.50;9.50;1431.50;0.00;0.00
5369;0;924.50;9.50;1430.50;0.00;0.00
5370;0;951.50;9.50;1430.50;0.00;0.00
5371;0;1026.50;9.50;1425.50;0.00;0.00
5372;0;1383.50;9.50;1429.50;0.00;0.00
5373;0;1427.50;9.50;1428.50;0.00;0.00
5374;0;1461.50;9.50;1431.50;0.00;0.00
5375;0;1574.50;9.50;1429.50;0.00;0.00
5376;0;1585.50;9.50;1430.50;0.00;0.00
5377;0;2963.50;9.50;1431.50;0.00;0.00
5378;0;2972.50;9.50;1429.50;0.00;0.00
5379;0;3312.50;9.50;1431.50;0.00;0.00
5380;0;3331.50;9.50;1430.50;0.00;0.00
5381;0;3355.50;9.50;1434.50;0.00;0.00
5382;0;3485.50;9.50;1431.50;0.00;0.00
5383;0;3492.50;9.50;1432.50;0.00;0.00
5384;0;3499.50;9.50;1433.50;0.00;0.00
5385;0;3736.50;9.50;1429.50;0.00;0.00
5386;0;3895.50;9.50;1427.50;0.00;0.00
5387;0;4027.50;9.50;1428.50;0.00;0.00
5388;0;4136.50;9.50;1424.50;0.00;0.00
5389;0;4550.50;9.50;1424.50;0.00;0.00
5390;0;4977.50;9.50;1431.50;0.00;0.00
5391;0;5014.50;9.50;1433.50;0.00;0.00
5392;0;978.50;9.50;1424.50;0.00;0.00
5393;0;1401.50;9.50;1429.50;0.00;0.00
5394;0;1526.50;9.50;1429.50;0.00;0.00
5395;0;1544.50;9.50;1430.50;0.00;0.00
5396;0;2742.50;9.50;1430.50;0.00;0.00
5397;0;2749.50;9.50;1429.50;0.00;0.00
5398;0;3171.50;9.50;1431.50;0.00;0.00
5399;0;3267.50;9.50;1429.50;0.00;0.00
5400;0;3287.50;9.50;1426.50;0.00;0.00
5401;0;3362.50;9.50;1430.50;0.00;0.00
5402;0;3470.50;9.50;1429.50;0.00;0.00
5403;0;3525.50;9.50;1430.50;0.00;0.00
5404;0;3691.50;9.50;1423.50;0.00;0.00
5405;0;3833.50;9.50;1426.50;0.00;0.00
5406;0;3873.50;9.50;1431.50;0.00;0.00
5407;0;3886.50;9.50;1428.50;0.00;0.00
5408;0;4012.50;9.50;1425.50;0.00;0.00
5409;0;4612.50;9.50;1430.50;0.00;0.00
5410;0;1414.50;9.50;1429.50;0.00;0.00
5411;0;3210.50;9.50;1432.50;0.00;0.00
5412;0;3376.50;9.50;1430.50;0.00;0.00
5413;0;3559.50;9.50;1427.50;0.00;0.00
5414;0;3568.50;9.50;1430.50;0.00;0.00
5415;0;3578.50;9.50;1428.50;0.00;0.00
5416;0;3720.50;9.50;1430.50;0.00;0.00
5417;0;3772.50;9.50;1429.50;0.00;0.00
5418;0;4457.50;9.50;1427.50;0.00;0.00
5419;0;4586.50;9.50;1427.50;0.00;0.00
5420;0;4640.50;9.50;1431.50;0.00;0.00
5421;0;4821.50;9.50;1431.50;0.00;0.00
5422;0;1438.50;9.50;1429.50;0.00;0.00
5423;0;3369.50;9.50;1428.50;0.00;0.00
5424;0;3407.50;9.50;1430.50;0.00;0.00
5425;0;3511.50;9.50;1429.50;0.00;0.00
5426;0;3516.50;9.50;1426.50;0.00;0.00
5427;0;3534.50;9.50;1428.50;0.00;0.00
5428;0;3843.50;9.50;1425.50;0.00;0.00
5429;0;4377.50;9.50;1422.50;0.00;0.00
5430;0;4490.50;9.50;1425.50;0.00;0.00
5431;0;4620.50;9.50;1430.50;0.00;0.00
5432;0;4685.50;9.50;1426.50;0.00;0.00
5433;0;4794.50;9.50;1428.50;0.00;0.00
5434;0;4813.50;9.50;1428.50;0.00;0.00
5435;0;5004.50;9.50;1429.50;0.00;0.00
5436;0;2727.50;9.50;1428.50;0.00;0.00
5437;0;2912.50;9.50;1425.50;0.00;0.00
5438;0;2922.50;9.50;1426.50;0.00;0.00
5439;0;2935.50;9.50;1427.50;0.00;0.00
5440;0;2956.50;9.50;1427.50;0.00;0.00
5441;0;2983.50;9.50;1426.50;0.00;0.00
5442;0;3346.50;9.50;1426.50;0.00;0.00
5443;0;3452.50;9.50;1426.50;0.00;0.00
5444;0;3459.50;9.50;1429.50;0.00;0.00
5445;0;3545.50;9.50;1428.50;0.00;0.00
5446;0;3729.50;9.50;1424.50;0.00;0.00
5447;0;3979.50;9.50;1422.50;0.00;0.00
5448;0;4041.50;9.50;1422.50;0.00;0.00
5449;0;4253.50;9.50;1417.50;0.00;0.00
5450;0;4312.50;9.50;1417.50;0.00;0.00
5451;0;4427.50;9.50;1427.50;0.00;0.00
5452;0;4535.50;9.50;1425.50;0.00;0.00
5453;0;4649.50;9.50;1427.50;0.00;0.00
5454;0;4830.50;9.50;1428.50;0.00;0.00
5455;0;4836.50;9.50;1425.50;0.00;0.00
5456;0;4993.50;9.50;1427.50;0.00;0.00
5457;0;1209.50;9.50;1427.50;0.00;0.00
5458;0;1256.50;9.50;1426.50;0.00;0.00
5459;0;1271.50;9.50;1424.50;0.00;0.00
5460;0;1284.50;9.50;1426.50;0.00;0.00
5461;0;1299.50;9.50;1427.50;0.00;0.00
5462;0;1311.50;9.50;1428.50;0.00;0.00
5463;0;1323.50;9.50;1427.50;0.00;0.00
5464;0;1332.50;9.50;1425.50;0.00;0.00
5465;0;1519.50;9.50;1427.50;0.00;0.00
5466;0;1594.50;9.50;1428.50;0.00;0.00
5467;0;3320.50;9.50;1426.50;0.00;0.00
5468;0;3354.50;9.50;1429.50;0.00;0.00
5469;0;3394.50;9.50;1427.50;0.00;0.00
5470;0;3784.50;9.50;1422.50;0.00;0.00
5471;0;3993.50;9.50;1422.50;0.00;0.00
5472;0;4522.50;9.50;1418.50;0.00;0.00
5473;0;4598.50;9.50;1425.50;0.00;0.00
5474;0;4674.50;9.50;1427.50;0.00;0.00
5475;0;4704.50;9.50;1426.50;0.00;0.00
5476;0;4968.50;9.50;1427.50;0.00;0.00
5477;0;5012.50;9.50;1425.50;0.00;0.00
5478;0;963.50;9.50;1425.50;0.00;0.00
5479;0;1038.50;9.50;1424.50;0.00;0.00
5480;0;1058.50;9.50;1424.50;0.00;0.00
5481;0;1082.50;9.50;1423.50;0.00;0.00
5482;0;1099.50;9.50;1423.50;0.00;0.00
5483;0;1118.50;9.50;1424.50;0.00;0.00
5484;0;1141.50;9.50;1423.50;0.00;0.00
5485;0;1155.50;9.50;1424.50;0.00;0.00
5486;0;1174.50;9.50;1423.50;0.00;0.00
5487;0;1195.50;9.50;1421.50;0.00;0.00
5488;0;2721.50;9.50;1425.50;0.00;0.00
5489;0;2735.50;9.50;1425.50;0.00;0.00
5490;0;2874.50;9.50;1426.50;0.00;0.00
5491;0;2888.50;9.50;1425.50;0.00;0.00
5492;0;2944.50;9.50;1427.50;0.00;0.00
5493;0;3339.50;9.50;1421.50;0.00;0.00
5494;0;3414.50;9.50;1425.50;0.00;0.00
5495;0;3479.50;9.50;1423.50;0.00;0.00
5496;0;3502.50;9.50;1427.50;0.00;0.00
5497;0;3665.50;9.50;1426.50;0.00;0.00
5498;0;3709.50;9.50;1425.50;0.00;0.00
5499;0;3814.50;9.50;1423.50;0.00;0.00
5500;0;4803.50;9.50;1426.50;0.00;0.00
5501;0;4976.50;9.50;1424.50;0.00;0.00
5502;0;941.50;9.50;1423.50;0.00;0.00
5503;0;2880.50;9.50;1422.50;0.00;0.00
5504;0;3489.50;9.50;1424.50;0.00;0.00
5505;0;3609.50;9.50;1426.50;0.00;0.00
5506;0;4437.50;9.50;1424.50;0.00;0.00
5507;0;4471.50;9.50;1422.50;0.00;0.00
5508;0;4624.50;9.50;1423.50;0.00;0.00
5509;0;4633.50;9.50;1425.50;0.00;0.00
5510;0;4958.50;9.50;1425.50;0.00;0.00
5511;0;916.50;9.50;1421.50;0.00;0.00
5512;0;2863.50;9.50;1424.50;0.00;0.00
5513;0;2896.50;9.50;1422.50;0.00;0.00
5514;0;3444.50;9.50;1423.50;0.00;0.00
5515;0;3592.50;9.50;1421.50;0.00;0.00
5516;0;3649.50;9.50;1424.50;0.00;0.00
5517;0;3742.50;9.50;1423.50;0.00;0.00
5518;0;3947.50;9.50;1422.50;0.00;0.00
5519;0;4120.50;9.50;1418.50;0.00;0.00
5520;0;4400.50;9.50;1420.50;0.00;0.00
5521;0;4418.50;9.50;1421.50;0.00;0.00
5522;0;4501.50;9.50;1421.50;0.00;0.00
5523;0;4563.50;9.50;1422.50;0.00;0.00
5524;0;4576.50;9.50;1423.50;0.00;0.00
5525;0;4606.50;9.50;1424.50;0.00;0.00
5526;0;4641.50;9.50;1424.50;0.00;0.00
5527;0;4656.50;9.50;1425.50;0.00;0.00
5528;0;4986.50;9.50;1424.50;0.00;0.00
5529;0;1306.50;9.50;1422.50;0.00;0.00
5530;0;1316.50;9.50;1421.50;0.00;0.00
5531;0;1410.50;9.50;1422.50;0.00;0.00
5532;0;2950.50;9.50;1422.50;0.00;0.00
5533;0;2964.50;9.50;1422.50;0.00;0.00
5534;0;3385.50;9.50;1423.50;0.00;0.00
5535;0;3403.50;9.50;1422.50;0.00;0.00
5536;0;3423.50;9.50;1420.50;0.00;0.00
5537;0;3680.50;9.50;1419.50;0.00;0.00
5538;0;3718.50;9.50;1421.50;0.00;0.00
5539;0;3912.50;9.50;1418.50;0.00;0.00
5540;0;3962.50;9.50;1419.50;0.00;0.00
5541;0;4615.50;9.50;1422.50;0.00;0.00
5542;0;4821.50;9.50;1423.50;0.00;0.00
5543;0;928.50;9.50;1419.50;0.00;0.00
5544;0;1292.50;9.50;1421.50;0.00;0.00
5545;0;3433.50;9.50;1421.50;0.00;0.00
5546;0;3459.50;9.50;1423.50;0.00;0.00
5547;0;3496.50;9.50;1422.50;0.00;0.00
5548;0;3642.50;9.50;1420.50;0.00;0.00
5549;0;3656.50;9.50;1422.50;0.00;0.00
5550;0;3864.50;9.50;1422.50;0.00;0.00
5551;0;3875.50;9.50;1421.50;0.00;0.00
5552;0;4347.50;9.50;1413.50;0.00;0.00
5553;0;4667.50;9.50;1421.50;0.00;0.00
5554;0;1069.50;9.50;1415.50;0.00;0.00
5555;0;1445.50;9.50;1419.50;0.00;0.00
5556;0;1459.50;9.50;1419.50;0.00;0.00
5557;0;1472.50;9.50;1419.50;0.00;0.00
5558;0;2855.50;9.50;1421.50;0.00;0.00
5559;0;2930.50;9.50;1420.50;0.00;0.00
5560;0;3467.50;9.50;1419.50;0.00;0.00
5561;0;3505.50;9.50;1420.50;0.00;0.00
5562;0;3601.50;9.50;1422.50;0.00;0.00
5563;0;3623.50;9.50;1421.50;0.00;0.00
5564;0;3632.50;9.50;1420.50;0.00;0.00
5565;0;3667.50;9.50;1417.50;0.00;0.00
5566;0;3699.50;9.50;1417.50;0.00;0.00
5567;0;3753.50;9.50;1417.50;0.00;0.00
5568;0;3765.50;9.50;1415.50;0.00;0.00
5569;0;3851.50;9.50;1418.50;0.00;0.00
5570;0;4481.50;9.50;1416.50;0.00;0.00
5571;0;4660.50;9.50;1418.50;0.00;0.00
5572;0;4829.50;9.50;1421.50;0.00;0.00
5573;0;5005.50;9.50;1420.50;0.00;0.00
5574;0;987.50;9.50;1414.50;0.00;0.00
5575;0;1013.50;9.50;1416.50;0.00;0.00
5576;0;1486.50;9.50;1418.50;0.00;0.00
5577;0;1498.50;9.50;1419.50;0.00;0.00
5578;0;1509.50;9.50;1415.50;0.00;0.00
5579;0;1518.50;9.50;1420.50;0.00;0.00
5580;0;1528.50;9.50;1421.50;0.00;0.00
5581;0;1543.50;9.50;1418.50;0.00;0.00
5582;0;2837.50;9.50;1419.50;0.00;0.00
5583;0;2846.50;9.50;1420.50;0.00;0.00
5584;0;2973.50;9.50;1420.50;0.00;0.00
5585;0;3380.50;9.50;1419.50;0.00;0.00
5586;0;3395.50;9.50;1421.50;0.00;0.00
5587;0;3581.50;9.50;1420.50;0.00;0.00
5588;0;3924.50;9.50;1419.50;0.00;0.00
5589;0;4055.50;9.50;1416.50;0.00;0.00
5590;0;4591.50;9.50;1418.50;0.00;0.00
5591;0;4799.50;9.50;1420.50;0.00;0.00
5592;0;4807.50;9.50;1420.50;0.00;0.00
5593;0;4814.50;9.50;1421.50;0.00;0.00
5594;0;4953.50;9.50;1418.50;0.00;0.00
5595;0;4966.50;9.50;1420.50;0.00;0.00
5596;0;952.50;9.50;1417.50;0.00;0.00
5597;0;1048.50;9.50;1415.50;0.00;0.00
5598;0;1344.50;9.50;1416.50;0.00;0.00
5599;0;1360.50;9.50;1417.50;0.00;0.00
5600;0;1375.50;9.50;1417.50;0.00;0.00
5601;0;1394.50;9.50;1418.50;0.00;0.00
5602;0;1553.50;9.50;1419.50;0.00;0.00
5603;0;1564.50;9.50;1419.50;0.00;0.00
5604;0;1575.50;9.50;1419.50;0.00;0.00
5605;0;1585.50;9.50;1419.50;0.00;0.00
5606;0;1600.50;9.50;1419.50;0.00;0.00
5607;0;1610.50;9.50;1419.50;0.00;0.00
5608;0;1625.50;9.50;1416.50;0.00;0.00
5609;0;2729.50;9.50;1419.50;0.00;0.00
5610;0;2903.50;9.50;1417.50;0.00;0.00
5611;0;2918.50;9.50;1418.50;0.00;0.00
5612;0;2942.50;9.50;1418.50;0.00;0.00
5613;0;3254.50;9.50;1419.50;0.00;0.00
5614;0;3521.50;9.50;1419.50;0.00;0.00
5615;0;3537.50;9.50;1418.50;0.00;0.00
5616;0;3546.50;9.50;1417.50;0.00;0.00
5617;0;3556.50;9.50;1418.50;0.00;0.00
5618;0;3571.50;9.50;1417.50;0.00;0.00
5619;0;3892.50;9.50;1417.50;0.00;0.00
5620;0;4074.50;9.50;1415.50;0.00;0.00
5621;0;4100.50;9.50;1415.50;0.00;0.00
5622;0;4202.50;9.50;1409.50;0.00;0.00
5623;0;4692.50;9.50;1418.50;0.00;0.00
5624;0;4972.50;9.50;1416.50;0.00;0.00
5625;0;998.50;9.50;1412.50;0.00;0.00
5626;0;1212.50;9.50;1415.50;0.00;0.00
5627;0;1227.50;9.50;1410.50;0.00;0.00
5628;0;1243.50;9.50;1414.50;0.00;0.00
5629;0;1300.50;9.50;1416.50;0.00;0.00
5630;0;1417.50;9.50;1413.50;0.00;0.00
5631;0;1425.50;9.50;1418.50;0.00;0.00
5632;0;2827.50;9.50;1417.50;0.00;0.00
5633;0;3408.50;9.50;1417.50;0.00;0.00
5634;0;3512.50;9.50;1418.50;0.00;0.00
5635;0;3725.50;9.50;1416.50;0.00;0.00
5636;0;3734.50;9.50;1417.50;0.00;0.00
5637;0;3881.50;9.50;1415.50;0.00;0.00
5638;0;3940.50;9.50;1414.50;0.00;0.00
5639;0;4445.50;9.50;1416.50;0.00;0.00
5640;0;4509.50;9.50;1414.50;0.00;0.00
5641;0;4582.50;9.50;1417.50;0.00;0.00
5642;0;4630.50;9.50;1418.50;0.00;0.00
5643;0;4637.50;9.50;1418.50;0.00;0.00
5644;0;4646.50;9.50;1419.50;0.00;0.00
5645;0;4980.50;9.50;1419.50;0.00;0.00
5646;0;4990.50;9.50;1418.50;0.00;0.00
5647;0;1132.50;9.50;1413.50;0.00;0.00
5648;0;1434.50;9.50;1414.50;0.00;0.00
5649;0;2866.50;9.50;1415.50;0.00;0.00
5650;0;2957.50;9.50;1417.50;0.00;0.00
5651;0;3389.50;9.50;1415.50;0.00;0.00
5652;0;3416.50;9.50;1417.50;0.00;0.00
5653;0;3441.50;9.50;1415.50;0.00;0.00
5654;0;3489.50;9.50;1416.50;0.00;0.00
5655;0;3613.50;9.50;1417.50;0.00;0.00
5656;0;3828.50;9.50;1413.50;0.00;0.00
5657;0;4025.50;9.50;1415.50;0.00;0.00
5658;0;4173.50;9.50;1406.50;0.00;0.00
5659;0;4600.50;9.50;1416.50;0.00;0.00
5660;0;4681.50;9.50;1416.50;0.00;0.00
5661;0;4998.50;9.50;1417.50;0.00;0.00
5662;0;967.50;9.50;1414.50;0.00;0.00
5663;0;1162.50;9.50;1412.50;0.00;0.00
5664;0;1323.50;9.50;1414.50;0.00;0.00
5665;0;2890.50;9.50;1415.50;0.00;0.00
5666;0;3457.50;9.50;1414.50;0.00;0.00
5667;0;3795.50;9.50;1412.50;0.00;0.00
5668;0;3900.50;9.50;1412.50;0.00;0.00
5669;0;4088.50;9.50;1413.50;0.00;0.00
5670;0;4233.50;9.50;1397.50;0.00;0.00
5671;0;4455.50;9.50;1416.50;0.00;0.00
5672;0;4837.50;9.50;1416.50;0.00;0.00
5673;0;4947.50;9.50;1414.50;0.00;0.00
5674;0;5013.50;9.50;1416.50;0.00;0.00
5675;0;1592.50;9.50;1412.50;0.00;0.00
5676;0;2978.50;9.50;1413.50;0.00;0.00
5677;0;3041.50;9.50;1415.50;0.00;0.00
5678;0;3473.50;9.50;1413.50;0.00;0.00
5679;0;3498.50;9.50;1414.50;0.00;0.00
5680;0;3598.50;9.50;1414.50;0.00;0.00
5681;0;4001.50;9.50;1411.50;0.00;0.00
5682;0;4389.50;9.50;1408.50;0.00;0.00
5683;0;4412.50;9.50;1412.50;0.00;0.00
5684;0;4553.50;9.50;1413.50;0.00;0.00
5685;0;4569.50;9.50;1413.50;0.00;0.00
5686;0;4608.50;9.50;1415.50;0.00;0.00
5687;0;4651.50;9.50;1415.50;0.00;0.00
5688;0;4960.50;9.50;1416.50;0.00;0.00
5689;0;1029.50;9.50;1409.50;0.00;0.00
5690;0;1118.50;9.50;1410.50;0.00;0.00
5691;0;1284.50;9.50;1411.50;0.00;0.00
5692;0;1535.50;9.50;1410.50;0.00;0.00
5693;0;2878.50;9.50;1413.50;0.00;0.00
5694;0;2926.50;9.50;1413.50;0.00;0.00
5695;0;2949.50;9.50;1414.50;0.00;0.00
5696;0;3399.50;9.50;1415.50;0.00;0.00
5697;0;3482.50;9.50;1413.50;0.00;0.00
5698;0;3561.50;9.50;1412.50;0.00;0.00
5699;0;3743.50;9.50;1414.50;0.00;0.00
5700;0;3870.50;9.50;1412.50;0.00;0.00
5701;0;4366.50;9.50;1404.50;0.00;0.00
5702;0;4618.50;9.50;1416.50;0.00;0.00
5703;0;4672.50;9.50;1412.50;0.00;0.00
5704;0;940.50;9.50;1411.50;0.00;0.00
5705;0;1147.50;9.50;1409.50;0.00;0.00
5706;0;1269.50;9.50;1410.50;0.00;0.00
5707;0;2857.50;9.50;1412.50;0.00;0.00
5708;0;2964.50;9.50;1414.50;0.00;0.00
5709;0;3432.50;9.50;1412.50;0.00;0.00
5710;0;3608.50;9.50;1412.50;0.00;0.00
5711;0;3621.50;9.50;1412.50;0.00;0.00
5712;0;3651.50;9.50;1409.50;0.00;0.00
5713;0;3715.50;9.50;1411.50;0.00;0.00
5714;0;3909.50;9.50;1409.50;0.00;0.00
5715;0;4827.50;9.50;1414.50;0.00;0.00
5716;0;1084.50;9.50;1407.50;0.00;0.00
5717;0;1180.50;9.50;1407.50;0.00;0.00
5718;0;1312.50;9.50;1411.50;0.00;0.00
5719;0;1524.50;9.50;1409.50;0.00;0.00
5720;0;1559.50;9.50;1410.50;0.00;0.00
5721;0;1602.50;9.50;1410.50;0.00;0.00
5722;0;2814.50;9.50;1408.50;0.00;0.00
5723;0;2832.50;9.50;1411.50;0.00;0.00
5724;0;2936.50;9.50;1411.50;0.00;0.00
5725;0;3582.50;9.50;1412.50;0.00;0.00
5726;0;3590.50;9.50;1412.50;0.00;0.00
5727;0;3691.50;9.50;1407.50;0.00;0.00
5728;0;3807.50;9.50;1402.50;0.00;0.00
5729;0;3931.50;9.50;1408.50;0.00;0.00
5730;0;3975.50;9.50;1409.50;0.00;0.00
5731;0;4270.50;9.50;1400.50;0.00;0.00
5732;0;4538.50;9.50;1409.50;0.00;0.00
5733;0;4799.50;9.50;1409.50;0.00;0.00
5734;0;4806.50;9.50;1412.50;0.00;0.00
5735;0;5008.50;9.50;1411.50;0.00;0.00
5736;0;978.50;9.50;1408.50;0.00;0.00
5737;0;1100.50;9.50;1407.50;0.00;0.00
5738;0;1383.50;9.50;1406.50;0.00;0.00
5739;0;2823.50;9.50;1410.50;0.00;0.00
5740;0;2844.50;9.50;1409.50;0.00;0.00
5741;0;3378.50;9.50;1413.50;0.00;0.00
5742;0;3424.50;9.50;1410.50;0.00;0.00
5743;0;3530.50;9.50;1411.50;0.00;0.00
5744;0;3627.50;9.50;1411.50;0.00;0.00
5745;0;3639.50;9.50;1410.50;0.00;0.00
5746;0;4326.50;9.50;1402.50;0.00;0.00
5747;0;4426.50;9.50;1404.50;0.00;0.00
5748;0;4488.50;9.50;1407.50;0.00;0.00
5749;0;4501.50;9.50;1411.50;0.00;0.00
5750;0;4642.50;9.50;1411.50;0.00;0.00
5751;0;4663.50;9.50;1410.50;0.00;0.00
5752;0;4812.50;9.50;1412.50;0.00;0.00
5753;0;4980.50;9.50;1407.50;0.00;0.00
5754;0;1057.50;9.50;1405.50;0.00;0.00
5755;0;1331.50;9.50;1404.50;0.00;0.00
5756;0;1452.50;9.50;1408.50;0.00;0.00
5757;0;1472.50;9.50;1409.50;0.00;0.00
5758;0;1570.50;9.50;1408.50;0.00;0.00
5759;0;1582.50;9.50;1410.50;0.00;0.00
5760;0;1614.50;9.50;1410.50;0.00;0.00
5761;0;2730.50;9.50;1410.50;0.00;0.00
5762;0;2801.50;9.50;1407.50;0.00;0.00
5763;0;3406.50;9.50;1411.50;0.00;0.00
5764;0;3447.50;9.50;1408.50;0.00;0.00
5765;0;3513.50;9.50;1408.50;0.00;0.00
5766;0;3553.50;9.50;1408.50;0.00;0.00
5767;0;3674.50;9.50;1407.50;0.00;0.00
5768;0;3987.50;9.50;1406.50;0.00;0.00
5769;0;4012.50;9.50;1404.50;0.00;0.00
5770;0;4438.50;9.50;1406.50;0.00;0.00
5771;0;4587.50;9.50;1410.50;0.00;0.00
5772;0;4614.50;9.50;1409.50;0.00;0.00
5773;0;4656.50;9.50;1410.50;0.00;0.00
5774;0;4987.50;9.50;1409.50;0.00;0.00
5775;0;4995.50;9.50;1411.50;0.00;0.00
5776;0;929.50;9.50;1408.50;0.00;0.00
5777;0;959.50;9.50;1407.50;0.00;0.00
5778;0;1353.50;9.50;1406.50;0.00;0.00
5779;0;1463.50;9.50;1405.50;0.00;0.00
5780;0;1494.50;9.50;1407.50;0.00;0.00
5781;0;1549.50;9.50;1408.50;0.00;0.00
5782;0;2885.50;9.50;1407.50;0.00;0.00
5783;0;2910.50;9.50;1410.50;0.00;0.00
5784;0;2970.50;9.50;1410.50;0.00;0.00
5785;0;3393.50;9.50;1409.50;0.00;0.00
5786;0;3416.50;9.50;1410.50;0.00;0.00
5787;0;3505.50;9.50;1409.50;0.00;0.00
5788;0;3662.50;9.50;1406.50;0.00;0.00
5789;0;3888.50;9.50;1408.50;0.00;0.00
5790;0;3959.50;9.50;1406.50;0.00;0.00
5791;0;4577.50;9.50;1408.50;0.00;0.00
5792;0;4625.50;9.50;1408.50;0.00;0.00
5793;0;4634.50;9.50;1409.50;0.00;0.00
5794;0;4818.50;9.50;1409.50;0.00;0.00
5795;0;4951.50;9.50;1407.50;0.00;0.00
5796;0;4958.50;9.50;1410.50;0.00;0.00
5797;0;1007.50;9.50;1405.50;0.00;0.00
5798;0;1367.50;9.50;1404.50;0.00;0.00
5799;0;1411.50;9.50;1405.50;0.00;0.00
5800;0;1441.50;9.50;1405.50;0.00;0.00
5801;0;1483.50;9.50;1405.50;0.00;0.00
5802;0;2724.50;9.50;1405.50;0.00;0.00
5803;0;2860.50;9.50;1404.50;0.00;0.00
5804;0;2900.50;9.50;1405.50;0.00;0.00
5805;0;2985.50;9.50;1408.50;0.00;0.00
5806;0;3467.50;9.50;1406.50;0.00;0.00
5807;0;3570.50;9.50;1407.50;0.00;0.00
5808;0;3615.50;9.50;1408.50;0.00;0.00
5809;0;3725.50;9.50;1406.50;0.00;0.00
5810;0;3850.50;9.50;1406.50;0.00;0.00
5811;0;3950.50;9.50;1404.50;0.00;0.00
5812;0;4046.50;9.50;1403.50;0.00;0.00
5813;0;4061.50;9.50;1404.50;0.00;0.00
5814;0;4146.50;9.50;1397.50;0.00;0.00
5815;0;4525.50;9.50;1406.50;0.00;0.00
5816;0;4563.50;9.50;1406.50;0.00;0.00
5817;0;4597.50;9.50;1406.50;0.00;0.00
5818;0;4931.50;9.50;1409.50;0.00;0.00
5819;0;4965.50;9.50;1408.50;0.00;0.00
5820;0;4973.50;9.50;1409.50;0.00;0.00
5821;0;1301.50;9.50;1406.50;0.00;0.00
5822;0;1399.50;9.50;1406.50;0.00;0.00
5823;0;1424.50;9.50;1405.50;0.00;0.00
5824;0;2867.50;9.50;1407.50;0.00;0.00
5825;0;2942.50;9.50;1406.50;0.00;0.00
5826;0;2954.50;9.50;1407.50;0.00;0.00
5827;0;3206.50;9.50;1403.50;0.00;0.00
5828;0;3344.50;9.50;1403.50;0.00;0.00
5829;0;3380.50;9.50;1407.50;0.00;0.00
5830;0;3387.50;9.50;1407.50;0.00;0.00
5831;0;3491.50;9.50;1403.50;0.00;0.00
5832;0;3522.50;9.50;1407.50;0.00;0.00
5833;0;3543.50;9.50;1407.50;0.00;0.00
5834;0;3920.50;9.50;1405.50;0.00;0.00
5835;0;4119.50;9.50;1396.50;0.00;0.00
5836;0;4467.50;9.50;1404.50;0.00;0.00
5837;0;4606.50;9.50;1406.50;0.00;0.00
5838;0;4679.50;9.50;1407.50;0.00;0.00
5839;0;4825.50;9.50;1406.50;0.00;0.00
5840;0;4838.50;9.50;1408.50;0.00;0.00
5841;0;4924.50;9.50;1403.50;0.00;0.00
5842;0;949.50;9.50;1404.50;0.00;0.00
5843;0;1196.50;9.50;1400.50;0.00;0.00
5844;0;1508.50;9.50;1404.50;0.00;0.00
5845;0;3578.50;9.50;1406.50;0.00;0.00
5846;0;3601.50;9.50;1402.50;0.00;0.00
5847;0;3736.50;9.50;1404.50;0.00;0.00
5848;0;3749.50;9.50;1404.50;0.00;0.00
5849;0;3779.50;9.50;1400.50;0.00;0.00
5850;0;3820.50;9.50;1400.50;0.00;0.00
5851;0;4029.50;9.50;1400.50;0.00;0.00
5852;0;4406.50;9.50;1403.50;0.00;0.00
5853;0;4456.50;9.50;1405.50;0.00;0.00
5854;0;4649.50;9.50;1407.50;0.00;0.00
5855;0;4944.50;9.50;1404.50;0.00;0.00
5856;0;5000.50;9.50;1406.50;0.00;0.00
5857;0;969.50;9.50;1404.50;0.00;0.00
5858;0;1043.50;9.50;1401.50;0.00;0.00
5859;0;2928.50;9.50;1405.50;0.00;0.00
5860;0;2976.50;9.50;1405.50;0.00;0.00
5861;0;3438.50;9.50;1403.50;0.00;0.00
5862;0;3455.50;9.50;1401.50;0.00;0.00
5863;0;3478.50;9.50;1405.50;0.00;0.00
5864;0;3607.50;9.50;1405.50;0.00;0.00
5865;0;4294.50;9.50;1398.50;0.00;0.00
5866;0;4496.50;9.50;1404.50;0.00;0.00
5867;0;4832.50;9.50;1404.50;0.00;0.00
5868;0;4895.50;9.50;1405.50;0.00;0.00
5869;0;4905.50;9.50;1403.50;0.00;0.00
5870;0;4914.50;9.50;1404.50;0.00;0.00
5871;0;1237.50;9.50;1400.50;0.00;0.00
5872;0;1260.50;9.50;1398.50;0.00;0.00
5873;0;1290.50;9.50;1400.50;0.00;0.00
5874;0;1616.50;9.50;1400.50;0.00;0.00
5875;0;2876.50;9.50;1405.50;0.00;0.00
5876;0;2950.50;9.50;1400.50;0.00;0.00
5877;0;3401.50;9.50;1404.50;0.00;0.00
5878;0;3499.50;9.50;1404.50;0.00;0.00
5879;0;3529.50;9.50;1404.50;0.00;0.00
5880;0;3562.50;9.50;1405.50;0.00;0.00
5881;0;3594.50;9.50;1403.50;0.00;0.00
5882;0;3623.50;9.50;1405.50;0.00;0.00
5883;0;3633.50;9.50;1402.50;0.00;0.00
5884;0;3941.50;9.50;1404.50;0.00;0.00
5885;0;3969.50;9.50;1400.50;0.00;0.00
5886;0;4079.50;9.50;1395.50;0.00;0.00
5887;0;4618.50;9.50;1403.50;0.00;0.00
5888;0;995.50;9.50;1402.50;0.00;0.00
5889;0;1070.50;9.50;1401.50;0.00;0.00
5890;0;1317.50;9.50;1399.50;0.00;0.00
5891;0;1588.50;9.50;1401.50;0.00;0.00
5892;0;1597.50;9.50;1401.50;0.00;0.00
5893;0;2739.50;9.50;1401.50;0.00;0.00
5894;0;2768.50;9.50;1401.50;0.00;0.00
5895;0;2819.50;9.50;1404.50;0.00;0.00
5896;0;2964.50;9.50;1400.50;0.00;0.00
5897;0;3410.50;9.50;1404.50;0.00;0.00
5898;0;3585.50;9.50;1401.50;0.00;0.00
5899;0;3644.50;9.50;1403.50;0.00;0.00
5900;0;3761.50;9.50;1399.50;0.00;0.00
5901;0;4545.50;9.50;1399.50;0.00;0.00
5902;0;4555.50;9.50;1401.50;0.00;0.00
5903;0;4588.50;9.50;1401.50;0.00;0.00
5904;0;4641.50;9.50;1404.50;0.00;0.00
5905;0;4670.50;9.50;1403.50;0.00;0.00
5906;0;5007.50;9.50;1404.50;0.00;0.00
5907;0;1136.50;9.50;1399.50;0.00;0.00
5908;0;1165.50;9.50;1399.50;0.00;0.00
5909;0;1560.50;9.50;1402.50;0.00;0.00
5910;0;1575.50;9.50;1400.50;0.00;0.00
5911;0;2833.50;9.50;1402.50;0.00;0.00
5912;0;2849.50;9.50;1400.50;0.00;0.00
5913;0;2912.50;9.50;1403.50;0.00;0.00
5914;0;2936.50;9.50;1403.50;0.00;0.00
5915;0;3328.50;9.50;1399.50;0.00;0.00
5916;0;3875.50;9.50;1401.50;0.00;0.00
5917;0;3904.50;9.50;1401.50;0.00;0.00
5918;0;3915.50;9.50;1399.50;0.00;0.00
5919;0;4447.50;9.50;1399.50;0.00;0.00
5920;0;4476.50;9.50;1399.50;0.00;0.00
5921;0;4517.50;9.50;1398.50;0.00;0.00
5922;0;4798.50;9.50;1401.50;0.00;0.00
5923;0;4938.50;9.50;1402.50;0.00;0.00
5924;0;4958.50;9.50;1403.50;0.00;0.00
5925;0;1014.50;9.50;1397.50;0.00;0.00
5926;0;1247.50;9.50;1393.50;0.00;0.00
5927;0;1607.50;9.50;1399.50;0.00;0.00
5928;0;2731.50;9.50;1402.50;0.00;0.00
5929;0;2792.50;9.50;1401.50;0.00;0.00
5930;0;2808.50;9.50;1401.50;0.00;0.00
5931;0;2922.50;9.50;1400.50;0.00;0.00
5932;0;3392.50;9.50;1402.50;0.00;0.00
5933;0;3424.50;9.50;1399.50;0.00;0.00
5934;0;3508.50;9.50;1401.50;0.00;0.00
5935;0;3683.50;9.50;1397.50;0.00;0.00
5936;0;3791.50;9.50;1392.50;0.00;0.00
5937;0;3864.50;9.50;1398.50;0.00;0.00
5938;0;3889.50;9.50;1399.50;0.00;0.00
5939;0;4507.50;9.50;1400.50;0.00;0.00
5940;0;4976.50;9.50;1399.50;0.00;0.00
5941;0;939.50;9.50;1398.50;0.00;0.00
5942;0;988.50;9.50;1397.50;0.00;0.00
5943;0;1214.50;9.50;1396.50;0.00;0.00
5944;0;1392.50;9.50;1396.50;0.00;0.00
5945;0;1527.50;9.50;1400.50;0.00;0.00
5946;0;2751.50;9.50;1399.50;0.00;0.00
5947;0;2880.50;9.50;1398.50;0.00;0.00
5948;0;2903.50;9.50;1396.50;0.00;0.00
5949;0;3381.50;9.50;1400.50;0.00;0.00
5950;0;3540.50;9.50;1399.50;0.00;0.00
5951;0;3613.50;9.50;1401.50;0.00;0.00
5952;0;3651.50;9.50;1396.50;0.00;0.00
5953;0;3998.50;9.50;1399.50;0.00;0.00
5954;0;4578.50;9.50;1399.50;0.00;0.00
5955;0;4657.50;9.50;1401.50;0.00;0.00
5956;0;4807.50;9.50;1401.50;0.00;0.00
5957;0;4966.50;9.50;1401.50;0.00;0.00
5958;0;4990.50;9.50;1399.50;0.00;0.00
5959;0;974.50;9.50;1399.50;0.00;0.00
5960;0;1120.50;9.50;1395.50;0.00;0.00
5961;0;1151.50;9.50;1395.50;0.00;0.00
5962;0;1278.50;9.50;1394.50;0.00;0.00
5963;0;1534.50;9.50;1395.50;0.00;0.00
5964;0;1542.50;9.50;1399.50;0.00;0.00
5965;0;1549.50;9.50;1395.50;0.00;0.00
5966;0;2777.50;9.50;1395.50;0.00;0.00
5967;0;2889.50;9.50;1400.50;0.00;0.00
5968;0;2984.50;9.50;1399.50;0.00;0.00
5969;0;3524.50;9.50;1399.50;0.00;0.00
5970;0;3557.50;9.50;1393.50;0.00;0.00
5971;0;3704.50;9.50;1394.50;0.00;0.00
5972;0;3717.50;9.50;1392.50;0.00;0.00
5973;0;3841.50;9.50;1397.50;0.00;0.00
5974;0;3924.50;9.50;1397.50;0.00;0.00
5975;0;4100.50;9.50;1383.50;0.00;0.00
5976;0;4344.50;9.50;1394.50;0.00;0.00
5977;0;4382.50;9.50;1392.50;0.00;0.00
5978;0;4397.50;9.50;1397.50;0.00;0.00
5979;0;4534.50;9.50;1397.50;0.00;0.00
5980;0;4609.50;9.50;1398.50;0.00;0.00
5981;0;4633.50;9.50;1399.50;0.00;0.00
5982;0;4664.50;9.50;1398.50;0.00;0.00
5983;0;4821.50;9.50;1399.50;0.00;0.00
5984;0;4929.50;9.50;1399.50;0.00;0.00
5985;0;1302.50;9.50;1395.50;0.00;0.00
5986;0;1351.50;9.50;1394.50;0.00;0.00
5987;0;1376.50;9.50;1395.50;0.00;0.00
5988;0;1518.50;9.50;1396.50;0.00;0.00
5989;0;2822.50;9.50;1396.50;0.00;0.00
5990;0;3466.50;9.50;1397.50;0.00;0.00
5991;0;3485.50;9.50;1397.50;0.00;0.00
5992;0;3622.50;9.50;1397.50;0.00;0.00
5993;0;3961.50;9.50;1398.50;0.00;0.00
5994;0;3977.50;9.50;1399.50;0.00;0.00
5995;0;3983.50;9.50;1398.50;0.00;0.00
5996;0;4487.50;9.50;1397.50;0.00;0.00
5997;0;4600.50;9.50;1397.50;0.00;0.00
5998;0;4625.50;9.50;1398.50;0.00;0.00
5999;0;4650.50;9.50;1399.50;0.00;0.00
6000;0;4677.50;9.50;1396.50;0.00;0.00
6001;0;4791.50;9.50;1396.50;0.00;0.00
6002;0;4881.50;9.50;1395.50;0.00;0.00
6003;0;980.50;9.50;1394.50;0.00;0.00
6004;0;1002.50;9.50;1395.50;0.00;0.00
6005;0;1035.50;9.50;1391.50;0.00;0.00
6006;0;1342.50;9.50;1389.50;0.00;0.00
6007;0;2797.50;9.50;1395.50;0.00;0.00
6008;0;2806.50;9.50;1393.50;0.00;0.00
6009;0;2941.50;9.50;1398.50;0.00;0.00
6010;0;2977.50;9.50;1396.50;0.00;0.00
6011;0;3408.50;9.50;1395.50;0.00;0.00
6012;0;3446.50;9.50;1394.50;0.00;0.00
6013;0;3497.50;9.50;1396.50;0.00;0.00
6014;0;3514.50;9.50;1398.50;0.00;0.00
6015;0;3569.50;9.50;1396.50;0.00;0.00
6016;0;3576.50;9.50;1398.50;0.00;0.00
6017;0;3667.50;9.50;1396.50;0.00;0.00
6018;0;3729.50;9.50;1394.50;0.00;0.00
6019;0;4191.50;9.50;1385.50;0.00;0.00
6020;0;4566.50;9.50;1396.50;0.00;0.00
6021;0;4910.50;9.50;1396.50;0.00;0.00
6022;0;4951.50;9.50;1395.50;0.00;0.00
6023;0;960.50;9.50;1396.50;0.00;0.00
6024;0;1084.50;9.50;1393.50;0.00;0.00
6025;0;2721.50;9.50;1397.50;0.00;0.00
6026;0;2838.50;9.50;1393.50;0.00;0.00
6027;0;2913.50;9.50;1395.50;0.00;0.00
6028;0;2969.50;9.50;1394.50;0.00;0.00
6029;0;3524.50;9.50;1389.50;0.00;0.00
6030;0;3742.50;9.50;1394.50;0.00;0.00
6031;0;3946.50;9.50;1395.50;0.00;0.00
6032;0;4410.50;9.50;1382.50;0.00;0.00
6033;0;4437.50;9.50;1394.50;0.00;0.00
6034;0;4498.50;9.50;1395.50;0.00;0.00
6035;0;4643.50;9.50;1396.50;0.00;0.00
6036;0;4812.50;9.50;1396.50;0.00;0.00
6037;0;4897.50;9.50;1396.50;0.00;0.00
6038;0;4936.50;9.50;1393.50;0.00;0.00
6039;0;1054.50;9.50;1392.50;0.00;0.00
6040;0;1102.50;9.50;1391.50;0.00;0.00
6041;0;1405.50;9.50;1393.50;0.00;0.00
6042;0;1418.50;9.50;1393.50;0.00;0.00
6043;0;1431.50;9.50;1393.50;0.00;0.00
6044;0;1444.50;9.50;1394.50;0.00;0.00
6045;0;1460.50;9.50;1394.50;0.00;0.00
6046;0;1474.50;9.50;1387.50;0.00;0.00
6047;0;1484.50;9.50;1394.50;0.00;0.00
6048;0;1497.50;9.50;1389.50;0.00;0.00
6049;0;1507.50;9.50;1393.50;0.00;0.00
6050;0;2859.50;9.50;1394.50;0.00;0.00
6051;0;3390.50;9.50;1395.50;0.00;0.00
6052;0;3476.50;9.50;1394.50;0.00;0.00
6053;0;3546.50;9.50;1394.50;0.00;0.00
6054;0;3638.50;9.50;1395.50;0.00;0.00
6055;0;3898.50;9.50;1394.50;0.00;0.00
6056;0;3956.50;9.50;1393.50;0.00;0.00
6057;0;4039.50;9.50;1386.50;0.00;0.00
6058;0;4458.50;9.50;1394.50;0.00;0.00
6059;0;4618.50;9.50;1393.50;0.00;0.00
6060;0;951.50;9.50;1393.50;0.00;0.00
6061;0;1022.50;9.50;1391.50;0.00;0.00
6062;0;1182.50;9.50;1389.50;0.00;0.00
6063;0;1583.50;9.50;1393.50;0.00;0.00
6064;0;2729.50;9.50;1394.50;0.00;0.00
6065;0;2739.50;9.50;1393.50;0.00;0.00
6066;0;2763.50;9.50;1391.50;0.00;0.00
6067;0;2925.50;9.50;1392.50;0.00;0.00
6068;0;3418.50;9.50;1390.50;0.00;0.00
6069;0;3432.50;9.50;1388.50;0.00;0.00
6070;0;3535.50;9.50;1394.50;0.00;0.00
6071;0;3587.50;9.50;1394.50;0.00;0.00
6072;0;3604.50;9.50;1395.50;0.00;0.00
6073;0;3933.50;9.50;1393.50;0.00;0.00
6074;0;4256.50;9.50;1380.50;0.00;0.00
6075;0;4592.50;9.50;1393.50;0.00;0.00
6076;0;4927.50;9.50;1392.50;0.00;0.00
6077;0;968.50;9.50;1392.50;0.00;0.00
6078;0;1230.50;9.50;1388.50;0.00;0.00
6079;0;1330.50;9.50;1390.50;0.00;0.00
6080;0;1364.50;9.50;1390.50;0.00;0.00
6081;0;1557.50;9.50;1388.50;0.00;0.00
6082;0;1567.50;9.50;1392.50;0.00;0.00
6083;0;2872.50;9.50;1388.50;0.00;0.00
6084;0;2888.50;9.50;1392.50;0.00;0.00
6085;0;2895.50;9.50;1385.50;0.00;0.00
6086;0;2934.50;9.50;1392.50;0.00;0.00
6087;0;3504.50;9.50;1391.50;0.00;0.00
6088;0;3516.50;9.50;1390.50;0.00;0.00
6089;0;3614.50;9.50;1394.50;0.00;0.00
6090;0;4011.50;9.50;1389.50;0.00;0.00
6091;0;4309.50;9.50;1383.50;0.00;0.00
6092;0;4426.50;9.50;1393.50;0.00;0.00
6093;0;4468.50;9.50;1391.50;0.00;0.00
6094;0;4583.50;9.50;1392.50;0.00;0.00
6095;0;4683.50;9.50;1392.50;0.00;0.00
6096;0;4799.50;9.50;1393.50;0.00;0.00
6097;0;4944.50;9.50;1390.50;0.00;0.00
6098;0;2747.50;9.50;1390.50;0.00;0.00
6099;0;2949.50;9.50;1391.50;0.00;0.00
6100;0;2958.50;9.50;1392.50;0.00;0.00
6101;0;3597.50;9.50;1389.50;0.00;0.00
6102;0;3830.50;9.50;1386.50;0.00;0.00
6103;0;3877.50;9.50;1391.50;0.00;0.00
6104;0;3979.50;9.50;1391.50;0.00;0.00
6105;0;4213.50;9.50;1376.50;0.00;0.00
6106;0;4508.50;9.50;1391.50;0.00;0.00
6107;0;4550.50;9.50;1389.50;0.00;0.00
6108;0;4574.50;9.50;1391.50;0.00;0.00
6109;0;4889.50;9.50;1392.50;0.00;0.00
6110;0;1068.50;9.50;1389.50;0.00;0.00
6111;0;1525.50;9.50;1390.50;0.00;0.00
6112;0;1594.50;9.50;1389.50;0.00;0.00
6113;0;2717.50;9.50;1390.50;0.00;0.00
6114;0;2848.50;9.50;1386.50;0.00;0.00
6115;0;3383.50;9.50;1392.50;0.00;0.00
6116;0;3608.50;9.50;1390.50;0.00;0.00
6117;0;3695.50;9.50;1379.50;0.00;0.00
6118;0;3773.50;9.50;1386.50;0.00;0.00
6119;0;3803.50;9.50;1388.50;0.00;0.00
6120;0;4523.50;9.50;1388.50;0.00;0.00
6121;0;4663.50;9.50;1389.50;0.00;0.00
6122;0;4869.50;9.50;1388.50;0.00;0.00
6123;0;992.50;9.50;1388.50;0.00;0.00
6124;0;1130.50;9.50;1387.50;0.00;0.00
6125;0;1292.50;9.50;1388.50;0.00;0.00
6126;0;1311.50;9.50;1387.50;0.00;0.00
6127;0;1384.50;9.50;1387.50;0.00;0.00
6128;0;2816.50;9.50;1389.50;0.00;0.00
6129;0;3377.50;9.50;1389.50;0.00;0.00
6130;0;3887.50;9.50;1388.50;0.00;0.00
6131;0;3913.50;9.50;1390.50;0.00;0.00
6132;0;3938.50;9.50;1386.50;0.00;0.00
6133;0;3969.50;9.50;1388.50;0.00;0.00
6134;0;3992.50;9.50;1390.50;0.00;0.00
6135;0;4541.50;9.50;1385.50;0.00;0.00
6136;0;4609.50;9.50;1390.50;0.00;0.00
6137;0;4643.50;9.50;1387.50;0.00;0.00
6138;0;4651.50;9.50;1389.50;0.00;0.00
6139;0;1142.50;9.50;1385.50;0.00;0.00
6140;0;1515.50;9.50;1385.50;0.00;0.00
6141;0;1577.50;9.50;1385.50;0.00;0.00
6142;0;2756.50;9.50;1386.50;0.00;0.00
6143;0;2939.50;9.50;1383.50;0.00;0.00
6144;0;3397.50;9.50;1389.50;0.00;0.00
6145;0;3576.50;9.50;1390.50;0.00;0.00
6146;0;3923.50;9.50;1388.50;0.00;0.00
6147;0;4061.50;9.50;1383.50;0.00;0.00
6148;0;4490.50;9.50;1388.50;0.00;0.00
6149;0;4634.50;9.50;1386.50;0.00;0.00
6150;0;4916.50;9.50;1387.50;0.00;0.00
6151;0;1045.50;9.50;1384.50;0.00;0.00
6152;0;1164.50;9.50;1386.50;0.00;0.00
6153;0;1542.50;9.50;1387.50;0.00;0.00
6154;0;3483.50;9.50;1387.50;0.00;0.00
6155;0;3495.50;9.50;1387.50;0.00;0.00
6156;0;3532.50;9.50;1388.50;0.00;0.00
6157;0;3588.50;9.50;1386.50;0.00;0.00
6158;0;3619.50;9.50;1387.50;0.00;0.00
6159;0;3630.50;9.50;1387.50;0.00;0.00
6160;0;3815.50;9.50;1383.50;0.00;0.00
6161;0;4477.50;9.50;1387.50;0.00;0.00
6162;0;4601.50;9.50;1388.50;0.00;0.00
6163;0;4674.50;9.50;1387.50;0.00;0.00
6164;0;4695.50;9.50;1385.50;0.00;0.00
6165;0;4880.50;9.50;1387.50;0.00;0.00
6166;0;962.50;9.50;1388.50;0.00;0.00
6167;0;983.50;9.50;1387.50;0.00;0.00
6168;0;1397.50;9.50;1385.50;0.00;0.00
6169;0;2773.50;9.50;1384.50;0.00;0.00
6170;0;2784.50;9.50;1378.50;0.00;0.00
6171;0;2827.50;9.50;1384.50;0.00;0.00
6172;0;2904.50;9.50;1388.50;0.00;0.00
6173;0;3405.50;9.50;1386.50;0.00;0.00
6174;0;3641.50;9.50;1384.50;0.00;0.00
6175;0;3847.50;9.50;1383.50;0.00;0.00
6176;0;3858.50;9.50;1381.50;0.00;0.00
6177;0;3986.50;9.50;1385.50;0.00;0.00
6178;0;4329.50;9.50;1381.50;0.00;0.00
6179;0;4369.50;9.50;1380.50;0.00;0.00
6180;0;4533.50;9.50;1387.50;0.00;0.00
6181;0;4909.50;9.50;1388.50;0.00;0.00
6182;0;972.50;9.50;1383.50;0.00;0.00
6183;0;1002.50;9.50;1386.50;0.00;0.00
6184;0;1261.50;9.50;1382.50;0.00;0.00
6185;0;1450.50;9.50;1383.50;0.00;0.00
6186;0;1532.50;9.50;1384.50;0.00;0.00
6187;0;2738.50;9.50;1386.50;0.00;0.00
6188;0;2920.50;9.50;1383.50;0.00;0.00
6189;0;3458.50;9.50;1383.50;0.00;0.00
6190;0;3471.50;9.50;1383.50;0.00;0.00
6191;0;3545.50;9.50;1387.50;0.00;0.00
6192;0;3664.50;9.50;1385.50;0.00;0.00
6193;0;3676.50;9.50;1384.50;0.00;0.00
6194;0;3946.50;9.50;1387.50;0.00;0.00
6195;0;3961.50;9.50;1386.50;0.00;0.00
6196;0;4165.50;9.50;1375.50;0.00;0.00
6197;0;4448.50;9.50;1384.50;0.00;0.00
6198;0;4560.50;9.50;1385.50;0.00;0.00
6199;0;4569.50;9.50;1385.50;0.00;0.00
6200;0;4593.50;9.50;1386.50;0.00;0.00
6201;0;4684.50;9.50;1385.50;0.00;0.00
6202;0;4936.50;9.50;1384.50;0.00;0.00
6203;0;1015.50;9.50;1382.50;0.00;0.00
6204;0;1091.50;9.50;1381.50;0.00;0.00
6205;0;1117.50;9.50;1382.50;0.00;0.00
6206;0;1210.50;9.50;1382.50;0.00;0.00
6207;0;2803.50;9.50;1383.50;0.00;0.00
6208;0;2869.50;9.50;1374.50;0.00;0.00
6209;0;2965.50;9.50;1384.50;0.00;0.00
6210;0;3565.50;9.50;1383.50;0.00;0.00
6211;0;3652.50;9.50;1383.50;0.00;0.00
6212;0;3725.50;9.50;1381.50;0.00;0.00
6213;0;3742.50;9.50;1380.50;0.00;0.00
6214;0;3897.50;9.50;1385.50;0.00;0.00
6215;0;3905.50;9.50;1383.50;0.00;0.00
6216;0;4135.50;9.50;1373.50;0.00;0.00
6217;0;4499.50;9.50;1384.50;0.00;0.00
6218;0;4513.50;9.50;1383.50;0.00;0.00
6219;0;4620.50;9.50;1384.50;0.00;0.00
6220;0;4898.50;9.50;1384.50;0.00;0.00
6221;0;1060.50;9.50;1382.50;0.00;0.00
6222;0;1079.50;9.50;1381.50;0.00;0.00
6223;0;1247.50;9.50;1381.50;0.00;0.00
6224;0;1487.50;9.50;1382.50;0.00;0.00
6225;0;3382.50;9.50;1385.50;0.00;0.00
6226;0;3391.50;9.50;1385.50;0.00;0.00
6227;0;3606.50;9.50;1384.50;0.00;0.00
6228;0;4281.50;9.50;1375.50;0.00;0.00
6229;0;4425.50;9.50;1374.50;0.00;0.00
6230;0;4578.50;9.50;1384.50;0.00;0.00
6231;0;1030.50;9.50;1379.50;0.00;0.00
6232;0;1152.50;9.50;1380.50;0.00;0.00
6233;0;1196.50;9.50;1377.50;0.00;0.00
6234;0;1222.50;9.50;1375.50;0.00;0.00
6235;0;1420.50;9.50;1380.50;0.00;0.00
6236;0;1463.50;9.50;1381.50;0.00;0.00
6237;0;2731.50;9.50;1382.50;0.00;0.00
6238;0;2795.50;9.50;1375.50;0.00;0.00
6239;0;2956.50;9.50;1380.50;0.00;0.00
6240;0;3445.50;9.50;1378.50;0.00;0.00
6241;0;3875.50;9.50;1380.50;0.00;0.00
6242;0;3931.50;9.50;1385.50;0.00;0.00
6243;0;4023.50;9.50;1378.50;0.00;0.00
6244;0;4587.50;9.50;1381.50;0.00;0.00
6245;0;4612.50;9.50;1382.50;0.00;0.00
6246;0;1273.50;9.50;1378.50;0.00;0.00
6247;0;1283.50;9.50;1379.50;0.00;0.00
6248;0;1404.50;9.50;1381.50;0.00;0.00
6249;0;1550.50;9.50;1380.50;0.00;0.00
6250;0;2711.50;9.50;1382.50;0.00;0.00
6251;0;2723.50;9.50;1382.50;0.00;0.00
6252;0;2743.50;9.50;1380.50;0.00;0.00
6253;0;2930.50;9.50;1376.50;0.00;0.00
6254;0;2972.50;9.50;1379.50;0.00;0.00
6255;0;3505.50;9.50;1383.50;0.00;0.00
6256;0;3513.50;9.50;1382.50;0.00;0.00
6257;0;3521.50;9.50;1382.50;0.00;0.00
6258;0;3547.50;9.50;1380.50;0.00;0.00
6259;0;3756.50;9.50;1378.50;0.00;0.00
6260;0;4465.50;9.50;1380.50;0.00;0.00
6261;0;4628.50;9.50;1381.50;0.00;0.00
6262;0;4653.50;9.50;1381.50;0.00;0.00
6263;0;987.50;9.50;1380.50;0.00;0.00
6264;0;1351.50;9.50;1377.50;0.00;0.00
6265;0;1373.50;9.50;1378.50;0.00;0.00
6266;0;1441.50;9.50;1374.50;0.00;0.00
6267;0;1503.50;9.50;1378.50;0.00;0.00
6268;0;2812.50;9.50;1378.50;0.00;0.00
6269;0;2887.50;9.50;1375.50;0.00;0.00
6270;0;3376.50;9.50;1381.50;0.00;0.00
6271;0;3383.50;9.50;1379.50;0.00;0.00
6272;0;3416.50;9.50;1379.50;0.00;0.00
6273;0;3539.50;9.50;1380.50;0.00;0.00
6274;0;3576.50;9.50;1380.50;0.00;0.00
6275;0;3596.50;9.50;1382.50;0.00;0.00
6276;0;3791.50;9.50;1378.50;0.00;0.00
6277;0;3917.50;9.50;1380.50;0.00;0.00
6278;0;3979.50;9.50;1380.50;0.00;0.00
6279;0;3997.50;9.50;1378.50;0.00;0.00
6280;0;4007.50;9.50;1375.50;0.00;0.00
6281;0;4363.50;9.50;1361.50;0.00;0.00
6282;0;4391.50;9.50;1375.50;0.00;0.00
6283;0;4862.50;9.50;1380.50;0.00;0.00
6284;0;996.50;9.50;1380.50;0.00;0.00
6285;0;1172.50;9.50;1375.50;0.00;0.00
6286;0;1363.50;9.50;1379.50;0.00;0.00
6287;0;1525.50;9.50;1378.50;0.00;0.00
6288;0;2839.50;9.50;1375.50;0.00;0.00
6289;0;2854.50;9.50;1374.50;0.00;0.00
6290;0;3491.50;9.50;1377.50;0.00;0.00
6291;0;3527.50;9.50;1377.50;0.00;0.00
6292;0;3926.50;9.50;1381.50;0.00;0.00
6293;0;3950.50;9.50;1381.50;0.00;0.00
6294;0;4487.50;9.50;1379.50;0.00;0.00
6295;0;4528.50;9.50;1379.50;0.00;0.00
6296;0;4554.50;9.50;1380.50;0.00;0.00
6297;0;4598.50;9.50;1381.50;0.00;0.00
6298;0;4646.50;9.50;1379.50;0.00;0.00
6299;0;4667.50;9.50;1382.50;0.00;0.00
6300;0;4915.50;9.50;1380.50;0.00;0.00
6301;0;979.50;9.50;1378.50;0.00;0.00
6302;0;1006.50;9.50;1378.50;0.00;0.00
6303;0;1322.50;9.50;1376.50;0.00;0.00
6304;0;1560.50;9.50;1374.50;0.00;0.00
6305;0;1571.50;9.50;1375.50;0.00;0.00
6306;0;2761.50;9.50;1376.50;0.00;0.00
6307;0;2906.50;9.50;1379.50;0.00;0.00
6308;0;2984.50;9.50;1376.50;0.00;0.00
6309;0;3397.50;9.50;1378.50;0.00;0.00
6310;0;3618.50;9.50;1377.50;0.00;0.00
6311;0;3884.50;9.50;1376.50;0.00;0.00
6312;0;3964.50;9.50;1376.50;0.00;0.00
6313;0;4078.50;9.50;1373.50;0.00;0.00
6314;0;4639.50;9.50;1379.50;0.00;0.00
6315;0;4679.50;9.50;1379.50;0.00;0.00
6316;0;4699.50;9.50;1378.50;0.00;0.00
6317;0;1069.50;9.50;1376.50;0.00;0.00
6318;0;1103.50;9.50;1372.50;0.00;0.00
6319;0;1235.50;9.50;1374.50;0.00;0.00
6320;0;1299.50;9.50;1377.50;0.00;0.00
6321;0;2703.50;9.50;1375.50;0.00;0.00
6322;0;3480.50;9.50;1376.50;0.00;0.00
6323;0;3559.50;9.50;1377.50;0.00;0.00
6324;0;3592.50;9.50;1374.50;0.00;0.00
6325;0;3630.50;9.50;1377.50;0.00;0.00
6326;0;3960.50;9.50;1380.50;0.00;0.00
6327;0;4546.50;9.50;1377.50;0.00;0.00
6328;0;4605.50;9.50;1377.50;0.00;0.00
6329;0;4686.50;9.50;1378.50;0.00;0.00
6330;0;1128.50;9.50;1374.50;0.00;0.00
6331;0;1310.50;9.50;1375.50;0.00;0.00
6332;0;1335.50;9.50;1373.50;0.00;0.00
6333;0;1384.50;9.50;1376.50;0.00;0.00
6334;0;2697.50;9.50;1377.50;0.00;0.00
6335;0;2714.50;9.50;1374.50;0.00;0.00
6336;0;2946.50;9.50;1374.50;0.00;0.00
6337;0;3432.50;9.50;1372.50;0.00;0.00
6338;0;3909.50;9.50;1375.50;0.00;0.00
6339;0;4519.50;9.50;1374.50;0.00;0.00
6340;0;4537.50;9.50;1377.50;0.00;0.00
6341;0;4570.50;9.50;1376.50;0.00;0.00
6342;0;4855.50;9.50;1376.50;0.00;0.00
6343;0;4871.50;9.50;1375.50;0.00;0.00
6344;0;4891.50;9.50;1375.50;0.00;0.00
6345;0;1040.50;9.50;1373.50;0.00;0.00
6346;0;1395.50;9.50;1374.50;0.00;0.00
6347;0;1410.50;9.50;1373.50;0.00;0.00
6348;0;1428.50;9.50;1369.50;0.00;0.00
6349;0;1477.50;9.50;1374.50;0.00;0.00
6350;0;1515.50;9.50;1374.50;0.00;0.00
6351;0;2824.50;9.50;1371.50;0.00;0.00
6352;0;3406.50;9.50;1372.50;0.00;0.00
6353;0;3500.50;9.50;1376.50;0.00;0.00
6354;0;3606.50;9.50;1375.50;0.00;0.00
6355;0;3668.50;9.50;1373.50;0.00;0.00
6356;0;3895.50;9.50;1375.50;0.00;0.00
6357;0;3935.50;9.50;1375.50;0.00;0.00
6358;0;3946.50;9.50;1377.50;0.00;0.00
6359;0;3971.50;9.50;1375.50;0.00;0.00
6360;0;3986.50;9.50;1377.50;0.00;0.00
6361;0;4439.50;9.50;1372.50;0.00;0.00
6362;0;4581.50;9.50;1376.50;0.00;0.00
6363;0;4659.50;9.50;1377.50;0.00;0.00
6364;0;4901.50;9.50;1377.50;0.00;0.00
6365;0;1291.50;9.50;1373.50;0.00;0.00
6366;0;1541.50;9.50;1375.50;0.00;0.00
6367;0;2734.50;9.50;1375.50;0.00;0.00
6368;0;2749.50;9.50;1371.50;0.00;0.00
6369;0;3370.50;9.50;1374.50;0.00;0.00
6370;0;3568.50;9.50;1374.50;0.00;0.00
6371;0;3583.50;9.50;1373.50;0.00;0.00
6372;0;3711.50;9.50;1363.50;0.00;0.00
6373;0;3929.50;9.50;1374.50;0.00;0.00
6374;0;3953.50;9.50;1376.50;0.00;0.00
6375;0;4049.50;9.50;1369.50;0.00;0.00
6376;0;4476.50;9.50;1375.50;0.00;0.00
6377;0;4499.50;9.50;1375.50;0.00;0.00
6378;0;4595.50;9.50;1374.50;0.00;0.00
6379;0;4847.50;9.50;1374.50;0.00;0.00
6380;0;1052.50;9.50;1371.50;0.00;0.00
6381;0;1140.50;9.50;1370.50;0.00;0.00
6382;0;1491.50;9.50;1372.50;0.00;0.00
6383;0;2710.50;9.50;1369.50;0.00;0.00
6384;0;2962.50;9.50;1370.50;0.00;0.00
6385;0;3516.50;9.50;1375.50;0.00;0.00
6386;0;3547.50;9.50;1372.50;0.00;0.00
6387;0;3645.50;9.50;1372.50;0.00;0.00
6388;0;4509.50;9.50;1373.50;0.00;0.00
6389;0;4695.50;9.50;1372.50;0.00;0.00
6390;0;4798.50;9.50;1376.50;0.00;0.00
6391;0;990.50;9.50;1373.50;0.00;0.00
6392;0;1254.50;9.50;1370.50;0.00;0.00
6393;0;1454.50;9.50;1370.50;0.00;0.00
6394;0;2686.50;9.50;1370.50;0.00;0.00
6395;0;3534.50;9.50;1371.50;0.00;0.00
6396;0;3656.50;9.50;1370.50;0.00;0.00
6397;0;3772.50;9.50;1369.50;0.00;0.00
6398;0;4454.50;9.50;1369.50;0.00;0.00
6399;0;4588.50;9.50;1374.50;0.00;0.00
6400;0;4612.50;9.50;1374.50;0.00;0.00
6401;0;4622.50;9.50;1371.50;0.00;0.00
6402;0;4629.50;9.50;1372.50;0.00;0.00
6403;0;997.50;9.50;1372.50;0.00;0.00
6404;0;1015.50;9.50;1371.50;0.00;0.00
6405;0;1155.50;9.50;1369.50;0.00;0.00
6406;0;1467.50;9.50;1368.50;0.00;0.00
6407;0;2721.50;9.50;1372.50;0.00;0.00
6408;0;2729.50;9.50;1369.50;0.00;0.00
6409;0;3375.50;9.50;1370.50;0.00;0.00
6410;0;3385.50;9.50;1373.50;0.00;0.00
6411;0;3511.50;9.50;1374.50;0.00;0.00
6412;0;3681.50;9.50;1366.50;0.00;0.00
6413;0;3816.50;9.50;1368.50;0.00;0.00
6414;0;3899.50;9.50;1368.50;0.00;0.00
6415;0;4561.50;9.50;1371.50;0.00;0.00
6416;0;1266.50;9.50;1368.50;0.00;0.00
6417;0;1283.50;9.50;1370.50;0.00;0.00
6418;0;2903.50;9.50;1368.50;0.00;0.00
6419;0;2991.50;9.50;1371.50;0.00;0.00
6420;0;3420.50;9.50;1366.50;0.00;0.00
6421;0;3471.50;9.50;1367.50;0.00;0.00
6422;0;3598.50;9.50;1368.50;0.00;0.00
6423;0;3942.50;9.50;1370.50;0.00;0.00
6424;0;3948.50;9.50;1371.50;0.00;0.00
6425;0;3959.50;9.50;1371.50;0.00;0.00
6426;0;3978.50;9.50;1373.50;0.00;0.00
6427;0;3990.50;9.50;1370.50;0.00;0.00
6428;0;4463.50;9.50;1371.50;0.00;0.00
6429;0;984.50;9.50;1369.50;0.00;0.00
6430;0;1062.50;9.50;1369.50;0.00;0.00
6431;0;1078.50;9.50;1369.50;0.00;0.00
6432;0;1089.50;9.50;1367.50;0.00;0.00
6433;0;1533.50;9.50;1367.50;0.00;0.00
6434;0;2776.50;9.50;1367.50;0.00;0.00
6435;0;2926.50;9.50;1364.50;0.00;0.00
6436;0;3734.50;9.50;1365.50;0.00;0.00
6437;0;3749.50;9.50;1366.50;0.00;0.00
6438;0;3804.50;9.50;1365.50;0.00;0.00
6439;0;3830.50;9.50;1363.50;0.00;0.00
6440;0;3848.50;9.50;1366.50;0.00;0.00
6441;0;3875.50;9.50;1371.50;0.00;0.00
6442;0;3913.50;9.50;1367.50;0.00;0.00
6443;0;4245.50;9.50;1359.50;0.00;0.00
6444;0;4485.50;9.50;1369.50;0.00;0.00
6445;0;4538.50;9.50;1370.50;0.00;0.00
6446;0;4576.50;9.50;1370.50;0.00;0.00
6447;0;4601.50;9.50;1369.50;0.00;0.00
6448;0;4638.50;9.50;1370.50;0.00;0.00
6449;0;4688.50;9.50;1371.50;0.00;0.00
6450;0;4836.50;9.50;1369.50;0.00;0.00
6451;0;4876.50;9.50;1369.50;0.00;0.00
6452;0;1117.50;9.50;1366.50;0.00;0.00
6453;0;1179.50;9.50;1362.50;0.00;0.00
6454;0;2788.50;9.50;1362.50;0.00;0.00
6455;0;2806.50;9.50;1364.50;0.00;0.00
6456;0;3398.50;9.50;1369.50;0.00;0.00
6457;0;3496.50;9.50;1368.50;0.00;0.00
6458;0;3508.50;9.50;1369.50;0.00;0.00
6459;0;3558.50;9.50;1366.50;0.00;0.00
6460;0;3635.50;9.50;1366.50;0.00;0.00
6461;0;3966.50;9.50;1368.50;0.00;0.00
6462;0;4117.50;9.50;1357.50;0.00;0.00
6463;0;4202.50;9.50;1358.50;0.00;0.00
6464;0;4396.50;9.50;1353.50;0.00;0.00
6465;0;4546.50;9.50;1367.50;0.00;0.00
6466;0;4647.50;9.50;1369.50;0.00;0.00
6467;0;4703.50;9.50;1368.50;0.00;0.00
6468;0;1004.50;9.50;1368.50;0.00;0.00
6469;0;1030.50;9.50;1366.50;0.00;0.00
6470;0;1300.50;9.50;1368.50;0.00;0.00
6471;0;1507.50;9.50;1366.50;0.00;0.00
6472;0;2983.50;9.50;1365.50;0.00;0.00
6473;0;3002.50;9.50;1364.50;0.00;0.00
6474;0;3523.50;9.50;1368.50;0.00;0.00
6475;0;3614.50;9.50;1368.50;0.00;0.00
6476;0;3624.50;9.50;1362.50;0.00;0.00
6477;0;3935.50;9.50;1366.50;0.00;0.00
6478;0;4011.50;9.50;1366.50;0.00;0.00
6479;0;4095.50;9.50;1358.50;0.00;0.00
6480;0;4314.50;9.50;1363.50;0.00;0.00
6481;0;4495.50;9.50;1366.50;0.00;0.00
6482;0;4527.50;9.50;1367.50;0.00;0.00
6483;0;4583.50;9.50;1368.50;0.00;0.00
6484;0;4655.50;9.50;1367.50;0.00;0.00
6485;0;4853.50;9.50;1368.50;0.00;0.00
6486;0;1211.50;9.50;1364.50;0.00;0.00
6487;0;1240.50;9.50;1362.50;0.00;0.00
6488;0;1276.50;9.50;1365.50;0.00;0.00
6489;0;1328.50;9.50;1363.50;0.00;0.00
6490;0;1398.50;9.50;1364.50;0.00;0.00
6491;0;1552.50;9.50;1363.50;0.00;0.00
6492;0;2763.50;9.50;1364.50;0.00;0.00
6493;0;3381.50;9.50;1367.50;0.00;0.00
6494;0;3457.50;9.50;1359.50;0.00;0.00
6495;0;3485.50;9.50;1364.50;0.00;0.00
6496;0;4477.50;9.50;1367.50;0.00;0.00
6497;0;4863.50;9.50;1366.50;0.00;0.00
6498;0;1318.50;9.50;1365.50;0.00;0.00
6499;0;1350.50;9.50;1358.50;0.00;0.00
6500;0;1360.50;9.50;1365.50;0.00;0.00
6501;0;1370.50;9.50;1359.50;0.00;0.00
6502;0;1384.50;9.50;1364.50;0.00;0.00
6503;0;1519.50;9.50;1363.50;0.00;0.00
6504;0;2679.50;9.50;1364.50;0.00;0.00
6505;0;2699.50;9.50;1366.50;0.00;0.00
6506;0;2939.50;9.50;1360.50;0.00;0.00
6507;0;3367.50;9.50;1365.50;0.00;0.00
6508;0;3393.50;9.50;1364.50;0.00;0.00
6509;0;3441.50;9.50;1362.50;0.00;0.00
6510;0;3788.50;9.50;1361.50;0.00;0.00
6511;0;3861.50;9.50;1358.50;0.00;0.00
6512;0;3872.50;9.50;1353.50;0.00;0.00
6513;0;3999.50;9.50;1365.50;0.00;0.00
6514;0;4021.50;9.50;1362.50;0.00;0.00
6515;0;4032.50;9.50;1361.50;0.00;0.00
6516;0;4331.50;9.50;1362.50;0.00;0.00
6517;0;4569.50;9.50;1365.50;0.00;0.00
6518;0;4594.50;9.50;1366.50;0.00;0.00
6519;0;4672.50;9.50;1367.50;0.00;0.00
6520;0;990.50;9.50;1367.50;0.00;0.00
6521;0;1225.50;9.50;1360.50;0.00;0.00
6522;0;1308.50;9.50;1363.50;0.00;0.00
6523;0;1414.50;9.50;1361.50;0.00;0.00
6524;0;1495.50;9.50;1362.50;0.00;0.00
6525;0;2880.50;9.50;1362.50;0.00;0.00
6526;0;3155.50;9.50;1360.50;0.00;0.00
6527;0;3168.50;9.50;1360.50;0.00;0.00
6528;0;3410.50;9.50;1360.50;0.00;0.00
6529;0;3574.50;9.50;1364.50;0.00;0.00
6530;0;3925.50;9.50;1363.50;0.00;0.00
6531;0;4625.50;9.50;1365.50;0.00;0.00
6532;0;1045.50;9.50;1361.50;0.00;0.00
6533;0;1069.50;9.50;1362.50;0.00;0.00
6534;0;1164.50;9.50;1360.50;0.00;0.00
6535;0;1195.50;9.50;1361.50;0.00;0.00
6536;0;1339.50;9.50;1362.50;0.00;0.00
6537;0;2843.50;9.50;1357.50;0.00;0.00
6538;0;2914.50;9.50;1357.50;0.00;0.00
6539;0;3025.50;9.50;1365.50;0.00;0.00
6540;0;3387.50;9.50;1364.50;0.00;0.00
6541;0;3504.50;9.50;1362.50;0.00;0.00
6542;0;3585.50;9.50;1361.50;0.00;0.00
6543;0;3889.50;9.50;1358.50;0.00;0.00
6544;0;3947.50;9.50;1365.50;0.00;0.00
6545;0;3961.50;9.50;1363.50;0.00;0.00
6546;0;3976.50;9.50;1362.50;0.00;0.00
6547;0;4429.50;9.50;1360.50;0.00;0.00
6548;0;4557.50;9.50;1361.50;0.00;0.00
6549;0;4605.50;9.50;1362.50;0.00;0.00
6550;0;4668.50;9.50;1360.50;0.00;0.00
6551;0;4694.50;9.50;1365.50;0.00;0.00
6552;0;1292.50;9.50;1363.50;0.00;0.00
6553;0;1443.50;9.50;1361.50;0.00;0.00
6554;0;3013.50;9.50;1361.50;0.00;0.00
6555;0;3530.50;9.50;1362.50;0.00;0.00
6556;0;3539.50;9.50;1362.50;0.00;0.00
6557;0;3547.50;9.50;1360.50;0.00;0.00
6558;0;3759.50;9.50;1355.50;0.00;0.00
6559;0;3954.50;9.50;1362.50;0.00;0.00
6560;0;3987.50;9.50;1364.50;0.00;0.00
6561;0;4182.50;9.50;1350.50;0.00;0.00
6562;0;4507.50;9.50;1363.50;0.00;0.00
6563;0;4615.50;9.50;1360.50;0.00;0.00
6564;0;4632.50;9.50;1362.50;0.00;0.00
6565;0;1099.50;9.50;1360.50;0.00;0.00
6566;0;1131.50;9.50;1359.50;0.00;0.00
6567;0;1145.50;9.50;1358.50;0.00;0.00
6568;0;1481.50;9.50;1360.50;0.00;0.00
6569;0;2724.50;9.50;1360.50;0.00;0.00
6570;0;2738.50;9.50;1358.50;0.00;0.00
6571;0;2860.50;9.50;1359.50;0.00;0.00
6572;0;2889.50;9.50;1354.50;0.00;0.00
6573;0;3036.50;9.50;1360.50;0.00;0.00
6574;0;3143.50;9.50;1356.50;0.00;0.00
6575;0;3516.50;9.50;1362.50;0.00;0.00
6576;0;3906.50;9.50;1360.50;0.00;0.00
6577;0;4451.50;9.50;1359.50;0.00;0.00
6578;0;4473.50;9.50;1360.50;0.00;0.00
6579;0;4578.50;9.50;1363.50;0.00;0.00
6580;0;4587.50;9.50;1362.50;0.00;0.00
6581;0;4641.50;9.50;1363.50;0.00;0.00
6582;0;4687.50;9.50;1362.50;0.00;0.00
6583;0;4872.50;9.50;1361.50;0.00;0.00
6584;0;1012.50;9.50;1360.50;0.00;0.00
6585;0;1459.50;9.50;1359.50;0.00;0.00
6586;0;2694.50;9.50;1356.50;0.00;0.00
6587;0;2712.50;9.50;1361.50;0.00;0.00
6588;0;2752.50;9.50;1354.50;0.00;0.00
6589;0;2822.50;9.50;1357.50;0.00;0.00
6590;0;2962.50;9.50;1358.50;0.00;0.00
6591;0;3376.50;9.50;1361.50;0.00;0.00
6592;0;3659.50;9.50;1358.50;0.00;0.00
6593;0;4268.50;9.50;1354.50;0.00;0.00
6594;0;4463.50;9.50;1359.50;0.00;0.00
6595;0;4522.50;9.50;1359.50;0.00;0.00
6596;0;4650.50;9.50;1360.50;0.00;0.00
6597;0;4659.50;9.50;1359.50;0.00;0.00
6598;0;1002.50;9.50;1359.50;0.00;0.00
6599;0;1058.50;9.50;1357.50;0.00;0.00
6600;0;1080.50;9.50;1358.50;0.00;0.00
6601;0;2975.50;9.50;1355.50;0.00;0.00
6602;0;3600.50;9.50;1359.50;0.00;0.00
6603;0;3610.50;9.50;1358.50;0.00;0.00
6604;0;3692.50;9.50;1356.50;0.00;0.00
6605;0;3937.50;9.50;1359.50;0.00;0.00
6606;0;3983.50;9.50;1357.50;0.00;0.00
6607;0;4071.50;9.50;1353.50;0.00;0.00
6608;0;4160.50;9.50;1351.50;0.00;0.00
6609;0;4486.50;9.50;1359.50;0.00;0.00
6610;0;4701.50;9.50;1360.50;0.00;0.00
6611;0;4710.50;9.50;1360.50;0.00;0.00
6612;0;4857.50;9.50;1359.50;0.00;0.00
6613;0;991.50;9.50;1359.50;0.00;0.00
6614;0;1250.50;9.50;1355.50;0.00;0.00
6615;0;1262.50;9.50;1356.50;0.00;0.00
6616;0;1285.50;9.50;1357.50;0.00;0.00
6617;0;1470.50;9.50;1355.50;0.00;0.00
6618;0;3132.50;9.50;1348.50;0.00;0.00
6619;0;3400.50;9.50;1357.50;0.00;0.00
6620;0;3495.50;9.50;1358.50;0.00;0.00
6621;0;3968.50;9.50;1359.50;0.00;0.00
6622;0;4055.50;9.50;1353.50;0.00;0.00
6623;0;4138.50;9.50;1348.50;0.00;0.00
6624;0;4224.50;9.50;1349.50;0.00;0.00
6625;0;4292.50;9.50;1351.50;0.00;0.00
6626;0;4417.50;9.50;1350.50;0.00;0.00
6627;0;4442.50;9.50;1356.50;0.00;0.00
6628;0;4676.50;9.50;1359.50;0.00;0.00
6629;0;1029.50;9.50;1353.50;0.00;0.00
6630;0;1425.50;9.50;1353.50;0.00;0.00
6631;0;1530.50;9.50;1356.50;0.00;0.00
6632;0;1542.50;9.50;1351.50;0.00;0.00
6633;0;3555.50;9.50;1356.50;0.00;0.00
6634;0;3568.50;9.50;1355.50;0.00;0.00
6635;0;3821.50;9.50;1354.50;0.00;0.00
6636;0;3844.50;9.50;1352.50;0.00;0.00
6637;0;3945.50;9.50;1358.50;0.00;0.00
6638;0;4007.50;9.50;1357.50;0.00;0.00
6639;0;4548.50;9.50;1357.50;0.00;0.00
6640;0;4600.50;9.50;1355.50;0.00;0.00
6641;0;1303.50;9.50;1356.50;0.00;0.00
6642;0;3051.50;9.50;1351.50;0.00;0.00
6643;0;3367.50;9.50;1357.50;0.00;0.00
6644;0;3383.50;9.50;1359.50;0.00;0.00
6645;0;3775.50;9.50;1354.50;0.00;0.00
6646;0;3998.50;9.50;1353.50;0.00;0.00
6647;0;4346.50;9.50;1354.50;0.00;0.00
6648;0;4496.50;9.50;1355.50;0.00;0.00
6649;0;4571.50;9.50;1355.50;0.00;0.00
6650;0;4622.50;9.50;1355.50;0.00;0.00
6651;0;1273.50;9.50;1356.50;0.00;0.00
6652;0;1402.50;9.50;1353.50;0.00;0.00
6653;0;1505.50;9.50;1355.50;0.00;0.00
6654;0;2872.50;9.50;1349.50;0.00;0.00
6655;0;3525.50;9.50;1354.50;0.00;0.00
6656;0;3636.50;9.50;1354.50;0.00;0.00
6657;0;4537.50;9.50;1354.50;0.00;0.00
6658;0;4562.50;9.50;1354.50;0.00;0.00
6659;0;4693.50;9.50;1356.50;0.00;0.00
6660;0;2679.50;9.50;1354.50;0.00;0.00
6661;0;2995.50;9.50;1352.50;0.00;0.00
6662;0;3020.50;9.50;1351.50;0.00;0.00
6663;0;3361.50;9.50;1354.50;0.00;0.00
6664;0;3471.50;9.50;1351.50;0.00;0.00
6665;0;3648.50;9.50;1352.50;0.00;0.00
6666;0;3959.50;9.50;1355.50;0.00;0.00
6667;0;4581.50;9.50;1354.50;0.00;0.00
6668;0;4591.50;9.50;1353.50;0.00;0.00
6669;0;1089.50;9.50;1350.50;0.00;0.00
6670;0;1117.50;9.50;1352.50;0.00;0.00
6671;0;1234.50;9.50;1350.50;0.00;0.00
6672;0;1313.50;9.50;1353.50;0.00;0.00
6673;0;1380.50;9.50;1351.50;0.00;0.00
6674;0;1451.50;9.50;1351.50;0.00;0.00
6675;0;1490.50;9.50;1354.50;0.00;0.00
6676;0;2710.50;9.50;1351.50;0.00;0.00
6677;0;2901.50;9.50;1347.50;0.00;0.00
6678;0;3506.50;9.50;1353.50;0.00;0.00
6679;0;3578.50;9.50;1353.50;0.00;0.00
6680;0;3596.50;9.50;1349.50;0.00;0.00
6681;0;3670.50;9.50;1348.50;0.00;0.00
6682;0;3800.50;9.50;1347.50;0.00;0.00
6683;0;3920.50;9.50;1352.50;0.00;0.00
6684;0;3951.50;9.50;1354.50;0.00;0.00
6685;0;4635.50;9.50;1353.50;0.00;0.00
6686;0;4644.50;9.50;1354.50;0.00;0.00
6687;0;4683.50;9.50;1354.50;0.00;0.00
6688;0;4716.50;9.50;1354.50;0.00;0.00
6689;0;1105.50;9.50;1350.50;0.00;0.00
6690;0;1294.50;9.50;1352.50;0.00;0.00
6691;0;1324.50;9.50;1351.50;0.00;0.00
6692;0;1440.50;9.50;1350.50;0.00;0.00
6693;0;1518.50;9.50;1351.50;0.00;0.00
6694;0;2798.50;9.50;1346.50;0.00;0.00
6695;0;3008.50;9.50;1347.50;0.00;0.00
6696;0;3194.50;9.50;1347.50;0.00;0.00
6697;0;3372.50;9.50;1352.50;0.00;0.00
6698;0;3394.50;9.50;1350.50;0.00;0.00
6699;0;3741.50;9.50;1349.50;0.00;0.00
6700;0;3933.50;9.50;1351.50;0.00;0.00
6701;0;4029.50;9.50;1351.50;0.00;0.00
6702;0;4042.50;9.50;1350.50;0.00;0.00
6703;0;4309.50;9.50;1341.50;0.00;0.00
6704;0;4376.50;9.50;1337.50;0.00;0.00
6705;0;4506.50;9.50;1351.50;0.00;0.00
6706;0;4514.50;9.50;1354.50;0.00;0.00
6707;0;4611.50;9.50;1352.50;0.00;0.00
6708;0;4664.50;9.50;1352.50;0.00;0.00
6709;0;4708.50;9.50;1354.50;0.00;0.00
6710;0;996.50;9.50;1351.50;0.00;0.00
6711;0;1045.50;9.50;1348.50;0.00;0.00
6712;0;1069.50;9.50;1352.50;0.00;0.00
6713;0;1336.50;9.50;1351.50;0.00;0.00
6714;0;1497.50;9.50;1349.50;0.00;0.00
6715;0;3433.50;9.50;1349.50;0.00;0.00
6716;0;3517.50;9.50;1350.50;0.00;0.00
6717;0;3624.50;9.50;1351.50;0.00;0.00
6718;0;3975.50;9.50;1352.50;0.00;0.00
6719;0;3990.50;9.50;1352.50;0.00;0.00
6720;0;4011.50;9.50;1350.50;0.00;0.00
6721;0;4459.50;9.50;1351.50;0.00;0.00
6722;0;4479.50;9.50;1350.50;0.00;0.00
6723;0;4702.50;9.50;1352.50;0.00;0.00
6724;0;4861.50;9.50;1346.50;0.00;0.00
6725;0;1207.50;9.50;1347.50;0.00;0.00
6726;0;1357.50;9.50;1347.50;0.00;0.00
6727;0;2780.50;9.50;1345.50;0.00;0.00
6728;0;2929.50;9.50;1345.50;0.00;0.00
6729;0;3035.50;9.50;1349.50;0.00;0.00
6730;0;3483.50;9.50;1343.50;0.00;0.00
6731;0;3587.50;9.50;1351.50;0.00;0.00
6732;0;4469.50;9.50;1350.50;0.00;0.00
6733;0;4554.50;9.50;1350.50;0.00;0.00
6734;0;4656.50;9.50;1351.50;0.00;0.00
6735;0;4675.50;9.50;1351.50;0.00;0.00
6736;0;1392.50;9.50;1346.50;0.00;0.00
6737;0;2823.50;9.50;1343.50;0.00;0.00
6738;0;2984.50;9.50;1344.50;0.00;0.00
6739;0;3383.50;9.50;1350.50;0.00;0.00
6740;0;3446.50;9.50;1344.50;0.00;0.00
6741;0;3537.50;9.50;1350.50;0.00;0.00
6742;0;3549.50;9.50;1349.50;0.00;0.00
6743;0;3612.50;9.50;1348.50;0.00;0.00
6744;0;3696.50;9.50;1342.50;0.00;0.00
6745;0;3902.50;9.50;1348.50;0.00;0.00
6746;0;3966.50;9.50;1350.50;0.00;0.00
6747;0;4020.50;9.50;1350.50;0.00;0.00
6748;0;4489.50;9.50;1348.50;0.00;0.00
6749;0;1014.50;9.50;1347.50;0.00;0.00
6750;0;1161.50;9.50;1349.50;0.00;0.00
6751;0;1174.50;9.50;1344.50;0.00;0.00
6752;0;1191.50;9.50;1345.50;0.00;0.00
6753;0;1413.50;9.50;1346.50;0.00;0.00
6754;0;2689.50;9.50;1344.50;0.00;0.00
6755;0;2721.50;9.50;1342.50;0.00;0.00
6756;0;2948.50;9.50;1345.50;0.00;0.00
6757;0;3169.50;9.50;1346.50;0.00;0.00
6758;0;3366.50;9.50;1348.50;0.00;0.00
6759;0;3376.50;9.50;1347.50;0.00;0.00
6760;0;3423.50;9.50;1343.50;0.00;0.00
6761;0;3498.50;9.50;1347.50;0.00;0.00
6762;0;3558.50;9.50;1347.50;0.00;0.00
6763;0;3713.50;9.50;1343.50;0.00;0.00
6764;0;4327.50;9.50;1342.50;0.00;0.00
6765;0;4450.50;9.50;1349.50;0.00;0.00
6766;0;4525.50;9.50;1346.50;0.00;0.00
6767;0;4649.50;9.50;1347.50;0.00;0.00
6768;0;4689.50;9.50;1348.50;0.00;0.00
6769;0;1003.50;9.50;1344.50;0.00;0.00
6770;0;1221.50;9.50;1343.50;0.00;0.00
6771;0;1270.50;9.50;1347.50;0.00;0.00
6772;0;1282.50;9.50;1347.50;0.00;0.00
6773;0;1480.50;9.50;1348.50;0.00;0.00
6774;0;2667.50;9.50;1343.50;0.00;0.00
6775;0;2677.50;9.50;1344.50;0.00;0.00
6776;0;3985.50;9.50;1347.50;0.00;0.00
6777;0;4697.50;9.50;1348.50;0.00;0.00
6778;0;4718.50;9.50;1347.50;0.00;0.00
6779;0;1128.50;9.50;1346.50;0.00;0.00
6780;0;1140.50;9.50;1346.50;0.00;0.00
6781;0;1151.50;9.50;1344.50;0.00;0.00
6782;0;1461.50;9.50;1344.50;0.00;0.00
6783;0;2886.50;9.50;1340.50;0.00;0.00
6784;0;3357.50;9.50;1344.50;0.00;0.00
6785;0;3413.50;9.50;1344.50;0.00;0.00
6786;0;3788.50;9.50;1340.50;0.00;0.00
6787;0;3859.50;9.50;1346.50;0.00;0.00
6788;0;3952.50;9.50;1346.50;0.00;0.00
6789;0;4003.50;9.50;1345.50;0.00;0.00
6790;0;4430.50;9.50;1344.50;0.00;0.00
6791;0;4440.50;9.50;1347.50;0.00;0.00
6792;0;4573.50;9.50;1346.50;0.00;0.00
6793;0;4600.50;9.50;1346.50;0.00;0.00
6794;0;4627.50;9.50;1346.50;0.00;0.00
6795;0;1246.50;9.50;1342.50;0.00;0.00
6796;0;1259.50;9.50;1344.50;0.00;0.00
6797;0;1303.50;9.50;1346.50;0.00;0.00
6798;0;1471.50;9.50;1345.50;0.00;0.00
6799;0;1508.50;9.50;1345.50;0.00;0.00
6800;0;2743.50;9.50;1339.50;0.00;0.00
6801;0;3836.50;9.50;1340.50;0.00;0.00
6802;0;3882.50;9.50;1340.50;0.00;0.00
6803;0;3945.50;9.50;1344.50;0.00;0.00
6804;0;3959.50;9.50;1346.50;0.00;0.00
6805;0;4544.50;9.50;1346.50;0.00;0.00
6806;0;4564.50;9.50;1345.50;0.00;0.00
6807;0;4638.50;9.50;1344.50;0.00;0.00
6808;0;4708.50;9.50;1347.50;0.00;0.00
6809;0;1071.50;9.50;1339.50;0.00;0.00
6810;0;1345.50;9.50;1340.50;0.00;0.00
6811;0;1375.50;9.50;1340.50;0.00;0.00
6812;0;2768.50;9.50;1332.50;0.00;0.00
6813;0;2969.50;9.50;1339.50;0.00;0.00
6814;0;3389.50;9.50;1345.50;0.00;0.00
6815;0;3404.50;9.50;1343.50;0.00;0.00
6816;0;3462.50;9.50;1339.50;0.00;0.00
6817;0;3526.50;9.50;1343.50;0.00;0.00
6818;0;3568.50;9.50;1345.50;0.00;0.00
6819;0;3994.50;9.50;1345.50;0.00;0.00
6820;0;4109.50;9.50;1339.50;0.00;0.00
6821;0;4500.50;9.50;1344.50;0.00;0.00
6822;0;4515.50;9.50;1345.50;0.00;0.00
6823;0;4581.50;9.50;1344.50;0.00;0.00
6824;0;4609.50;9.50;1342.50;0.00;0.00
6825;0;4669.50;9.50;1345.50;0.00;0.00
6826;0;4681.50;9.50;1346.50;0.00;0.00
6827;0;1316.50;9.50;1343.50;0.00;0.00
6828;0;1533.50;9.50;1342.50;0.00;0.00
6829;0;2835.50;9.50;1330.50;0.00;0.00
6830;0;3183.50;9.50;1336.50;0.00;0.00
6831;0;3223.50;9.50;1341.50;0.00;0.00
6832;0;3297.50;9.50;1343.50;0.00;0.00
6833;0;3305.50;9.50;1344.50;0.00;0.00
6834;0;3632.50;9.50;1344.50;0.00;0.00
6835;0;3644.50;9.50;1342.50;0.00;0.00
6836;0;3660.50;9.50;1339.50;0.00;0.00
6837;0;3763.50;9.50;1341.50;0.00;0.00
6838;0;3819.50;9.50;1338.50;0.00;0.00
6839;0;3927.50;9.50;1340.50;0.00;0.00
6840;0;3977.50;9.50;1343.50;0.00;0.00
6841;0;4091.50;9.50;1339.50;0.00;0.00
6842;0;4247.50;9.50;1337.50;0.00;0.00
6843;0;4348.50;9.50;1339.50;0.00;0.00
6844;0;4534.50;9.50;1341.50;0.00;0.00
6845;0;1293.50;9.50;1343.50;0.00;0.00
6846;0;1334.50;9.50;1341.50;0.00;0.00
6847;0;1446.50;9.50;1343.50;0.00;0.00
6848;0;3029.50;9.50;1338.50;0.00;0.00
6849;0;3045.50;9.50;1339.50;0.00;0.00
6850;0;3314.50;9.50;1343.50;0.00;0.00
6851;0;3509.50;9.50;1341.50;0.00;0.00
6852;0;3849.50;9.50;1338.50;0.00;0.00
6853;0;3908.50;9.50;1341.50;0.00;0.00
6854;0;4076.50;9.50;1339.50;0.00;0.00
6855;0;4464.50;9.50;1342.50;0.00;0.00
6856;0;4552.50;9.50;1342.50;0.00;0.00
6857;0;1491.50;9.50;1341.50;0.00;0.00
6858;0;2914.50;9.50;1336.50;0.00;0.00
6859;0;3239.50;9.50;1337.50;0.00;0.00
6860;0;3604.50;9.50;1340.50;0.00;0.00
6861;0;3895.50;9.50;1338.50;0.00;0.00
6862;0;3937.50;9.50;1341.50;0.00;0.00
6863;0;4019.50;9.50;1342.50;0.00;0.00
6864;0;4053.50;9.50;1340.50;0.00;0.00
6865;0;4473.50;9.50;1342.50;0.00;0.00
6866;0;4482.50;9.50;1341.50;0.00;0.00
6867;0;4588.50;9.50;1340.50;0.00;0.00
6868;0;4623.50;9.50;1337.50;0.00;0.00
6869;0;4694.50;9.50;1343.50;0.00;0.00
6870;0;4703.50;9.50;1342.50;0.00;0.00
6871;0;1428.50;9.50;1336.50;0.00;0.00
6872;0;1437.50;9.50;1341.50;0.00;0.00
6873;0;3213.50;9.50;1331.50;0.00;0.00
6874;0;3290.50;9.50;1340.50;0.00;0.00
6875;0;3366.50;9.50;1340.50;0.00;0.00
6876;0;3536.50;9.50;1340.50;0.00;0.00
6877;0;3547.50;9.50;1337.50;0.00;0.00
6878;0;3586.50;9.50;1341.50;0.00;0.00
6879;0;3732.50;9.50;1333.50;0.00;0.00
6880;0;3965.50;9.50;1341.50;0.00;0.00
6881;0;4026.50;9.50;1342.50;0.00;0.00
6882;0;4207.50;9.50;1332.50;0.00;0.00
6883;0;4447.50;9.50;1341.50;0.00;0.00
6884;0;4456.50;9.50;1341.50;0.00;0.00
6885;0;4656.50;9.50;1342.50;0.00;0.00
6886;0;4663.50;9.50;1340.50;0.00;0.00
6887;0;4712.50;9.50;1339.50;0.00;0.00
6888;0;1084.50;9.50;1336.50;0.00;0.00
6889;0;1095.50;9.50;1339.50;0.00;0.00
6890;0;1106.50;9.50;1339.50;0.00;0.00
6891;0;1117.50;9.50;1339.50;0.00;0.00
6892;0;1308.50;9.50;1338.50;0.00;0.00
6893;0;1325.50;9.50;1339.50;0.00;0.00
6894;0;1501.50;9.50;1339.50;0.00;0.00
6895;0;1519.50;9.50;1339.50;0.00;0.00
6896;0;2703.50;9.50;1336.50;0.00;0.00
6897;0;2869.50;9.50;1332.50;0.00;0.00
6898;0;3282.50;9.50;1334.50;0.00;0.00
6899;0;3375.50;9.50;1341.50;0.00;0.00
6900;0;3493.50;9.50;1337.50;0.00;0.00
6901;0;3575.50;9.50;1339.50;0.00;0.00
6902;0;3777.50;9.50;1339.50;0.00;0.00
6903;0;4275.50;9.50;1333.50;0.00;0.00
6904;0;4719.50;9.50;1339.50;0.00;0.00
6905;0;1058.50;9.50;1331.50;0.00;0.00
6906;0;1233.50;9.50;1337.50;0.00;0.00
6907;0;1363.50;9.50;1335.50;0.00;0.00
6908;0;3018.50;9.50;1334.50;0.00;0.00
6909;0;3061.50;9.50;1326.50;0.00;0.00
6910;0;3079.50;9.50;1332.50;0.00;0.00
6911;0;3321.50;9.50;1338.50;0.00;0.00
6912;0;3986.50;9.50;1339.50;0.00;0.00
6913;0;4011.50;9.50;1336.50;0.00;0.00
6914;0;4044.50;9.50;1338.50;0.00;0.00
6915;0;4414.50;9.50;1334.50;0.00;0.00
6916;0;4493.50;9.50;1338.50;0.00;0.00
6917;0;4560.50;9.50;1338.50;0.00;0.00
6918;0;4597.50;9.50;1339.50;0.00;0.00
6919;0;4645.50;9.50;1339.50;0.00;0.00
6920;0;1131.50;9.50;1336.50;0.00;0.00
6921;0;1267.50;9.50;1337.50;0.00;0.00
6922;0;1284.50;9.50;1337.50;0.00;0.00
6923;0;2809.50;9.50;1331.50;0.00;0.00
6924;0;2991.50;9.50;1333.50;0.00;0.00
6925;0;3138.50;9.50;1331.50;0.00;0.00
6926;0;3198.50;9.50;1333.50;0.00;0.00
6927;0;3254.50;9.50;1334.50;0.00;0.00
6928;0;3334.50;9.50;1339.50;0.00;0.00
6929;0;3347.50;9.50;1336.50;0.00;0.00
6930;0;3398.50;9.50;1335.50;0.00;0.00
6931;0;3559.50;9.50;1336.50;0.00;0.00
6932;0;3869.50;9.50;1334.50;0.00;0.00
6933;0;3954.50;9.50;1337.50;0.00;0.00
6934;0;4001.50;9.50;1336.50;0.00;0.00
6935;0;4036.50;9.50;1337.50;0.00;0.00
6936;0;4510.50;9.50;1336.50;0.00;0.00
6937;0;4523.50;9.50;1337.50;0.00;0.00
6938;0;4683.50;9.50;1338.50;0.00;0.00
6939;0;1164.50;9.50;1333.50;0.00;0.00
6940;0;1275.50;9.50;1333.50;0.00;0.00
6941;0;1418.50;9.50;1333.50;0.00;0.00
6942;0;3309.50;9.50;1337.50;0.00;0.00
6943;0;3385.50;9.50;1334.50;0.00;0.00
6944;0;3478.50;9.50;1329.50;0.00;0.00
6945;0;3612.50;9.50;1331.50;0.00;0.00
6946;0;3650.50;9.50;1334.50;0.00;0.00
6947;0;3797.50;9.50;1333.50;0.00;0.00
6948;0;3972.50;9.50;1336.50;0.00;0.00
6949;0;4440.50;9.50;1336.50;0.00;0.00
6950;0;4573.50;9.50;1337.50;0.00;0.00
6951;0;4634.50;9.50;1335.50;0.00;0.00
6952;0;4676.50;9.50;1338.50;0.00;0.00
6953;0;4694.50;9.50;1334.50;0.00;0.00
6954;0;1009.50;9.50;1332.50;0.00;0.00
6955;0;3096.50;9.50;1329.50;0.00;0.00
6956;0;3155.50;9.50;1331.50;0.00;0.00
6957;0;3293.50;9.50;1334.50;0.00;0.00
6958;0;3359.50;9.50;1335.50;0.00;0.00
6959;0;3523.50;9.50;1332.50;0.00;0.00
6960;0;3595.50;9.50;1331.50;0.00;0.00
6961;0;3632.50;9.50;1336.50;0.00;0.00
6962;0;4153.50;9.50;1330.50;0.00;0.00
6963;0;4670.50;9.50;1336.50;0.00;0.00
6964;0;1395.50;9.50;1335.50;0.00;0.00
6965;0;1406.50;9.50;1334.50;0.00;0.00
6966;0;2897.50;9.50;1327.50;0.00;0.00
6967;0;3006.50;9.50;1328.50;0.00;0.00
6968;0;3374.50;9.50;1334.50;0.00;0.00
6969;0;3917.50;9.50;1330.50;0.00;0.00
6970;0;3993.50;9.50;1334.50;0.00;0.00
6971;0;4182.50;9.50;1330.50;0.00;0.00
6972;0;4541.50;9.50;1333.50;0.00;0.00
6973;0;4605.50;9.50;1333.50;0.00;0.00
6974;0;4615.50;9.50;1333.50;0.00;0.00
6975;0;4705.50;9.50;1333.50;0.00;0.00
6976;0;1140.50;9.50;1331.50;0.00;0.00
6977;0;1152.50;9.50;1331.50;0.00;0.00
6978;0;1255.50;9.50;1332.50;0.00;0.00
6979;0;1301.50;9.50;1332.50;0.00;0.00
6980;0;1317.50;9.50;1334.50;0.00;0.00
6981;0;1454.50;9.50;1334.50;0.00;0.00
6982;0;1474.50;9.50;1332.50;0.00;0.00
6983;0;1487.50;9.50;1327.50;0.00;0.00
6984;0;3268.50;9.50;1333.50;0.00;0.00
6985;0;3300.50;9.50;1335.50;0.00;0.00
6986;0;3419.50;9.50;1329.50;0.00;0.00
6987;0;3443.50;9.50;1329.50;0.00;0.00
6988;0;3500.50;9.50;1328.50;0.00;0.00
6989;0;3677.50;9.50;1331.50;0.00;0.00
6990;0;3707.50;9.50;1331.50;0.00;0.00
6991;0;3906.50;9.50;1332.50;0.00;0.00
6992;0;3932.50;9.50;1332.50;0.00;0.00
6993;0;3980.50;9.50;1335.50;0.00;0.00
6994;0;4024.50;9.50;1328.50;0.00;0.00
6995;0;4063.50;9.50;1332.50;0.00;0.00
6996;0;4136.50;9.50;1329.50;0.00;0.00
6997;0;4399.50;9.50;1324.50;0.00;0.00
6998;0;4470.50;9.50;1334.50;0.00;0.00
6999;0;4550.50;9.50;1333.50;0.00;0.00
7000;0;4658.50;9.50;1334.50;0.00;0.00
7001;0;1186.50;9.50;1328.50;0.00;0.00
7002;0;1292.50;9.50;1333.50;0.00;0.00
7003;0;2671.50;9.50;1330.50;0.00;0.00
7004;0;2687.50;9.50;1330.50;0.00;0.00
7005;0;2856.50;9.50;1319.50;0.00;0.00
7006;0;2930.50;9.50;1325.50;0.00;0.00
7007;0;3169.50;9.50;1325.50;0.00;0.00
7008;0;3584.50;9.50;1332.50;0.00;0.00
7009;0;3946.50;9.50;1332.50;0.00;0.00
7010;0;3961.50;9.50;1332.50;0.00;0.00
7011;0;4028.50;9.50;1334.50;0.00;0.00
7012;0;4430.50;9.50;1332.50;0.00;0.00
7013;0;4450.50;9.50;1333.50;0.00;0.00
7014;0;4461.50;9.50;1333.50;0.00;0.00
7015;0;4480.50;9.50;1332.50;0.00;0.00
7016;0;4501.50;9.50;1328.50;0.00;0.00
7017;0;4565.50;9.50;1332.50;0.00;0.00
7018;0;4583.50;9.50;1332.50;0.00;0.00
7019;0;4650.50;9.50;1333.50;0.00;0.00
7020;0;4686.50;9.50;1331.50;0.00;0.00
7021;0;1329.50;9.50;1330.50;0.00;0.00
7022;0;1355.50;9.50;1326.50;0.00;0.00
7023;0;1379.50;9.50;1329.50;0.00;0.00
7024;0;1389.50;9.50;1329.50;0.00;0.00
7025;0;1440.50;9.50;1331.50;0.00;0.00
7026;0;1537.50;9.50;1331.50;0.00;0.00
7027;0;2725.50;9.50;1326.50;0.00;0.00
7028;0;2949.50;9.50;1327.50;0.00;0.00
7029;0;3315.50;9.50;1332.50;0.00;0.00
7030;0;3534.50;9.50;1330.50;0.00;0.00
7031;0;3639.50;9.50;1329.50;0.00;0.00
7032;0;3694.50;9.50;1327.50;0.00;0.00
7033;0;3809.50;9.50;1324.50;0.00;0.00
7034;0;4228.50;9.50;1325.50;0.00;0.00
7035;0;4333.50;9.50;1327.50;0.00;0.00
7036;0;4356.50;9.50;1326.50;0.00;0.00
7037;0;4594.50;9.50;1331.50;0.00;0.00
7038;0;1110.50;9.50;1330.50;0.00;0.00
7039;0;1204.50;9.50;1326.50;0.00;0.00
7040;0;1339.50;9.50;1330.50;0.00;0.00
7041;0;3227.50;9.50;1325.50;0.00;0.00
7042;0;3323.50;9.50;1330.50;0.00;0.00
7043;0;3457.50;9.50;1325.50;0.00;0.00
7044;0;3512.50;9.50;1325.50;0.00;0.00
7045;0;3565.50;9.50;1329.50;0.00;0.00
7046;0;3665.50;9.50;1329.50;0.00;0.00
7047;0;4489.50;9.50;1330.50;0.00;0.00
7048;0;4532.50;9.50;1328.50;0.00;0.00
7049;0;4677.50;9.50;1332.50;0.00;0.00
7050;0;1124.50;9.50;1327.50;0.00;0.00
7051;0;1310.50;9.50;1329.50;0.00;0.00
7052;0;1499.50;9.50;1330.50;0.00;0.00
7053;0;2797.50;9.50;1316.50;0.00;0.00
7054;0;2974.50;9.50;1321.50;0.00;0.00
7055;0;3285.50;9.50;1328.50;0.00;0.00
7056;0;3332.50;9.50;1331.50;0.00;0.00
7057;0;3626.50;9.50;1328.50;0.00;0.00
7058;0;3832.50;9.50;1323.50;0.00;0.00
7059;0;3985.50;9.50;1330.50;0.00;0.00
7060;0;4117.50;9.50;1325.50;0.00;0.00
7061;0;4167.50;9.50;1320.50;0.00;0.00
7062;0;4260.50;9.50;1322.50;0.00;0.00
7063;0;4665.50;9.50;1329.50;0.00;0.00
7064;0;1019.50;9.50;1320.50;0.00;0.00
7065;0;1094.50;9.50;1327.50;0.00;0.00
7066;0;1223.50;9.50;1326.50;0.00;0.00
7067;0;1243.50;9.50;1324.50;0.00;0.00
7068;0;1285.50;9.50;1329.50;0.00;0.00
7069;0;1514.50;9.50;1322.50;0.00;0.00
7070;0;1524.50;9.50;1327.50;0.00;0.00
7071;0;3039.50;9.50;1324.50;0.00;0.00
7072;0;3355.50;9.50;1321.50;0.00;0.00
7073;0;3368.50;9.50;1318.50;0.00;0.00
7074;0;3577.50;9.50;1328.50;0.00;0.00
7075;0;4005.50;9.50;1329.50;0.00;0.00
7076;0;4035.50;9.50;1330.50;0.00;0.00
7077;0;4043.50;9.50;1328.50;0.00;0.00
7078;0;4052.50;9.50;1329.50;0.00;0.00
7079;0;4575.50;9.50;1329.50;0.00;0.00
7080;0;1076.50;9.50;1324.50;0.00;0.00
7081;0;1263.50;9.50;1325.50;0.00;0.00
7082;0;1399.50;9.50;1326.50;0.00;0.00
7083;0;2752.50;9.50;1324.50;0.00;0.00
7084;0;3305.50;9.50;1327.50;0.00;0.00
7085;0;3338.50;9.50;1326.50;0.00;0.00
7086;0;3761.50;9.50;1318.50;0.00;0.00
7087;0;3846.50;9.50;1325.50;0.00;0.00
7088;0;3862.50;9.50;1321.50;0.00;0.00
7089;0;3881.50;9.50;1322.50;0.00;0.00
7090;0;3967.50;9.50;1327.50;0.00;0.00
7091;0;4073.50;9.50;1327.50;0.00;0.00
7092;0;4290.50;9.50;1321.50;0.00;0.00
7093;0;4310.50;9.50;1322.50;0.00;0.00
7094;0;4443.50;9.50;1327.50;0.00;0.00
7095;0;4521.50;9.50;1327.50;0.00;0.00
7096;0;4557.50;9.50;1328.50;0.00;0.00
7097;0;4624.50;9.50;1326.50;0.00;0.00
7098;0;4644.50;9.50;1328.50;0.00;0.00
7099;0;1344.50;9.50;1323.50;0.00;0.00
7100;0;3260.50;9.50;1322.50;0.00;0.00
7101;0;3274.50;9.50;1325.50;0.00;0.00
7102;0;3292.50;9.50;1327.50;0.00;0.00
7103;0;3392.50;9.50;1326.50;0.00;0.00
7104;0;3542.50;9.50;1324.50;0.00;0.00
7105;0;3551.50;9.50;1327.50;0.00;0.00
7106;0;3780.50;9.50;1324.50;0.00;0.00
7107;0;3975.50;9.50;1328.50;0.00;0.00
7108;0;3998.50;9.50;1325.50;0.00;0.00
7109;0;4455.50;9.50;1326.50;0.00;0.00
7110;0;4672.50;9.50;1328.50;0.00;0.00
7111;0;1279.50;9.50;1325.50;0.00;0.00
7112;0;1369.50;9.50;1322.50;0.00;0.00
7113;0;2707.50;9.50;1322.50;0.00;0.00
7114;0;3118.50;9.50;1320.50;0.00;0.00
7115;0;3346.50;9.50;1326.50;0.00;0.00
7116;0;3362.50;9.50;1327.50;0.00;0.00
7117;0;3376.50;9.50;1326.50;0.00;0.00
7118;0;3899.50;9.50;1322.50;0.00;0.00
7119;0;4017.50;9.50;1324.50;0.00;0.00
7120;0;4102.50;9.50;1318.50;0.00;0.00
7121;0;4463.50;9.50;1325.50;0.00;0.00
7122;0;4474.50;9.50;1325.50;0.00;0.00
7123;0;4613.50;9.50;1324.50;0.00;0.00
7124;0;4636.50;9.50;1326.50;0.00;0.00
7125;0;4657.50;9.50;1327.50;0.00;0.00
7126;0;4700.50;9.50;1324.50;0.00;0.00
7127;0;1162.50;9.50;1321.50;0.00;0.00
7128;0;1271.50;9.50;1322.50;0.00;0.00
7129;0;1321.50;9.50;1323.50;0.00;0.00
7130;0;1540.50;9.50;1323.50;0.00;0.00
7131;0;3751.50;9.50;1307.50;0.00;0.00
7132;0;3935.50;9.50;1323.50;0.00;0.00
7133;0;3957.50;9.50;1323.50;0.00;0.00
7134;0;3992.50;9.50;1326.50;0.00;0.00
7135;0;4423.50;9.50;1322.50;0.00;0.00
7136;0;4590.50;9.50;1324.50;0.00;0.00
7137;0;4600.50;9.50;1324.50;0.00;0.00
7138;0;4680.50;9.50;1324.50;0.00;0.00
7139;0;4691.50;9.50;1325.50;0.00;0.00
7140;0;4714.50;9.50;1324.50;0.00;0.00
7141;0;4726.50;9.50;1322.50;0.00;0.00
7142;0;2778.50;9.50;1312.50;0.00;0.00
7143;0;2819.50;9.50;1310.50;0.00;0.00
7144;0;3243.50;9.50;1319.50;0.00;0.00
7145;0;3312.50;9.50;1322.50;0.00;0.00
7146;0;3433.50;9.50;1318.50;0.00;0.00
7147;0;3649.50;9.50;1323.50;0.00;0.00
7148;0;3712.50;9.50;1317.50;0.00;0.00
7149;0;3924.50;9.50;1320.50;0.00;0.00
7150;0;4027.50;9.50;1319.50;0.00;0.00
7151;0;4483.50;9.50;1324.50;0.00;0.00
7152;0;4541.50;9.50;1324.50;0.00;0.00
7153;0;4567.50;9.50;1324.50;0.00;0.00
7154;0;1104.50;9.50;1321.50;0.00;0.00
7155;0;1114.50;9.50;1321.50;0.00;0.00
7156;0;1130.50;9.50;1318.50;0.00;0.00
7157;0;1174.50;9.50;1315.50;0.00;0.00
7158;0;1293.50;9.50;1323.50;0.00;0.00
7159;0;1415.50;9.50;1321.50;0.00;0.00
7160;0;3299.50;9.50;1324.50;0.00;0.00
7161;0;3611.50;9.50;1317.50;0.00;0.00
7162;0;3622.50;9.50;1320.50;0.00;0.00
7163;0;3662.50;9.50;1313.50;0.00;0.00
7164;0;2882.50;9.50;1312.50;0.00;0.00
7165;0;3150.50;9.50;1316.50;0.00;0.00
7166;0;3282.50;9.50;1322.50;0.00;0.00
7167;0;3320.50;9.50;1323.50;0.00;0.00
7168;0;3497.50;9.50;1310.50;0.00;0.00
7169;0;3633.50;9.50;1319.50;0.00;0.00
7170;0;3946.50;9.50;1320.50;0.00;0.00
7171;0;4010.50;9.50;1320.50;0.00;0.00
7172;0;4036.50;9.50;1322.50;0.00;0.00
7173;0;4076.50;9.50;1316.50;0.00;0.00
7174;0;4128.50;9.50;1318.50;0.00;0.00
7175;0;4193.50;9.50;1315.50;0.00;0.00
7176;0;4435.50;9.50;1319.50;0.00;0.00
7177;0;1140.50;9.50;1321.50;0.00;0.00
7178;0;1301.50;9.50;1319.50;0.00;0.00
7179;0;1407.50;9.50;1320.50;0.00;0.00
7180;0;1532.50;9.50;1319.50;0.00;0.00
7181;0;3133.50;9.50;1313.50;0.00;0.00
7182;0;3400.50;9.50;1313.50;0.00;0.00
7183;0;3523.50;9.50;1317.50;0.00;0.00
7184;0;3563.50;9.50;1320.50;0.00;0.00
7185;0;4048.50;9.50;1320.50;0.00;0.00
7186;0;4060.50;9.50;1320.50;0.00;0.00
7187;0;4245.50;9.50;1312.50;0.00;0.00
7188;0;4506.50;9.50;1316.50;0.00;0.00
7189;0;4583.50;9.50;1322.50;0.00;0.00
7190;0;1150.50;9.50;1316.50;0.00;0.00
7191;0;1255.50;9.50;1317.50;0.00;0.00
7192;0;1311.50;9.50;1319.50;0.00;0.00
7193;0;1332.50;9.50;1318.50;0.00;0.00
7194;0;1388.50;9.50;1319.50;0.00;0.00
7195;0;2667.50;9.50;1318.50;0.00;0.00
7196;0;2912.50;9.50;1314.50;0.00;0.00
7197;0;3296.50;9.50;1319.50;0.00;0.00
7198;0;3380.50;9.50;1317.50;0.00;0.00
7199;0;3555.50;9.50;1314.50;0.00;0.00
7200;0;3736.50;9.50;1314.50;0.00;0.00
7201;0;3912.50;9.50;1315.50;0.00;0.00
7202;0;3970.50;9.50;1319.50;0.00;0.00
7203;0;4089.50;9.50;1317.50;0.00;0.00
7204;0;4382.50;9.50;1313.50;0.00;0.00
7205;0;4525.50;9.50;1318.50;0.00;0.00
7206;0;4549.50;9.50;1321.50;0.00;0.00
7207;0;4574.50;9.50;1321.50;0.00;0.00
7208;0;4667.50;9.50;1320.50;0.00;0.00
7209;0;4708.50;9.50;1317.50;0.00;0.00
7210;0;1065.50;9.50;1314.50;0.00;0.00
7211;0;1087.50;9.50;1315.50;0.00;0.00
7212;0;2959.50;9.50;1313.50;0.00;0.00
7213;0;3015.50;9.50;1312.50;0.00;0.00
7214;0;3185.50;9.50;1314.50;0.00;0.00
7215;0;3305.50;9.50;1318.50;0.00;0.00
7216;0;3446.50;9.50;1311.50;0.00;0.00
7217;0;3987.50;9.50;1318.50;0.00;0.00
7218;0;4447.50;9.50;1318.50;0.00;0.00
7219;0;4458.50;9.50;1318.50;0.00;0.00
7220;0;4492.50;9.50;1318.50;0.00;0.00
7221;0;4556.50;9.50;1319.50;0.00;0.00
7222;0;4606.50;9.50;1318.50;0.00;0.00
7223;0;4639.50;9.50;1314.50;0.00;0.00
7224;0;4646.50;9.50;1321.50;0.00;0.00
7225;0;4657.50;9.50;1320.50;0.00;0.00
7226;0;1213.50;9.50;1312.50;0.00;0.00
7227;0;2677.50;9.50;1308.50;0.00;0.00
7228;0;2739.50;9.50;1308.50;0.00;0.00
7229;0;2991.50;9.50;1312.50;0.00;0.00
7230;0;3100.50;9.50;1314.50;0.00;0.00
7231;0;3216.50;9.50;1311.50;0.00;0.00
7232;0;3464.50;9.50;1313.50;0.00;0.00
7233;0;3479.50;9.50;1313.50;0.00;0.00
7234;0;3687.50;9.50;1314.50;0.00;0.00
7235;0;3977.50;9.50;1318.50;0.00;0.00
7236;0;4479.50;9.50;1317.50;0.00;0.00
7237;0;4676.50;9.50;1318.50;0.00;0.00
7238;0;4693.50;9.50;1317.50;0.00;0.00
7239;0;1278.50;9.50;1317.50;0.00;0.00
7240;0;2760.50;9.50;1309.50;0.00;0.00
7241;0;3270.50;9.50;1315.50;0.00;0.00
7242;0;3289.50;9.50;1317.50;0.00;0.00
7243;0;3332.50;9.50;1317.50;0.00;0.00
7244;0;3342.50;9.50;1316.50;0.00;0.00
7245;0;3536.50;9.50;1314.50;0.00;0.00
7246;0;3997.50;9.50;1317.50;0.00;0.00
7247;0;4042.50;9.50;1314.50;0.00;0.00
7248;0;4114.50;9.50;1312.50;0.00;0.00
7249;0;4468.50;9.50;1316.50;0.00;0.00
7250;0;4563.50;9.50;1318.50;0.00;0.00
7251;0;4624.50;9.50;1317.50;0.00;0.00
7252;0;4650.50;9.50;1314.50;0.00;0.00
7253;0;4684.50;9.50;1316.50;0.00;0.00
7254;0;4720.50;9.50;1316.50;0.00;0.00
7255;0;1227.50;9.50;1312.50;0.00;0.00
7256;0;1289.50;9.50;1314.50;0.00;0.00
7257;0;1397.50;9.50;1315.50;0.00;0.00
7258;0;3054.50;9.50;1308.50;0.00;0.00
7259;0;4143.50;9.50;1312.50;0.00;0.00
7260;0;4416.50;9.50;1312.50;0.00;0.00
7261;0;4633.50;9.50;1316.50;0.00;0.00
7262;0;1099.50;9.50;1312.50;0.00;0.00
7263;0;1266.50;9.50;1313.50;0.00;0.00
7264;0;1523.50;9.50;1313.50;0.00;0.00
7265;0;3317.50;9.50;1311.50;0.00;0.00
7266;0;3779.50;9.50;1315.50;0.00;0.00
7267;0;3838.50;9.50;1308.50;0.00;0.00
7268;0;4019.50;9.50;1316.50;0.00;0.00
7269;0;4033.50;9.50;1314.50;0.00;0.00
7270;0;4210.50;9.50;1311.50;0.00;0.00
7271;0;4334.50;9.50;1310.50;0.00;0.00
7272;0;4539.50;9.50;1314.50;0.00;0.00
7273;0;4578.50;9.50;1313.50;0.00;0.00
7274;0;4590.50;9.50;1314.50;0.00;0.00
7275;0;4598.50;9.50;1315.50;0.00;0.00
7276;0;1323.50;9.50;1312.50;0.00;0.00
7277;0;1541.50;9.50;1314.50;0.00;0.00
7278;0;2839.50;9.50;1304.50;0.00;0.00
7279;0;3199.50;9.50;1302.50;0.00;0.00
7280;0;3255.50;9.50;1310.50;0.00;0.00
7281;0;3282.50;9.50;1313.50;0.00;0.00
7282;0;3324.50;9.50;1312.50;0.00;0.00
7283;0;3647.50;9.50;1310.50;0.00;0.00
7284;0;3934.50;9.50;1313.50;0.00;0.00
7285;0;3954.50;9.50;1313.50;0.00;0.00
7286;0;4054.50;9.50;1313.50;0.00;0.00
7287;0;4177.50;9.50;1308.50;0.00;0.00
7288;0;4351.50;9.50;1310.50;0.00;0.00
7289;0;4517.50;9.50;1308.50;0.00;0.00
7290;0;4569.50;9.50;1314.50;0.00;0.00
7291;0;1124.50;9.50;1307.50;0.00;0.00
7292;0;3311.50;9.50;1313.50;0.00;0.00
7293;0;3353.50;9.50;1310.50;0.00;0.00
7294;0;3619.50;9.50;1308.50;0.00;0.00
7295;0;3892.50;9.50;1308.50;0.00;0.00
7296;0;3965.50;9.50;1312.50;0.00;0.00
7297;0;4700.50;9.50;1313.50;0.00;0.00
7298;0;1039.50;9.50;1300.50;0.00;0.00
7299;0;2717.50;9.50;1303.50;0.00;0.00
7300;0;3033.50;9.50;1304.50;0.00;0.00
7301;0;3165.50;9.50;1306.50;0.00;0.00
7302;0;3386.50;9.50;1309.50;0.00;0.00
7303;0;3421.50;9.50;1306.50;0.00;0.00
7304;0;3703.50;9.50;1305.50;0.00;0.00
7305;0;3817.50;9.50;1306.50;0.00;0.00
7306;0;3856.50;9.50;1305.50;0.00;0.00
7307;0;4008.50;9.50;1312.50;0.00;0.00
7308;0;4064.50;9.50;1311.50;0.00;0.00
7309;0;4265.50;9.50;1304.50;0.00;0.00
7310;0;4531.50;9.50;1309.50;0.00;0.00
7311;0;4559.50;9.50;1312.50;0.00;0.00
7312;0;4611.50;9.50;1312.50;0.00;0.00
7313;0;4628.50;9.50;1311.50;0.00;0.00
7314;0;4657.50;9.50;1308.50;0.00;0.00
7315;0;4667.50;9.50;1311.50;0.00;0.00
7316;0;1187.50;9.50;1304.50;0.00;0.00
7317;0;1248.50;9.50;1308.50;0.00;0.00
7318;0;2946.50;9.50;1301.50;0.00;0.00
7319;0;3072.50;9.50;1301.50;0.00;0.00
7320;0;3302.50;9.50;1311.50;0.00;0.00
7321;0;3721.50;9.50;1305.50;0.00;0.00
7322;0;3771.50;9.50;1303.50;0.00;0.00
7323;0;3783.50;9.50;1309.50;0.00;0.00
7324;0;3944.50;9.50;1308.50;0.00;0.00
7325;0;4155.50;9.50;1306.50;0.00;0.00
7326;0;4229.50;9.50;1306.50;0.00;0.00
7327;0;4429.50;9.50;1309.50;0.00;0.00
7328;0;4441.50;9.50;1309.50;0.00;0.00
7329;0;4455.50;9.50;1311.50;0.00;0.00
7330;0;4493.50;9.50;1309.50;0.00;0.00
7331;0;4549.50;9.50;1311.50;0.00;0.00
7332;0;4585.50;9.50;1310.50;0.00;0.00
7333;0;4689.50;9.50;1310.50;0.00;0.00
7334;0;4714.50;9.50;1310.50;0.00;0.00
7335;0;1111.50;9.50;1308.50;0.00;0.00
7336;0;1158.50;9.50;1307.50;0.00;0.00
7337;0;1301.50;9.50;1308.50;0.00;0.00
7338;0;1313.50;9.50;1307.50;0.00;0.00
7339;0;2696.50;9.50;1303.50;0.00;0.00
7340;0;3295.50;9.50;1311.50;0.00;0.00
7341;0;3339.50;9.50;1307.50;0.00;0.00
7342;0;3791.50;9.50;1306.50;0.00;0.00
7343;0;3802.50;9.50;1304.50;0.00;0.00
7344;0;3999.50;9.50;1310.50;0.00;0.00
7345;0;4072.50;9.50;1307.50;0.00;0.00
7346;0;4317.50;9.50;1303.50;0.00;0.00
7347;0;4403.50;9.50;1306.50;0.00;0.00
7348;0;4618.50;9.50;1309.50;0.00;0.00
7349;0;4675.50;9.50;1310.50;0.00;0.00
7350;0;1238.50;9.50;1304.50;0.00;0.00
7351;0;1277.50;9.50;1308.50;0.00;0.00
7352;0;3090.50;9.50;1298.50;0.00;0.00
7353;0;3516.50;9.50;1300.50;0.00;0.00
7354;0;3564.50;9.50;1307.50;0.00;0.00
7355;0;3875.50;9.50;1303.50;0.00;0.00
7356;0;3924.50;9.50;1308.50;0.00;0.00
7357;0;3980.50;9.50;1308.50;0.00;0.00
7358;0;3990.50;9.50;1307.50;0.00;0.00
7359;0;4301.50;9.50;1301.50;0.00;0.00
7360;0;4466.50;9.50;1308.50;0.00;0.00
7361;0;4603.50;9.50;1309.50;0.00;0.00
7362;0;1078.50;9.50;1302.50;0.00;0.00
7363;0;1138.50;9.50;1305.50;0.00;0.00
7364;0;1533.50;9.50;1306.50;0.00;0.00
7365;0;1545.50;9.50;1306.50;0.00;0.00
7366;0;2665.50;9.50;1302.50;0.00;0.00
7367;0;3274.50;9.50;1304.50;0.00;0.00
7368;0;3288.50;9.50;1308.50;0.00;0.00
7369;0;3637.50;9.50;1301.50;0.00;0.00
7370;0;4047.50;9.50;1309.50;0.00;0.00
7371;0;4080.50;9.50;1304.50;0.00;0.00
7372;0;4122.50;9.50;1300.50;0.00;0.00
7373;0;4482.50;9.50;1307.50;0.00;0.00
7374;0;4706.50;9.50;1309.50;0.00;0.00
7375;0;3671.50;9.50;1297.50;0.00;0.00
7376;0;4017.50;9.50;1308.50;0.00;0.00
7377;0;4036.50;9.50;1307.50;0.00;0.00
7378;0;4369.50;9.50;1288.50;0.00;0.00
7379;0;4573.50;9.50;1307.50;0.00;0.00
7380;0;4642.50;9.50;1306.50;0.00;0.00
7381;0;1093.50;9.50;1304.50;0.00;0.00
7382;0;1259.50;9.50;1303.50;0.00;0.00
7383;0;2798.50;9.50;1298.50;0.00;0.00
7384;0;3230.50;9.50;1297.50;0.00;0.00
7385;0;3306.50;9.50;1306.50;0.00;0.00
7386;0;3960.50;9.50;1302.50;0.00;0.00
7387;0;4029.50;9.50;1306.50;0.00;0.00
7388;0;4093.50;9.50;1305.50;0.00;0.00
7389;0;4505.50;9.50;1301.50;0.00;0.00
7390;0;4564.50;9.50;1305.50;0.00;0.00
7391;0;4633.50;9.50;1304.50;0.00;0.00
7392;0;4682.50;9.50;1305.50;0.00;0.00
7393;0;1288.50;9.50;1303.50;0.00;0.00
7394;0;2650.50;9.50;1300.50;0.00;0.00
7395;0;2858.50;9.50;1300.50;0.00;0.00
7396;0;3124.50;9.50;1299.50;0.00;0.00
7397;0;3326.50;9.50;1299.50;0.00;0.00
7398;0;4043.50;9.50;1303.50;0.00;0.00
7399;0;4453.50;9.50;1304.50;0.00;0.00
7400;0;4555.50;9.50;1304.50;0.00;0.00
7401;0;4596.50;9.50;1304.50;0.00;0.00
7402;0;4611.50;9.50;1305.50;0.00;0.00
7403;0;4624.50;9.50;1304.50;0.00;0.00
7404;0;4695.50;9.50;1304.50;0.00;0.00
7405;0;1170.50;9.50;1300.50;0.00;0.00
7406;0;1202.50;9.50;1296.50;0.00;0.00
7407;0;2927.50;9.50;1296.50;0.00;0.00
7408;0;3370.50;9.50;1300.50;0.00;0.00
7409;0;3545.50;9.50;1302.50;0.00;0.00
7410;0;3913.50;9.50;1302.50;0.00;0.00
7411;0;3971.50;9.50;1301.50;0.00;0.00
7412;0;4002.50;9.50;1304.50;0.00;0.00
7413;0;4010.50;9.50;1304.50;0.00;0.00
7414;0;4055.50;9.50;1304.50;0.00;0.00
7415;0;4108.50;9.50;1302.50;0.00;0.00
7416;0;4167.50;9.50;1300.50;0.00;0.00
7417;0;4539.50;9.50;1304.50;0.00;0.00
7418;0;4589.50;9.50;1304.50;0.00;0.00
7419;0;3316.50;9.50;1303.50;0.00;0.00
7420;0;3388.50;9.50;1296.50;0.00;0.00
7421;0;3556.50;9.50;1299.50;0.00;0.00
7422;0;3689.50;9.50;1294.50;0.00;0.00
7423;0;4580.50;9.50;1302.50;0.00;0.00
7424;0;4710.50;9.50;1303.50;0.00;0.00
7425;0;1219.50;9.50;1299.50;0.00;0.00
7426;0;1526.50;9.50;1301.50;0.00;0.00
7427;0;3348.50;9.50;1298.50;0.00;0.00
7428;0;3402.50;9.50;1293.50;0.00;0.00
7429;0;3457.50;9.50;1298.50;0.00;0.00
7430;0;4022.50;9.50;1303.50;0.00;0.00
7431;0;4141.50;9.50;1298.50;0.00;0.00
7432;0;4189.50;9.50;1298.50;0.00;0.00
7433;0;4285.50;9.50;1294.50;0.00;0.00
7434;0;4463.50;9.50;1299.50;0.00;0.00
7435;0;4604.50;9.50;1302.50;0.00;0.00
7436;0;4673.50;9.50;1301.50;0.00;0.00
7437;0;1273.50;9.50;1298.50;0.00;0.00
7438;0;1551.50;9.50;1298.50;0.00;0.00
7439;0;3259.50;9.50;1295.50;0.00;0.00
7440;0;3475.50;9.50;1296.50;0.00;0.00
7441;0;3533.50;9.50;1296.50;0.00;0.00
7442;0;3936.50;9.50;1299.50;0.00;0.00
7443;0;3994.50;9.50;1300.50;0.00;0.00
7444;0;4063.50;9.50;1301.50;0.00;0.00
7445;0;4131.50;9.50;1298.50;0.00;0.00
7446;0;4432.50;9.50;1299.50;0.00;0.00
7447;0;4493.50;9.50;1297.50;0.00;0.00
7448;0;4649.50;9.50;1296.50;0.00;0.00
7449;0;4662.50;9.50;1299.50;0.00;0.00
7450;0;2597.50;9.50;1299.50;0.00;0.00
7451;0;2875.50;9.50;1291.50;0.00;0.00
7452;0;2986.50;9.50;1294.50;0.00;0.00
7453;0;3303.50;9.50;1298.50;0.00;0.00
7454;0;3626.50;9.50;1295.50;0.00;0.00
7455;0;3651.50;9.50;1292.50;0.00;0.00
7456;0;3730.50;9.50;1294.50;0.00;0.00
7457;0;3950.50;9.50;1294.50;0.00;0.00
7458;0;3983.50;9.50;1298.50;0.00;0.00
7459;0;4070.50;9.50;1297.50;0.00;0.00
7460;0;4474.50;9.50;1299.50;0.00;0.00
7461;0;4547.50;9.50;1298.50;0.00;0.00
7462;0;4715.50;9.50;1299.50;0.00;0.00
7463;0;1106.50;9.50;1298.50;0.00;0.00
7464;0;3142.50;9.50;1290.50;0.00;0.00
7465;0;3284.50;9.50;1297.50;0.00;0.00
7466;0;3293.50;9.50;1300.50;0.00;0.00
7467;0;3827.50;9.50;1291.50;0.00;0.00
7468;0;4033.50;9.50;1299.50;0.00;0.00
7469;0;4244.50;9.50;1295.50;0.00;0.00
7470;0;4398.50;9.50;1293.50;0.00;0.00
7471;0;4415.50;9.50;1296.50;0.00;0.00
7472;0;4444.50;9.50;1296.50;0.00;0.00
7473;0;4615.50;9.50;1299.50;0.00;0.00
7474;0;4687.50;9.50;1297.50;0.00;0.00
7475;0;1295.50;9.50;1294.50;0.00;0.00
7476;0;2780.50;9.50;1288.50;0.00;0.00
7477;0;2961.50;9.50;1292.50;0.00;0.00
7478;0;3046.50;9.50;1293.50;0.00;0.00
7479;0;3310.50;9.50;1298.50;0.00;0.00
7480;0;3447.50;9.50;1288.50;0.00;0.00
7481;0;3492.50;9.50;1290.50;0.00;0.00
7482;0;3788.50;9.50;1292.50;0.00;0.00
7483;0;4015.50;9.50;1298.50;0.00;0.00
7484;0;4050.50;9.50;1297.50;0.00;0.00
7485;0;4094.50;9.50;1296.50;0.00;0.00
7486;0;4572.50;9.50;1299.50;0.00;0.00
7487;0;4699.50;9.50;1297.50;0.00;0.00
7488;0;1541.50;9.50;1296.50;0.00;0.00
7489;0;2556.50;9.50;1296.50;0.00;0.00
7490;0;2755.50;9.50;1284.50;0.00;0.00
7491;0;2822.50;9.50;1291.50;0.00;0.00
7492;0;3005.50;9.50;1286.50;0.00;0.00
7493;0;3746.50;9.50;1291.50;0.00;0.00
7494;0;3904.50;9.50;1295.50;0.00;0.00
7495;0;3925.50;9.50;1295.50;0.00;0.00
7496;0;4079.50;9.50;1295.50;0.00;0.00
7497;0;4210.50;9.50;1296.50;0.00;0.00
7498;0;4341.50;9.50;1284.50;0.00;0.00
7499;0;1097.50;9.50;1294.50;0.00;0.00
7500;0;1157.50;9.50;1294.50;0.00;0.00
7501;0;1246.50;9.50;1293.50;0.00;0.00
7502;0;1532.50;9.50;1295.50;0.00;0.00
7503;0;2732.50;9.50;1286.50;0.00;0.00
7504;0;3107.50;9.50;1290.50;0.00;0.00
7505;0;3571.50;9.50;1293.50;0.00;0.00
7506;0;3891.50;9.50;1294.50;0.00;0.00
7507;0;4024.50;9.50;1294.50;0.00;0.00
7508;0;4041.50;9.50;1295.50;0.00;0.00
7509;0;4455.50;9.50;1296.50;0.00;0.00
7510;0;4482.50;9.50;1295.50;0.00;0.00
7511;0;4517.50;9.50;1291.50;0.00;0.00
7512;0;4565.50;9.50;1295.50;0.00;0.00
7513;0;4586.50;9.50;1297.50;0.00;0.00
7514;0;4595.50;9.50;1297.50;0.00;0.00
7515;0;4707.50;9.50;1296.50;0.00;0.00
7516;0;1124.50;9.50;1292.50;0.00;0.00
7517;0;1143.50;9.50;1290.50;0.00;0.00
7518;0;1235.50;9.50;1294.50;0.00;0.00
7519;0;2897.50;9.50;1288.50;0.00;0.00
7520;0;3763.50;9.50;1287.50;0.00;0.00
7521;0;3809.50;9.50;1289.50;0.00;0.00
7522;0;4000.50;9.50;1295.50;0.00;0.00
7523;0;4007.50;9.50;1297.50;0.00;0.00
7524;0;4060.50;9.50;1294.50;0.00;0.00
7525;0;4426.50;9.50;1290.50;0.00;0.00
7526;0;4535.50;9.50;1292.50;0.00;0.00
7527;0;4556.50;9.50;1295.50;0.00;0.00
7528;0;4605.50;9.50;1295.50;0.00;0.00
7529;0;4624.50;9.50;1295.50;0.00;0.00
7530;0;4635.50;9.50;1294.50;0.00;0.00
7531;0;4678.50;9.50;1294.50;0.00;0.00
7532;0;1261.50;9.50;1292.50;0.00;0.00
7533;0;3027.50;9.50;1289.50;0.00;0.00
7534;0;3317.50;9.50;1293.50;0.00;0.00
7535;0;4148.50;9.50;1293.50;0.00;0.00
7536;0;4157.50;9.50;1290.50;0.00;0.00
7537;0;4224.50;9.50;1291.50;0.00;0.00
7538;0;1090.50;9.50;1288.50;0.00;0.00
7539;0;1282.50;9.50;1290.50;0.00;0.00
7540;0;2643.50;9.50;1286.50;0.00;0.00
7541;0;2690.50;9.50;1286.50;0.00;0.00
7542;0;3170.50;9.50;1287.50;0.00;0.00
7543;0;3335.50;9.50;1289.50;0.00;0.00
7544;0;3378.50;9.50;1288.50;0.00;0.00
7545;0;3702.50;9.50;1287.50;0.00;0.00
7546;0;3719.50;9.50;1288.50;0.00;0.00
7547;0;3844.50;9.50;1286.50;0.00;0.00
7548;0;3963.50;9.50;1290.50;0.00;0.00
7549;0;4272.50;9.50;1285.50;0.00;0.00
7550;0;4468.50;9.50;1293.50;0.00;0.00
7551;0;4580.50;9.50;1293.50;0.00;0.00
7552;0;4665.50;9.50;1289.50;0.00;0.00
7553;0;1176.50;9.50;1288.50;0.00;0.00
7554;0;2622.50;9.50;1286.50;0.00;0.00
7555;0;2666.50;9.50;1286.50;0.00;0.00
7556;0;3276.50;9.50;1291.50;0.00;0.00
7557;0;3417.50;9.50;1287.50;0.00;0.00
7558;0;3860.50;9.50;1288.50;0.00;0.00
7559;0;3879.50;9.50;1287.50;0.00;0.00
7560;0;3975.50;9.50;1291.50;0.00;0.00
7561;0;4087.50;9.50;1289.50;0.00;0.00
7562;0;4106.50;9.50;1292.50;0.00;0.00
7563;0;4117.50;9.50;1289.50;0.00;0.00
7564;0;1226.50;9.50;1287.50;0.00;0.00
7565;0;2572.50;9.50;1292.50;0.00;0.00
7566;0;3293.50;9.50;1291.50;0.00;0.00
7567;0;3510.50;9.50;1284.50;0.00;0.00
7568;0;3991.50;9.50;1291.50;0.00;0.00
7569;0;4015.50;9.50;1289.50;0.00;0.00
7570;0;4166.50;9.50;1289.50;0.00;0.00
7571;0;4506.50;9.50;1288.50;0.00;0.00
7572;0;4599.50;9.50;1291.50;0.00;0.00
7573;0;4616.50;9.50;1291.50;0.00;0.00
7574;0;3305.50;9.50;1289.50;0.00;0.00
7575;0;3433.50;9.50;1281.50;0.00;0.00
7576;0;4171.50;9.50;1283.50;0.00;0.00
7577;0;4200.50;9.50;1287.50;0.00;0.00
7578;0;4436.50;9.50;1284.50;0.00;0.00
7579;0;4458.50;9.50;1288.50;0.00;0.00
7580;0;4572.50;9.50;1289.50;0.00;0.00
7581;0;4692.50;9.50;1288.50;0.00;0.00
7582;0;1527.50;9.50;1288.50;0.00;0.00
7583;0;1549.50;9.50;1289.50;0.00;0.00
7584;0;2710.50;9.50;1280.50;0.00;0.00
7585;0;2806.50;9.50;1284.50;0.00;0.00
7586;0;2838.50;9.50;1281.50;0.00;0.00
7587;0;3189.50;9.50;1285.50;0.00;0.00
7588;0;3323.50;9.50;1285.50;0.00;0.00
7589;0;3463.50;9.50;1283.50;0.00;0.00
7590;0;3557.50;9.50;1286.50;0.00;0.00
7591;0;4032.50;9.50;1288.50;0.00;0.00
7592;0;4046.50;9.50;1289.50;0.00;0.00
7593;0;4054.50;9.50;1289.50;0.00;0.00
7594;0;4072.50;9.50;1288.50;0.00;0.00
7595;0;4125.50;9.50;1288.50;0.00;0.00
7596;0;4387.50;9.50;1282.50;0.00;0.00
7597;0;4448.50;9.50;1289.50;0.00;0.00
7598;0;4589.50;9.50;1289.50;0.00;0.00
7599;0;4684.50;9.50;1289.50;0.00;0.00
7600;0;1041.50;9.50;1283.50;0.00;0.00
7601;0;1535.50;9.50;1287.50;0.00;0.00
7602;0;3080.50;9.50;1281.50;0.00;0.00
7603;0;3917.50;9.50;1286.50;0.00;0.00
7604;0;3984.50;9.50;1285.50;0.00;0.00
7605;0;4180.50;9.50;1286.50;0.00;0.00
7606;0;4213.50;9.50;1284.50;0.00;0.00
7607;0;4307.50;9.50;1285.50;0.00;0.00
7608;0;4353.50;9.50;1275.50;0.00;0.00
7609;0;4551.50;9.50;1285.50;0.00;0.00
7610;0;4641.50;9.50;1284.50;0.00;0.00
7611;0;4654.50;9.50;1284.50;0.00;0.00
7612;0;4700.50;9.50;1287.50;0.00;0.00
7613;0;1185.50;9.50;1280.50;0.00;0.00
7614;0;3535.50;9.50;1284.50;0.00;0.00
7615;0;3902.50;9.50;1284.50;0.00;0.00
7616;0;3934.50;9.50;1284.50;0.00;0.00
7617;0;4002.50;9.50;1286.50;0.00;0.00
7618;0;4063.50;9.50;1285.50;0.00;0.00
7619;0;4139.50;9.50;1286.50;0.00;0.00
7620;0;4189.50;9.50;1286.50;0.00;0.00
7621;0;4323.50;9.50;1286.50;0.00;0.00
7622;0;4406.50;9.50;1282.50;0.00;0.00
7623;0;4607.50;9.50;1287.50;0.00;0.00
7624;0;1214.50;9.50;1281.50;0.00;0.00
7625;0;1268.50;9.50;1282.50;0.00;0.00
7626;0;1556.50;9.50;1283.50;0.00;0.00
7627;0;2974.50;9.50;1282.50;0.00;0.00
7628;0;4104.50;9.50;1282.50;0.00;0.00
7629;0;4257.50;9.50;1283.50;0.00;0.00
7630;0;4484.50;9.50;1284.50;0.00;0.00
7631;0;4562.50;9.50;1284.50;0.00;0.00
7632;0;4672.50;9.50;1283.50;0.00;0.00
7633;0;1100.50;9.50;1283.50;0.00;0.00
7634;0;1111.50;9.50;1283.50;0.00;0.00
7635;0;1133.50;9.50;1279.50;0.00;0.00
7636;0;1199.50;9.50;1281.50;0.00;0.00
7637;0;1249.50;9.50;1285.50;0.00;0.00
7638;0;2921.50;9.50;1276.50;0.00;0.00
7639;0;3779.50;9.50;1278.50;0.00;0.00
7640;0;3948.50;9.50;1282.50;0.00;0.00
7641;0;4093.50;9.50;1282.50;0.00;0.00
7642;0;4232.50;9.50;1276.50;0.00;0.00
7643;0;4473.50;9.50;1284.50;0.00;0.00
7644;0;4495.50;9.50;1281.50;0.00;0.00
7645;0;4595.50;9.50;1285.50;0.00;0.00
7646;0;1288.50;9.50;1280.50;0.00;0.00
7647;0;1542.50;9.50;1283.50;0.00;0.00
7648;0;3054.50;9.50;1281.50;0.00;0.00
7649;0;3313.50;9.50;1282.50;0.00;0.00
7650;0;3480.50;9.50;1279.50;0.00;0.00
7651;0;3583.50;9.50;1278.50;0.00;0.00
7652;0;3684.50;9.50;1279.50;0.00;0.00
7653;0;3871.50;9.50;1280.50;0.00;0.00
7654;0;4009.50;9.50;1283.50;0.00;0.00
7655;0;4025.50;9.50;1280.50;0.00;0.00
7656;0;4080.50;9.50;1283.50;0.00;0.00
7657;0;4148.50;9.50;1280.50;0.00;0.00
7658;0;4418.50;9.50;1282.50;0.00;0.00
7659;0;4462.50;9.50;1279.50;0.00;0.00
7660;0;4628.50;9.50;1282.50;0.00;0.00
7661;0;1057.50;9.50;1274.50;0.00;0.00
7662;0;1153.50;9.50;1280.50;0.00;0.00
7663;0;1258.50;9.50;1285.50;0.00;0.00
7664;0;2672.50;9.50;1270.50;0.00;0.00
7665;0;2953.50;9.50;1275.50;0.00;0.00
7666;0;2986.50;9.50;1268.50;0.00;0.00
7667;0;3301.50;9.50;1280.50;0.00;0.00
7668;0;3547.50;9.50;1278.50;0.00;0.00
7669;0;3794.50;9.50;1277.50;0.00;0.00
7670;0;4017.50;9.50;1282.50;0.00;0.00
7671;0;4293.50;9.50;1279.50;0.00;0.00
7672;0;4534.50;9.50;1281.50;0.00;0.00
7673;0;4582.50;9.50;1283.50;0.00;0.00
7674;0;4618.50;9.50;1282.50;0.00;0.00
7675;0;2631.50;9.50;1274.50;0.00;0.00
7676;0;3218.50;9.50;1276.50;0.00;0.00
7677;0;3245.50;9.50;1278.50;0.00;0.00
7678;0;3262.50;9.50;1279.50;0.00;0.00
7679;0;3276.50;9.50;1281.50;0.00;0.00
7680;0;3287.50;9.50;1282.50;0.00;0.00
7681;0;3570.50;9.50;1279.50;0.00;0.00
7682;0;4042.50;9.50;1280.50;0.00;0.00
7683;0;2612.50;9.50;1273.50;0.00;0.00
7684;0;2857.50;9.50;1276.50;0.00;0.00
7685;0;3097.50;9.50;1275.50;0.00;0.00
7686;0;3668.50;9.50;1278.50;0.00;0.00
7687;0;3711.50;9.50;1276.50;0.00;0.00
7688;0;3892.50;9.50;1279.50;0.00;0.00
7689;0;3995.50;9.50;1280.50;0.00;0.00
7690;0;4224.50;9.50;1279.50;0.00;0.00
7691;0;4242.50;9.50;1278.50;0.00;0.00
7692;0;4516.50;9.50;1280.50;0.00;0.00
7693;0;4685.50;9.50;1279.50;0.00;0.00
7694;0;1232.50;9.50;1276.50;0.00;0.00
7695;0;1530.50;9.50;1279.50;0.00;0.00
7696;0;2882.50;9.50;1273.50;0.00;0.00
7697;0;3342.50;9.50;1275.50;0.00;0.00
7698;0;3389.50;9.50;1274.50;0.00;0.00
7699;0;3521.50;9.50;1270.50;0.00;0.00
7700;0;3729.50;9.50;1279.50;0.00;0.00
7701;0;3911.50;9.50;1277.50;0.00;0.00
7702;0;3963.50;9.50;1278.50;0.00;0.00
7703;0;3974.50;9.50;1279.50;0.00;0.00
7704;0;4054.50;9.50;1281.50;0.00;0.00
7705;0;4444.50;9.50;1276.50;0.00;0.00
7706;0;4545.50;9.50;1275.50;0.00;0.00
7707;0;4572.50;9.50;1280.50;0.00;0.00
7708;0;4590.50;9.50;1278.50;0.00;0.00
7709;0;1170.50;9.50;1276.50;0.00;0.00
7710;0;1247.50;9.50;1275.50;0.00;0.00
7711;0;1548.50;9.50;1279.50;0.00;0.00
7712;0;3818.50;9.50;1274.50;0.00;0.00
7713;0;3882.50;9.50;1276.50;0.00;0.00
7714;0;4033.50;9.50;1280.50;0.00;0.00
7715;0;4070.50;9.50;1279.50;0.00;0.00
7716;0;4119.50;9.50;1277.50;0.00;0.00
7717;0;4135.50;9.50;1278.50;0.00;0.00
7718;0;4159.50;9.50;1278.50;0.00;0.00
7719;0;4601.50;9.50;1278.50;0.00;0.00
7720;0;4609.50;9.50;1278.50;0.00;0.00
7721;0;4665.50;9.50;1277.50;0.00;0.00
7722;0;3025.50;9.50;1272.50;0.00;0.00
7723;0;3408.50;9.50;1270.50;0.00;0.00
7724;0;3505.50;9.50;1273.50;0.00;0.00
7725;0;3925.50;9.50;1275.50;0.00;0.00
7726;0;4324.50;9.50;1279.50;0.00;0.00
7727;0;4693.50;9.50;1278.50;0.00;0.00
7728;0;1275.50;9.50;1272.50;0.00;0.00
7729;0;3985.50;9.50;1276.50;0.00;0.00
7730;0;4004.50;9.50;1276.50;0.00;0.00
7731;0;4203.50;9.50;1275.50;0.00;0.00
7732;0;1560.50;9.50;1275.50;0.00;0.00
7733;0;2692.50;9.50;1261.50;0.00;0.00
7734;0;2936.50;9.50;1263.50;0.00;0.00
7735;0;3294.50;9.50;1274.50;0.00;0.00
7736;0;3331.50;9.50;1273.50;0.00;0.00
7737;0;3491.50;9.50;1266.50;0.00;0.00
7738;0;3746.50;9.50;1271.50;0.00;0.00
7739;0;3836.50;9.50;1271.50;0.00;0.00
7740;0;4014.50;9.50;1275.50;0.00;0.00
7741;0;4049.50;9.50;1276.50;0.00;0.00
7742;0;4062.50;9.50;1275.50;0.00;0.00
7743;0;4397.50;9.50;1270.50;0.00;0.00
7744;0;4505.50;9.50;1275.50;0.00;0.00
7745;0;1107.50;9.50;1274.50;0.00;0.00
7746;0;2822.50;9.50;1270.50;0.00;0.00
7747;0;3320.50;9.50;1274.50;0.00;0.00
7748;0;3937.50;9.50;1273.50;0.00;0.00
7749;0;4124.50;9.50;1270.50;0.00;0.00
7750;0;4171.50;9.50;1274.50;0.00;0.00
7751;0;4191.50;9.50;1274.50;0.00;0.00
7752;0;4213.50;9.50;1271.50;0.00;0.00
7753;0;4433.50;9.50;1272.50;0.00;0.00
7754;0;4676.50;9.50;1273.50;0.00;0.00
7755;0;1111.50;9.50;1261.50;0.00;0.00
7756;0;1126.50;9.50;1265.50;0.00;0.00
7757;0;1143.50;9.50;1268.50;0.00;0.00
7758;0;1536.50;9.50;1273.50;0.00;0.00
7759;0;1553.50;9.50;1273.50;0.00;0.00
7760;0;2777.50;9.50;1265.50;0.00;0.00
7761;0;2801.50;9.50;1267.50;0.00;0.00
7762;0;3304.50;9.50;1272.50;0.00;0.00
7763;0;3536.50;9.50;1268.50;0.00;0.00
7764;0;3561.50;9.50;1271.50;0.00;0.00
7765;0;3593.50;9.50;1272.50;0.00;0.00
7766;0;3899.50;9.50;1271.50;0.00;0.00
7767;0;3956.50;9.50;1270.50;0.00;0.00
7768;0;4089.50;9.50;1273.50;0.00;0.00
7769;0;4182.50;9.50;1272.50;0.00;0.00
7770;0;4264.50;9.50;1270.50;0.00;0.00
7771;0;4280.50;9.50;1270.50;0.00;0.00
7772;0;4297.50;9.50;1264.50;0.00;0.00
7773;0;4381.50;9.50;1267.50;0.00;0.00
7774;0;4421.50;9.50;1272.50;0.00;0.00
7775;0;4472.50;9.50;1273.50;0.00;0.00
7776;0;4486.50;9.50;1272.50;0.00;0.00
7777;0;4523.50;9.50;1271.50;0.00;0.00
7778;0;4557.50;9.50;1271.50;0.00;0.00
7779;0;4643.50;9.50;1273.50;0.00;0.00
7780;0;4653.50;9.50;1274.50;0.00;0.00
7781;0;2728.50;9.50;1265.50;0.00;0.00
7782;0;3063.50;9.50;1268.50;0.00;0.00
7783;0;3194.50;9.50;1266.50;0.00;0.00
7784;0;4022.50;9.50;1272.50;0.00;0.00
7785;0;4080.50;9.50;1273.50;0.00;0.00
7786;0;4101.50;9.50;1272.50;0.00;0.00
7787;0;4112.50;9.50;1271.50;0.00;0.00
7788;0;4411.50;9.50;1271.50;0.00;0.00
7789;0;4631.50;9.50;1268.50;0.00;0.00
7790;0;1254.50;9.50;1268.50;0.00;0.00
7791;0;1587.50;9.50;1273.50;0.00;0.00
7792;0;2901.50;9.50;1265.50;0.00;0.00
7793;0;3009.50;9.50;1265.50;0.00;0.00
7794;0;3130.50;9.50;1263.50;0.00;0.00
7795;0;3167.50;9.50;1264.50;0.00;0.00
7796;0;3234.50;9.50;1263.50;0.00;0.00
7797;0;3282.50;9.50;1269.50;0.00;0.00
7798;0;3448.50;9.50;1261.50;0.00;0.00
7799;0;3861.50;9.50;1270.50;0.00;0.00
7800;0;4142.50;9.50;1272.50;0.00;0.00
7801;0;4327.50;9.50;1261.50;0.00;0.00
7802;0;4367.50;9.50;1263.50;0.00;0.00
7803;0;4569.50;9.50;1270.50;0.00;0.00
7804;0;4582.50;9.50;1271.50;0.00;0.00
7805;0;4619.50;9.50;1271.50;0.00;0.00
7806;0;1157.50;9.50;1266.50;0.00;0.00
7807;0;1207.50;9.50;1267.50;0.00;0.00
7808;0;1221.50;9.50;1268.50;0.00;0.00
7809;0;2639.50;9.50;1266.50;0.00;0.00
7810;0;3465.50;9.50;1266.50;0.00;0.00
7811;0;3995.50;9.50;1271.50;0.00;0.00
7812;0;4032.50;9.50;1273.50;0.00;0.00
7813;0;4458.50;9.50;1268.50;0.00;0.00
7814;0;4592.50;9.50;1269.50;0.00;0.00
7815;0;4605.50;9.50;1271.50;0.00;0.00
7816;0;4816.50;9.50;1267.50;0.00;0.00
7817;0;1187.50;9.50;1267.50;0.00;0.00
7818;0;1289.50;9.50;1268.50;0.00;0.00
7819;0;1545.50;9.50;1270.50;0.00;0.00
7820;0;1609.50;9.50;1268.50;0.00;0.00
7821;0;3312.50;9.50;1267.50;0.00;0.00
7822;0;3575.50;9.50;1267.50;0.00;0.00
7823;0;3872.50;9.50;1270.50;0.00;0.00
7824;0;3946.50;9.50;1266.50;0.00;0.00
7825;0;4037.50;9.50;1268.50;0.00;0.00
7826;0;4072.50;9.50;1270.50;0.00;0.00
7827;0;4152.50;9.50;1269.50;0.00;0.00
7828;0;4249.50;9.50;1268.50;0.00;0.00
7829;0;4311.50;9.50;1266.50;0.00;0.00
7830;0;4533.50;9.50;1268.50;0.00;0.00
7831;0;4687.50;9.50;1270.50;0.00;0.00
7832;0;1240.50;9.50;1267.50;0.00;0.00
7833;0;3255.50;9.50;1264.50;0.00;0.00
7834;0;3429.50;9.50;1261.50;0.00;0.00
7835;0;3974.50;9.50;1268.50;0.00;0.00
7836;0;4046.50;9.50;1268.50;0.00;0.00
7837;0;4056.50;9.50;1269.50;0.00;0.00
7838;0;4226.50;9.50;1268.50;0.00;0.00
7839;0;4236.50;9.50;1267.50;0.00;0.00
7840;0;4341.50;9.50;1266.50;0.00;0.00
7841;0;4497.50;9.50;1266.50;0.00;0.00
7842;0;4661.50;9.50;1268.50;0.00;0.00
7843;0;1068.50;9.50;1259.50;0.00;0.00
7844;0;3047.50;9.50;1259.50;0.00;0.00
7845;0;3270.50;9.50;1264.50;0.00;0.00
7846;0;3586.50;9.50;1264.50;0.00;0.00
7847;0;3716.50;9.50;1264.50;0.00;0.00
7848;0;3772.50;9.50;1260.50;0.00;0.00
7849;0;3919.50;9.50;1266.50;0.00;0.00
7850;0;4508.50;9.50;1265.50;0.00;0.00
7851;0;1166.50;9.50;1265.50;0.00;0.00
7852;0;2749.50;9.50;1254.50;0.00;0.00
7853;0;3550.50;9.50;1263.50;0.00;0.00
7854;0;3796.50;9.50;1259.50;0.00;0.00
7855;0;3852.50;9.50;1261.50;0.00;0.00
7856;0;3880.50;9.50;1265.50;0.00;0.00
7857;0;3890.50;9.50;1266.50;0.00;0.00
7858;0;3908.50;9.50;1263.50;0.00;0.00
7859;0;4006.50;9.50;1267.50;0.00;0.00
7860;0;4016.50;9.50;1266.50;0.00;0.00
7861;0;4064.50;9.50;1267.50;0.00;0.00
7862;0;4095.50;9.50;1266.50;0.00;0.00
7863;0;4160.50;9.50;1265.50;0.00;0.00
7864;0;4201.50;9.50;1263.50;0.00;0.00
7865;0;4446.50;9.50;1265.50;0.00;0.00
7866;0;4517.50;9.50;1265.50;0.00;0.00
7867;0;4669.50;9.50;1265.50;0.00;0.00
7868;0;1176.50;9.50;1264.50;0.00;0.00
7869;0;1195.50;9.50;1260.50;0.00;0.00
7870;0;1558.50;9.50;1266.50;0.00;0.00
7871;0;2845.50;9.50;1258.50;0.00;0.00
7872;0;3965.50;9.50;1262.50;0.00;0.00
7873;0;3985.50;9.50;1265.50;0.00;0.00
7874;0;4169.50;9.50;1265.50;0.00;0.00
7875;0;1230.50;9.50;1262.50;0.00;0.00
7876;0;1539.50;9.50;1265.50;0.00;0.00
7877;0;2596.50;9.50;1259.50;0.00;0.00
7878;0;2863.50;9.50;1258.50;0.00;0.00
7879;0;3075.50;9.50;1257.50;0.00;0.00
7880;0;3295.50;9.50;1264.50;0.00;0.00
7881;0;3338.50;9.50;1263.50;0.00;0.00
7882;0;3727.50;9.50;1260.50;0.00;0.00
7883;0;4027.50;9.50;1264.50;0.00;0.00
7884;0;4138.50;9.50;1264.50;0.00;0.00
7885;0;4178.50;9.50;1263.50;0.00;0.00
7886;0;4186.50;9.50;1263.50;0.00;0.00
7887;0;4478.50;9.50;1263.50;0.00;0.00
7888;0;1261.50;9.50;1261.50;0.00;0.00
7889;0;1278.50;9.50;1260.50;0.00;0.00
7890;0;1551.50;9.50;1263.50;0.00;0.00
7891;0;3696.50;9.50;1262.50;0.00;0.00
7892;0;3754.50;9.50;1258.50;0.00;0.00
7893;0;4082.50;9.50;1263.50;0.00;0.00
7894;0;4208.50;9.50;1264.50;0.00;0.00
7895;0;4405.50;9.50;1259.50;0.00;0.00
7896;0;4610.50;9.50;1263.50;0.00;0.00
7897;0;3349.50;9.50;1256.50;0.00;0.00
7898;0;3474.50;9.50;1252.50;0.00;0.00
7899;0;3822.50;9.50;1258.50;0.00;0.00
7900;0;3927.50;9.50;1259.50;0.00;0.00
7901;0;4053.50;9.50;1262.50;0.00;0.00
7902;0;4108.50;9.50;1262.50;0.00;0.00
7903;0;4418.50;9.50;1256.50;0.00;0.00
7904;0;4429.50;9.50;1260.50;0.00;0.00
7905;0;4466.50;9.50;1260.50;0.00;0.00
7906;0;4650.50;9.50;1262.50;0.00;0.00
7907;0;4677.50;9.50;1263.50;0.00;0.00
7908;0;2616.50;9.50;1255.50;0.00;0.00
7909;0;3101.50;9.50;1255.50;0.00;0.00
7910;0;3323.50;9.50;1259.50;0.00;0.00
7911;0;3596.50;9.50;1260.50;0.00;0.00
7912;0;3606.50;9.50;1262.50;0.00;0.00
7913;0;3899.50;9.50;1261.50;0.00;0.00
7914;0;3995.50;9.50;1262.50;0.00;0.00
7915;0;4068.50;9.50;1262.50;0.00;0.00
7916;0;4525.50;9.50;1262.50;0.00;0.00
7917;0;4550.50;9.50;1261.50;0.00;0.00
7918;0;4572.50;9.50;1259.50;0.00;0.00
7919;0;4602.50;9.50;1260.50;0.00;0.00
7920;0;4619.50;9.50;1261.50;0.00;0.00
7921;0;4685.50;9.50;1262.50;0.00;0.00
7922;0;1247.50;9.50;1258.50;0.00;0.00
7923;0;2710.50;9.50;1253.50;0.00;0.00
7924;0;2958.50;9.50;1255.50;0.00;0.00
7925;0;3567.50;9.50;1258.50;0.00;0.00
7926;0;3938.50;9.50;1258.50;0.00;0.00
7927;0;4090.50;9.50;1259.50;0.00;0.00
7928;0;4125.50;9.50;1260.50;0.00;0.00
7929;0;4271.50;9.50;1259.50;0.00;0.00
7930;0;4288.50;9.50;1258.50;0.00;0.00
7931;0;4639.50;9.50;1258.50;0.00;0.00
7932;0;2815.50;9.50;1252.50;0.00;0.00
7933;0;3029.50;9.50;1251.50;0.00;0.00
7934;0;3525.50;9.50;1256.50;0.00;0.00
7935;0;3618.50;9.50;1258.50;0.00;0.00
7936;0;3956.50;9.50;1258.50;0.00;0.00
7937;0;4041.50;9.50;1260.50;0.00;0.00
7938;0;4075.50;9.50;1258.50;0.00;0.00
7939;0;4152.50;9.50;1260.50;0.00;0.00
7940;0;4193.50;9.50;1252.50;0.00;0.00
7941;0;4392.50;9.50;1257.50;0.00;0.00
7942;0;4455.50;9.50;1257.50;0.00;0.00
7943;0;4488.50;9.50;1258.50;0.00;0.00
7944;0;4592.50;9.50;1259.50;0.00;0.00
7945;0;1270.50;9.50;1256.50;0.00;0.00
7946;0;1286.50;9.50;1259.50;0.00;0.00
7947;0;1559.50;9.50;1259.50;0.00;0.00
7948;0;2880.50;9.50;1255.50;0.00;0.00
7949;0;3306.50;9.50;1256.50;0.00;0.00
7950;0;3402.50;9.50;1254.50;0.00;0.00
7951;0;3735.50;9.50;1258.50;0.00;0.00
7952;0;3836.50;9.50;1258.50;0.00;0.00
7953;0;4008.50;9.50;1258.50;0.00;0.00
7954;0;4020.50;9.50;1256.50;0.00;0.00
7955;0;4032.50;9.50;1257.50;0.00;0.00
7956;0;4059.50;9.50;1259.50;0.00;0.00
7957;0;4217.50;9.50;1255.50;0.00;0.00
7958;0;4250.50;9.50;1257.50;0.00;0.00
7959;0;4346.50;9.50;1254.50;0.00;0.00
7960;0;4542.50;9.50;1254.50;0.00;0.00
7961;0;4582.50;9.50;1257.50;0.00;0.00
7962;0;4662.50;9.50;1258.50;0.00;0.00
7963;0;1155.50;9.50;1256.50;0.00;0.00
7964;0;1183.50;9.50;1255.50;0.00;0.00
7965;0;1547.50;9.50;1257.50;0.00;0.00
7966;0;3541.50;9.50;1254.50;0.00;0.00
7967;0;3874.50;9.50;1255.50;0.00;0.00
7968;0;3976.50;9.50;1256.50;0.00;0.00
7969;0;4228.50;9.50;1255.50;0.00;0.00
7970;0;4257.50;9.50;1253.50;0.00;0.00
7971;0;4441.50;9.50;1257.50;0.00;0.00
7972;0;4531.50;9.50;1254.50;0.00;0.00
7973;0;4626.50;9.50;1254.50;0.00;0.00
7974;0;1135.50;9.50;1252.50;0.00;0.00
7975;0;2637.50;9.50;1253.50;0.00;0.00
7976;0;2662.50;9.50;1252.50;0.00;0.00
7977;0;2917.50;9.50;1250.50;0.00;0.00
7978;0;2983.50;9.50;1250.50;0.00;0.00
7979;0;3286.50;9.50;1255.50;0.00;0.00
7980;0;3885.50;9.50;1256.50;0.00;0.00
7981;0;4101.50;9.50;1256.50;0.00;0.00
7982;0;4116.50;9.50;1254.50;0.00;0.00
7983;0;4239.50;9.50;1255.50;0.00;0.00
7984;0;4308.50;9.50;1254.50;0.00;0.00
7985;0;4513.50;9.50;1257.50;0.00;0.00
7986;0;1205.50;9.50;1253.50;0.00;0.00
7987;0;1218.50;9.50;1255.50;0.00;0.00
7988;0;1553.50;9.50;1256.50;0.00;0.00
7989;0;2793.50;9.50;1248.50;0.00;0.00
7990;0;3152.50;9.50;1245.50;0.00;0.00
7991;0;3220.50;9.50;1243.50;0.00;0.00
7992;0;3578.50;9.50;1254.50;0.00;0.00
7993;0;3863.50;9.50;1256.50;0.00;0.00
7994;0;3948.50;9.50;1253.50;0.00;0.00
7995;0;4144.50;9.50;1254.50;0.00;0.00
7996;0;4502.50;9.50;1254.50;0.00;0.00
7997;0;4564.50;9.50;1250.50;0.00;0.00
7998;0;4671.50;9.50;1255.50;0.00;0.00
7999;0;1124.50;9.50;1252.50;0.00;0.00
8000;0;1238.50;9.50;1252.50;0.00;0.00
8001;0;3244.50;9.50;1248.50;0.00;0.00
8002;0;3554.50;9.50;1253.50;0.00;0.00
8003;0;4000.50;9.50;1252.50;0.00;0.00
8004;0;4050.50;9.50;1255.50;0.00;0.00
8005;0;4159.50;9.50;1254.50;0.00;0.00
8006;0;4169.50;9.50;1254.50;0.00;0.00
8007;0;4208.50;9.50;1255.50;0.00;0.00
8008;0;4380.50;9.50;1254.50;0.00;0.00
8009;0;4655.50;9.50;1254.50;0.00;0.00
8010;0;1170.50;9.50;1251.50;0.00;0.00
8011;0;1229.50;9.50;1253.50;0.00;0.00
8012;0;3333.50;9.50;1252.50;0.00;0.00
8013;0;3487.50;9.50;1251.50;0.00;0.00
8014;0;3591.50;9.50;1252.50;0.00;0.00
8015;0;3988.50;9.50;1252.50;0.00;0.00
8016;0;4066.50;9.50;1254.50;0.00;0.00
8017;0;4132.50;9.50;1254.50;0.00;0.00
8018;0;4180.50;9.50;1253.50;0.00;0.00
8019;0;4264.50;9.50;1251.50;0.00;0.00
8020;0;4358.50;9.50;1250.50;0.00;0.00
8021;0;4606.50;9.50;1255.50;0.00;0.00
8022;0;4615.50;9.50;1252.50;0.00;0.00
8023;0;4679.50;9.50;1255.50;0.00;0.00
8024;0;4686.50;9.50;1255.50;0.00;0.00
8025;0;2894.50;9.50;1246.50;0.00;0.00
8026;0;3011.50;9.50;1236.50;0.00;0.00
8027;0;4085.50;9.50;1252.50;0.00;0.00
8028;0;1147.50;9.50;1248.50;0.00;0.00
8029;0;1253.50;9.50;1250.50;0.00;0.00
8030;0;2769.50;9.50;1243.50;0.00;0.00
8031;0;3177.50;9.50;1243.50;0.00;0.00
8032;0;3198.50;9.50;1245.50;0.00;0.00
8033;0;3266.50;9.50;1248.50;0.00;0.00
8034;0;3418.50;9.50;1245.50;0.00;0.00
8035;0;3687.50;9.50;1251.50;0.00;0.00
8036;0;3919.50;9.50;1244.50;0.00;0.00
8037;0;4199.50;9.50;1252.50;0.00;0.00
8038;0;4370.50;9.50;1248.50;0.00;0.00
8039;0;4436.50;9.50;1248.50;0.00;0.00
8040;0;4473.50;9.50;1249.50;0.00;0.00
8041;0;4646.50;9.50;1251.50;0.00;0.00
8042;0;1191.50;9.50;1247.50;0.00;0.00
8043;0;1262.50;9.50;1250.50;0.00;0.00
8044;0;1285.50;9.50;1249.50;0.00;0.00
8045;0;2943.50;9.50;1245.50;0.00;0.00
8046;0;3086.50;9.50;1242.50;0.00;0.00
8047;0;3896.50;9.50;1249.50;0.00;0.00
8048;0;3968.50;9.50;1248.50;0.00;0.00
8049;0;4056.50;9.50;1252.50;0.00;0.00
8050;0;4077.50;9.50;1251.50;0.00;0.00
8051;0;4095.50;9.50;1251.50;0.00;0.00
8052;0;4291.50;9.50;1246.50;0.00;0.00
8053;0;4398.50;9.50;1247.50;0.00;0.00
8054;0;4514.50;9.50;1246.50;0.00;0.00
8055;0;4634.50;9.50;1249.50;0.00;0.00
8056;0;2602.50;9.50;1244.50;0.00;0.00
8057;0;3460.50;9.50;1248.50;0.00;0.00
8058;0;3512.50;9.50;1244.50;0.00;0.00
8059;0;3602.50;9.50;1246.50;0.00;0.00
8060;0;3931.50;9.50;1248.50;0.00;0.00
8061;0;4462.50;9.50;1250.50;0.00;0.00
8062;0;4492.50;9.50;1244.50;0.00;0.00
8063;0;4587.50;9.50;1250.50;0.00;0.00
8064;0;1275.50;9.50;1245.50;0.00;0.00
8065;0;3321.50;9.50;1246.50;0.00;0.00
8066;0;3435.50;9.50;1242.50;0.00;0.00
8067;0;3564.50;9.50;1248.50;0.00;0.00
8068;0;4033.50;9.50;1247.50;0.00;0.00
8069;0;4126.50;9.50;1246.50;0.00;0.00
8070;0;4326.50;9.50;1246.50;0.00;0.00
8071;0;4411.50;9.50;1247.50;0.00;0.00
8072;0;4425.50;9.50;1245.50;0.00;0.00
8073;0;4599.50;9.50;1246.50;0.00;0.00
8074;0;4664.50;9.50;1249.50;0.00;0.00
8075;0;1069.50;9.50;1244.50;0.00;0.00
8076;0;1555.50;9.50;1249.50;0.00;0.00
8077;0;2826.50;9.50;1235.50;0.00;0.00
8078;0;3057.50;9.50;1239.50;0.00;0.00
8079;0;3355.50;9.50;1243.50;0.00;0.00
8080;0;3616.50;9.50;1247.50;0.00;0.00
8081;0;3869.50;9.50;1246.50;0.00;0.00
8082;0;3942.50;9.50;1247.50;0.00;0.00
8083;0;4013.50;9.50;1247.50;0.00;0.00
8084;0;4049.50;9.50;1247.50;0.00;0.00
8085;0;4068.50;9.50;1245.50;0.00;0.00
8086;0;4107.50;9.50;1246.50;0.00;0.00
8087;0;4136.50;9.50;1247.50;0.00;0.00
8088;0;4279.50;9.50;1245.50;0.00;0.00
8089;0;4446.50;9.50;1244.50;0.00;0.00
8090;0;4676.50;9.50;1248.50;0.00;0.00
8091;0;1080.50;9.50;1237.50;0.00;0.00
8092;0;3449.50;9.50;1243.50;0.00;0.00
8093;0;3535.50;9.50;1243.50;0.00;0.00
8094;0;3682.50;9.50;1244.50;0.00;0.00
8095;0;3698.50;9.50;1240.50;0.00;0.00
8096;0;4154.50;9.50;1247.50;0.00;0.00
8097;0;4186.50;9.50;1246.50;0.00;0.00
8098;0;4304.50;9.50;1242.50;0.00;0.00
8099;0;4554.50;9.50;1241.50;0.00;0.00
8100;0;4719.50;9.50;1247.50;0.00;0.00
8101;0;1235.50;9.50;1246.50;0.00;0.00
8102;0;1243.50;9.50;1245.50;0.00;0.00
8103;0;2860.50;9.50;1241.50;0.00;0.00
8104;0;2968.50;9.50;1238.50;0.00;0.00
8105;0;3129.50;9.50;1236.50;0.00;0.00
8106;0;3340.50;9.50;1243.50;0.00;0.00
8107;0;3497.50;9.50;1237.50;0.00;0.00
8108;0;3550.50;9.50;1243.50;0.00;0.00
8109;0;3584.50;9.50;1243.50;0.00;0.00
8110;0;3882.50;9.50;1245.50;0.00;0.00
8111;0;3906.50;9.50;1240.50;0.00;0.00
8112;0;3957.50;9.50;1245.50;0.00;0.00
8113;0;4207.50;9.50;1246.50;0.00;0.00
8114;0;4214.50;9.50;1245.50;0.00;0.00
8115;0;4224.50;9.50;1246.50;0.00;0.00
8116;0;4623.50;9.50;1246.50;0.00;0.00
8117;0;1161.50;9.50;1241.50;0.00;0.00
8118;0;1217.50;9.50;1246.50;0.00;0.00
8119;0;1595.50;9.50;1241.50;0.00;0.00
8120;0;3307.50;9.50;1241.50;0.00;0.00
8121;0;3573.50;9.50;1242.50;0.00;0.00
8122;0;4172.50;9.50;1245.50;0.00;0.00
8123;0;4199.50;9.50;1241.50;0.00;0.00
8124;0;4245.50;9.50;1245.50;0.00;0.00
8125;0;4254.50;9.50;1245.50;0.00;0.00
8126;0;4268.50;9.50;1244.50;0.00;0.00
8127;0;4575.50;9.50;1245.50;0.00;0.00
8128;0;4591.50;9.50;1244.50;0.00;0.00
8129;0;4655.50;9.50;1245.50;0.00;0.00
8130;0;1179.50;9.50;1242.50;0.00;0.00
8131;0;1199.50;9.50;1242.50;0.00;0.00
8132;0;1222.50;9.50;1240.50;0.00;0.00
8133;0;3107.50;9.50;1236.50;0.00;0.00
8134;0;3288.50;9.50;1241.50;0.00;0.00
8135;0;4007.50;9.50;1240.50;0.00;0.00
8136;0;4023.50;9.50;1244.50;0.00;0.00
8137;0;4044.50;9.50;1242.50;0.00;0.00
8138;0;4056.50;9.50;1242.50;0.00;0.00
8139;0;4082.50;9.50;1241.50;0.00;0.00
8140;0;4146.50;9.50;1243.50;0.00;0.00
8141;0;4233.50;9.50;1245.50;0.00;0.00
8142;0;4350.50;9.50;1239.50;0.00;0.00
8143;0;4388.50;9.50;1241.50;0.00;0.00
8144;0;4504.50;9.50;1240.50;0.00;0.00
8145;0;4528.50;9.50;1242.50;0.00;0.00
8146;0;4541.50;9.50;1243.50;0.00;0.00
8147;0;4609.50;9.50;1243.50;0.00;0.00
8148;0;4669.50;9.50;1243.50;0.00;0.00
8149;0;4712.50;9.50;1243.50;0.00;0.00
8150;0;1132.50;9.50;1242.50;0.00;0.00
8151;0;2647.50;9.50;1235.50;0.00;0.00
8152;0;2691.50;9.50;1235.50;0.00;0.00
8153;0;2876.50;9.50;1236.50;0.00;0.00
8154;0;3679.50;9.50;1236.50;0.00;0.00
8155;0;3979.50;9.50;1240.50;0.00;0.00
8156;0;3989.50;9.50;1241.50;0.00;0.00
8157;0;4093.50;9.50;1242.50;0.00;0.00
8158;0;4180.50;9.50;1241.50;0.00;0.00
8159;0;4644.50;9.50;1243.50;0.00;0.00
8160;0;2845.50;9.50;1234.50;0.00;0.00
8161;0;2909.50;9.50;1233.50;0.00;0.00
8162;0;4337.50;9.50;1235.50;0.00;0.00
8163;0;1143.50;9.50;1236.50;0.00;0.00
8164;0;2722.50;9.50;1238.50;0.00;0.00
8165;0;2744.50;9.50;1230.50;0.00;0.00
8166;0;3465.50;9.50;1236.50;0.00;0.00
8167;0;3562.50;9.50;1236.50;0.00;0.00
8168;0;4074.50;9.50;1237.50;0.00;0.00
8169;0;4115.50;9.50;1238.50;0.00;0.00
8170;0;4362.50;9.50;1239.50;0.00;0.00
8171;0;4465.50;9.50;1238.50;0.00;0.00
8172;0;4582.50;9.50;1240.50;0.00;0.00
8173;0;1231.50;9.50;1238.50;0.00;0.00
8174;0;1263.50;9.50;1238.50;0.00;0.00
8175;0;2619.50;9.50;1229.50;0.00;0.00
8176;0;2668.50;9.50;1232.50;0.00;0.00
8177;0;3592.50;9.50;1235.50;0.00;0.00
8178;0;3692.50;9.50;1237.50;0.00;0.00
8179;0;4482.50;9.50;1233.50;0.00;0.00
8180;0;4629.50;9.50;1234.50;0.00;0.00
8181;0;4719.50;9.50;1238.50;0.00;0.00
8182;0;1254.50;9.50;1239.50;0.00;0.00
8183;0;1283.50;9.50;1238.50;0.00;0.00
8184;0;3527.50;9.50;1233.50;0.00;0.00
8185;0;3887.50;9.50;1236.50;0.00;0.00
8186;0;3998.50;9.50;1238.50;0.00;0.00
8187;0;4102.50;9.50;1238.50;0.00;0.00
8188;0;4160.50;9.50;1238.50;0.00;0.00
8189;0;4217.50;9.50;1239.50;0.00;0.00
8190;0;4229.50;9.50;1239.50;0.00;0.00
8191;0;4238.50;9.50;1238.50;0.00;0.00
8192;0;4377.50;9.50;1235.50;0.00;0.00
8193;0;4595.50;9.50;1238.50;0.00;0.00
8194;0;4639.50;9.50;1235.50;0.00;0.00
8195;0;4651.50;9.50;1238.50;0.00;0.00
8196;0;4662.50;9.50;1239.50;0.00;0.00
8197;0;3423.50;9.50;1232.50;0.00;0.00
8198;0;3875.50;9.50;1235.50;0.00;0.00
8199;0;3940.50;9.50;1237.50;0.00;0.00
8200;0;3967.50;9.50;1237.50;0.00;0.00
8201;0;4063.50;9.50;1236.50;0.00;0.00
8202;0;4195.50;9.50;1233.50;0.00;0.00
8203;0;4248.50;9.50;1238.50;0.00;0.00
8204;0;4317.50;9.50;1232.50;0.00;0.00
8205;0;4402.50;9.50;1236.50;0.00;0.00
8206;0;4435.50;9.50;1237.50;0.00;0.00
8207;0;4562.50;9.50;1237.50;0.00;0.00
8208;0;4619.50;9.50;1237.50;0.00;0.00
8209;0;4706.50;9.50;1236.50;0.00;0.00
8210;0;3037.50;9.50;1226.50;0.00;0.00
8211;0;3274.50;9.50;1231.50;0.00;0.00
8212;0;3543.50;9.50;1235.50;0.00;0.00
8213;0;3668.50;9.50;1234.50;0.00;0.00
8214;0;3931.50;9.50;1233.50;0.00;0.00
8215;0;4039.50;9.50;1233.50;0.00;0.00
8216;0;4125.50;9.50;1235.50;0.00;0.00
8217;0;4413.50;9.50;1236.50;0.00;0.00
8218;0;4518.50;9.50;1235.50;0.00;0.00
8219;0;4602.50;9.50;1236.50;0.00;0.00
8220;0;2787.50;9.50;1228.50;0.00;0.00
8221;0;2933.50;9.50;1226.50;0.00;0.00
8222;0;3250.50;9.50;1230.50;0.00;0.00
8223;0;3604.50;9.50;1230.50;0.00;0.00
8224;0;3617.50;9.50;1230.50;0.00;0.00
8225;0;3948.50;9.50;1233.50;0.00;0.00
8226;0;4030.50;9.50;1233.50;0.00;0.00
8227;0;4135.50;9.50;1234.50;0.00;0.00
8228;0;4185.50;9.50;1237.50;0.00;0.00
8229;0;4207.50;9.50;1236.50;0.00;0.00
8230;0;4280.50;9.50;1235.50;0.00;0.00
8231;0;4423.50;9.50;1234.50;0.00;0.00
8232;0;4535.50;9.50;1233.50;0.00;0.00
8233;0;4547.50;9.50;1234.50;0.00;0.00
8234;0;1213.50;9.50;1234.50;0.00;0.00
8235;0;1237.50;9.50;1229.50;0.00;0.00
8236;0;1247.50;9.50;1234.50;0.00;0.00
8237;0;1273.50;9.50;1233.50;0.00;0.00
8238;0;2576.50;9.50;1222.50;0.00;0.00
8239;0;2593.50;9.50;1230.50;0.00;0.00
8240;0;3362.50;9.50;1227.50;0.00;0.00
8241;0;3956.50;9.50;1234.50;0.00;0.00
8242;0;4087.50;9.50;1234.50;0.00;0.00
8243;0;4150.50;9.50;1233.50;0.00;0.00
8244;0;4170.50;9.50;1234.50;0.00;0.00
8245;0;4225.50;9.50;1233.50;0.00;0.00
8246;0;4256.50;9.50;1230.50;0.00;0.00
8247;0;4298.50;9.50;1230.50;0.00;0.00
8248;0;4571.50;9.50;1234.50;0.00;0.00
8249;0;4611.50;9.50;1233.50;0.00;0.00
8250;0;1184.50;9.50;1230.50;0.00;0.00
8251;0;1200.50;9.50;1232.50;0.00;0.00
8252;0;3074.50;9.50;1228.50;0.00;0.00
8253;0;3165.50;9.50;1225.50;0.00;0.00
8254;0;3322.50;9.50;1231.50;0.00;0.00
8255;0;3486.50;9.50;1223.50;0.00;0.00
8256;0;3554.50;9.50;1231.50;0.00;0.00
8257;0;3579.50;9.50;1232.50;0.00;0.00
8258;0;3708.50;9.50;1227.50;0.00;0.00
8259;0;4267.50;9.50;1231.50;0.00;0.00
8260;0;4494.50;9.50;1232.50;0.00;0.00
8261;0;4578.50;9.50;1234.50;0.00;0.00
8262;0;4588.50;9.50;1233.50;0.00;0.00
8263;0;4714.50;9.50;1233.50;0.00;0.00
8264;0;1098.50;9.50;1221.50;0.00;0.00
8265;0;1153.50;9.50;1229.50;0.00;0.00
8266;0;2892.50;9.50;1228.50;0.00;0.00
8267;0;3343.50;9.50;1230.50;0.00;0.00
8268;0;3446.50;9.50;1230.50;0.00;0.00
8269;0;3635.50;9.50;1226.50;0.00;0.00
8270;0;4452.50;9.50;1231.50;0.00;0.00
8271;0;1169.50;9.50;1228.50;0.00;0.00
8272;0;2636.50;9.50;1221.50;0.00;0.00
8273;0;2809.50;9.50;1221.50;0.00;0.00
8274;0;3297.50;9.50;1227.50;0.00;0.00
8275;0;3921.50;9.50;1229.50;0.00;0.00
8276;0;4009.50;9.50;1233.50;0.00;0.00
8277;0;4019.50;9.50;1229.50;0.00;0.00
8278;0;4177.50;9.50;1232.50;0.00;0.00
8279;0;4216.50;9.50;1232.50;0.00;0.00
8280;0;4556.50;9.50;1229.50;0.00;0.00
8281;0;2702.50;9.50;1215.50;0.00;0.00
8282;0;3193.50;9.50;1224.50;0.00;0.00
8283;0;3893.50;9.50;1223.50;0.00;0.00
8284;0;4101.50;9.50;1232.50;0.00;0.00
8285;0;4232.50;9.50;1230.50;0.00;0.00
8286;0;4241.50;9.50;1231.50;0.00;0.00
8287;0;1221.50;9.50;1229.50;0.00;0.00
8288;0;2761.50;9.50;1221.50;0.00;0.00
8289;0;3514.50;9.50;1225.50;0.00;0.00
8290;0;3649.50;9.50;1225.50;0.00;0.00
8291;0;3905.50;9.50;1227.50;0.00;0.00
8292;0;3972.50;9.50;1228.50;0.00;0.00
8293;0;4186.50;9.50;1228.50;0.00;0.00
8294;0;4247.50;9.50;1228.50;0.00;0.00
8295;0;4393.50;9.50;1227.50;0.00;0.00
8296;0;4442.50;9.50;1227.50;0.00;0.00
8297;0;4596.50;9.50;1230.50;0.00;0.00
8298;0;4651.50;9.50;1229.50;0.00;0.00
8299;0;3434.50;9.50;1225.50;0.00;0.00
8300;0;3566.50;9.50;1225.50;0.00;0.00
8301;0;3677.50;9.50;1227.50;0.00;0.00
8302;0;3962.50;9.50;1226.50;0.00;0.00
8303;0;3982.50;9.50;1227.50;0.00;0.00
8304;0;3993.50;9.50;1227.50;0.00;0.00
8305;0;4046.50;9.50;1227.50;0.00;0.00
8306;0;4057.50;9.50;1226.50;0.00;0.00
8307;0;4079.50;9.50;1226.50;0.00;0.00
8308;0;4089.50;9.50;1225.50;0.00;0.00
8309;0;4205.50;9.50;1227.50;0.00;0.00
8310;0;4353.50;9.50;1222.50;0.00;0.00
8311;0;4369.50;9.50;1227.50;0.00;0.00
8312;0;4526.50;9.50;1227.50;0.00;0.00
8313;0;4619.50;9.50;1229.50;0.00;0.00
8314;0;2959.50;9.50;1217.50;0.00;0.00
8315;0;3095.50;9.50;1220.50;0.00;0.00
8316;0;3457.50;9.50;1225.50;0.00;0.00
8317;0;3538.50;9.50;1224.50;0.00;0.00
8318;0;3940.50;9.50;1228.50;0.00;0.00
8319;0;4121.50;9.50;1223.50;0.00;0.00
8320;0;4163.50;9.50;1227.50;0.00;0.00
8321;0;4337.50;9.50;1219.50;0.00;0.00
8322;0;4431.50;9.50;1226.50;0.00;0.00
8323;0;4460.50;9.50;1225.50;0.00;0.00
8324;0;4469.50;9.50;1227.50;0.00;0.00
8325;0;4504.50;9.50;1225.50;0.00;0.00
8326;0;4575.50;9.50;1227.50;0.00;0.00
8327;0;4603.50;9.50;1229.50;0.00;0.00
8328;0;4699.50;9.50;1225.50;0.00;0.00
8329;0;4707.50;9.50;1228.50;0.00;0.00
8330;0;2724.50;9.50;1222.50;0.00;0.00
8331;0;2858.50;9.50;1222.50;0.00;0.00
8332;0;3219.50;9.50;1219.50;0.00;0.00
8333;0;3688.50;9.50;1223.50;0.00;0.00
8334;0;3699.50;9.50;1223.50;0.00;0.00
8335;0;4111.50;9.50;1225.50;0.00;0.00
8336;0;4221.50;9.50;1226.50;0.00;0.00
8337;0;4273.50;9.50;1224.50;0.00;0.00
8338;0;4406.50;9.50;1224.50;0.00;0.00
8339;0;4515.50;9.50;1225.50;0.00;0.00
8340;0;4640.50;9.50;1225.50;0.00;0.00
8341;0;1249.50;9.50;1225.50;0.00;0.00
8342;0;1264.50;9.50;1225.50;0.00;0.00
8343;0;1280.50;9.50;1224.50;0.00;0.00
8344;0;2980.50;9.50;1221.50;0.00;0.00
8345;0;3312.50;9.50;1219.50;0.00;0.00
8346;0;3471.50;9.50;1216.50;0.00;0.00
8347;0;4007.50;9.50;1224.50;0.00;0.00
8348;0;4136.50;9.50;1225.50;0.00;0.00
8349;0;4283.50;9.50;1223.50;0.00;0.00
8350;0;4542.50;9.50;1225.50;0.00;0.00
8351;0;4566.50;9.50;1225.50;0.00;0.00
8352;0;1194.50;9.50;1221.50;0.00;0.00
8353;0;4068.50;9.50;1220.50;0.00;0.00
8354;0;4100.50;9.50;1225.50;0.00;0.00
8355;0;4148.50;9.50;1223.50;0.00;0.00
8356;0;4193.50;9.50;1224.50;0.00;0.00
8357;0;4213.50;9.50;1224.50;0.00;0.00
8358;0;4380.50;9.50;1221.50;0.00;0.00
8359;0;4591.50;9.50;1226.50;0.00;0.00
8360;0;4608.50;9.50;1224.50;0.00;0.00
8361;0;4627.50;9.50;1225.50;0.00;0.00
8362;0;1207.50;9.50;1221.50;0.00;0.00
8363;0;1230.50;9.50;1220.50;0.00;0.00
8364;0;2604.50;9.50;1218.50;0.00;0.00
8365;0;2875.50;9.50;1219.50;0.00;0.00
8366;0;3150.50;9.50;1211.50;0.00;0.00
8367;0;3661.50;9.50;1218.50;0.00;0.00
8368;0;3720.50;9.50;1223.50;0.00;0.00
8369;0;3948.50;9.50;1225.50;0.00;0.00
8370;0;3955.50;9.50;1224.50;0.00;0.00
8371;0;4176.50;9.50;1223.50;0.00;0.00
8372;0;4713.50;9.50;1225.50;0.00;0.00
8373;0;3553.50;9.50;1220.50;0.00;0.00
8374;0;3594.50;9.50;1219.50;0.00;0.00
8375;0;3915.50;9.50;1220.50;0.00;0.00
8376;0;3933.50;9.50;1223.50;0.00;0.00
8377;0;4229.50;9.50;1223.50;0.00;0.00
8378;0;4419.50;9.50;1219.50;0.00;0.00
8379;0;1241.50;9.50;1219.50;0.00;0.00
8380;0;2659.50;9.50;1214.50;0.00;0.00
8381;0;3736.50;9.50;1218.50;0.00;0.00
8382;0;4014.50;9.50;1221.50;0.00;0.00
8383;0;4031.50;9.50;1221.50;0.00;0.00
8384;0;4199.50;9.50;1220.50;0.00;0.00
8385;0;4238.50;9.50;1222.50;0.00;0.00
8386;0;4265.50;9.50;1218.50;0.00;0.00
8387;0;4477.50;9.50;1220.50;0.00;0.00
8388;0;4495.50;9.50;1221.50;0.00;0.00
8389;0;4615.50;9.50;1221.50;0.00;0.00
8390;0;1159.50;9.50;1218.50;0.00;0.00
8391;0;1258.50;9.50;1217.50;0.00;0.00
8392;0;2913.50;9.50;1214.50;0.00;0.00
8393;0;3578.50;9.50;1219.50;0.00;0.00
8394;0;4157.50;9.50;1221.50;0.00;0.00
8395;0;4166.50;9.50;1219.50;0.00;0.00
8396;0;4248.50;9.50;1220.50;0.00;0.00
8397;0;4256.50;9.50;1218.50;0.00;0.00
8398;0;4294.50;9.50;1217.50;0.00;0.00
8399;0;4309.50;9.50;1217.50;0.00;0.00
8400;0;4319.50;9.50;1220.50;0.00;0.00
8401;0;4486.50;9.50;1218.50;0.00;0.00
8402;0;4532.50;9.50;1218.50;0.00;0.00
8403;0;4552.50;9.50;1219.50;0.00;0.00
8404;0;4561.50;9.50;1220.50;0.00;0.00
8405;0;4600.50;9.50;1221.50;0.00;0.00
8406;0;1180.50;9.50;1217.50;0.00;0.00
8407;0;3109.50;9.50;1211.50;0.00;0.00
8408;0;3611.50;9.50;1215.50;0.00;0.00
8409;0;3630.50;9.50;1208.50;0.00;0.00
8410;0;3710.50;9.50;1218.50;0.00;0.00
8411;0;4186.50;9.50;1221.50;0.00;0.00
8412;0;4449.50;9.50;1218.50;0.00;0.00
8413;0;4587.50;9.50;1220.50;0.00;0.00
8414;0;4633.50;9.50;1218.50;0.00;0.00
8415;0;3007.50;9.50;1212.50;0.00;0.00
8416;0;3241.50;9.50;1211.50;0.00;0.00
8417;0;3266.50;9.50;1211.50;0.00;0.00
8418;0;3341.50;9.50;1213.50;0.00;0.00
8419;0;3447.50;9.50;1216.50;0.00;0.00
8420;0;3673.50;9.50;1216.50;0.00;0.00
8421;0;3926.50;9.50;1216.50;0.00;0.00
8422;0;3966.50;9.50;1218.50;0.00;0.00
8423;0;3986.50;9.50;1214.50;0.00;0.00
8424;0;4021.50;9.50;1216.50;0.00;0.00
8425;0;4209.50;9.50;1219.50;0.00;0.00
8426;0;4216.50;9.50;1218.50;0.00;0.00
8427;0;4223.50;9.50;1220.50;0.00;0.00
8428;0;4579.50;9.50;1218.50;0.00;0.00
8429;0;4706.50;9.50;1218.50;0.00;0.00
8430;0;1221.50;9.50;1215.50;0.00;0.00
8431;0;2737.50;9.50;1212.50;0.00;0.00
8432;0;2826.50;9.50;1207.50;0.00;0.00
8433;0;2845.50;9.50;1210.50;0.00;0.00
8434;0;3065.50;9.50;1208.50;0.00;0.00
8435;0;3177.50;9.50;1206.50;0.00;0.00
8436;0;3427.50;9.50;1216.50;0.00;0.00
8437;0;3529.50;9.50;1213.50;0.00;0.00
8438;0;3942.50;9.50;1217.50;0.00;0.00
8439;0;3995.50;9.50;1217.50;0.00;0.00
8440;0;4044.50;9.50;1217.50;0.00;0.00
8441;0;4089.50;9.50;1215.50;0.00;0.00
8442;0;4105.50;9.50;1216.50;0.00;0.00
8443;0;4571.50;9.50;1220.50;0.00;0.00
8444;0;4594.50;9.50;1216.50;0.00;0.00
8445;0;4711.50;9.50;1216.50;0.00;0.00
8446;0;2778.50;9.50;1207.50;0.00;0.00
8447;0;3974.50;9.50;1216.50;0.00;0.00
8448;0;4435.50;9.50;1217.50;0.00;0.00
8449;0;4461.50;9.50;1215.50;0.00;0.00
8450;0;4511.50;9.50;1216.50;0.00;0.00
8451;0;4698.50;9.50;1218.50;0.00;0.00
8452;0;1269.50;9.50;1213.50;0.00;0.00
8453;0;1542.50;9.50;1214.50;0.00;0.00
8454;0;2891.50;9.50;1211.50;0.00;0.00
8455;0;3902.50;9.50;1216.50;0.00;0.00
8456;0;3958.50;9.50;1215.50;0.00;0.00
8457;0;4056.50;9.50;1214.50;0.00;0.00
8458;0;4126.50;9.50;1214.50;0.00;0.00
8459;0;4392.50;9.50;1213.50;0.00;0.00
8460;0;4502.50;9.50;1215.50;0.00;0.00
8461;0;4523.50;9.50;1216.50;0.00;0.00
8462;0;4541.50;9.50;1215.50;0.00;0.00
8463;0;4566.50;9.50;1215.50;0.00;0.00
8464;0;4607.50;9.50;1217.50;0.00;0.00
8465;0;4621.50;9.50;1215.50;0.00;0.00
8466;0;1281.50;9.50;1213.50;0.00;0.00
8467;0;1534.50;9.50;1213.50;0.00;0.00
8468;0;1546.50;9.50;1207.50;0.00;0.00
8469;0;2620.50;9.50;1211.50;0.00;0.00
8470;0;3128.50;9.50;1207.50;0.00;0.00
8471;0;3291.50;9.50;1210.50;0.00;0.00
8472;0;3358.50;9.50;1209.50;0.00;0.00
8473;0;3374.50;9.50;1206.50;0.00;0.00
8474;0;3512.50;9.50;1208.50;0.00;0.00
8475;0;3950.50;9.50;1214.50;0.00;0.00
8476;0;4005.50;9.50;1214.50;0.00;0.00
8477;0;4140.50;9.50;1214.50;0.00;0.00
8478;0;4151.50;9.50;1214.50;0.00;0.00
8479;0;4173.50;9.50;1216.50;0.00;0.00
8480;0;4193.50;9.50;1214.50;0.00;0.00
8481;0;4238.50;9.50;1215.50;0.00;0.00
8482;0;1248.50;9.50;1209.50;0.00;0.00
8483;0;1528.50;9.50;1217.50;0.00;0.00
8484;0;1559.50;9.50;1214.50;0.00;0.00
8485;0;3028.50;9.50;1206.50;0.00;0.00
8486;0;3436.50;9.50;1211.50;0.00;0.00
8487;0;3562.50;9.50;1209.50;0.00;0.00
8488;0;3685.50;9.50;1212.50;0.00;0.00
8489;0;3718.50;9.50;1213.50;0.00;0.00
8490;0;4078.50;9.50;1210.50;0.00;0.00
8491;0;4116.50;9.50;1211.50;0.00;0.00
8492;0;4184.50;9.50;1215.50;0.00;0.00
8493;0;4364.50;9.50;1209.50;0.00;0.00
8494;0;4405.50;9.50;1213.50;0.00;0.00
8495;0;2682.50;9.50;1202.50;0.00;0.00
8496;0;2712.50;9.50;1192.50;0.00;0.00
8497;0;2984.50;9.50;1201.50;0.00;0.00
8498;0;3546.50;9.50;1208.50;0.00;0.00
8499;0;3697.50;9.50;1211.50;0.00;0.00
8500;0;4178.50;9.50;1213.50;0.00;0.00
8501;0;4226.50;9.50;1211.50;0.00;0.00
8502;0;4232.50;9.50;1214.50;0.00;0.00
8503;0;4280.50;9.50;1211.50;0.00;0.00
8504;0;1167.50;9.50;1205.50;0.00;0.00
8505;0;1517.50;9.50;1212.50;0.00;0.00
8506;0;1567.50;9.50;1209.50;0.00;0.00
8507;0;2581.50;9.50;1204.50;0.00;0.00
8508;0;3198.50;9.50;1205.50;0.00;0.00
8509;0;3460.50;9.50;1206.50;0.00;0.00
8510;0;4166.50;9.50;1211.50;0.00;0.00
8511;0;4241.50;9.50;1209.50;0.00;0.00
8512;0;4469.50;9.50;1211.50;0.00;0.00
8513;0;4572.50;9.50;1213.50;0.00;0.00
8514;0;4601.50;9.50;1212.50;0.00;0.00
8515;0;4613.50;9.50;1213.50;0.00;0.00
8516;0;1176.50;9.50;1206.50;0.00;0.00
8517;0;1190.50;9.50;1211.50;0.00;0.00
8518;0;1210.50;9.50;1210.50;0.00;0.00
8519;0;1239.50;9.50;1209.50;0.00;0.00
8520;0;2564.50;9.50;1200.50;0.00;0.00
8521;0;2642.50;9.50;1203.50;0.00;0.00
8522;0;2940.50;9.50;1201.50;0.00;0.00
8523;0;3329.50;9.50;1206.50;0.00;0.00
8524;0;3727.50;9.50;1207.50;0.00;0.00
8525;0;3936.50;9.50;1210.50;0.00;0.00
8526;0;4040.50;9.50;1208.50;0.00;0.00
8527;0;4202.50;9.50;1210.50;0.00;0.00
8528;0;4211.50;9.50;1211.50;0.00;0.00
8529;0;4268.50;9.50;1208.50;0.00;0.00
8530;0;4476.50;9.50;1213.50;0.00;0.00
8531;0;4516.50;9.50;1209.50;0.00;0.00
8532;0;4544.50;9.50;1208.50;0.00;0.00
8533;0;4559.50;9.50;1210.50;0.00;0.00
8534;0;4586.50;9.50;1212.50;0.00;0.00
8535;0;2753.50;9.50;1201.50;0.00;0.00
8536;0;3046.50;9.50;1200.50;0.00;0.00
8537;0;3739.50;9.50;1206.50;0.00;0.00
8538;0;4030.50;9.50;1209.50;0.00;0.00
8539;0;4098.50;9.50;1206.50;0.00;0.00
8540;0;4218.50;9.50;1210.50;0.00;0.00
8541;0;4483.50;9.50;1211.50;0.00;0.00
8542;0;4492.50;9.50;1210.50;0.00;0.00
8543;0;4579.50;9.50;1211.50;0.00;0.00
8544;0;4704.50;9.50;1209.50;0.00;0.00
8545;0;1503.50;9.50;1207.50;0.00;0.00
8546;0;1659.50;9.50;1210.50;0.00;0.00
8547;0;3098.50;9.50;1195.50;0.00;0.00
8548;0;3651.50;9.50;1200.50;0.00;0.00
8549;0;3920.50;9.50;1207.50;0.00;0.00
8550;0;3975.50;9.50;1210.50;0.00;0.00
8551;0;4066.50;9.50;1207.50;0.00;0.00
8552;0;4335.50;9.50;1206.50;0.00;0.00
8553;0;4350.50;9.50;1204.50;0.00;0.00
8554;0;4378.50;9.50;1207.50;0.00;0.00
8555;0;4452.50;9.50;1208.50;0.00;0.00
8556;0;2863.50;9.50;1201.50;0.00;0.00
8557;0;3953.50;9.50;1207.50;0.00;0.00
8558;0;3962.50;9.50;1206.50;0.00;0.00
8559;0;4010.50;9.50;1205.50;0.00;0.00
8560;0;4018.50;9.50;1208.50;0.00;0.00
8561;0;4149.50;9.50;1207.50;0.00;0.00
8562;0;4157.50;9.50;1206.50;0.00;0.00
8563;0;4299.50;9.50;1205.50;0.00;0.00
8564;0;4320.50;9.50;1207.50;0.00;0.00
8565;0;4421.50;9.50;1205.50;0.00;0.00
8566;0;4433.50;9.50;1205.50;0.00;0.00
8567;0;4444.50;9.50;1201.50;0.00;0.00
8568;0;4593.50;9.50;1208.50;0.00;0.00
8569;0;1257.50;9.50;1206.50;0.00;0.00
8570;0;2801.50;9.50;1194.50;0.00;0.00
8571;0;3578.50;9.50;1203.50;0.00;0.00
8572;0;3970.50;9.50;1204.50;0.00;0.00
8573;0;3998.50;9.50;1206.50;0.00;0.00
8574;0;4049.50;9.50;1205.50;0.00;0.00
8575;0;4186.50;9.50;1208.50;0.00;0.00
8576;0;4257.50;9.50;1206.50;0.00;0.00
8577;0;4291.50;9.50;1197.50;0.00;0.00
8578;0;4487.50;9.50;1206.50;0.00;0.00
8579;0;4500.50;9.50;1206.50;0.00;0.00
8580;0;4508.50;9.50;1206.50;0.00;0.00
8581;0;4535.50;9.50;1205.50;0.00;0.00
8582;0;1217.50;9.50;1203.50;0.00;0.00
8583;0;3448.50;9.50;1203.50;0.00;0.00
8584;0;3674.50;9.50;1199.50;0.00;0.00
8585;0;3943.50;9.50;1204.50;0.00;0.00
8586;0;3984.50;9.50;1204.50;0.00;0.00
8587;0;4552.50;9.50;1203.50;0.00;0.00
8588;0;1265.50;9.50;1203.50;0.00;0.00
8589;0;1587.50;9.50;1200.50;0.00;0.00
8590;0;3487.50;9.50;1194.50;0.00;0.00
8591;0;3600.50;9.50;1198.50;0.00;0.00
8592;0;3734.50;9.50;1191.50;0.00;0.00
8593;0;3897.50;9.50;1204.50;0.00;0.00
8594;0;4109.50;9.50;1202.50;0.00;0.00
8595;0;4178.50;9.50;1207.50;0.00;0.00
8596;0;4193.50;9.50;1205.50;0.00;0.00
8597;0;4236.50;9.50;1205.50;0.00;0.00
8598;0;4311.50;9.50;1203.50;0.00;0.00
8599;0;4565.50;9.50;1205.50;0.00;0.00
8600;0;4574.50;9.50;1206.50;0.00;0.00
8601;0;1226.50;9.50;1203.50;0.00;0.00
8602;0;1234.50;9.50;1201.50;0.00;0.00
8603;0;2600.50;9.50;1198.50;0.00;0.00
8604;0;2728.50;9.50;1197.50;0.00;0.00
8605;0;3430.50;9.50;1200.50;0.00;0.00
8606;0;4088.50;9.50;1201.50;0.00;0.00
8607;0;4409.50;9.50;1202.50;0.00;0.00
8608;0;4462.50;9.50;1203.50;0.00;0.00
8609;0;4523.50;9.50;1204.50;0.00;0.00
8610;0;4599.50;9.50;1205.50;0.00;0.00
8611;0;1192.50;9.50;1198.50;0.00;0.00
8612;0;1273.50;9.50;1202.50;0.00;0.00
8613;0;1282.50;9.50;1202.50;0.00;0.00
8614;0;1574.50;9.50;1199.50;0.00;0.00
8615;0;1599.50;9.50;1198.50;0.00;0.00
8616;0;2626.50;9.50;1198.50;0.00;0.00
8617;0;3712.50;9.50;1200.50;0.00;0.00
8618;0;3930.50;9.50;1200.50;0.00;0.00
8619;0;4130.50;9.50;1198.50;0.00;0.00
8620;0;4165.50;9.50;1202.50;0.00;0.00
8621;0;4226.50;9.50;1203.50;0.00;0.00
8622;0;4473.50;9.50;1203.50;0.00;0.00
8623;0;2901.50;9.50;1194.50;0.00;0.00
8624;0;3471.50;9.50;1197.50;0.00;0.00
8625;0;3910.50;9.50;1198.50;0.00;0.00
8626;0;4057.50;9.50;1201.50;0.00;0.00
8627;0;4142.50;9.50;1198.50;0.00;0.00
8628;0;4212.50;9.50;1202.50;0.00;0.00
8629;0;4399.50;9.50;1201.50;0.00;0.00
8630;0;4585.50;9.50;1204.50;0.00;0.00
8631;0;1207.50;9.50;1200.50;0.00;0.00
8632;0;1243.50;9.50;1200.50;0.00;0.00
8633;0;3439.50;9.50;1199.50;0.00;0.00
8634;0;3504.50;9.50;1192.50;0.00;0.00
8635;0;3536.50;9.50;1195.50;0.00;0.00
8636;0;4179.50;9.50;1201.50;0.00;0.00
8637;0;4205.50;9.50;1200.50;0.00;0.00
8638;0;4219.50;9.50;1200.50;0.00;0.00
8639;0;4282.50;9.50;1200.50;0.00;0.00
8640;0;4482.50;9.50;1200.50;0.00;0.00
8641;0;320.50;9.50;1201.50;0.00;0.00
8642;0;2661.50;9.50;1190.50;0.00;0.00
8643;0;2881.50;9.50;1191.50;0.00;0.00
8644;0;3002.50;9.50;1192.50;0.00;0.00
8645;0;3160.50;9.50;1190.50;0.00;0.00
8646;0;3956.50;9.50;1199.50;0.00;0.00
8647;0;4074.50;9.50;1199.50;0.00;0.00
8648;0;4171.50;9.50;1198.50;0.00;0.00
8649;0;4197.50;9.50;1198.50;0.00;0.00
8650;0;4492.50;9.50;1202.50;0.00;0.00
8651;0;1253.50;9.50;1198.50;0.00;0.00
8652;0;4018.50;9.50;1199.50;0.00;0.00
8653;0;4033.50;9.50;1198.50;0.00;0.00
8654;0;4187.50;9.50;1199.50;0.00;0.00
8655;0;4325.50;9.50;1198.50;0.00;0.00
8656;0;4498.50;9.50;1199.50;0.00;0.00
8657;0;4514.50;9.50;1199.50;0.00;0.00
8658;0;4545.50;9.50;1194.50;0.00;0.00
8659;0;1171.50;9.50;1197.50;0.00;0.00
8660;0;2841.50;9.50;1192.50;0.00;0.00
8661;0;2921.50;9.50;1188.50;0.00;0.00
8662;0;3555.50;9.50;1192.50;0.00;0.00
8663;0;3993.50;9.50;1197.50;0.00;0.00
8664;0;4041.50;9.50;1199.50;0.00;0.00
8665;0;4115.50;9.50;1193.50;0.00;0.00
8666;0;4271.50;9.50;1193.50;0.00;0.00
8667;0;4506.50;9.50;1198.50;0.00;0.00
8668;0;4528.50;9.50;1196.50;0.00;0.00
8669;0;4560.50;9.50;1197.50;0.00;0.00
8670;0;4574.50;9.50;1199.50;0.00;0.00
8671;0;1183.50;9.50;1196.50;0.00;0.00
8672;0;2960.50;9.50;1184.50;0.00;0.00
8673;0;3019.50;9.50;1186.50;0.00;0.00
8674;0;3078.50;9.50;1188.50;0.00;0.00
8675;0;3312.50;9.50;1187.50;0.00;0.00
8676;0;4153.50;9.50;1197.50;0.00;0.00
8677;0;4258.50;9.50;1195.50;0.00;0.00
8678;0;4377.50;9.50;1192.50;0.00;0.00
8679;0;4454.50;9.50;1196.50;0.00;0.00
8680;0;4469.50;9.50;1196.50;0.00;0.00
8681;0;1198.50;9.50;1192.50;0.00;0.00
8682;0;1261.50;9.50;1197.50;0.00;0.00
8683;0;1284.50;9.50;1194.50;0.00;0.00
8684;0;3118.50;9.50;1189.50;0.00;0.00
8685;0;3222.50;9.50;1185.50;0.00;0.00
8686;0;3262.50;9.50;1189.50;0.00;0.00
8687;0;3284.50;9.50;1191.50;0.00;0.00
8688;0;3331.50;9.50;1179.50;0.00;0.00
8689;0;3520.50;9.50;1188.50;0.00;0.00
8690;0;3623.50;9.50;1186.50;0.00;0.00
8691;0;3963.50;9.50;1194.50;0.00;0.00
8692;0;3971.50;9.50;1191.50;0.00;0.00
8693;0;3979.50;9.50;1197.50;0.00;0.00
8694;0;4007.50;9.50;1195.50;0.00;0.00
8695;0;4488.50;9.50;1196.50;0.00;0.00
8696;0;1223.50;9.50;1196.50;0.00;0.00
8697;0;1520.50;9.50;1196.50;0.00;0.00
8698;0;3036.50;9.50;1188.50;0.00;0.00
8699;0;3354.50;9.50;1188.50;0.00;0.00
8700;0;3386.50;9.50;1191.50;0.00;0.00
8701;0;3694.50;9.50;1187.50;0.00;0.00
8702;0;3940.50;9.50;1192.50;0.00;0.00
8703;0;4102.50;9.50;1192.50;0.00;0.00
8704;0;4343.50;9.50;1191.50;0.00;0.00
8705;0;4439.50;9.50;1189.50;0.00;0.00
8706;0;1230.50;9.50;1194.50;0.00;0.00
8707;0;2824.50;9.50;1185.50;0.00;0.00
8708;0;3372.50;9.50;1180.50;0.00;0.00
8709;0;3450.50;9.50;1191.50;0.00;0.00
8710;0;4178.50;9.50;1195.50;0.00;0.00
8711;0;4317.50;9.50;1191.50;0.00;0.00
8712;0;4418.50;9.50;1191.50;0.00;0.00
8713;0;4430.50;9.50;1191.50;0.00;0.00
8714;0;4477.50;9.50;1193.50;0.00;0.00
8715;0;1270.50;9.50;1193.50;0.00;0.00
8716;0;1604.50;9.50;1191.50;0.00;0.00
8717;0;4024.50;9.50;1193.50;0.00;0.00
8718;0;4084.50;9.50;1191.50;0.00;0.00
8719;0;4164.50;9.50;1192.50;0.00;0.00
8720;0;4299.50;9.50;1193.50;0.00;0.00
8721;0;4362.50;9.50;1189.50;0.00;0.00
8722;0;344.50;9.50;1192.50;0.00;0.00
8723;0;1205.50;9.50;1192.50;0.00;0.00
8724;0;1213.50;9.50;1192.50;0.00;0.00
8725;0;1238.50;9.50;1191.50;0.00;0.00
8726;0;2781.50;9.50;1184.50;0.00;0.00
8727;0;3924.50;9.50;1188.50;0.00;0.00
8728;0;4062.50;9.50;1189.50;0.00;0.00
8729;0;4331.50;9.50;1189.50;0.00;0.00
8730;0;4389.50;9.50;1190.50;0.00;0.00
8731;0;1244.50;9.50;1188.50;0.00;0.00
8732;0;1264.50;9.50;1189.50;0.00;0.00
8733;0;1592.50;9.50;1189.50;0.00;0.00
8734;0;3434.50;9.50;1189.50;0.00;0.00
8735;0;3576.50;9.50;1184.50;0.00;0.00
8736;0;3988.50;9.50;1191.50;0.00;0.00
8737;0;4463.50;9.50;1190.50;0.00;0.00
8738;0;4485.50;9.50;1190.50;0.00;0.00
8739;0;4498.50;9.50;1190.50;0.00;0.00
8740;0;1250.50;9.50;1191.50;0.00;0.00
8741;0;1288.50;9.50;1187.50;0.00;0.00
8742;0;1439.50;9.50;1188.50;0.00;0.00
8743;0;1453.50;9.50;1187.50;0.00;0.00
8744;0;2856.50;9.50;1183.50;0.00;0.00
8745;0;3197.50;9.50;1185.50;0.00;0.00
8746;0;3467.50;9.50;1185.50;0.00;0.00
8747;0;3713.50;9.50;1183.50;0.00;0.00
8748;0;4045.50;9.50;1188.50;0.00;0.00
8749;0;4281.50;9.50;1189.50;0.00;0.00
8750;0;4447.50;9.50;1187.50;0.00;0.00
8751;0;1221.50;9.50;1190.50;0.00;0.00
8752;0;1257.50;9.50;1187.50;0.00;0.00
8753;0;1426.50;9.50;1187.50;0.00;0.00
8754;0;1667.50;9.50;1186.50;0.00;0.00
8755;0;2606.50;9.50;1181.50;0.00;0.00
8756;0;2683.50;9.50;1178.50;0.00;0.00
8757;0;2758.50;9.50;1179.50;0.00;0.00
8758;0;3179.50;9.50;1180.50;0.00;0.00
8759;0;3957.50;9.50;1188.50;0.00;0.00
8760;0;3981.50;9.50;1190.50;0.00;0.00
8761;0;4036.50;9.50;1187.50;0.00;0.00
8762;0;4124.50;9.50;1184.50;0.00;0.00
8763;0;4152.50;9.50;1188.50;0.00;0.00
8764;0;4307.50;9.50;1185.50;0.00;0.00
8765;0;4398.50;9.50;1183.50;0.00;0.00
8766;0;1176.50;9.50;1188.50;0.00;0.00
8767;0;1613.50;9.50;1186.50;0.00;0.00
8768;0;2628.50;9.50;1184.50;0.00;0.00
8769;0;3127.50;9.50;1173.50;0.00;0.00
8770;0;3662.50;9.50;1178.50;0.00;0.00
8771;0;4093.50;9.50;1185.50;0.00;0.00
8772;0;4142.50;9.50;1186.50;0.00;0.00
8773;0;1191.50;9.50;1184.50;0.00;0.00
8774;0;1227.50;9.50;1186.50;0.00;0.00
8775;0;1274.50;9.50;1186.50;0.00;0.00
8776;0;2553.50;9.50;1191.50;0.00;0.00
8777;0;2737.50;9.50;1180.50;0.00;0.00
8778;0;3995.50;9.50;1187.50;0.00;0.00
8779;0;4003.50;9.50;1188.50;0.00;0.00
8780;0;4012.50;9.50;1184.50;0.00;0.00
8781;0;4068.50;9.50;1179.50;0.00;0.00
8782;0;4539.50;9.50;1178.50;0.00;0.00
8783;0;1208.50;9.50;1185.50;0.00;0.00
8784;0;1283.50;9.50;1184.50;0.00;0.00
8785;0;2563.50;9.50;1183.50;0.00;0.00
8786;0;2984.50;9.50;1179.50;0.00;0.00
8787;0;3976.50;9.50;1185.50;0.00;0.00
8788;0;4027.50;9.50;1186.50;0.00;0.00
8789;0;4171.50;9.50;1185.50;0.00;0.00
8790;0;4270.50;9.50;1179.50;0.00;0.00
8791;0;4294.50;9.50;1182.50;0.00;0.00
8792;0;4453.50;9.50;1183.50;0.00;0.00
8793;0;4471.50;9.50;1184.50;0.00;0.00
8794;0;4492.50;9.50;1185.50;0.00;0.00
8795;0;1409.50;9.50;1182.50;0.00;0.00
8796;0;3595.50;9.50;1176.50;0.00;0.00
8797;0;3966.50;9.50;1184.50;0.00;0.00
8798;0;4479.50;9.50;1185.50;0.00;0.00
8799;0;1216.50;9.50;1185.50;0.00;0.00
8800;0;1234.50;9.50;1184.50;0.00;0.00
8801;0;1265.50;9.50;1181.50;0.00;0.00
8802;0;1624.50;9.50;1182.50;0.00;0.00
8803;0;3441.50;9.50;1180.50;0.00;0.00
8804;0;4054.50;9.50;1181.50;0.00;0.00
8805;0;4081.50;9.50;1180.50;0.00;0.00
8806;0;4160.50;9.50;1182.50;0.00;0.00
8807;0;4373.50;9.50;1181.50;0.00;0.00
8808;0;4411.50;9.50;1180.50;0.00;0.00
8809;0;2812.50;9.50;1177.50;0.00;0.00
8810;0;2938.50;9.50;1171.50;0.00;0.00
8811;0;3055.50;9.50;1173.50;0.00;0.00
8812;0;3988.50;9.50;1183.50;0.00;0.00
8813;0;4135.50;9.50;1178.50;0.00;0.00
8814;0;4353.50;9.50;1179.50;0.00;0.00
8815;0;1198.50;9.50;1181.50;0.00;0.00
8816;0;2581.50;9.50;1178.50;0.00;0.00
8817;0;3638.50;9.50;1169.50;0.00;0.00
8818;0;4018.50;9.50;1181.50;0.00;0.00
8819;0;4113.50;9.50;1176.50;0.00;0.00
8820;0;4319.50;9.50;1179.50;0.00;0.00
8821;0;4339.50;9.50;1179.50;0.00;0.00
8822;0;4423.50;9.50;1176.50;0.00;0.00
8823;0;370.50;9.50;1181.50;0.00;0.00
8824;0;1222.50;9.50;1181.50;0.00;0.00
8825;0;1239.50;9.50;1179.50;0.00;0.00
8826;0;1246.50;9.50;1180.50;0.00;0.00
8827;0;1432.50;9.50;1179.50;0.00;0.00
8828;0;2869.50;9.50;1174.50;0.00;0.00
8829;0;3073.50;9.50;1169.50;0.00;0.00
8830;0;3148.50;9.50;1171.50;0.00;0.00
8831;0;3538.50;9.50;1176.50;0.00;0.00
8832;0;3683.50;9.50;1165.50;0.00;0.00
8833;0;4004.50;9.50;1181.50;0.00;0.00
8834;0;4463.50;9.50;1181.50;0.00;0.00
8835;0;4484.50;9.50;1182.50;0.00;0.00
8836;0;1172.50;9.50;1172.50;0.00;0.00
8837;0;1256.50;9.50;1181.50;0.00;0.00
8838;0;1420.50;9.50;1179.50;0.00;0.00
8839;0;2651.50;9.50;1174.50;0.00;0.00
8840;0;3100.50;9.50;1171.50;0.00;0.00
8841;0;3494.50;9.50;1174.50;0.00;0.00
8842;0;3512.50;9.50;1174.50;0.00;0.00
8843;0;4100.50;9.50;1178.50;0.00;0.00
8844;0;1272.50;9.50;1178.50;0.00;0.00
8845;0;1294.50;9.50;1177.50;0.00;0.00
8846;0;2712.50;9.50;1173.50;0.00;0.00
8847;0;2895.50;9.50;1171.50;0.00;0.00
8848;0;3256.50;9.50;1168.50;0.00;0.00
8849;0;3292.50;9.50;1172.50;0.00;0.00
8850;0;3453.50;9.50;1178.50;0.00;0.00
8851;0;3981.50;9.50;1178.50;0.00;0.00
8852;0;4034.50;9.50;1178.50;0.00;0.00
8853;0;4282.50;9.50;1173.50;0.00;0.00
8854;0;4444.50;9.50;1178.50;0.00;0.00
8855;0;1184.50;9.50;1173.50;0.00;0.00
8856;0;1206.50;9.50;1177.50;0.00;0.00
8857;0;1213.50;9.50;1179.50;0.00;0.00
8858;0;1284.50;9.50;1173.50;0.00;0.00
8859;0;3391.50;9.50;1172.50;0.00;0.00
8860;0;3556.50;9.50;1174.50;0.00;0.00
8861;0;3997.50;9.50;1177.50;0.00;0.00
8862;0;4025.50;9.50;1178.50;0.00;0.00
8863;0;4388.50;9.50;1178.50;0.00;0.00
8864;0;3003.50;9.50;1169.50;0.00;0.00
8865;0;3038.50;9.50;1172.50;0.00;0.00
8866;0;3465.50;9.50;1172.50;0.00;0.00
8867;0;3960.50;9.50;1175.50;0.00;0.00
8868;0;4044.50;9.50;1174.50;0.00;0.00
8869;0;1278.50;9.50;1174.50;0.00;0.00
8870;0;1405.50;9.50;1170.50;0.00;0.00
8871;0;1609.50;9.50;1171.50;0.00;0.00
8872;0;1617.50;9.50;1174.50;0.00;0.00
8873;0;3974.50;9.50;1177.50;0.00;0.00
8874;0;4166.50;9.50;1175.50;0.00;0.00
8875;0;4308.50;9.50;1174.50;0.00;0.00
8876;0;4435.50;9.50;1175.50;0.00;0.00
8877;0;4475.50;9.50;1175.50;0.00;0.00
8878;0;1232.50;9.50;1174.50;0.00;0.00
8879;0;1260.50;9.50;1175.50;0.00;0.00
8880;0;3351.50;9.50;1170.50;0.00;0.00
8881;0;3988.50;9.50;1176.50;0.00;0.00
8882;0;4007.50;9.50;1173.50;0.00;0.00
8883;0;4156.50;9.50;1172.50;0.00;0.00
8884;0;4331.50;9.50;1171.50;0.00;0.00
8885;0;4363.50;9.50;1175.50;0.00;0.00
8886;0;4455.50;9.50;1175.50;0.00;0.00
8887;0;1250.50;9.50;1174.50;0.00;0.00
8888;0;1627.50;9.50;1173.50;0.00;0.00
8889;0;1641.50;9.50;1172.50;0.00;0.00
8890;0;2634.50;9.50;1169.50;0.00;0.00
8891;0;2699.50;9.50;1159.50;0.00;0.00
8892;0;2799.50;9.50;1167.50;0.00;0.00
8893;0;3479.50;9.50;1167.50;0.00;0.00
8894;0;3708.50;9.50;1165.50;0.00;0.00
8895;0;3968.50;9.50;1173.50;0.00;0.00
8896;0;1300.50;9.50;1171.50;0.00;0.00
8897;0;1440.50;9.50;1169.50;0.00;0.00
8898;0;2850.50;9.50;1161.50;0.00;0.00
8899;0;3021.50;9.50;1165.50;0.00;0.00
8900;0;3311.50;9.50;1167.50;0.00;0.00
8901;0;3525.50;9.50;1166.50;0.00;0.00
8902;0;4015.50;9.50;1170.50;0.00;0.00
8903;0;4126.50;9.50;1170.50;0.00;0.00
8904;0;4146.50;9.50;1171.50;0.00;0.00
8905;0;1239.50;9.50;1172.50;0.00;0.00
8906;0;1267.50;9.50;1173.50;0.00;0.00
8907;0;1417.50;9.50;1171.50;0.00;0.00
8908;0;3276.50;9.50;1160.50;0.00;0.00
8909;0;4055.50;9.50;1169.50;0.00;0.00
8910;0;4298.50;9.50;1168.50;0.00;0.00
8911;0;4346.50;9.50;1171.50;0.00;0.00
8912;0;4378.50;9.50;1168.50;0.00;0.00
8913;0;4464.50;9.50;1170.50;0.00;0.00
8914;0;1218.50;9.50;1170.50;0.00;0.00
8915;0;3612.50;9.50;1163.50;0.00;0.00
8916;0;4023.50;9.50;1171.50;0.00;0.00
8917;0;4084.50;9.50;1167.50;0.00;0.00
8918;0;4450.50;9.50;1170.50;0.00;0.00
8919;0;1195.50;9.50;1168.50;0.00;0.00
8920;0;1210.50;9.50;1170.50;0.00;0.00
8921;0;2570.50;9.50;1162.50;0.00;0.00
8922;0;2602.50;9.50;1164.50;0.00;0.00
8923;0;3169.50;9.50;1160.50;0.00;0.00
8924;0;3991.50;9.50;1169.50;0.00;0.00
8925;0;4032.50;9.50;1170.50;0.00;0.00
8926;0;383.50;9.50;1164.50;0.00;0.00
8927;0;1228.50;9.50;1167.50;0.00;0.00
8928;0;1254.50;9.50;1167.50;0.00;0.00
8929;0;1275.50;9.50;1168.50;0.00;0.00
8930;0;1291.50;9.50;1169.50;0.00;0.00
8931;0;2784.50;9.50;1160.50;0.00;0.00
8932;0;3365.50;9.50;1162.50;0.00;0.00
8933;0;3578.50;9.50;1162.50;0.00;0.00
8934;0;3982.50;9.50;1169.50;0.00;0.00
8935;0;4320.50;9.50;1167.50;0.00;0.00
8936;0;2618.50;9.50;1159.50;0.00;0.00
8937;0;2771.50;9.50;1155.50;0.00;0.00
8938;0;2829.50;9.50;1161.50;0.00;0.00
8939;0;4001.50;9.50;1167.50;0.00;0.00
8940;0;4095.50;9.50;1165.50;0.00;0.00
8941;0;4416.50;9.50;1165.50;0.00;0.00
8942;0;4544.50;9.50;1165.50;0.00;0.00
8943;0;1244.50;9.50;1164.50;0.00;0.00
8944;0;1429.50;9.50;1165.50;0.00;0.00
8945;0;1677.50;9.50;1165.50;0.00;0.00
8946;0;2921.50;9.50;1155.50;0.00;0.00
8947;0;3380.50;9.50;1162.50;0.00;0.00
8948;0;3958.50;9.50;1162.50;0.00;0.00
8949;0;3973.50;9.50;1167.50;0.00;0.00
8950;0;4069.50;9.50;1167.50;0.00;0.00
8951;0;4364.50;9.50;1162.50;0.00;0.00
8952;0;4469.50;9.50;1164.50;0.00;0.00
8953;0;1236.50;9.50;1164.50;0.00;0.00
8954;0;2587.50;9.50;1162.50;0.00;0.00
8955;0;2734.50;9.50;1160.50;0.00;0.00
8956;0;2980.50;9.50;1157.50;0.00;0.00
8957;0;3331.50;9.50;1159.50;0.00;0.00
8958;0;4038.50;9.50;1165.50;0.00;0.00
8959;0;4108.50;9.50;1156.50;0.00;0.00
8960;0;4138.50;9.50;1164.50;0.00;0.00
8961;0;4440.50;9.50;1163.50;0.00;0.00
8962;0;1271.50;9.50;1158.50;0.00;0.00
8963;0;1283.50;9.50;1165.50;0.00;0.00
8964;0;1412.50;9.50;1162.50;0.00;0.00
8965;0;2753.50;9.50;1154.50;0.00;0.00
8966;0;2957.50;9.50;1155.50;0.00;0.00
8967;0;3232.50;9.50;1156.50;0.00;0.00
8968;0;3966.50;9.50;1165.50;0.00;0.00
8969;0;4339.50;9.50;1162.50;0.00;0.00
8970;0;4449.50;9.50;1160.50;0.00;0.00
8971;0;4459.50;9.50;1160.50;0.00;0.00
8972;0;4533.50;9.50;1164.50;0.00;0.00
8973;0;1203.50;9.50;1162.50;0.00;0.00
8974;0;1298.50;9.50;1164.50;0.00;0.00
8975;0;1305.50;9.50;1161.50;0.00;0.00
8976;0;1697.50;9.50;1164.50;0.00;0.00
8977;0;1707.50;9.50;1164.50;0.00;0.00
8978;0;3088.50;9.50;1153.50;0.00;0.00
8979;0;3117.50;9.50;1154.50;0.00;0.00
8980;0;3501.50;9.50;1158.50;0.00;0.00
8981;0;4047.50;9.50;1162.50;0.00;0.00
8982;0;4119.50;9.50;1160.50;0.00;0.00
8983;0;4308.50;9.50;1164.50;0.00;0.00
8984;0;4430.50;9.50;1162.50;0.00;0.00
8985;0;1182.50;9.50;1161.50;0.00;0.00
8986;0;1222.50;9.50;1162.50;0.00;0.00
8987;0;3659.50;9.50;1156.50;0.00;0.00
8988;0;4011.50;9.50;1160.50;0.00;0.00
8989;0;4021.50;9.50;1162.50;0.00;0.00
8990;0;4287.50;9.50;1158.50;0.00;0.00
8991;0;4405.50;9.50;1160.50;0.00;0.00
8992;0;1258.50;9.50;1160.50;0.00;0.00
8993;0;1684.50;9.50;1162.50;0.00;0.00
8994;0;1715.50;9.50;1162.50;0.00;0.00
8995;0;3989.50;9.50;1162.50;0.00;0.00
8996;0;4353.50;9.50;1160.50;0.00;0.00
8997;0;1251.50;9.50;1159.50;0.00;0.00
8998;0;2651.50;9.50;1155.50;0.00;0.00
8999;0;2674.50;9.50;1156.50;0.00;0.00
9000;0;3467.50;9.50;1161.50;0.00;0.00
9001;0;3979.50;9.50;1161.50;0.00;0.00
9002;0;4384.50;9.50;1156.50;0.00;0.00
9003;0;4522.50;9.50;1158.50;0.00;0.00
9004;0;1214.50;9.50;1158.50;0.00;0.00
9005;0;1277.50;9.50;1160.50;0.00;0.00
9006;0;3141.50;9.50;1150.50;0.00;0.00
9007;0;3183.50;9.50;1146.50;0.00;0.00
9008;0;3297.50;9.50;1154.50;0.00;0.00
9009;0;4029.50;9.50;1159.50;0.00;0.00
9010;0;1194.50;9.50;1157.50;0.00;0.00
9011;0;1230.50;9.50;1158.50;0.00;0.00
9012;0;1265.50;9.50;1158.50;0.00;0.00
9013;0;1291.50;9.50;1159.50;0.00;0.00
9014;0;1400.50;9.50;1155.50;0.00;0.00
9015;0;2862.50;9.50;1146.50;0.00;0.00
9016;0;3050.50;9.50;1153.50;0.00;0.00
9017;0;3970.50;9.50;1159.50;0.00;0.00
9018;0;4063.50;9.50;1158.50;0.00;0.00
9019;0;4131.50;9.50;1156.50;0.00;0.00
9020;0;4395.50;9.50;1157.50;0.00;0.00
9021;0;1431.50;9.50;1156.50;0.00;0.00
9022;0;3473.50;9.50;1153.50;0.00;0.00
9023;0;3553.50;9.50;1151.50;0.00;0.00
9024;0;3999.50;9.50;1157.50;0.00;0.00
9025;0;4302.50;9.50;1156.50;0.00;0.00
9026;0;1239.50;9.50;1157.50;0.00;0.00
9027;0;2632.50;9.50;1149.50;0.00;0.00
9028;0;2900.50;9.50;1151.50;0.00;0.00
9029;0;3518.50;9.50;1150.50;0.00;0.00
9030;0;3692.50;9.50;1148.50;0.00;0.00
9031;0;4042.50;9.50;1155.50;0.00;0.00
9032;0;4093.50;9.50;1154.50;0.00;0.00
9033;0;4316.50;9.50;1154.50;0.00;0.00
9034;0;4323.50;9.50;1154.50;0.00;0.00
9035;0;4328.50;9.50;1159.50;0.00;0.00
9036;0;1416.50;9.50;1153.50;0.00;0.00
9037;0;1690.50;9.50;1154.50;0.00;0.00
9038;0;1726.50;9.50;1155.50;0.00;0.00
9039;0;3009.50;9.50;1148.50;0.00;0.00
9040;0;3030.50;9.50;1148.50;0.00;0.00
9041;0;3067.50;9.50;1153.50;0.00;0.00
9042;0;3394.50;9.50;1151.50;0.00;0.00
9043;0;3568.50;9.50;1148.50;0.00;0.00
9044;0;4080.50;9.50;1153.50;0.00;0.00
9045;0;4375.50;9.50;1149.50;0.00;0.00
9046;0;4464.50;9.50;1153.50;0.00;0.00
9047;0;1718.50;9.50;1155.50;0.00;0.00
9048;0;3355.50;9.50;1151.50;0.00;0.00
9049;0;3535.50;9.50;1151.50;0.00;0.00
9050;0;3644.50;9.50;1145.50;0.00;0.00
9051;0;3988.50;9.50;1153.50;0.00;0.00
9052;0;4036.50;9.50;1154.50;0.00;0.00
9053;0;4417.50;9.50;1153.50;0.00;0.00
9054;0;4537.50;9.50;1153.50;0.00;0.00
9055;0;1221.50;9.50;1153.50;0.00;0.00
9056;0;1283.50;9.50;1155.50;0.00;0.00
9057;0;1308.50;9.50;1153.50;0.00;0.00
9058;0;1699.50;9.50;1154.50;0.00;0.00
9059;0;2792.50;9.50;1147.50;0.00;0.00
9060;0;3259.50;9.50;1147.50;0.00;0.00
9061;0;4057.50;9.50;1151.50;0.00;0.00
9062;0;1247.50;9.50;1154.50;0.00;0.00
9063;0;1256.50;9.50;1153.50;0.00;0.00
9064;0;1299.50;9.50;1153.50;0.00;0.00
9065;0;1438.50;9.50;1148.50;0.00;0.00
9066;0;1711.50;9.50;1153.50;0.00;0.00
9067;0;2714.50;9.50;1146.50;0.00;0.00
9068;0;3313.50;9.50;1149.50;0.00;0.00
9069;0;3958.50;9.50;1153.50;0.00;0.00
9070;0;4341.50;9.50;1152.50;0.00;0.00
9071;0;1202.50;9.50;1148.50;0.00;0.00
9072;0;1290.50;9.50;1151.50;0.00;0.00
9073;0;3378.50;9.50;1147.50;0.00;0.00
9074;0;3483.50;9.50;1145.50;0.00;0.00
9075;0;3966.50;9.50;1151.50;0.00;0.00
9076;0;3973.50;9.50;1151.50;0.00;0.00
9077;0;3980.50;9.50;1152.50;0.00;0.00
9078;0;4016.50;9.50;1150.50;0.00;0.00
9079;0;4027.50;9.50;1150.50;0.00;0.00
9080;0;4365.50;9.50;1151.50;0.00;0.00
9081;0;4427.50;9.50;1152.50;0.00;0.00
9082;0;1263.50;9.50;1149.50;0.00;0.00
9083;0;1269.50;9.50;1151.50;0.00;0.00
9084;0;1731.50;9.50;1149.50;0.00;0.00
9085;0;2839.50;9.50;1144.50;0.00;0.00
9086;0;3344.50;9.50;1143.50;0.00;0.00
9087;0;3671.50;9.50;1146.50;0.00;0.00
9088;0;4006.50;9.50;1150.50;0.00;0.00
9089;0;4048.50;9.50;1149.50;0.00;0.00
9090;0;4124.50;9.50;1146.50;0.00;0.00
9091;0;4295.50;9.50;1150.50;0.00;0.00
9092;0;4310.50;9.50;1148.50;0.00;0.00
9093;0;4356.50;9.50;1149.50;0.00;0.00
9094;0;4451.50;9.50;1147.50;0.00;0.00
9095;0;1229.50;9.50;1150.50;0.00;0.00
9096;0;1276.50;9.50;1149.50;0.00;0.00
9097;0;1740.50;9.50;1148.50;0.00;0.00
9098;0;2592.50;9.50;1144.50;0.00;0.00
9099;0;2606.50;9.50;1148.50;0.00;0.00
9100;0;2942.50;9.50;1138.50;0.00;0.00
9101;0;3214.50;9.50;1134.50;0.00;0.00
9102;0;3628.50;9.50;1136.50;0.00;0.00
9103;0;4526.50;9.50;1148.50;0.00;0.00
9104;0;1385.50;9.50;1146.50;0.00;0.00
9105;0;1705.50;9.50;1147.50;0.00;0.00
9106;0;2578.50;9.50;1147.50;0.00;0.00
9107;0;3610.50;9.50;1142.50;0.00;0.00
9108;0;3995.50;9.50;1148.50;0.00;0.00
9109;0;4438.50;9.50;1149.50;0.00;0.00
9110;0;1237.50;9.50;1149.50;0.00;0.00
9111;0;1248.50;9.50;1148.50;0.00;0.00
9112;0;1321.50;9.50;1145.50;0.00;0.00
9113;0;1427.50;9.50;1146.50;0.00;0.00
9114;0;1686.50;9.50;1145.50;0.00;0.00
9115;0;1695.50;9.50;1147.50;0.00;0.00
9116;0;2811.50;9.50;1140.50;0.00;0.00
9117;0;4393.50;9.50;1148.50;0.00;0.00
9118;0;1214.50;9.50;1144.50;0.00;0.00
9119;0;1243.50;9.50;1147.50;0.00;0.00
9120;0;1313.50;9.50;1145.50;0.00;0.00
9121;0;1720.50;9.50;1148.50;0.00;0.00
9122;0;2690.50;9.50;1140.50;0.00;0.00
9123;0;4039.50;9.50;1147.50;0.00;0.00
9124;0;4064.50;9.50;1145.50;0.00;0.00
9125;0;2665.50;9.50;1140.50;0.00;0.00
9126;0;2738.50;9.50;1137.50;0.00;0.00
9127;0;2991.50;9.50;1138.50;0.00;0.00
9128;0;3102.50;9.50;1136.50;0.00;0.00
9129;0;3407.50;9.50;1140.50;0.00;0.00
9130;0;3494.50;9.50;1140.50;0.00;0.00
9131;0;3961.50;9.50;1145.50;0.00;0.00
9132;0;4087.50;9.50;1144.50;0.00;0.00
9133;0;4101.50;9.50;1144.50;0.00;0.00
9134;0;4322.50;9.50;1146.50;0.00;0.00
9135;0;4384.50;9.50;1143.50;0.00;0.00
9136;0;4404.50;9.50;1147.50;0.00;0.00
9137;0;4469.50;9.50;1143.50;0.00;0.00
9138;0;1259.50;9.50;1143.50;0.00;0.00
9139;0;1296.50;9.50;1144.50;0.00;0.00
9140;0;1330.50;9.50;1142.50;0.00;0.00
9141;0;1412.50;9.50;1142.50;0.00;0.00
9142;0;1655.50;9.50;1146.50;0.00;0.00
9143;0;3290.50;9.50;1139.50;0.00;0.00
9144;0;3584.50;9.50;1137.50;0.00;0.00
9145;0;3982.50;9.50;1143.50;0.00;0.00
9146;0;4073.50;9.50;1144.50;0.00;0.00
9147;0;4347.50;9.50;1143.50;0.00;0.00
9148;0;4418.50;9.50;1143.50;0.00;0.00
9149;0;1253.50;9.50;1143.50;0.00;0.00
9150;0;1289.50;9.50;1144.50;0.00;0.00
9151;0;1362.50;9.50;1141.50;0.00;0.00
9152;0;1397.50;9.50;1143.50;0.00;0.00
9153;0;2889.50;9.50;1130.50;0.00;0.00
9154;0;2911.50;9.50;1137.50;0.00;0.00
9155;0;3154.50;9.50;1134.50;0.00;0.00
9156;0;3332.50;9.50;1140.50;0.00;0.00
9157;0;4708.50;9.50;1142.50;0.00;0.00
9158;0;1226.50;9.50;1140.50;0.00;0.00
9159;0;1281.50;9.50;1144.50;0.00;0.00
9160;0;1306.50;9.50;1141.50;0.00;0.00
9161;0;1602.50;9.50;1141.50;0.00;0.00
9162;0;1769.50;9.50;1142.50;0.00;0.00
9163;0;2614.50;9.50;1137.50;0.00;0.00
9164;0;2762.50;9.50;1135.50;0.00;0.00
9165;0;2971.50;9.50;1134.50;0.00;0.00
9166;0;3075.50;9.50;1129.50;0.00;0.00
9167;0;3305.50;9.50;1137.50;0.00;0.00
9168;0;3507.50;9.50;1137.50;0.00;0.00
9169;0;3971.50;9.50;1143.50;0.00;0.00
9170;0;4032.50;9.50;1143.50;0.00;0.00
9171;0;4055.50;9.50;1143.50;0.00;0.00
9172;0;4721.50;9.50;1137.50;0.00;0.00
9173;0;1235.50;9.50;1142.50;0.00;0.00
9174;0;3369.50;9.50;1137.50;0.00;0.00
9175;0;4014.50;9.50;1142.50;0.00;0.00
9176;0;4024.50;9.50;1139.50;0.00;0.00
9177;0;4305.50;9.50;1139.50;0.00;0.00
9178;0;1274.50;9.50;1141.50;0.00;0.00
9179;0;1350.50;9.50;1139.50;0.00;0.00
9180;0;1372.50;9.50;1138.50;0.00;0.00
9181;0;1612.50;9.50;1140.50;0.00;0.00
9182;0;2567.50;9.50;1142.50;0.00;0.00
9183;0;2781.50;9.50;1134.50;0.00;0.00
9184;0;3125.50;9.50;1133.50;0.00;0.00
9185;0;3527.50;9.50;1136.50;0.00;0.00
9186;0;4006.50;9.50;1141.50;0.00;0.00
9187;0;4112.50;9.50;1136.50;0.00;0.00
9188;0;4315.50;9.50;1139.50;0.00;0.00
9189;0;4331.50;9.50;1139.50;0.00;0.00
9190;0;4440.50;9.50;1139.50;0.00;0.00
9191;0;1699.50;9.50;1140.50;0.00;0.00
9192;0;1829.50;9.50;1140.50;0.00;0.00
9193;0;3990.50;9.50;1139.50;0.00;0.00
9194;0;4390.50;9.50;1135.50;0.00;0.00
9195;0;2574.50;9.50;1136.50;0.00;0.00
9196;0;2640.50;9.50;1127.50;0.00;0.00
9197;0;3173.50;9.50;1131.50;0.00;0.00
9198;0;3278.50;9.50;1127.50;0.00;0.00
9199;0;3478.50;9.50;1134.50;0.00;0.00
9200;0;3546.50;9.50;1135.50;0.00;0.00
9201;0;3999.50;9.50;1137.50;0.00;0.00
9202;0;4048.50;9.50;1139.50;0.00;0.00
9203;0;4362.50;9.50;1138.50;0.00;0.00
9204;0;4369.50;9.50;1140.50;0.00;0.00
9205;0;4427.50;9.50;1131.50;0.00;0.00
9206;0;1264.50;9.50;1137.50;0.00;0.00
9207;0;1433.50;9.50;1134.50;0.00;0.00
9208;0;2628.50;9.50;1134.50;0.00;0.00
9209;0;3319.50;9.50;1135.50;0.00;0.00
9210;0;3357.50;9.50;1135.50;0.00;0.00
9211;0;3381.50;9.50;1131.50;0.00;0.00
9212;0;3964.50;9.50;1136.50;0.00;0.00
9213;0;4039.50;9.50;1139.50;0.00;0.00
9214;0;4079.50;9.50;1136.50;0.00;0.00
9215;0;4297.50;9.50;1136.50;0.00;0.00
9216;0;4340.50;9.50;1138.50;0.00;0.00
9217;0;4416.50;9.50;1137.50;0.00;0.00
9218;0;1245.50;9.50;1137.50;0.00;0.00
9219;0;1292.50;9.50;1135.50;0.00;0.00
9220;0;1300.50;9.50;1135.50;0.00;0.00
9221;0;1321.50;9.50;1136.50;0.00;0.00
9222;0;1339.50;9.50;1131.50;0.00;0.00
9223;0;3396.50;9.50;1132.50;0.00;0.00
9224;0;3673.50;9.50;1130.50;0.00;0.00
9225;0;4459.50;9.50;1133.50;0.00;0.00
9226;0;1388.50;9.50;1134.50;0.00;0.00
9227;0;2823.50;9.50;1122.50;0.00;0.00
9228;0;3569.50;9.50;1124.50;0.00;0.00
9229;0;3974.50;9.50;1134.50;0.00;0.00
9230;0;4409.50;9.50;1133.50;0.00;0.00
9231;0;1255.50;9.50;1134.50;0.00;0.00
9232;0;1312.50;9.50;1132.50;0.00;0.00
9233;0;2585.50;9.50;1130.50;0.00;0.00
9234;0;2926.50;9.50;1126.50;0.00;0.00
9235;0;3226.50;9.50;1114.50;0.00;0.00
9236;0;3419.50;9.50;1126.50;0.00;0.00
9237;0;3653.50;9.50;1129.50;0.00;0.00
9238;0;4069.50;9.50;1134.50;0.00;0.00
9239;0;4478.50;9.50;1132.50;0.00;0.00
9240;0;1273.50;9.50;1133.50;0.00;0.00
9241;0;1282.50;9.50;1135.50;0.00;0.00
9242;0;1425.50;9.50;1131.50;0.00;0.00
9243;0;3020.50;9.50;1127.50;0.00;0.00
9244;0;3046.50;9.50;1127.50;0.00;0.00
9245;0;3983.50;9.50;1132.50;0.00;0.00
9246;0;4060.50;9.50;1133.50;0.00;0.00
9247;0;4100.50;9.50;1130.50;0.00;0.00
9248;0;4467.50;9.50;1129.50;0.00;0.00
9249;0;1235.50;9.50;1133.50;0.00;0.00
9250;0;1357.50;9.50;1130.50;0.00;0.00
9251;0;2608.50;9.50;1126.50;0.00;0.00
9252;0;2700.50;9.50;1125.50;0.00;0.00
9253;0;2718.50;9.50;1126.50;0.00;0.00
9254;0;2841.50;9.50;1125.50;0.00;0.00
9255;0;2866.50;9.50;1131.50;0.00;0.00
9256;0;3255.50;9.50;1128.50;0.00;0.00
9257;0;3600.50;9.50;1126.50;0.00;0.00
9258;0;4016.50;9.50;1132.50;0.00;0.00
9259;0;4087.50;9.50;1132.50;0.00;0.00
9260;0;1373.50;9.50;1128.50;0.00;0.00
9261;0;1396.50;9.50;1124.50;0.00;0.00
9262;0;1404.50;9.50;1131.50;0.00;0.00
9263;0;1414.50;9.50;1132.50;0.00;0.00
9264;0;4006.50;9.50;1133.50;0.00;0.00
9265;0;4042.50;9.50;1132.50;0.00;0.00
9266;0;4052.50;9.50;1132.50;0.00;0.00
9267;0;4441.50;9.50;1129.50;0.00;0.00
9268;0;4705.50;9.50;1130.50;0.00;0.00
9269;0;1287.50;9.50;1130.50;0.00;0.00
9270;0;3348.50;9.50;1128.50;0.00;0.00
9271;0;3486.50;9.50;1127.50;0.00;0.00
9272;0;4033.50;9.50;1130.50;0.00;0.00
9273;0;4317.50;9.50;1128.50;0.00;0.00
9274;0;4375.50;9.50;1130.50;0.00;0.00
9275;0;4451.50;9.50;1128.50;0.00;0.00
9276;0;2650.50;9.50;1127.50;0.00;0.00
9277;0;2856.50;9.50;1120.50;0.00;0.00
9278;0;2955.50;9.50;1119.50;0.00;0.00
9279;0;3336.50;9.50;1127.50;0.00;0.00
9280;0;4024.50;9.50;1130.50;0.00;0.00
9281;0;4302.50;9.50;1128.50;0.00;0.00
9282;0;4327.50;9.50;1129.50;0.00;0.00
9283;0;4338.50;9.50;1128.50;0.00;0.00
9284;0;4352.50;9.50;1130.50;0.00;0.00
9285;0;4402.50;9.50;1128.50;0.00;0.00
9286;0;1295.50;9.50;1128.50;0.00;0.00
9287;0;1382.50;9.50;1122.50;0.00;0.00
9288;0;3636.50;9.50;1123.50;0.00;0.00
9289;0;1246.50;9.50;1128.50;0.00;0.00
9290;0;1305.50;9.50;1127.50;0.00;0.00
9291;0;1834.50;9.50;1128.50;0.00;0.00
9292;0;3203.50;9.50;1113.50;0.00;0.00
9293;0;3296.50;9.50;1124.50;0.00;0.00
9294;0;3992.50;9.50;1128.50;0.00;0.00
9295;0;4309.50;9.50;1123.50;0.00;0.00
9296;0;4390.50;9.50;1123.50;0.00;0.00
9297;0;2597.50;9.50;1121.50;0.00;0.00
9298;0;2673.50;9.50;1120.50;0.00;0.00
9299;0;2995.50;9.50;1117.50;0.00;0.00
9300;0;3310.50;9.50;1124.50;0.00;0.00
9301;0;3323.50;9.50;1121.50;0.00;0.00
9302;0;3407.50;9.50;1125.50;0.00;0.00
9303;0;3497.50;9.50;1124.50;0.00;0.00
9304;0;3967.50;9.50;1125.50;0.00;0.00
9305;0;4075.50;9.50;1127.50;0.00;0.00
9306;0;4415.50;9.50;1125.50;0.00;0.00
9307;0;1266.50;9.50;1124.50;0.00;0.00
9308;0;2568.50;9.50;1123.50;0.00;0.00
9309;0;2874.50;9.50;1120.50;0.00;0.00
9310;0;3144.50;9.50;1117.50;0.00;0.00
9311;0;3366.50;9.50;1122.50;0.00;0.00
9312;0;3508.50;9.50;1125.50;0.00;0.00
9313;0;3525.50;9.50;1123.50;0.00;0.00
9314;0;4001.50;9.50;1121.50;0.00;0.00
9315;0;4010.50;9.50;1125.50;0.00;0.00
9316;0;4714.50;9.50;1124.50;0.00;0.00
9317;0;4725.50;9.50;1124.50;0.00;0.00
9318;0;1256.50;9.50;1125.50;0.00;0.00
9319;0;1325.50;9.50;1120.50;0.00;0.00
9320;0;1849.50;9.50;1125.50;0.00;0.00
9321;0;2902.50;9.50;1120.50;0.00;0.00
9322;0;3979.50;9.50;1123.50;0.00;0.00
9323;0;4066.50;9.50;1125.50;0.00;0.00
9324;0;1277.50;9.50;1122.50;0.00;0.00
9325;0;3097.50;9.50;1115.50;0.00;0.00
9326;0;4043.50;9.50;1123.50;0.00;0.00
9327;0;4087.50;9.50;1121.50;0.00;0.00
9328;0;4363.50;9.50;1120.50;0.00;0.00
9329;0;1362.50;9.50;1123.50;0.00;0.00
9330;0;2628.50;9.50;1118.50;0.00;0.00
9331;0;2659.50;9.50;1118.50;0.00;0.00
9332;0;3543.50;9.50;1119.50;0.00;0.00
9333;0;4051.50;9.50;1123.50;0.00;0.00
9334;0;4350.50;9.50;1121.50;0.00;0.00
9335;0;1288.50;9.50;1122.50;0.00;0.00
9336;0;1313.50;9.50;1120.50;0.00;0.00
9337;0;1413.50;9.50;1122.50;0.00;0.00
9338;0;1430.50;9.50;1120.50;0.00;0.00
9339;0;2759.50;9.50;1115.50;0.00;0.00
9340;0;3375.50;9.50;1112.50;0.00;0.00
9341;0;4059.50;9.50;1121.50;0.00;0.00
9342;0;4379.50;9.50;1122.50;0.00;0.00
9343;0;4489.50;9.50;1119.50;0.00;0.00
9344;0;1338.50;9.50;1119.50;0.00;0.00
9345;0;1349.50;9.50;1117.50;0.00;0.00
9346;0;2741.50;9.50;1117.50;0.00;0.00
9347;0;3624.50;9.50;1113.50;0.00;0.00
9348;0;4019.50;9.50;1120.50;0.00;0.00
9349;0;4033.50;9.50;1121.50;0.00;0.00
9350;0;4297.50;9.50;1118.50;0.00;0.00
9351;0;4323.50;9.50;1119.50;0.00;0.00
9352;0;4436.50;9.50;1117.50;0.00;0.00
9353;0;3181.50;9.50;1113.50;0.00;0.00
9354;0;3387.50;9.50;1118.50;0.00;0.00
9355;0;3400.50;9.50;1114.50;0.00;0.00
9356;0;3590.50;9.50;1112.50;0.00;0.00
9357;0;4072.50;9.50;1117.50;0.00;0.00
9358;0;4097.50;9.50;1119.50;0.00;0.00
9359;0;4425.50;9.50;1119.50;0.00;0.00
9360;0;4460.50;9.50;1119.50;0.00;0.00
9361;0;2936.50;9.50;1110.50;0.00;0.00
9362;0;3127.50;9.50;1113.50;0.00;0.00
9363;0;3352.50;9.50;1118.50;0.00;0.00
9364;0;3516.50;9.50;1115.50;0.00;0.00
9365;0;4400.50;9.50;1118.50;0.00;0.00
9366;0;4477.50;9.50;1117.50;0.00;0.00
9367;0;1370.50;9.50;1117.50;0.00;0.00
9368;0;1391.50;9.50;1115.50;0.00;0.00
9369;0;1405.50;9.50;1116.50;0.00;0.00
9370;0;2685.50;9.50;1110.50;0.00;0.00
9371;0;2779.50;9.50;1111.50;0.00;0.00
9372;0;2797.50;9.50;1106.50;0.00;0.00
9373;0;3032.50;9.50;1110.50;0.00;0.00
9374;0;3063.50;9.50;1109.50;0.00;0.00
9375;0;3333.50;9.50;1116.50;0.00;0.00
9376;0;3559.50;9.50;1110.50;0.00;0.00
9377;0;3989.50;9.50;1116.50;0.00;0.00
9378;0;4702.50;9.50;1117.50;0.00;0.00
9379;0;1297.50;9.50;1115.50;0.00;0.00
9380;0;2615.50;9.50;1108.50;0.00;0.00
9381;0;3342.50;9.50;1113.50;0.00;0.00
9382;0;3424.50;9.50;1114.50;0.00;0.00
9383;0;3610.50;9.50;1105.50;0.00;0.00
9384;0;4447.50;9.50;1116.50;0.00;0.00
9385;0;2978.50;9.50;1107.50;0.00;0.00
9386;0;4345.50;9.50;1113.50;0.00;0.00
9387;0;4377.50;9.50;1114.50;0.00;0.00
9388;0;1361.50;9.50;1114.50;0.00;0.00
9389;0;3971.50;9.50;1111.50;0.00;0.00
9390;0;4041.50;9.50;1114.50;0.00;0.00
9391;0;4050.50;9.50;1114.50;0.00;0.00
9392;0;4310.50;9.50;1114.50;0.00;0.00
9393;0;4498.50;9.50;1113.50;0.00;0.00
9394;0;1285.50;9.50;1113.50;0.00;0.00
9395;0;1424.50;9.50;1111.50;0.00;0.00
9396;0;2574.50;9.50;1112.50;0.00;0.00
9397;0;2591.50;9.50;1111.50;0.00;0.00
9398;0;2723.50;9.50;1109.50;0.00;0.00
9399;0;3258.50;9.50;1108.50;0.00;0.00
9400;0;3318.50;9.50;1110.50;0.00;0.00
9401;0;3492.50;9.50;1111.50;0.00;0.00
9402;0;3504.50;9.50;1112.50;0.00;0.00
9403;0;3530.50;9.50;1112.50;0.00;0.00
9404;0;4030.50;9.50;1114.50;0.00;0.00
9405;0;4063.50;9.50;1113.50;0.00;0.00
9406;0;1378.50;9.50;1112.50;0.00;0.00
9407;0;2643.50;9.50;1105.50;0.00;0.00
9408;0;2703.50;9.50;1109.50;0.00;0.00
9409;0;3013.50;9.50;1105.50;0.00;0.00
9410;0;3282.50;9.50;1108.50;0.00;0.00
9411;0;3298.50;9.50;1111.50;0.00;0.00
9412;0;3309.50;9.50;1108.50;0.00;0.00
9413;0;4010.50;9.50;1113.50;0.00;0.00
9414;0;4082.50;9.50;1111.50;0.00;0.00
9415;0;4369.50;9.50;1110.50;0.00;0.00
9416;0;4387.50;9.50;1112.50;0.00;0.00
9417;0;4407.50;9.50;1113.50;0.00;0.00
9418;0;4467.50;9.50;1113.50;0.00;0.00
9419;0;4712.50;9.50;1110.50;0.00;0.00
9420;0;4720.50;9.50;1112.50;0.00;0.00
9421;0;1308.50;9.50;1109.50;0.00;0.00
9422;0;1414.50;9.50;1112.50;0.00;0.00
9423;0;1854.50;9.50;1113.50;0.00;0.00
9424;0;2564.50;9.50;1112.50;0.00;0.00
9425;0;2815.50;9.50;1104.50;0.00;0.00
9426;0;2885.50;9.50;1101.50;0.00;0.00
9427;0;2898.50;9.50;1106.50;0.00;0.00
9428;0;2913.50;9.50;1106.50;0.00;0.00
9429;0;3413.50;9.50;1108.50;0.00;0.00
9430;0;3575.50;9.50;1107.50;0.00;0.00
9431;0;4000.50;9.50;1111.50;0.00;0.00
9432;0;2833.50;9.50;1106.50;0.00;0.00
9433;0;2848.50;9.50;1106.50;0.00;0.00
9434;0;4020.50;9.50;1111.50;0.00;0.00
9435;0;4355.50;9.50;1111.50;0.00;0.00
9436;0;4413.50;9.50;1106.50;0.00;0.00
9437;0;4455.50;9.50;1109.50;0.00;0.00
9438;0;2872.50;9.50;1108.50;0.00;0.00
9439;0;3359.50;9.50;1108.50;0.00;0.00
9440;0;4301.50;9.50;1109.50;0.00;0.00
9441;0;4421.50;9.50;1110.50;0.00;0.00
9442;0;4431.50;9.50;1107.50;0.00;0.00
9443;0;4481.50;9.50;1107.50;0.00;0.00
9444;0;4693.50;9.50;1108.50;0.00;0.00
9445;0;1354.50;9.50;1108.50;0.00;0.00
9446;0;2665.50;9.50;1106.50;0.00;0.00
9447;0;2861.50;9.50;1105.50;0.00;0.00
9448;0;3048.50;9.50;1100.50;0.00;0.00
9449;0;3082.50;9.50;1100.50;0.00;0.00
9450;0;3396.50;9.50;1102.50;0.00;0.00
9451;0;4036.50;9.50;1109.50;0.00;0.00
9452;0;4071.50;9.50;1108.50;0.00;0.00
9453;0;4362.50;9.50;1104.50;0.00;0.00
9454;0;4398.50;9.50;1107.50;0.00;0.00
9455;0;4442.50;9.50;1105.50;0.00;0.00
9456;0;3334.50;9.50;1104.50;0.00;0.00
9457;0;3986.50;9.50;1105.50;0.00;0.00
9458;0;4507.50;9.50;1109.50;0.00;0.00
9459;0;4702.50;9.50;1106.50;0.00;0.00
9460;0;1367.50;9.50;1104.50;0.00;0.00
9461;0;2958.50;9.50;1098.50;0.00;0.00
9462;0;3121.50;9.50;1100.50;0.00;0.00
9463;0;3537.50;9.50;1104.50;0.00;0.00
9464;0;4052.50;9.50;1105.50;0.00;0.00
9465;0;4379.50;9.50;1106.50;0.00;0.00
9466;0;1384.50;9.50;1105.50;0.00;0.00
9467;0;1392.50;9.50;1101.50;0.00;0.00
9468;0;1400.50;9.50;1105.50;0.00;0.00
9469;0;2573.50;9.50;1101.50;0.00;0.00
9470;0;2601.50;9.50;1101.50;0.00;0.00
9471;0;2625.50;9.50;1097.50;0.00;0.00
9472;0;3443.50;9.50;1103.50;0.00;0.00
9473;0;3513.50;9.50;1103.50;0.00;0.00
9474;0;4487.50;9.50;1099.50;0.00;0.00
9475;0;4493.50;9.50;1099.50;0.00;0.00
9476;0;1408.50;9.50;1105.50;0.00;0.00
9477;0;1482.50;9.50;1102.50;0.00;0.00
9478;0;2564.50;9.50;1101.50;0.00;0.00
9479;0;3164.50;9.50;1099.50;0.00;0.00
9480;0;3324.50;9.50;1101.50;0.00;0.00
9481;0;3349.50;9.50;1105.50;0.00;0.00
9482;0;3368.50;9.50;1100.50;0.00;0.00
9483;0;3430.50;9.50;1102.50;0.00;0.00
9484;0;3523.50;9.50;1101.50;0.00;0.00
9485;0;4044.50;9.50;1102.50;0.00;0.00
9486;0;4061.50;9.50;1104.50;0.00;0.00
9487;0;4474.50;9.50;1103.50;0.00;0.00
9488;0;4502.50;9.50;1103.50;0.00;0.00
9489;0;1427.50;9.50;1102.50;0.00;0.00
9490;0;1443.50;9.50;1102.50;0.00;0.00
9491;0;1492.50;9.50;1100.50;0.00;0.00
9492;0;3138.50;9.50;1094.50;0.00;0.00
9493;0;3594.50;9.50;1097.50;0.00;0.00
9494;0;3996.50;9.50;1102.50;0.00;0.00
9495;0;4025.50;9.50;1104.50;0.00;0.00
9496;0;1418.50;9.50;1102.50;0.00;0.00
9497;0;2767.50;9.50;1096.50;0.00;0.00
9498;0;4014.50;9.50;1100.50;0.00;0.00
9499;0;4354.50;9.50;1102.50;0.00;0.00
9500;0;4511.50;9.50;1098.50;0.00;0.00
9501;0;4695.50;9.50;1101.50;0.00;0.00
9502;0;1451.50;9.50;1100.50;0.00;0.00
9503;0;1459.50;9.50;1101.50;0.00;0.00
9504;0;2580.50;9.50;1093.50;0.00;0.00
9505;0;2751.50;9.50;1098.50;0.00;0.00
9506;0;3223.50;9.50;1094.50;0.00;0.00
9507;0;3250.50;9.50;1091.50;0.00;0.00
9508;0;3295.50;9.50;1098.50;0.00;0.00
9509;0;3489.50;9.50;1099.50;0.00;0.00
9510;0;3977.50;9.50;1098.50;0.00;0.00
9511;0;4005.50;9.50;1098.50;0.00;0.00
9512;0;4035.50;9.50;1101.50;0.00;0.00
9513;0;4068.50;9.50;1101.50;0.00;0.00
9514;0;4348.50;9.50;1097.50;0.00;0.00
9515;0;4387.50;9.50;1101.50;0.00;0.00
9516;0;4407.50;9.50;1101.50;0.00;0.00
9517;0;4452.50;9.50;1101.50;0.00;0.00
9518;0;4463.50;9.50;1097.50;0.00;0.00
9519;0;4707.50;9.50;1100.50;0.00;0.00
9520;0;3183.50;9.50;1095.50;0.00;0.00
9521;0;3205.50;9.50;1092.50;0.00;0.00
9522;0;3307.50;9.50;1099.50;0.00;0.00
9523;0;3380.50;9.50;1098.50;0.00;0.00
9524;0;3412.50;9.50;1097.50;0.00;0.00
9525;0;4370.50;9.50;1097.50;0.00;0.00
9526;0;4429.50;9.50;1093.50;0.00;0.00
9527;0;1435.50;9.50;1098.50;0.00;0.00
9528;0;1503.50;9.50;1094.50;0.00;0.00
9529;0;1856.50;9.50;1099.50;0.00;0.00
9530;0;2873.50;9.50;1090.50;0.00;0.00
9531;0;3316.50;9.50;1098.50;0.00;0.00
9532;0;3507.50;9.50;1097.50;0.00;0.00
9533;0;3553.50;9.50;1094.50;0.00;0.00
9534;0;3569.50;9.50;1094.50;0.00;0.00
9535;0;4378.50;9.50;1097.50;0.00;0.00
9536;0;4416.50;9.50;1099.50;0.00;0.00
9537;0;1405.50;9.50;1098.50;0.00;0.00
9538;0;2994.50;9.50;1092.50;0.00;0.00
9539;0;3353.50;9.50;1096.50;0.00;0.00
9540;0;1369.50;9.50;1094.50;0.00;0.00
9541;0;2608.50;9.50;1092.50;0.00;0.00
9542;0;2637.50;9.50;1092.50;0.00;0.00
9543;0;2728.50;9.50;1096.50;0.00;0.00
9544;0;2906.50;9.50;1094.50;0.00;0.00
9545;0;2942.50;9.50;1093.50;0.00;0.00
9546;0;3425.50;9.50;1097.50;0.00;0.00
9547;0;3499.50;9.50;1097.50;0.00;0.00
9548;0;4357.50;9.50;1094.50;0.00;0.00
9549;0;1383.50;9.50;1097.50;0.00;0.00
9550;0;1398.50;9.50;1096.50;0.00;0.00
9551;0;1476.50;9.50;1093.50;0.00;0.00
9552;0;2554.50;9.50;1094.50;0.00;0.00
9553;0;2689.50;9.50;1093.50;0.00;0.00
9554;0;2706.50;9.50;1093.50;0.00;0.00
9555;0;2720.50;9.50;1090.50;0.00;0.00
9556;0;2973.50;9.50;1091.50;0.00;0.00
9557;0;3102.50;9.50;1081.50;0.00;0.00
9558;0;3280.50;9.50;1090.50;0.00;0.00
9559;0;3538.50;9.50;1090.50;0.00;0.00
9560;0;3990.50;9.50;1095.50;0.00;0.00
9561;0;4028.50;9.50;1096.50;0.00;0.00
9562;0;4056.50;9.50;1095.50;0.00;0.00
9563;0;4393.50;9.50;1096.50;0.00;0.00
9564;0;4416.50;9.50;1091.50;0.00;0.00
9565;0;4712.50;9.50;1094.50;0.00;0.00
9566;0;1377.50;9.50;1090.50;0.00;0.00
9567;0;2446.50;9.50;1095.50;0.00;0.00
9568;0;2666.50;9.50;1092.50;0.00;0.00
9569;0;2785.50;9.50;1092.50;0.00;0.00
9570;0;2859.50;9.50;1091.50;0.00;0.00
9571;0;2925.50;9.50;1093.50;0.00;0.00
9572;0;3442.50;9.50;1089.50;0.00;0.00
9573;0;4438.50;9.50;1095.50;0.00;0.00
9574;0;4450.50;9.50;1088.50;0.00;0.00
9575;0;4698.50;9.50;1094.50;0.00;0.00
9576;0;1416.50;9.50;1093.50;0.00;0.00
9577;0;1428.50;9.50;1092.50;0.00;0.00
9578;0;1463.50;9.50;1092.50;0.00;0.00
9579;0;2651.50;9.50;1088.50;0.00;0.00
9580;0;3038.50;9.50;1090.50;0.00;0.00
9581;0;3235.50;9.50;1083.50;0.00;0.00
9582;0;3338.50;9.50;1093.50;0.00;0.00
9583;0;3392.50;9.50;1090.50;0.00;0.00
9584;0;3581.50;9.50;1090.50;0.00;0.00
9585;0;4047.50;9.50;1093.50;0.00;0.00
9586;0;4398.50;9.50;1091.50;0.00;0.00
9587;0;4472.50;9.50;1094.50;0.00;0.00
9588;0;4507.50;9.50;1088.50;0.00;0.00
9589;0;2561.50;9.50;1090.50;0.00;0.00
9590;0;2595.50;9.50;1090.50;0.00;0.00
9591;0;2745.50;9.50;1089.50;0.00;0.00
9592;0;2839.50;9.50;1090.50;0.00;0.00
9593;0;3022.50;9.50;1089.50;0.00;0.00
9594;0;4517.50;9.50;1091.50;0.00;0.00
9595;0;1453.50;9.50;1092.50;0.00;0.00
9596;0;3331.50;9.50;1088.50;0.00;0.00
9597;0;3346.50;9.50;1090.50;0.00;0.00
9598;0;3403.50;9.50;1090.50;0.00;0.00
9599;0;4037.50;9.50;1091.50;0.00;0.00
9600;0;4065.50;9.50;1092.50;0.00;0.00
9601;0;4408.50;9.50;1091.50;0.00;0.00
9602;0;4493.50;9.50;1090.50;0.00;0.00
9603;0;1409.50;9.50;1092.50;0.00;0.00
9604;0;1445.50;9.50;1088.50;0.00;0.00
9605;0;3009.50;9.50;1084.50;0.00;0.00
9606;0;3154.50;9.50;1086.50;0.00;0.00
9607;0;3266.50;9.50;1079.50;0.00;0.00
9608;0;3320.50;9.50;1090.50;0.00;0.00
9609;0;3360.50;9.50;1086.50;0.00;0.00
9610;0;3419.50;9.50;1089.50;0.00;0.00
9611;0;3492.50;9.50;1090.50;0.00;0.00
9612;0;3982.50;9.50;1089.50;0.00;0.00
9613;0;4388.50;9.50;1089.50;0.00;0.00
9614;0;4717.50;9.50;1090.50;0.00;0.00
9615;0;1388.50;9.50;1088.50;0.00;0.00
9616;0;1436.50;9.50;1089.50;0.00;0.00
9617;0;2678.50;9.50;1087.50;0.00;0.00
9618;0;2893.50;9.50;1084.50;0.00;0.00
9619;0;3118.50;9.50;1085.50;0.00;0.00
9620;0;3429.50;9.50;1090.50;0.00;0.00
9621;0;4012.50;9.50;1090.50;0.00;0.00
9622;0;4022.50;9.50;1091.50;0.00;0.00
9623;0;4365.50;9.50;1089.50;0.00;0.00
9624;0;4704.50;9.50;1091.50;0.00;0.00
9625;0;2734.50;9.50;1087.50;0.00;0.00
9626;0;2756.50;9.50;1084.50;0.00;0.00
9627;0;2809.50;9.50;1087.50;0.00;0.00
9628;0;3305.50;9.50;1088.50;0.00;0.00
9629;0;3512.50;9.50;1087.50;0.00;0.00
9630;0;4352.50;9.50;1084.50;0.00;0.00
9631;0;4462.50;9.50;1088.50;0.00;0.00
9632;0;2570.50;9.50;1086.50;0.00;0.00
9633;0;2611.50;9.50;1080.50;0.00;0.00
9634;0;2827.50;9.50;1085.50;0.00;0.00
9635;0;3458.50;9.50;1082.50;0.00;0.00
9636;0;4003.50;9.50;1088.50;0.00;0.00
9637;0;4380.50;9.50;1089.50;0.00;0.00
9638;0;4424.50;9.50;1086.50;0.00;0.00
9639;0;4480.50;9.50;1089.50;0.00;0.00
9640;0;1396.50;9.50;1087.50;0.00;0.00
9641;0;1406.50;9.50;1086.50;0.00;0.00
9642;0;1508.50;9.50;1083.50;0.00;0.00
9643;0;2546.50;9.50;1089.50;0.00;0.00
9644;0;2553.50;9.50;1086.50;0.00;0.00
9645;0;2850.50;9.50;1082.50;0.00;0.00
9646;0;3055.50;9.50;1082.50;0.00;0.00
9647;0;3084.50;9.50;1081.50;0.00;0.00
9648;0;3502.50;9.50;1086.50;0.00;0.00
9649;0;3994.50;9.50;1086.50;0.00;0.00
9650;0;4029.50;9.50;1088.50;0.00;0.00
9651;0;4052.50;9.50;1086.50;0.00;0.00
9652;0;4060.50;9.50;1087.50;0.00;0.00
9653;0;4435.50;9.50;1088.50;0.00;0.00
9654;0;2932.50;9.50;1081.50;0.00;0.00
9655;0;2956.50;9.50;1083.50;0.00;0.00
9656;0;3176.50;9.50;1078.50;0.00;0.00
9657;0;3294.50;9.50;1083.50;0.00;0.00
9658;0;4471.50;9.50;1085.50;0.00;0.00
9659;0;1414.50;9.50;1084.50;0.00;0.00
9660;0;1424.50;9.50;1085.50;0.00;0.00
9661;0;1467.50;9.50;1084.50;0.00;0.00
9662;0;1495.50;9.50;1080.50;0.00;0.00
9663;0;2623.50;9.50;1076.50;0.00;0.00
9664;0;2698.50;9.50;1081.50;0.00;0.00
9665;0;2797.50;9.50;1081.50;0.00;0.00
9666;0;3412.50;9.50;1082.50;0.00;0.00
9667;0;3520.50;9.50;1084.50;0.00;0.00
9668;0;3561.50;9.50;1081.50;0.00;0.00
9669;0;4500.50;9.50;1083.50;0.00;0.00
9670;0;1382.50;9.50;1083.50;0.00;0.00
9671;0;3194.50;9.50;1075.50;0.00;0.00
9672;0;3380.50;9.50;1082.50;0.00;0.00
9673;0;4068.50;9.50;1085.50;0.00;0.00
9674;0;4361.50;9.50;1084.50;0.00;0.00
9675;0;4373.50;9.50;1082.50;0.00;0.00
9676;0;4410.50;9.50;1083.50;0.00;0.00
9677;0;1453.50;9.50;1084.50;0.00;0.00
9678;0;1475.50;9.50;1081.50;0.00;0.00
9679;0;2582.50;9.50;1081.50;0.00;0.00
9680;0;2880.50;9.50;1076.50;0.00;0.00
9681;0;2909.50;9.50;1080.50;0.00;0.00
9682;0;3315.50;9.50;1080.50;0.00;0.00
9683;0;3339.50;9.50;1082.50;0.00;0.00
9684;0;3530.50;9.50;1080.50;0.00;0.00
9685;0;4021.50;9.50;1084.50;0.00;0.00
9686;0;4035.50;9.50;1083.50;0.00;0.00
9687;0;4043.50;9.50;1083.50;0.00;0.00
9688;0;4394.50;9.50;1084.50;0.00;0.00
9689;0;1483.50;9.50;1077.50;0.00;0.00
9690;0;2727.50;9.50;1079.50;0.00;0.00
9691;0;2979.50;9.50;1078.50;0.00;0.00
9692;0;3427.50;9.50;1077.50;0.00;0.00
9693;0;4400.50;9.50;1080.50;0.00;0.00
9694;0;4512.50;9.50;1079.50;0.00;0.00
9695;0;4520.50;9.50;1080.50;0.00;0.00
9696;0;4714.50;9.50;1083.50;0.00;0.00
9697;0;1434.50;9.50;1081.50;0.00;0.00
9698;0;2595.50;9.50;1077.50;0.00;0.00
9699;0;2665.50;9.50;1078.50;0.00;0.00
9700;0;2686.50;9.50;1077.50;0.00;0.00
9701;0;2815.50;9.50;1077.50;0.00;0.00
9702;0;3035.50;9.50;1075.50;0.00;0.00
9703;0;3071.50;9.50;1071.50;0.00;0.00
9704;0;3219.50;9.50;1077.50;0.00;0.00
9705;0;3368.50;9.50;1075.50;0.00;0.00
9706;0;4007.50;9.50;1081.50;0.00;0.00
9707;0;4388.50;9.50;1082.50;0.00;0.00
9708;0;4417.50;9.50;1078.50;0.00;0.00
9709;0;4489.50;9.50;1077.50;0.00;0.00
9710;0;4707.50;9.50;1079.50;0.00;0.00
9711;0;1404.50;9.50;1078.50;0.00;0.00
9712;0;2558.50;9.50;1078.50;0.00;0.00
9713;0;2714.50;9.50;1076.50;0.00;0.00
9714;0;2766.50;9.50;1078.50;0.00;0.00
9715;0;2922.50;9.50;1077.50;0.00;0.00
9716;0;2943.50;9.50;1077.50;0.00;0.00
9717;0;3139.50;9.50;1076.50;0.00;0.00
9718;0;3329.50;9.50;1079.50;0.00;0.00
9719;0;3494.50;9.50;1078.50;0.00;0.00
9720;0;4381.50;9.50;1079.50;0.00;0.00
9721;0;4435.50;9.50;1078.50;0.00;0.00
9722;0;4480.50;9.50;1079.50;0.00;0.00
9723;0;1394.50;9.50;1079.50;0.00;0.00
9724;0;1447.50;9.50;1079.50;0.00;0.00
9725;0;1460.50;9.50;1078.50;0.00;0.00
9726;0;2745.50;9.50;1078.50;0.00;0.00
9727;0;2860.50;9.50;1076.50;0.00;0.00
9728;0;3390.50;9.50;1076.50;0.00;0.00
9729;0;3444.50;9.50;1078.50;0.00;0.00
9730;0;3507.50;9.50;1078.50;0.00;0.00
9731;0;3998.50;9.50;1077.50;0.00;0.00
9732;0;4015.50;9.50;1078.50;0.00;0.00
9733;0;4064.50;9.50;1079.50;0.00;0.00
9734;0;4444.50;9.50;1076.50;0.00;0.00
9735;0;4454.50;9.50;1077.50;0.00;0.00
9736;0;4721.50;9.50;1078.50;0.00;0.00
9737;0;1420.50;9.50;1078.50;0.00;0.00
9738;0;3542.50;9.50;1074.50;0.00;0.00
9739;0;3987.50;9.50;1076.50;0.00;0.00
9740;0;4050.50;9.50;1078.50;0.00;0.00
9741;0;4057.50;9.50;1078.50;0.00;0.00
9742;0;4357.50;9.50;1076.50;0.00;0.00
9743;0;4462.50;9.50;1072.50;0.00;0.00
9744;0;4732.50;9.50;1079.50;0.00;0.00
9745;0;2638.50;9.50;1074.50;0.00;0.00
9746;0;2652.50;9.50;1074.50;0.00;0.00
9747;0;2775.50;9.50;1073.50;0.00;0.00
9748;0;2967.50;9.50;1072.50;0.00;0.00
9749;0;2995.50;9.50;1074.50;0.00;0.00
9750;0;3206.50;9.50;1073.50;0.00;0.00
9751;0;4023.50;9.50;1077.50;0.00;0.00
9752;0;4030.50;9.50;1077.50;0.00;0.00
9753;0;1412.50;9.50;1075.50;0.00;0.00
9754;0;1862.50;9.50;1076.50;0.00;0.00
9755;0;2567.50;9.50;1076.50;0.00;0.00
9756;0;3400.50;9.50;1072.50;0.00;0.00
9757;0;3409.50;9.50;1074.50;0.00;0.00
9758;0;3518.50;9.50;1074.50;0.00;0.00
9759;0;4040.50;9.50;1076.50;0.00;0.00
9760;0;4427.50;9.50;1072.50;0.00;0.00
9761;0;2785.50;9.50;1071.50;0.00;0.00
9762;0;2835.50;9.50;1074.50;0.00;0.00
9763;0;2847.50;9.50;1071.50;0.00;0.00
9764;0;3156.50;9.50;1072.50;0.00;0.00
9765;0;3358.50;9.50;1074.50;0.00;0.00
9766;0;3453.50;9.50;1069.50;0.00;0.00
9767;0;4370.50;9.50;1074.50;0.00;0.00
9768;0;4386.50;9.50;1076.50;0.00;0.00
9769;0;4406.50;9.50;1074.50;0.00;0.00
9770;0;4503.50;9.50;1074.50;0.00;0.00
9771;0;4746.50;9.50;1071.50;0.00;0.00
9772;0;1469.50;9.50;1073.50;0.00;0.00
9773;0;3008.50;9.50;1070.50;0.00;0.00
9774;0;3118.50;9.50;1069.50;0.00;0.00
9775;0;3251.50;9.50;1064.50;0.00;0.00
9776;0;3308.50;9.50;1068.50;0.00;0.00
9777;0;3469.50;9.50;1071.50;0.00;0.00
9778;0;1430.50;9.50;1074.50;0.00;0.00
9779;0;1437.50;9.50;1072.50;0.00;0.00
9780;0;2702.50;9.50;1069.50;0.00;0.00
9781;0;2735.50;9.50;1070.50;0.00;0.00
9782;0;3237.50;9.50;1069.50;0.00;0.00
9783;0;3280.50;9.50;1066.50;0.00;0.00
9784;0;3293.50;9.50;1071.50;0.00;0.00
9785;0;3322.50;9.50;1068.50;0.00;0.00
9786;0;3335.50;9.50;1067.50;0.00;0.00
9787;0;3344.50;9.50;1072.50;0.00;0.00
9788;0;4006.50;9.50;1073.50;0.00;0.00
9789;0;4064.50;9.50;1072.50;0.00;0.00
9790;0;1444.50;9.50;1070.50;0.00;0.00
9791;0;1488.50;9.50;1071.50;0.00;0.00
9792;0;2743.50;9.50;1062.50;0.00;0.00
9793;0;2804.50;9.50;1069.50;0.00;0.00
9794;0;2952.50;9.50;1070.50;0.00;0.00
9795;0;3046.50;9.50;1066.50;0.00;0.00
9796;0;4376.50;9.50;1070.50;0.00;0.00
9797;0;4384.50;9.50;1071.50;0.00;0.00
9798;0;4472.50;9.50;1071.50;0.00;0.00
9799;0;4513.50;9.50;1071.50;0.00;0.00
9800;0;2612.50;9.50;1069.50;0.00;0.00
9801;0;2823.50;9.50;1067.50;0.00;0.00
9802;0;2901.50;9.50;1069.50;0.00;0.00
9803;0;2929.50;9.50;1069.50;0.00;0.00
9804;0;3095.50;9.50;1064.50;0.00;0.00
9805;0;3169.50;9.50;1063.50;0.00;0.00
9806;0;3432.50;9.50;1066.50;0.00;0.00
9807;0;3497.50;9.50;1066.50;0.00;0.00
9808;0;3529.50;9.50;1070.50;0.00;0.00
9809;0;4033.50;9.50;1070.50;0.00;0.00
9810;0;4047.50;9.50;1070.50;0.00;0.00
9811;0;4364.50;9.50;1068.50;0.00;0.00
9812;0;4392.50;9.50;1072.50;0.00;0.00
9813;0;4413.50;9.50;1070.50;0.00;0.00
9814;0;4702.50;9.50;1068.50;0.00;0.00
9815;0;1423.50;9.50;1071.50;0.00;0.00
9816;0;1463.50;9.50;1067.50;0.00;0.00
9817;0;2576.50;9.50;1070.50;0.00;0.00
9818;0;2675.50;9.50;1066.50;0.00;0.00
9819;0;2792.50;9.50;1066.50;0.00;0.00
9820;0;2873.50;9.50;1066.50;0.00;0.00
9821;0;3505.50;9.50;1068.50;0.00;0.00
9822;0;4018.50;9.50;1070.50;0.00;0.00
9823;0;4025.50;9.50;1069.50;0.00;0.00
9824;0;4399.50;9.50;1070.50;0.00;0.00
9825;0;4707.50;9.50;1066.50;0.00;0.00
9826;0;1472.50;9.50;1066.50;0.00;0.00
9827;0;2890.50;9.50;1068.50;0.00;0.00
9828;0;2912.50;9.50;1068.50;0.00;0.00
9829;0;3351.50;9.50;1063.50;0.00;0.00
9830;0;3994.50;9.50;1068.50;0.00;0.00
9831;0;4055.50;9.50;1069.50;0.00;0.00
9832;0;4489.50;9.50;1068.50;0.00;0.00
9833;0;1452.50;9.50;1065.50;0.00;0.00
9834;0;3028.50;9.50;1062.50;0.00;0.00
9835;0;3146.50;9.50;1064.50;0.00;0.00
9836;0;3216.50;9.50;1066.50;0.00;0.00
9837;0;3375.50;9.50;1063.50;0.00;0.00
9838;0;4011.50;9.50;1067.50;0.00;0.00
9839;0;4270.50;9.50;1064.50;0.00;0.00
9840;0;4521.50;9.50;1064.50;0.00;0.00
9841;0;2687.50;9.50;1066.50;0.00;0.00
9842;0;2862.50;9.50;1061.50;0.00;0.00
9843;0;3226.50;9.50;1062.50;0.00;0.00
9844;0;3389.50;9.50;1062.50;0.00;0.00
9845;0;4039.50;9.50;1067.50;0.00;0.00
9846;0;4444.50;9.50;1067.50;0.00;0.00
9847;0;1858.50;9.50;1066.50;0.00;0.00
9848;0;2597.50;9.50;1063.50;0.00;0.00
9849;0;2647.50;9.50;1063.50;0.00;0.00
9850;0;2725.50;9.50;1063.50;0.00;0.00
9851;0;2960.50;9.50;1064.50;0.00;0.00
9852;0;3017.50;9.50;1061.50;0.00;0.00
9853;0;3190.50;9.50;1061.50;0.00;0.00
9854;0;4068.50;9.50;1063.50;0.00;0.00
9855;0;1884.50;9.50;1065.50;0.00;0.00
9856;0;2558.50;9.50;1062.50;0.00;0.00
9857;0;2584.50;9.50;1062.50;0.00;0.00
9858;0;2714.50;9.50;1063.50;0.00;0.00
9859;0;2754.50;9.50;1063.50;0.00;0.00
9860;0;2768.50;9.50;1061.50;0.00;0.00
9861;0;3266.50;9.50;1062.50;0.00;0.00
9862;0;3416.50;9.50;1063.50;0.00;0.00
9863;0;3463.50;9.50;1061.50;0.00;0.00
9864;0;3517.50;9.50;1063.50;0.00;0.00
9865;0;4003.50;9.50;1064.50;0.00;0.00
9866;0;4361.50;9.50;1062.50;0.00;0.00
9867;0;4405.50;9.50;1065.50;0.00;0.00
9868;0;4753.50;9.50;1063.50;0.00;0.00
9869;0;2630.50;9.50;1060.50;0.00;0.00
9870;0;2695.50;9.50;1061.50;0.00;0.00
9871;0;4424.50;9.50;1063.50;0.00;0.00
9872;0;4433.50;9.50;1063.50;0.00;0.00
9873;0;4464.50;9.50;1062.50;0.00;0.00
9874;0;1478.50;9.50;1063.50;0.00;0.00
9875;0;1487.50;9.50;1063.50;0.00;0.00
9876;0;2617.50;9.50;1058.50;0.00;0.00
9877;0;2780.50;9.50;1061.50;0.00;0.00
9878;0;2851.50;9.50;1061.50;0.00;0.00
9879;0;2942.50;9.50;1062.50;0.00;0.00
9880;0;2982.50;9.50;1063.50;0.00;0.00
9881;0;2990.50;9.50;1055.50;0.00;0.00
9882;0;3002.50;9.50;1058.50;0.00;0.00
9883;0;4060.50;9.50;1064.50;0.00;0.00
9884;0;4372.50;9.50;1062.50;0.00;0.00
9885;0;4454.50;9.50;1062.50;0.00;0.00
9886;0;4477.50;9.50;1061.50;0.00;0.00
9887;0;4486.50;9.50;1056.50;0.00;0.00
9888;0;4501.50;9.50;1062.50;0.00;0.00
9889;0;4509.50;9.50;1062.50;0.00;0.00
9890;0;1503.50;9.50;1058.50;0.00;0.00
9891;0;2575.50;9.50;1060.50;0.00;0.00
9892;0;2662.50;9.50;1056.50;0.00;0.00
9893;0;2930.50;9.50;1059.50;0.00;0.00
9894;0;3177.50;9.50;1054.50;0.00;0.00
9895;0;3297.50;9.50;1059.50;0.00;0.00
9896;0;3403.50;9.50;1057.50;0.00;0.00
9897;0;3479.50;9.50;1060.50;0.00;0.00
9898;0;4020.50;9.50;1062.50;0.00;0.00
9899;0;4029.50;9.50;1062.50;0.00;0.00
9900;0;4035.50;9.50;1063.50;0.00;0.00
9901;0;4046.50;9.50;1064.50;0.00;0.00
9902;0;4493.50;9.50;1060.50;0.00;0.00
9903;0;1453.50;9.50;1057.50;0.00;0.00
9904;0;1493.50;9.50;1055.50;0.00;0.00
9905;0;2566.50;9.50;1058.50;0.00;0.00
9906;0;3055.50;9.50;1056.50;0.00;0.00
9907;0;3071.50;9.50;1057.50;0.00;0.00
9908;0;3447.50;9.50;1057.50;0.00;0.00
9909;0;2807.50;9.50;1057.50;0.00;0.00
9910;0;2819.50;9.50;1056.50;0.00;0.00
9911;0;2884.50;9.50;1056.50;0.00;0.00
9912;0;3083.50;9.50;1047.50;0.00;0.00
9913;0;3317.50;9.50;1057.50;0.00;0.00
9914;0;3328.50;9.50;1058.50;0.00;0.00
9915;0;3340.50;9.50;1057.50;0.00;0.00
9916;0;3508.50;9.50;1059.50;0.00;0.00
9917;0;3994.50;9.50;1060.50;0.00;0.00
9918;0;4398.50;9.50;1061.50;0.00;0.00
9919;0;4413.50;9.50;1060.50;0.00;0.00
9920;0;4712.50;9.50;1058.50;0.00;0.00
9921;0;2793.50;9.50;1055.50;0.00;0.00
9922;0;2898.50;9.50;1057.50;0.00;0.00
9923;0;2917.50;9.50;1058.50;0.00;0.00
9924;0;3204.50;9.50;1055.50;0.00;0.00
9925;0;3364.50;9.50;1054.50;0.00;0.00
9926;0;4011.50;9.50;1059.50;0.00;0.00
9927;0;4049.50;9.50;1058.50;0.00;0.00
9928;0;4442.50;9.50;1054.50;0.00;0.00
9929;0;1466.50;9.50;1053.50;0.00;0.00
9930;0;1475.50;9.50;1055.50;0.00;0.00
9931;0;2703.50;9.50;1057.50;0.00;0.00
9932;0;2830.50;9.50;1054.50;0.00;0.00
9933;0;3041.50;9.50;1055.50;0.00;0.00
9934;0;3122.50;9.50;1055.50;0.00;0.00
9935;0;3136.50;9.50;1053.50;0.00;0.00
9936;0;3216.50;9.50;1048.50;0.00;0.00
9937;0;3424.50;9.50;1054.50;0.00;0.00
9938;0;4061.50;9.50;1058.50;0.00;0.00
9939;0;2973.50;9.50;1055.50;0.00;0.00
9940;0;2938.50;9.50;1055.50;0.00;0.00
9941;0;3233.50;9.50;1052.50;0.00;0.00
9942;0;4001.50;9.50;1055.50;0.00;0.00
9943;0;4035.50;9.50;1054.50;0.00;0.00
9944;0;4460.50;9.50;1056.50;0.00;0.00
9945;0;4513.50;9.50;1054.50;0.00;0.00
9946;0;1721.50;9.50;1055.50;0.00;0.00
9947;0;2643.50;9.50;1054.50;0.00;0.00
9948;0;2751.50;9.50;1054.50;0.00;0.00
9949;0;2840.50;9.50;1052.50;0.00;0.00
9950;0;2960.50;9.50;1055.50;0.00;0.00
9951;0;3152.50;9.50;1049.50;0.00;0.00
9952;0;3471.50;9.50;1052.50;0.00;0.00
9953;0;4026.50;9.50;1055.50;0.00;0.00
9954;0;4066.50;9.50;1053.50;0.00;0.00
9955;0;4364.50;9.50;1051.50;0.00;0.00
9956;0;4522.50;9.50;1052.50;0.00;0.00
9957;0;1458.50;9.50;1053.50;0.00;0.00
9958;0;2682.50;9.50;1052.50;0.00;0.00
9959;0;2713.50;9.50;1051.50;0.00;0.00
9960;0;2760.50;9.50;1052.50;0.00;0.00
9961;0;2869.50;9.50;1054.50;0.00;0.00
9962;0;3034.50;9.50;1050.50;0.00;0.00
9963;0;3105.50;9.50;1048.50;0.00;0.00
9964;0;3382.50;9.50;1051.50;0.00;0.00
9965;0;3995.50;9.50;1048.50;0.00;0.00
9966;0;4376.50;9.50;1052.50;0.00;0.00
9967;0;2580.50;9.50;1054.50;0.00;0.00
9968;0;2730.50;9.50;1050.50;0.00;0.00
9969;0;2739.50;9.50;1051.50;0.00;0.00
9970;0;2782.50;9.50;1051.50;0.00;0.00
9971;0;2911.50;9.50;1050.50;0.00;0.00
9972;0;3247.50;9.50;1049.50;0.00;0.00
9973;0;3288.50;9.50;1046.50;0.00;0.00
9974;0;3305.50;9.50;1048.50;0.00;0.00
9975;0;3458.50;9.50;1049.50;0.00;0.00
9976;0;3489.50;9.50;1050.50;0.00;0.00
9977;0;3655.50;9.50;1054.50;0.00;0.00
9978;0;4019.50;9.50;1054.50;0.00;0.00
9979;0;4057.50;9.50;1053.50;0.00;0.00
9980;0;4419.50;9.50;1051.50;0.00;0.00
9981;0;4475.50;9.50;1053.50;0.00;0.00
9982;0;4504.50;9.50;1052.50;0.00;0.00
9983;0;4750.50;9.50;1051.50;0.00;0.00
9984;0;4772.50;9.50;1050.50;0.00;0.00
9985;0;2594.50;9.50;1051.50;0.00;0.00
9986;0;2607.50;9.50;1051.50;0.00;0.00
9987;0;2922.50;9.50;1051.50;0.00;0.00
9988;0;3164.50;9.50;1044.50;0.00;0.00
9989;0;3352.50;9.50;1048.50;0.00;0.00
9990;0;3413.50;9.50;1049.50;0.00;0.00
9991;0;4728.50;9.50;1041.50;0.00;0.00
9992;0;2693.50;9.50;1050.50;0.00;0.00
9993;0;2722.50;9.50;1044.50;0.00;0.00
9994;0;2942.50;9.50;1048.50;0.00;0.00
9995;0;2951.50;9.50;1048.50;0.00;0.00
9996;0;3014.50;9.50;1050.50;0.00;0.00
9997;0;3025.50;9.50;1046.50;0.00;0.00
9998;0;4012.50;9.50;1052.50;0.00;0.00
9999;0;1735.50;9.50;1050.50;0.00;0.00
10000;0;2672.50;9.50;1046.50;0.00;0.00
10001;0;2802.50;9.50;1047.50;0.00;0.00
10002;0;2891.50;9.50;1049.50;0.00;0.00
10003;0;3271.50;9.50;1045.50;0.00;0.00
10004;0;4051.50;9.50;1050.50;0.00;0.00
10005;0;4431.50;9.50;1050.50;0.00;0.00
10006;0;4452.50;9.50;1049.50;0.00;0.00
10007;0;4463.50;9.50;1049.50;0.00;0.00
10008;0;4470.50;9.50;1048.50;0.00;0.00
10009;0;4481.50;9.50;1050.50;0.00;0.00
10010;0;1486.50;9.50;1047.50;0.00;0.00
10011;0;1501.50;9.50;1047.50;0.00;0.00
10012;0;1695.50;9.50;1047.50;0.00;0.00
10013;0;2563.50;9.50;1049.50;0.00;0.00
10014;0;2623.50;9.50;1046.50;0.00;0.00
10015;0;2634.50;9.50;1043.50;0.00;0.00
10016;0;2700.50;9.50;1041.50;0.00;0.00
10017;0;2965.50;9.50;1047.50;0.00;0.00
10018;0;2980.50;9.50;1047.50;0.00;0.00
10019;0;3000.50;9.50;1048.50;0.00;0.00
10020;0;4004.50;9.50;1049.50;0.00;0.00
10021;0;4043.50;9.50;1048.50;0.00;0.00
10022;0;1851.50;9.50;1048.50;0.00;0.00
10023;0;2823.50;9.50;1047.50;0.00;0.00
10024;0;2860.50;9.50;1044.50;0.00;0.00
10025;0;3061.50;9.50;1046.50;0.00;0.00
10026;0;2768.50;9.50;1045.50;0.00;0.00
10027;0;2811.50;9.50;1043.50;0.00;0.00
10028;0;2933.50;9.50;1046.50;0.00;0.00
10029;0;3394.50;9.50;1041.50;0.00;0.00
10030;0;4026.50;9.50;1047.50;0.00;0.00
10031;0;4491.50;9.50;1043.50;0.00;0.00
10032;0;4497.50;9.50;1047.50;0.00;0.00
10033;0;4694.50;9.50;1046.50;0.00;0.00
10034;0;1467.50;9.50;1044.50;0.00;0.00
10035;0;2578.50;9.50;1046.50;0.00;0.00
10036;0;2902.50;9.50;1045.50;0.00;0.00
10037;0;3074.50;9.50;1037.50;0.00;0.00
10038;0;3182.50;9.50;1041.50;0.00;0.00
10039;0;3341.50;9.50;1039.50;0.00;0.00
10040;0;3433.50;9.50;1042.50;0.00;0.00
10041;0;4020.50;9.50;1047.50;0.00;0.00
10042;0;4061.50;9.50;1046.50;0.00;0.00
10043;0;1720.50;9.50;1045.50;0.00;0.00
10044;0;2588.50;9.50;1043.50;0.00;0.00
10045;0;2646.50;9.50;1037.50;0.00;0.00
10046;0;2653.50;9.50;1044.50;0.00;0.00
10047;0;2752.50;9.50;1047.50;0.00;0.00
10048;0;4012.50;9.50;1046.50;0.00;0.00
10049;0;4476.50;9.50;1045.50;0.00;0.00
10050;0;2791.50;9.50;1043.50;0.00;0.00
10051;0;2845.50;9.50;1042.50;0.00;0.00
10052;0;2879.50;9.50;1038.50;0.00;0.00
10053;0;2991.50;9.50;1043.50;0.00;0.00
10054;0;3129.50;9.50;1038.50;0.00;0.00
10055;0;3315.50;9.50;1038.50;0.00;0.00
10056;0;3327.50;9.50;1040.50;0.00;0.00
10057;0;3449.50;9.50;1039.50;0.00;0.00
10058;0;3475.50;9.50;1038.50;0.00;0.00
10059;0;4506.50;9.50;1043.50;0.00;0.00
10060;0;4518.50;9.50;1042.50;0.00;0.00
10061;0;4775.50;9.50;1040.50;0.00;0.00
10062;0;1493.50;9.50;1040.50;0.00;0.00
10063;0;2571.50;9.50;1045.50;0.00;0.00
10064;0;2739.50;9.50;1041.50;0.00;0.00
10065;0;2777.50;9.50;1041.50;0.00;0.00
10066;0;2919.50;9.50;1043.50;0.00;0.00
10067;0;2956.50;9.50;1041.50;0.00;0.00
10068;0;3201.50;9.50;1039.50;0.00;0.00
10069;0;3373.50;9.50;1036.50;0.00;0.00
10070;0;4036.50;9.50;1042.50;0.00;0.00
10071;0;4434.50;9.50;1043.50;0.00;0.00
10072;0;4443.50;9.50;1040.50;0.00;0.00
10073;0;2668.50;9.50;1035.50;0.00;0.00
10074;0;2749.50;9.50;1033.50;0.00;0.00
10075;0;3036.50;9.50;1041.50;0.00;0.00
10076;0;3095.50;9.50;1034.50;0.00;0.00
10077;0;3235.50;9.50;1038.50;0.00;0.00
10078;0;3254.50;9.50;1033.50;0.00;0.00
10079;0;3611.50;9.50;1040.50;0.00;0.00
10080;0;4004.50;9.50;1040.50;0.00;0.00
10081;0;4365.50;9.50;1039.50;0.00;0.00
10082;0;4484.50;9.50;1041.50;0.00;0.00
10083;0;4768.50;9.50;1032.50;0.00;0.00
10084;0;2606.50;9.50;1041.50;0.00;0.00
10085;0;2974.50;9.50;1040.50;0.00;0.00
10086;0;3005.50;9.50;1039.50;0.00;0.00
10087;0;3047.50;9.50;1035.50;0.00;0.00
10088;0;3422.50;9.50;1037.50;0.00;0.00
10089;0;4028.50;9.50;1039.50;0.00;0.00
10090;0;4051.50;9.50;1041.50;0.00;0.00
10091;0;4372.50;9.50;1035.50;0.00;0.00
10092;0;1682.50;9.50;1038.50;0.00;0.00
10093;0;2712.50;9.50;1037.50;0.00;0.00
10094;0;2831.50;9.50;1038.50;0.00;0.00
10095;0;3222.50;9.50;1036.50;0.00;0.00
10096;0;3357.50;9.50;1035.50;0.00;0.00
10097;0;3408.50;9.50;1035.50;0.00;0.00
10098;0;4464.50;9.50;1042.50;0.00;0.00
10099;0;2820.50;9.50;1037.50;0.00;0.00
10100;0;2928.50;9.50;1038.50;0.00;0.00
10101;0;2945.50;9.50;1040.50;0.00;0.00
10102;0;3015.50;9.50;1038.50;0.00;0.00
10103;0;3462.50;9.50;1036.50;0.00;0.00
10104;0;3486.50;9.50;1035.50;0.00;0.00
10105;0;4017.50;9.50;1038.50;0.00;0.00
10106;0;4476.50;9.50;1039.50;0.00;0.00
10107;0;2579.50;9.50;1037.50;0.00;0.00
10108;0;2619.50;9.50;1036.50;0.00;0.00
10109;0;2692.50;9.50;1033.50;0.00;0.00
10110;0;2784.50;9.50;1035.50;0.00;0.00
10111;0;2868.50;9.50;1030.50;0.00;0.00
10112;0;2914.50;9.50;1036.50;0.00;0.00
10113;0;2982.50;9.50;1037.50;0.00;0.00
10114;0;3152.50;9.50;1032.50;0.00;0.00
10115;0;4450.50;9.50;1035.50;0.00;0.00
10116;0;4468.50;9.50;1037.50;0.00;0.00
10117;0;2680.50;9.50;1035.50;0.00;0.00
10118;0;2760.50;9.50;1036.50;0.00;0.00
10119;0;2803.50;9.50;1036.50;0.00;0.00
10120;0;2904.50;9.50;1035.50;0.00;0.00
10121;0;2973.50;9.50;1032.50;0.00;0.00
10122;0;4043.50;9.50;1036.50;0.00;0.00
10123;0;4059.50;9.50;1038.50;0.00;0.00
10124;0;4461.50;9.50;1036.50;0.00;0.00
10125;0;2594.50;9.50;1035.50;0.00;0.00
10126;0;3025.50;9.50;1035.50;0.00;0.00
10127;0;3061.50;9.50;1036.50;0.00;0.00
10128;0;3268.50;9.50;1031.50;0.00;0.00
10129;0;3302.50;9.50;1033.50;0.00;0.00
10130;0;4495.50;9.50;1036.50;0.00;0.00
10131;0;4510.50;9.50;1035.50;0.00;0.00
10132;0;4738.50;9.50;1035.50;0.00;0.00
10133;0;1500.50;9.50;1034.50;0.00;0.00
10134;0;1690.50;9.50;1030.50;0.00;0.00
10135;0;1725.50;9.50;1033.50;0.00;0.00
10136;0;1734.50;9.50;1034.50;0.00;0.00
10137;0;2630.50;9.50;1033.50;0.00;0.00
10138;0;2723.50;9.50;1030.50;0.00;0.00
10139;0;2857.50;9.50;1033.50;0.00;0.00
10140;0;3190.50;9.50;1027.50;0.00;0.00
10141;0;3494.50;9.50;1032.50;0.00;0.00
10142;0;4432.50;9.50;1034.50;0.00;0.00
10143;0;4658.50;9.50;998.50;0.00;0.00
10144;0;1668.50;9.50;1032.50;0.00;0.00
10145;0;2588.50;9.50;1029.50;0.00;0.00
10146;0;2770.50;9.50;1033.50;0.00;0.00
10147;0;2892.50;9.50;1029.50;0.00;0.00
10148;0;2998.50;9.50;1035.50;0.00;0.00
10149;0;3285.50;9.50;1029.50;0.00;0.00
10150;0;3590.50;9.50;1027.50;0.00;0.00
10151;0;4490.50;9.50;1032.50;0.00;0.00
10152;0;1743.50;9.50;1031.50;0.00;0.00
10153;0;2658.50;9.50;1029.50;0.00;0.00
10154;0;2841.50;9.50;1032.50;0.00;0.00
10155;0;2943.50;9.50;1031.50;0.00;0.00
10156;0;2951.50;9.50;1034.50;0.00;0.00
10157;0;3111.50;9.50;1027.50;0.00;0.00
10158;0;3436.50;9.50;1030.50;0.00;0.00
10159;0;4013.50;9.50;1031.50;0.00;0.00
10160;0;4022.50;9.50;1034.50;0.00;0.00
10161;0;4503.50;9.50;1031.50;0.00;0.00
10162;0;4729.50;9.50;1030.50;0.00;0.00
10163;0;1659.50;9.50;1031.50;0.00;0.00
10164;0;1716.50;9.50;1031.50;0.00;0.00
10165;0;2605.50;9.50;1031.50;0.00;0.00
10166;0;2990.50;9.50;1030.50;0.00;0.00
10167;0;3038.50;9.50;1030.50;0.00;0.00
10168;0;3210.50;9.50;1027.50;0.00;0.00
10169;0;3380.50;9.50;1026.50;0.00;0.00
10170;0;3570.50;9.50;1025.50;0.00;0.00
10171;0;4032.50;9.50;1032.50;0.00;0.00
10172;0;4053.50;9.50;1032.50;0.00;0.00
10173;0;4483.50;9.50;1033.50;0.00;0.00
10174;0;2704.50;9.50;1027.50;0.00;0.00
10175;0;2906.50;9.50;1026.50;0.00;0.00
10176;0;2925.50;9.50;1028.50;0.00;0.00
10177;0;2934.50;9.50;1030.50;0.00;0.00
10178;0;2960.50;9.50;1030.50;0.00;0.00
10179;0;3138.50;9.50;1025.50;0.00;0.00
10180;0;4473.50;9.50;1031.50;0.00;0.00
10181;0;4754.50;9.50;1023.50;0.00;0.00
10182;0;1676.50;9.50;1029.50;0.00;0.00
10183;0;1707.50;9.50;1029.50;0.00;0.00
10184;0;3059.50;9.50;1024.50;0.00;0.00
10185;0;3396.50;9.50;1027.50;0.00;0.00
10186;0;3553.50;9.50;1022.50;0.00;0.00
10187;0;3611.50;9.50;1026.50;0.00;0.00
10188;0;4061.50;9.50;1030.50;0.00;0.00
10189;0;4443.50;9.50;1029.50;0.00;0.00
10190;0;1478.50;9.50;1024.50;0.00;0.00
10191;0;1816.50;9.50;1031.50;0.00;0.00
10192;0;2969.50;9.50;1025.50;0.00;0.00
10193;0;3014.50;9.50;1028.50;0.00;0.00
10194;0;3081.50;9.50;1025.50;0.00;0.00
10195;0;4454.50;9.50;1027.50;0.00;0.00
10196;0;1488.50;9.50;1027.50;0.00;0.00
10197;0;1643.50;9.50;1026.50;0.00;0.00
10198;0;1652.50;9.50;1025.50;0.00;0.00
10199;0;2639.50;9.50;1023.50;0.00;0.00
10200;0;2648.50;9.50;1022.50;0.00;0.00
10201;0;2796.50;9.50;1026.50;0.00;0.00
10202;0;2881.50;9.50;1026.50;0.00;0.00
10203;0;3345.50;9.50;1026.50;0.00;0.00
10204;0;4008.50;9.50;1026.50;0.00;0.00
10205;0;4039.50;9.50;1027.50;0.00;0.00
10206;0;1683.50;9.50;1024.50;0.00;0.00
10207;0;2617.50;9.50;1027.50;0.00;0.00
10208;0;2734.50;9.50;1024.50;0.00;0.00
10209;0;2822.50;9.50;1025.50;0.00;0.00
10210;0;2846.50;9.50;1022.50;0.00;0.00
10211;0;2977.50;9.50;1026.50;0.00;0.00
10212;0;3006.50;9.50;1024.50;0.00;0.00
10213;0;3322.50;9.50;1021.50;0.00;0.00
10214;0;3425.50;9.50;1025.50;0.00;0.00
10215;0;3476.50;9.50;1022.50;0.00;0.00
10216;0;4047.50;9.50;1026.50;0.00;0.00
10217;0;4365.50;9.50;1025.50;0.00;0.00
10218;0;4478.50;9.50;1025.50;0.00;0.00
10219;0;4744.50;9.50;1027.50;0.00;0.00
10220;0;1505.50;9.50;1021.50;0.00;0.00
10221;0;1698.50;9.50;1027.50;0.00;0.00
10222;0;2785.50;9.50;1026.50;0.00;0.00
10223;0;2834.50;9.50;1024.50;0.00;0.00
10224;0;2916.50;9.50;1027.50;0.00;0.00
10225;0;3019.50;9.50;1021.50;0.00;0.00
10226;0;3169.50;9.50;1022.50;0.00;0.00
10227;0;3451.50;9.50;1021.50;0.00;0.00
10228;0;3488.50;9.50;1025.50;0.00;0.00
10229;0;4024.50;9.50;1027.50;0.00;0.00
10230;0;4463.50;9.50;1027.50;0.00;0.00
10231;0;4469.50;9.50;1024.50;0.00;0.00
10232;0;4495.50;9.50;1026.50;0.00;0.00
10233;0;1494.50;9.50;1021.50;0.00;0.00
10234;0;2597.50;9.50;1021.50;0.00;0.00
10235;0;2778.50;9.50;1017.50;0.00;0.00
10236;0;3465.50;9.50;1014.50;0.00;0.00
10237;0;3533.50;9.50;1021.50;0.00;0.00
10238;0;1667.50;9.50;1022.50;0.00;0.00
10239;0;1858.50;9.50;1023.50;0.00;0.00
10240;0;2683.50;9.50;1022.50;0.00;0.00
10241;0;3032.50;9.50;1023.50;0.00;0.00
10242;0;3047.50;9.50;1021.50;0.00;0.00
10243;0;3359.50;9.50;1020.50;0.00;0.00
10244;0;3409.50;9.50;1021.50;0.00;0.00
10245;0;4488.50;9.50;1025.50;0.00;0.00
10246;0;4771.50;9.50;1022.50;0.00;0.00
10247;0;1637.50;9.50;1020.50;0.00;0.00
10248;0;1723.50;9.50;1021.50;0.00;0.00
10249;0;1732.50;9.50;1022.50;0.00;0.00
10250;0;1741.50;9.50;1024.50;0.00;0.00
10251;0;1828.50;9.50;1022.50;0.00;0.00
10252;0;1836.50;9.50;1026.50;0.00;0.00
10253;0;2609.50;9.50;1020.50;0.00;0.00
10254;0;2748.50;9.50;1017.50;0.00;0.00
10255;0;2946.50;9.50;1023.50;0.00;0.00
10256;0;3237.50;9.50;1018.50;0.00;0.00
10257;0;3299.50;9.50;1019.50;0.00;0.00
10258;0;3337.50;9.50;1015.50;0.00;0.00
10259;0;3504.50;9.50;1020.50;0.00;0.00
10260;0;4057.50;9.50;1023.50;0.00;0.00
10261;0;1815.50;9.50;1021.50;0.00;0.00
10262;0;2671.50;9.50;1019.50;0.00;0.00
10263;0;2717.50;9.50;1015.50;0.00;0.00
10264;0;3372.50;9.50;1019.50;0.00;0.00
10265;0;3602.50;9.50;1016.50;0.00;0.00
10266;0;1770.50;9.50;1021.50;0.00;0.00
10267;0;1779.50;9.50;1021.50;0.00;0.00
10268;0;2628.50;9.50;1021.50;0.00;0.00
10269;0;2760.50;9.50;1019.50;0.00;0.00
10270;0;2867.50;9.50;1019.50;0.00;0.00
10271;0;2899.50;9.50;1017.50;0.00;0.00
10272;0;2910.50;9.50;1017.50;0.00;0.00
10273;0;2931.50;9.50;1020.50;0.00;0.00
10274;0;3117.50;9.50;1009.50;0.00;0.00
10275;0;3157.50;9.50;1014.50;0.00;0.00
10276;0;3257.50;9.50;1017.50;0.00;0.00
10277;0;3272.50;9.50;1018.50;0.00;0.00
10278;0;3437.50;9.50;1020.50;0.00;0.00
10279;0;4016.50;9.50;1021.50;0.00;0.00
10280;0;4026.50;9.50;1022.50;0.00;0.00
10281;0;4033.50;9.50;1020.50;0.00;0.00
10282;0;1484.50;9.50;1017.50;0.00;0.00
10283;0;1715.50;9.50;1019.50;0.00;0.00
10284;0;1749.50;9.50;1020.50;0.00;0.00
10285;0;1762.50;9.50;1018.50;0.00;0.00
10286;0;2619.50;9.50;1016.50;0.00;0.00
10287;0;2769.50;9.50;1015.50;0.00;0.00
10288;0;2813.50;9.50;1019.50;0.00;0.00
10289;0;2857.50;9.50;1018.50;0.00;0.00
10290;0;2921.50;9.50;1019.50;0.00;0.00
10291;0;2990.50;9.50;1019.50;0.00;0.00
10292;0;3495.50;9.50;1019.50;0.00;0.00
10293;0;3520.50;9.50;1017.50;0.00;0.00
10294;0;4458.50;9.50;1021.50;0.00;0.00
10295;0;4742.50;9.50;1019.50;0.00;0.00
10296;0;2660.50;9.50;1016.50;0.00;0.00
10297;0;3099.50;9.50;1012.50;0.00;0.00
10298;0;3132.50;9.50;1011.50;0.00;0.00
10299;0;4050.50;9.50;1019.50;0.00;0.00
10300;0;1648.50;9.50;1017.50;0.00;0.00
10301;0;1679.50;9.50;1016.50;0.00;0.00
10302;0;1704.50;9.50;1018.50;0.00;0.00
10303;0;2696.50;9.50;1014.50;0.00;0.00
10304;0;2731.50;9.50;1013.50;0.00;0.00
10305;0;2795.50;9.50;1013.50;0.00;0.00
10306;0;2965.50;9.50;1015.50;0.00;0.00
10307;0;3011.50;9.50;1015.50;0.00;0.00
10308;0;4041.50;9.50;1018.50;0.00;0.00
10309;0;4783.50;9.50;1005.50;0.00;0.00
10310;0;1654.50;9.50;1016.50;0.00;0.00
10311;0;1661.50;9.50;1017.50;0.00;0.00
10312;0;1670.50;9.50;1013.50;0.00;0.00
10313;0;1755.50;9.50;1016.50;0.00;0.00
10314;0;1785.50;9.50;1017.50;0.00;0.00
10315;0;2706.50;9.50;1012.50;0.00;0.00
10316;0;2955.50;9.50;1011.50;0.00;0.00
10317;0;3215.50;9.50;1010.50;0.00;0.00
10318;0;3428.50;9.50;1015.50;0.00;0.00
10319;0;4011.50;9.50;1017.50;0.00;0.00
10320;0;4464.50;9.50;1018.50;0.00;0.00
10321;0;4472.50;9.50;1017.50;0.00;0.00
10322;0;4481.50;9.50;1018.50;0.00;0.00
10323;0;1738.50;9.50;1017.50;0.00;0.00
10324;0;1807.50;9.50;1013.50;0.00;0.00
10325;0;2979.50;9.50;1015.50;0.00;0.00
10326;0;2998.50;9.50;1014.50;0.00;0.00
10327;0;3312.50;9.50;1010.50;0.00;0.00
10328;0;3420.50;9.50;1008.50;0.00;0.00
10329;0;1686.50;9.50;1009.50;0.00;0.00
10330;0;1820.50;9.50;1013.50;0.00;0.00
10331;0;1830.50;9.50;1012.50;0.00;0.00
10332;0;2805.50;9.50;1011.50;0.00;0.00
10333;0;2943.50;9.50;1015.50;0.00;0.00
10334;0;3078.50;9.50;1009.50;0.00;0.00
10335;0;3288.50;9.50;1011.50;0.00;0.00
10336;0;3392.50;9.50;1011.50;0.00;0.00
10337;0;3486.50;9.50;1009.50;0.00;0.00
10338;0;1512.50;9.50;1011.50;0.00;0.00
10339;0;1727.50;9.50;1014.50;0.00;0.00
10340;0;1800.50;9.50;1013.50;0.00;0.00
10341;0;2681.50;9.50;1011.50;0.00;0.00
10342;0;2832.50;9.50;1013.50;0.00;0.00
10343;0;2877.50;9.50;1014.50;0.00;0.00
10344;0;2890.50;9.50;1012.50;0.00;0.00
10345;0;3019.50;9.50;1012.50;0.00;0.00
10346;0;3032.50;9.50;1014.50;0.00;0.00
10347;0;3056.50;9.50;1010.50;0.00;0.00
10348;0;3195.50;9.50;1009.50;0.00;0.00
10349;0;4022.50;9.50;1014.50;0.00;0.00
10350;0;4761.50;9.50;1014.50;0.00;0.00
10351;0;1501.50;9.50;1011.50;0.00;0.00
10352;0;1636.50;9.50;1007.50;0.00;0.00
10353;0;1642.50;9.50;1013.50;0.00;0.00
10354;0;1793.50;9.50;1012.50;0.00;0.00
10355;0;2648.50;9.50;1013.50;0.00;0.00
10356;0;1716.50;9.50;1010.50;0.00;0.00
10357;0;1771.50;9.50;1012.50;0.00;0.00
10358;0;1836.50;9.50;1006.50;0.00;0.00
10359;0;1847.50;9.50;1008.50;0.00;0.00
10360;0;2606.50;9.50;1011.50;0.00;0.00
10361;0;2815.50;9.50;1008.50;0.00;0.00
10362;0;2843.50;9.50;1009.50;0.00;0.00
10363;0;2935.50;9.50;1011.50;0.00;0.00
10364;0;3446.50;9.50;1009.50;0.00;0.00
10365;0;3500.50;9.50;1011.50;0.00;0.00
10366;0;3569.50;9.50;1008.50;0.00;0.00
10367;0;4029.50;9.50;1012.50;0.00;0.00
10368;0;4047.50;9.50;1012.50;0.00;0.00
10369;0;2614.50;9.50;1010.50;0.00;0.00
10370;0;2827.50;9.50;1004.50;0.00;0.00
10371;0;3042.50;9.50;1009.50;0.00;0.00
10372;0;3172.50;9.50;1004.50;0.00;0.00
10373;0;3230.50;9.50;1001.50;0.00;0.00
10374;0;3364.50;9.50;1001.50;0.00;0.00
10375;0;3409.50;9.50;1007.50;0.00;0.00
10376;0;3551.50;9.50;1007.50;0.00;0.00
10377;0;4037.50;9.50;1011.50;0.00;0.00
10378;0;4362.50;9.50;1008.50;0.00;0.00
10379;0;4477.50;9.50;1011.50;0.00;0.00
10380;0;4739.50;9.50;1009.50;0.00;0.00
10381;0;1741.50;9.50;1009.50;0.00;0.00
10382;0;1750.50;9.50;1009.50;0.00;0.00
10383;0;1764.50;9.50;1009.50;0.00;0.00
10384;0;1780.50;9.50;1009.50;0.00;0.00
10385;0;2633.50;9.50;1010.50;0.00;0.00
10386;0;3065.50;9.50;1007.50;0.00;0.00
10387;0;3515.50;9.50;1008.50;0.00;0.00
10388;0;3530.50;9.50;1007.50;0.00;0.00
10389;0;4017.50;9.50;1011.50;0.00;0.00
10390;0;4460.50;9.50;1009.50;0.00;0.00
10391;0;1729.50;9.50;1007.50;0.00;0.00
10392;0;2624.50;9.50;1007.50;0.00;0.00
10393;0;2673.50;9.50;1001.50;0.00;0.00
10394;0;2760.50;9.50;1006.50;0.00;0.00
10395;0;2861.50;9.50;1007.50;0.00;0.00
10396;0;2912.50;9.50;1009.50;0.00;0.00
10397;0;2974.50;9.50;1006.50;0.00;0.00
10398;0;3005.50;9.50;1007.50;0.00;0.00
10399;0;3593.50;9.50;1003.50;0.00;0.00
10400;0;4073.50;9.50;1006.50;0.00;0.00
10401;0;4469.50;9.50;1007.50;0.00;0.00
10402;0;1710.50;9.50;1004.50;0.00;0.00
10403;0;1758.50;9.50;1007.50;0.00;0.00
10404;0;2641.50;9.50;1006.50;0.00;0.00
10405;0;2871.50;9.50;1008.50;0.00;0.00
10406;0;2882.50;9.50;1006.50;0.00;0.00
10407;0;2901.50;9.50;1007.50;0.00;0.00
10408;0;2924.50;9.50;1008.50;0.00;0.00
10409;0;3279.50;9.50;1001.50;0.00;0.00
10410;0;3326.50;9.50;1005.50;0.00;0.00
10411;0;3506.50;9.50;1004.50;0.00;0.00
10412;0;1652.50;9.50;1007.50;0.00;0.00
10413;0;1735.50;9.50;1004.50;0.00;0.00
10414;0;1810.50;9.50;1006.50;0.00;0.00
10415;0;1858.50;9.50;1002.50;0.00;0.00
10416;0;2663.50;9.50;1003.50;0.00;0.00
10417;0;2724.50;9.50;1004.50;0.00;0.00
10418;0;2781.50;9.50;1002.50;0.00;0.00
10419;0;3029.50;9.50;1006.50;0.00;0.00
10420;0;1572.50;9.50;1004.50;0.00;0.00
10421;0;1679.50;9.50;1006.50;0.00;0.00
10422;0;2745.50;9.50;1004.50;0.00;0.00
10423;0;2792.50;9.50;1004.50;0.00;0.00
10424;0;2945.50;9.50;1007.50;0.00;0.00
10425;0;2963.50;9.50;1005.50;0.00;0.00
10426;0;3050.50;9.50;1001.50;0.00;0.00
10427;0;3090.50;9.50;1001.50;0.00;0.00
10428;0;3150.50;9.50;1001.50;0.00;0.00
10429;0;3435.50;9.50;1003.50;0.00;0.00
10430;0;4042.50;9.50;1005.50;0.00;0.00
10431;0;1522.50;9.50;1004.50;0.00;0.00
10432;0;1664.50;9.50;1005.50;0.00;0.00
10433;0;1792.50;9.50;1000.50;0.00;0.00
10434;0;1825.50;9.50;1004.50;0.00;0.00
10435;0;2701.50;9.50;1003.50;0.00;0.00
10436;0;2853.50;9.50;1003.50;0.00;0.00
10437;0;3247.50;9.50;1004.50;0.00;0.00
10438;0;3476.50;9.50;1003.50;0.00;0.00
10439;0;3588.50;9.50;987.50;0.00;0.00
10440;0;4014.50;9.50;1004.50;0.00;0.00
10441;0;4048.50;9.50;1006.50;0.00;0.00
10442;0;2988.50;9.50;1003.50;0.00;0.00
10443;0;3341.50;9.50;1000.50;0.00;0.00
10444;0;1587.50;9.50;1002.50;0.00;0.00
10445;0;1628.50;9.50;1002.50;0.00;0.00
10446;0;1691.50;9.50;1003.50;0.00;0.00
10447;0;2868.50;9.50;1001.50;0.00;0.00
10448;0;3011.50;9.50;999.50;0.00;0.00
10449;0;3023.50;9.50;998.50;0.00;0.00
10450;0;3299.50;9.50;998.50;0.00;0.00
10451;0;3464.50;9.50;1002.50;0.00;0.00
10452;0;4022.50;9.50;1004.50;0.00;0.00
10453;0;4368.50;9.50;999.50;0.00;0.00
10454;0;1533.50;9.50;998.50;0.00;0.00
10455;0;1642.50;9.50;1001.50;0.00;0.00
10456;0;1769.50;9.50;1002.50;0.00;0.00
10457;0;1806.50;9.50;998.50;0.00;0.00
10458;0;2685.50;9.50;998.50;0.00;0.00
10459;0;2735.50;9.50;996.50;0.00;0.00
10460;0;2770.50;9.50;998.50;0.00;0.00
10461;0;2908.50;9.50;1001.50;0.00;0.00
10462;0;3036.50;9.50;999.50;0.00;0.00
10463;0;3106.50;9.50;996.50;0.00;0.00
10464;0;3386.50;9.50;997.50;0.00;0.00
10465;0;3454.50;9.50;1000.50;0.00;0.00
10466;0;3495.50;9.50;996.50;0.00;0.00
10467;0;3521.50;9.50;999.50;0.00;0.00
10468;0;4030.50;9.50;1003.50;0.00;0.00
10469;0;4079.50;9.50;998.50;0.00;0.00
10470;0;2807.50;9.50;1001.50;0.00;0.00
10471;0;2889.50;9.50;999.50;0.00;0.00
10472;0;2931.50;9.50;1000.50;0.00;0.00
10473;0;2938.50;9.50;995.50;0.00;0.00
10474;0;2946.50;9.50;998.50;0.00;0.00
10475;0;3141.50;9.50;988.50;0.00;0.00
10476;0;3540.50;9.50;996.50;0.00;0.00
10477;0;4376.50;9.50;996.50;0.00;0.00
10478;0;4460.50;9.50;1000.50;0.00;0.00
10479;0;1513.50;9.50;999.50;0.00;0.00
10480;0;1654.50;9.50;996.50;0.00;0.00
10481;0;1673.50;9.50;999.50;0.00;0.00
10482;0;1684.50;9.50;998.50;0.00;0.00
10483;0;1704.50;9.50;998.50;0.00;0.00
10484;0;1747.50;9.50;999.50;0.00;0.00
10485;0;1758.50;9.50;1000.50;0.00;0.00
10486;0;1782.50;9.50;1000.50;0.00;0.00
10487;0;2616.50;9.50;996.50;0.00;0.00
10488;0;2656.50;9.50;996.50;0.00;0.00
10489;0;2996.50;9.50;995.50;0.00;0.00
10490;0;3062.50;9.50;995.50;0.00;0.00
10491;0;3400.50;9.50;997.50;0.00;0.00
10492;0;4036.50;9.50;999.50;0.00;0.00
10493;0;4772.50;9.50;995.50;0.00;0.00
10494;0;1559.50;9.50;995.50;0.00;0.00
10495;0;1633.50;9.50;994.50;0.00;0.00
10496;0;1726.50;9.50;999.50;0.00;0.00
10497;0;2630.50;9.50;997.50;0.00;0.00
10498;0;2713.50;9.50;996.50;0.00;0.00
10499;0;2836.50;9.50;998.50;0.00;0.00
10500;0;2845.50;9.50;998.50;0.00;0.00
10501;0;2873.50;9.50;996.50;0.00;0.00
10502;0;2918.50;9.50;999.50;0.00;0.00
10503;0;2926.50;9.50;995.50;0.00;0.00
10504;0;2962.50;9.50;997.50;0.00;0.00
10505;0;3416.50;9.50;997.50;0.00;0.00
10506;0;4785.50;9.50;996.50;0.00;0.00
10507;0;1816.50;9.50;998.50;0.00;0.00
10508;0;1835.50;9.50;997.50;0.00;0.00
10509;0;2899.50;9.50;997.50;0.00;0.00
10510;0;2971.50;9.50;997.50;0.00;0.00
10511;0;3125.50;9.50;992.50;0.00;0.00
10512;0;3175.50;9.50;988.50;0.00;0.00
10513;0;3215.50;9.50;991.50;0.00;0.00
10514;0;3315.50;9.50;991.50;0.00;0.00
10515;0;3433.50;9.50;992.50;0.00;0.00
10516;0;3560.50;9.50;992.50;0.00;0.00
10517;0;4070.50;9.50;997.50;0.00;0.00
10518;0;1774.50;9.50;995.50;0.00;0.00
10519;0;2644.50;9.50;995.50;0.00;0.00
10520;0;2700.50;9.50;990.50;0.00;0.00
10521;0;3077.50;9.50;990.50;0.00;0.00
10522;0;3271.50;9.50;989.50;0.00;0.00
10523;0;3481.50;9.50;997.50;0.00;0.00
10524;0;1596.50;9.50;993.50;0.00;0.00
10525;0;1850.50;9.50;994.50;0.00;0.00
10526;0;2671.50;9.50;992.50;0.00;0.00
10527;0;2813.50;9.50;993.50;0.00;0.00
10528;0;2880.50;9.50;993.50;0.00;0.00
10529;0;2955.50;9.50;989.50;0.00;0.00
10530;0;3241.50;9.50;992.50;0.00;0.00
10531;0;3257.50;9.50;990.50;0.00;0.00
10532;0;1646.50;9.50;994.50;0.00;0.00
10533;0;1716.50;9.50;995.50;0.00;0.00
10534;0;1737.50;9.50;994.50;0.00;0.00
10535;0;3045.50;9.50;991.50;0.00;0.00
10536;0;3446.50;9.50;993.50;0.00;0.00
10537;0;4021.50;9.50;995.50;0.00;0.00
10538;0;1525.50;9.50;993.50;0.00;0.00
10539;0;1544.50;9.50;990.50;0.00;0.00
10540;0;1824.50;9.50;992.50;0.00;0.00
10541;0;2749.50;9.50;991.50;0.00;0.00
10542;0;2831.50;9.50;988.50;0.00;0.00
10543;0;2983.50;9.50;990.50;0.00;0.00
10544;0;3507.50;9.50;987.50;0.00;0.00
10545;0;1618.50;9.50;992.50;0.00;0.00
10546;0;1865.50;9.50;989.50;0.00;0.00
10547;0;2725.50;9.50;989.50;0.00;0.00
10548;0;2758.50;9.50;988.50;0.00;0.00
10549;0;2767.50;9.50;988.50;0.00;0.00
10550;0;3374.50;9.50;991.50;0.00;0.00
10551;0;3519.50;9.50;989.50;0.00;0.00
10552;0;4027.50;9.50;989.50;0.00;0.00
10553;0;1670.50;9.50;991.50;0.00;0.00
10554;0;1698.50;9.50;990.50;0.00;0.00
10555;0;1760.50;9.50;992.50;0.00;0.00
10556;0;2780.50;9.50;985.50;0.00;0.00
10557;0;2822.50;9.50;992.50;0.00;0.00
10558;0;2855.50;9.50;991.50;0.00;0.00
10559;0;2867.50;9.50;992.50;0.00;0.00
10560;0;2893.50;9.50;991.50;0.00;0.00
10561;0;2916.50;9.50;987.50;0.00;0.00
10562;0;3003.50;9.50;988.50;0.00;0.00
10563;0;3464.50;9.50;991.50;0.00;0.00
10564;0;3574.50;9.50;982.50;0.00;0.00
10565;0;4034.50;9.50;992.50;0.00;0.00
10566;0;4749.50;9.50;989.50;0.00;0.00
10567;0;1664.50;9.50;985.50;0.00;0.00
10568;0;1710.50;9.50;988.50;0.00;0.00
10569;0;1727.50;9.50;990.50;0.00;0.00
10570;0;1799.50;9.50;986.50;0.00;0.00
10571;0;1810.50;9.50;990.50;0.00;0.00
10572;0;2792.50;9.50;986.50;0.00;0.00
10573;0;3016.50;9.50;989.50;0.00;0.00
10574;0;3093.50;9.50;990.50;0.00;0.00
10575;0;3190.50;9.50;981.50;0.00;0.00
10576;0;3286.50;9.50;988.50;0.00;0.00
10577;0;3426.50;9.50;988.50;0.00;0.00
10578;0;4357.50;9.50;991.50;0.00;0.00
10579;0;1609.50;9.50;975.50;0.00;0.00
10580;0;1626.50;9.50;987.50;0.00;0.00
10581;0;1678.50;9.50;987.50;0.00;0.00
10582;0;1687.50;9.50;988.50;0.00;0.00
10583;0;1784.50;9.50;987.50;0.00;0.00
10584;0;3346.50;9.50;985.50;0.00;0.00
10585;0;3478.50;9.50;983.50;0.00;0.00
10586;0;4080.50;9.50;987.50;0.00;0.00
10587;0;4763.50;9.50;991.50;0.00;0.00
10588;0;4778.50;9.50;988.50;0.00;0.00
10589;0;1655.50;9.50;987.50;0.00;0.00
10590;0;1747.50;9.50;989.50;0.00;0.00
10591;0;2801.50;9.50;982.50;0.00;0.00
10592;0;2845.50;9.50;987.50;0.00;0.00
10593;0;2908.50;9.50;988.50;0.00;0.00
10594;0;2944.50;9.50;988.50;0.00;0.00
10595;0;3030.50;9.50;986.50;0.00;0.00
10596;0;3116.50;9.50;978.50;0.00;0.00
10597;0;3162.50;9.50;980.50;0.00;0.00
10598;0;4376.50;9.50;988.50;0.00;0.00
10599;0;1769.50;9.50;986.50;0.00;0.00
10600;0;2611.50;9.50;989.50;0.00;0.00
10601;0;2632.50;9.50;986.50;0.00;0.00
10602;0;2716.50;9.50;986.50;0.00;0.00
10603;0;2740.50;9.50;987.50;0.00;0.00
10604;0;2874.50;9.50;987.50;0.00;0.00
10605;0;2931.50;9.50;988.50;0.00;0.00
10606;0;2972.50;9.50;985.50;0.00;0.00
10607;0;3065.50;9.50;983.50;0.00;0.00
10608;0;3415.50;9.50;985.50;0.00;0.00
10609;0;1637.50;9.50;987.50;0.00;0.00
10610;0;1878.50;9.50;978.50;0.00;0.00
10611;0;2654.50;9.50;983.50;0.00;0.00
10612;0;3102.50;9.50;978.50;0.00;0.00
10613;0;3393.50;9.50;982.50;0.00;0.00
10614;0;3406.50;9.50;981.50;0.00;0.00
10615;0;4068.50;9.50;986.50;0.00;0.00
10616;0;1600.50;9.50;983.50;0.00;0.00
10617;0;1830.50;9.50;983.50;0.00;0.00
10618;0;1841.50;9.50;982.50;0.00;0.00
10619;0;2620.50;9.50;984.50;0.00;0.00
10620;0;2664.50;9.50;979.50;0.00;0.00
10621;0;2683.50;9.50;984.50;0.00;0.00
10622;0;2865.50;9.50;985.50;0.00;0.00
10623;0;2882.50;9.50;987.50;0.00;0.00
10624;0;3357.50;9.50;977.50;0.00;0.00
10625;0;3530.50;9.50;980.50;0.00;0.00
10626;0;4771.50;9.50;983.50;0.00;0.00
10627;0;2833.50;9.50;980.50;0.00;0.00
10628;0;3205.50;9.50;978.50;0.00;0.00
10629;0;4088.50;9.50;981.50;0.00;0.00
10630;0;4741.50;9.50;982.50;0.00;0.00
10631;0;1718.50;9.50;984.50;0.00;0.00
10632;0;1851.50;9.50;979.50;0.00;0.00
10633;0;2643.50;9.50;983.50;0.00;0.00
10634;0;2732.50;9.50;980.50;0.00;0.00
10635;0;3434.50;9.50;984.50;0.00;0.00
10636;0;3449.50;9.50;982.50;0.00;0.00
10637;0;1554.50;9.50;980.50;0.00;0.00
10638;0;2853.50;9.50;983.50;0.00;0.00
10639;0;2928.50;9.50;980.50;0.00;0.00
10640;0;2993.50;9.50;978.50;0.00;0.00
10641;0;3010.50;9.50;978.50;0.00;0.00
10642;0;3047.50;9.50;978.50;0.00;0.00
10643;0;3227.50;9.50;976.50;0.00;0.00
10644;0;3243.50;9.50;977.50;0.00;0.00
10645;0;3304.50;9.50;978.50;0.00;0.00
10646;0;3321.50;9.50;977.50;0.00;0.00
10647;0;3496.50;9.50;978.50;0.00;0.00
10648;0;3547.50;9.50;977.50;0.00;0.00
10649;0;4757.50;9.50;983.50;0.00;0.00
10650;0;4786.50;9.50;982.50;0.00;0.00
10651;0;1645.50;9.50;982.50;0.00;0.00
10652;0;1819.50;9.50;979.50;0.00;0.00
10653;0;1893.50;9.50;974.50;0.00;0.00
10654;0;2673.50;9.50;981.50;0.00;0.00
10655;0;2889.50;9.50;982.50;0.00;0.00
10656;0;2902.50;9.50;983.50;0.00;0.00
10657;0;2944.50;9.50;978.50;0.00;0.00
10658;0;3377.50;9.50;973.50;0.00;0.00
10659;0;4731.50;9.50;982.50;0.00;0.00
10660;0;1671.50;9.50;982.50;0.00;0.00
10661;0;1690.50;9.50;980.50;0.00;0.00
10662;0;1730.50;9.50;978.50;0.00;0.00
10663;0;2700.50;9.50;978.50;0.00;0.00
10664;0;2753.50;9.50;980.50;0.00;0.00
10665;0;2896.50;9.50;981.50;0.00;0.00
10666;0;2956.50;9.50;980.50;0.00;0.00
10667;0;1705.50;9.50;979.50;0.00;0.00
10668;0;1754.50;9.50;978.50;0.00;0.00
10669;0;2691.50;9.50;974.50;0.00;0.00
10670;0;2863.50;9.50;973.50;0.00;0.00
10671;0;2870.50;9.50;981.50;0.00;0.00
10672;0;2883.50;9.50;980.50;0.00;0.00
10673;0;3464.50;9.50;979.50;0.00;0.00
10674;0;4380.50;9.50;980.50;0.00;0.00
10675;0;1742.50;9.50;975.50;0.00;0.00
10676;0;1808.50;9.50;971.50;0.00;0.00
10677;0;1861.50;9.50;972.50;0.00;0.00
10678;0;2766.50;9.50;979.50;0.00;0.00
10679;0;2919.50;9.50;979.50;0.00;0.00
10680;0;2982.50;9.50;978.50;0.00;0.00
10681;0;3087.50;9.50;972.50;0.00;0.00
10682;0;3269.50;9.50;977.50;0.00;0.00
10683;0;3439.50;9.50;976.50;0.00;0.00
10684;0;4765.50;9.50;976.50;0.00;0.00
10685;0;1622.50;9.50;979.50;0.00;0.00
10686;0;1765.50;9.50;975.50;0.00;0.00
10687;0;1792.50;9.50;975.50;0.00;0.00
10688;0;2748.50;9.50;973.50;0.00;0.00
10689;0;2779.50;9.50;978.50;0.00;0.00
10690;0;2876.50;9.50;978.50;0.00;0.00
10691;0;2934.50;9.50;975.50;0.00;0.00
10692;0;2967.50;9.50;975.50;0.00;0.00
10693;0;3257.50;9.50;974.50;0.00;0.00
10694;0;3422.50;9.50;977.50;0.00;0.00
10695;0;4076.50;9.50;976.50;0.00;0.00
10696;0;4921.50;9.50;978.50;0.00;0.00
10697;0;1636.50;9.50;974.50;0.00;0.00
10698;0;1655.50;9.50;977.50;0.00;0.00
10699;0;2710.50;9.50;977.50;0.00;0.00
10700;0;2723.50;9.50;976.50;0.00;0.00
10701;0;2907.50;9.50;979.50;0.00;0.00
10702;0;3072.50;9.50;972.50;0.00;0.00
10703;0;3281.50;9.50;970.50;0.00;0.00
10704;0;4791.50;9.50;973.50;0.00;0.00
10705;0;1720.50;9.50;974.50;0.00;0.00
10706;0;2631.50;9.50;976.50;0.00;0.00
10707;0;2828.50;9.50;970.50;0.00;0.00
10708;0;3030.50;9.50;973.50;0.00;0.00
10709;0;3147.50;9.50;969.50;0.00;0.00
10710;0;3337.50;9.50;971.50;0.00;0.00
10711;0;1645.50;9.50;975.50;0.00;0.00
10712;0;1664.50;9.50;974.50;0.00;0.00
10713;0;1679.50;9.50;974.50;0.00;0.00
10714;0;1779.50;9.50;970.50;0.00;0.00
10715;0;2645.50;9.50;969.50;0.00;0.00
10716;0;2680.50;9.50;968.50;0.00;0.00
10717;0;2775.50;9.50;970.50;0.00;0.00
10718;0;2790.50;9.50;971.50;0.00;0.00
10719;0;2845.50;9.50;974.50;0.00;0.00
10720;0;2856.50;9.50;974.50;0.00;0.00
10721;0;3018.50;9.50;969.50;0.00;0.00
10722;0;3578.50;9.50;967.50;0.00;0.00
10723;0;4386.50;9.50;971.50;0.00;0.00
10724;0;1671.50;9.50;971.50;0.00;0.00
10725;0;2737.50;9.50;971.50;0.00;0.00
10726;0;2811.50;9.50;972.50;0.00;0.00
10727;0;2913.50;9.50;972.50;0.00;0.00
10728;0;2952.50;9.50;972.50;0.00;0.00
10729;0;2975.50;9.50;973.50;0.00;0.00
10730;0;3409.50;9.50;973.50;0.00;0.00
10731;0;3456.50;9.50;970.50;0.00;0.00
10732;0;4771.50;9.50;969.50;0.00;0.00
10733;0;4777.50;9.50;974.50;0.00;0.00
10734;0;1626.50;9.50;970.50;0.00;0.00
10735;0;1831.50;9.50;970.50;0.00;0.00
10736;0;2801.50;9.50;973.50;0.00;0.00
10737;0;2871.50;9.50;972.50;0.00;0.00
10738;0;2886.50;9.50;973.50;0.00;0.00
10739;0;3429.50;9.50;971.50;0.00;0.00
10740;0;3483.50;9.50;967.50;0.00;0.00
10741;0;3561.50;9.50;968.50;0.00;0.00
10742;0;1694.50;9.50;973.50;0.00;0.00
10743;0;2656.50;9.50;971.50;0.00;0.00
10744;0;2836.50;9.50;972.50;0.00;0.00
10745;0;2897.50;9.50;973.50;0.00;0.00
10746;0;2905.50;9.50;973.50;0.00;0.00
10747;0;3059.50;9.50;969.50;0.00;0.00
10748;0;3122.50;9.50;968.50;0.00;0.00
10749;0;3181.50;9.50;967.50;0.00;0.00
10750;0;3391.50;9.50;967.50;0.00;0.00
10751;0;4091.50;9.50;970.50;0.00;0.00
10752;0;4378.50;9.50;971.50;0.00;0.00
10753;0;5492.50;9.50;971.50;0.00;0.00
10754;0;2668.50;9.50;969.50;0.00;0.00
10755;0;2761.50;9.50;967.50;0.00;0.00
10756;0;2925.50;9.50;970.50;0.00;0.00
10757;0;2942.50;9.50;970.50;0.00;0.00
10758;0;3043.50;9.50;966.50;0.00;0.00
10759;0;3165.50;9.50;964.50;0.00;0.00
10760;0;3403.50;9.50;965.50;0.00;0.00
10761;0;3445.50;9.50;968.50;0.00;0.00
10762;0;3535.50;9.50;965.50;0.00;0.00
10763;0;4067.50;9.50;971.50;0.00;0.00
10764;0;1642.50;9.50;968.50;0.00;0.00
10765;0;2710.50;9.50;969.50;0.00;0.00
10766;0;2992.50;9.50;969.50;0.00;0.00
10767;0;3215.50;9.50;964.50;0.00;0.00
10768;0;3520.50;9.50;963.50;0.00;0.00
10769;0;1650.50;9.50;966.50;0.00;0.00
10770;0;1733.50;9.50;964.50;0.00;0.00
10771;0;1846.50;9.50;963.50;0.00;0.00
10772;0;2726.50;9.50;967.50;0.00;0.00
10773;0;2961.50;9.50;968.50;0.00;0.00
10774;0;3504.50;9.50;961.50;0.00;0.00
10775;0;4761.50;9.50;966.50;0.00;0.00
10776;0;5291.50;9.50;968.50;0.00;0.00
10777;0;1713.50;9.50;963.50;0.00;0.00
10778;0;1751.50;9.50;964.50;0.00;0.00
10779;0;1880.50;9.50;963.50;0.00;0.00
10780;0;2878.50;9.50;968.50;0.00;0.00
10781;0;2903.50;9.50;968.50;0.00;0.00
10782;0;2917.50;9.50;965.50;0.00;0.00
10783;0;2982.50;9.50;964.50;0.00;0.00
10784;0;3349.50;9.50;959.50;0.00;0.00
10785;0;1634.50;9.50;965.50;0.00;0.00
10786;0;1662.50;9.50;965.50;0.00;0.00
10787;0;1701.50;9.50;964.50;0.00;0.00
10788;0;2784.50;9.50;965.50;0.00;0.00
10789;0;2823.50;9.50;960.50;0.00;0.00
10790;0;2856.50;9.50;967.50;0.00;0.00
10791;0;2932.50;9.50;966.50;0.00;0.00
10792;0;3003.50;9.50;963.50;0.00;0.00
10793;0;3298.50;9.50;963.50;0.00;0.00
10794;0;3367.50;9.50;963.50;0.00;0.00
10795;0;1610.50;9.50;961.50;0.00;0.00
10796;0;1675.50;9.50;965.50;0.00;0.00
10797;0;1680.50;9.50;955.50;0.00;0.00
10798;0;1796.50;9.50;961.50;0.00;0.00
10799;0;1901.50;9.50;965.50;0.00;0.00
10800;0;2693.50;9.50;963.50;0.00;0.00
10801;0;2771.50;9.50;960.50;0.00;0.00
10802;0;2796.50;9.50;965.50;0.00;0.00
10803;0;2851.50;9.50;964.50;0.00;0.00
10804;0;2909.50;9.50;963.50;0.00;0.00
10805;0;3102.50;9.50;962.50;0.00;0.00
10806;0;3418.50;9.50;963.50;0.00;0.00
10807;0;4070.50;9.50;968.50;0.00;0.00
10808;0;4648.50;9.50;960.50;0.00;0.00
10809;0;1620.50;9.50;962.50;0.00;0.00
10810;0;2701.50;9.50;957.50;0.00;0.00
10811;0;2747.50;9.50;964.50;0.00;0.00
10812;0;2844.50;9.50;965.50;0.00;0.00
10813;0;2891.50;9.50;962.50;0.00;0.00
10814;0;3317.50;9.50;961.50;0.00;0.00
10815;0;4073.50;9.50;960.50;0.00;0.00
10816;0;4084.50;9.50;961.50;0.00;0.00
10817;0;4397.50;9.50;963.50;0.00;0.00
10818;0;1691.50;9.50;959.50;0.00;0.00
10819;0;1773.50;9.50;958.50;0.00;0.00
10820;0;1867.50;9.50;953.50;0.00;0.00
10821;0;2651.50;9.50;962.50;0.00;0.00
10822;0;2806.50;9.50;961.50;0.00;0.00
10823;0;2839.50;9.50;960.50;0.00;0.00
10824;0;2950.50;9.50;961.50;0.00;0.00
10825;0;2972.50;9.50;961.50;0.00;0.00
10826;0;3032.50;9.50;960.50;0.00;0.00
10827;0;3134.50;9.50;955.50;0.00;0.00
10828;0;3432.50;9.50;963.50;0.00;0.00
10829;0;4384.50;9.50;964.50;0.00;0.00
10830;0;1825.50;9.50;956.50;0.00;0.00
10831;0;1892.50;9.50;956.50;0.00;0.00
10832;0;1910.50;9.50;957.50;0.00;0.00
10833;0;2737.50;9.50;962.50;0.00;0.00
10834;0;2832.50;9.50;962.50;0.00;0.00
10835;0;2899.50;9.50;963.50;0.00;0.00
10836;0;3245.50;9.50;958.50;0.00;0.00
10837;0;3274.50;9.50;957.50;0.00;0.00
10838;0;3380.50;9.50;956.50;0.00;0.00
10839;0;2711.50;9.50;961.50;0.00;0.00
10840;0;2869.50;9.50;962.50;0.00;0.00
10841;0;2941.50;9.50;958.50;0.00;0.00
10842;0;2959.50;9.50;960.50;0.00;0.00
10843;0;3052.50;9.50;956.50;0.00;0.00
10844;0;3074.50;9.50;958.50;0.00;0.00
10845;0;3089.50;9.50;956.50;0.00;0.00
10846;0;3259.50;9.50;953.50;0.00;0.00
10847;0;4725.50;9.50;963.50;0.00;0.00
10848;0;4767.50;9.50;959.50;0.00;0.00
10849;0;1642.50;9.50;961.50;0.00;0.00
10850;0;1658.50;9.50;957.50;0.00;0.00
10851;0;2730.50;9.50;959.50;0.00;0.00
10852;0;2756.50;9.50;959.50;0.00;0.00
10853;0;2876.50;9.50;962.50;0.00;0.00
10854;0;2923.50;9.50;961.50;0.00;0.00
10855;0;3015.50;9.50;959.50;0.00;0.00
10856;0;3151.50;9.50;956.50;0.00;0.00
10857;0;3186.50;9.50;954.50;0.00;0.00
10858;0;3450.50;9.50;957.50;0.00;0.00
10859;0;3471.50;9.50;955.50;0.00;0.00
10860;0;4408.50;9.50;956.50;0.00;0.00
10861;0;4777.50;9.50;955.50;0.00;0.00
10862;0;1629.50;9.50;957.50;0.00;0.00
10863;0;1668.50;9.50;959.50;0.00;0.00
10864;0;2659.50;9.50;958.50;0.00;0.00
10865;0;2669.50;9.50;958.50;0.00;0.00
10866;0;3439.50;9.50;958.50;0.00;0.00
10867;0;2721.50;9.50;955.50;0.00;0.00
10868;0;2790.50;9.50;958.50;0.00;0.00
10869;0;2812.50;9.50;956.50;0.00;0.00
10870;0;2932.50;9.50;958.50;0.00;0.00
10871;0;2963.50;9.50;954.50;0.00;0.00
10872;0;3117.50;9.50;955.50;0.00;0.00
10873;0;3200.50;9.50;951.50;0.00;0.00
10874;0;3551.50;9.50;953.50;0.00;0.00
10875;0;1809.50;9.50;950.50;0.00;0.00
10876;0;2690.50;9.50;952.50;0.00;0.00
10877;0;2710.50;9.50;952.50;0.00;0.00
10878;0;2916.50;9.50;956.50;0.00;0.00
10879;0;3420.50;9.50;957.50;0.00;0.00
10880;0;3490.50;9.50;952.50;0.00;0.00
10881;0;4389.50;9.50;958.50;0.00;0.00
10882;0;4656.50;9.50;948.50;0.00;0.00
10883;0;2763.50;9.50;955.50;0.00;0.00
10884;0;2777.50;9.50;953.50;0.00;0.00
10885;0;2899.50;9.50;958.50;0.00;0.00
10886;0;2978.50;9.50;955.50;0.00;0.00
10887;0;3292.50;9.50;946.50;0.00;0.00
10888;0;1645.50;9.50;954.50;0.00;0.00
10889;0;1919.50;9.50;954.50;0.00;0.00
10890;0;2801.50;9.50;955.50;0.00;0.00
10891;0;2907.50;9.50;957.50;0.00;0.00
10892;0;3224.50;9.50;949.50;0.00;0.00
10893;0;3394.50;9.50;952.50;0.00;0.00
10894;0;1637.50;9.50;952.50;0.00;0.00
10895;0;1651.50;9.50;953.50;0.00;0.00
10896;0;2741.50;9.50;954.50;0.00;0.00
10897;0;2748.50;9.50;953.50;0.00;0.00
10898;0;2790.50;9.50;950.50;0.00;0.00
10899;0;2926.50;9.50;955.50;0.00;0.00
10900;0;2987.50;9.50;950.50;0.00;0.00
10901;0;3406.50;9.50;950.50;0.00;0.00
10902;0;3537.50;9.50;947.50;0.00;0.00
10903;0;3569.50;9.50;949.50;0.00;0.00
10904;0;4400.50;9.50;954.50;0.00;0.00
10905;0;4640.50;9.50;949.50;0.00;0.00
10906;0;1620.50;9.50;952.50;0.00;0.00
10907;0;1695.50;9.50;952.50;0.00;0.00
10908;0;1711.50;9.50;951.50;0.00;0.00
10909;0;1750.50;9.50;949.50;0.00;0.00
10910;0;1841.50;9.50;947.50;0.00;0.00
10911;0;3178.50;9.50;942.50;0.00;0.00
10912;0;4416.50;9.50;953.50;0.00;0.00
10913;0;4711.50;9.50;953.50;0.00;0.00
10914;0;1730.50;9.50;946.50;0.00;0.00
10915;0;1761.50;9.50;940.50;0.00;0.00
10916;0;1788.50;9.50;942.50;0.00;0.00
10917;0;2998.50;9.50;947.50;0.00;0.00
10918;0;3013.50;9.50;948.50;0.00;0.00
10919;0;3064.50;9.50;946.50;0.00;0.00
10920;0;3306.50;9.50;946.50;0.00;0.00
10921;0;3426.50;9.50;949.50;0.00;0.00
10922;0;3461.50;9.50;944.50;0.00;0.00
10923;0;4389.50;9.50;951.50;0.00;0.00
10924;0;1611.50;9.50;947.50;0.00;0.00
10925;0;1668.50;9.50;949.50;0.00;0.00
10926;0;2734.50;9.50;950.50;0.00;0.00
10927;0;2900.50;9.50;950.50;0.00;0.00
10928;0;2944.50;9.50;950.50;0.00;0.00
10929;0;2951.50;9.50;951.50;0.00;0.00
10930;0;1926.50;9.50;945.50;0.00;0.00
10931;0;1964.50;9.50;948.50;0.00;0.00
10932;0;2666.50;9.50;950.50;0.00;0.00
10933;0;2823.50;9.50;952.50;0.00;0.00
10934;0;2936.50;9.50;946.50;0.00;0.00
10935;0;3037.50;9.50;948.50;0.00;0.00
10936;0;3165.50;9.50;938.50;0.00;0.00
10937;0;3362.50;9.50;943.50;0.00;0.00
10938;0;3443.50;9.50;949.50;0.00;0.00
10939;0;3513.50;9.50;946.50;0.00;0.00
10940;0;1935.50;9.50;948.50;0.00;0.00
10941;0;1947.50;9.50;949.50;0.00;0.00
10942;0;3026.50;9.50;943.50;0.00;0.00
10943;0;1630.50;9.50;947.50;0.00;0.00
10944;0;1689.50;9.50;944.50;0.00;0.00
10945;0;1701.50;9.50;944.50;0.00;0.00
10946;0;1855.50;9.50;939.50;0.00;0.00
10947;0;1946.50;9.50;941.50;0.00;0.00
10948;0;2678.50;9.50;944.50;0.00;0.00
10949;0;2718.50;9.50;946.50;0.00;0.00
10950;0;2767.50;9.50;945.50;0.00;0.00
10951;0;2800.50;9.50;946.50;0.00;0.00
10952;0;2915.50;9.50;949.50;0.00;0.00
10953;0;2959.50;9.50;947.50;0.00;0.00
10954;0;3086.50;9.50;946.50;0.00;0.00
10955;0;3095.50;9.50;940.50;0.00;0.00
10956;0;3328.50;9.50;944.50;0.00;0.00
10957;0;1651.50;9.50;948.50;0.00;0.00
10958;0;1903.50;9.50;941.50;0.00;0.00
10959;0;2729.50;9.50;943.50;0.00;0.00
10960;0;2758.50;9.50;945.50;0.00;0.00
10961;0;2787.50;9.50;943.50;0.00;0.00
10962;0;2907.50;9.50;945.50;0.00;0.00
10963;0;2928.50;9.50;948.50;0.00;0.00
10964;0;2966.50;9.50;947.50;0.00;0.00
10965;0;2976.50;9.50;946.50;0.00;0.00
10966;0;3107.50;9.50;942.50;0.00;0.00
10967;0;3347.50;9.50;942.50;0.00;0.00
10968;0;4403.50;9.50;947.50;0.00;0.00
10969;0;4422.50;9.50;945.50;0.00;0.00
10970;0;4628.50;9.50;942.50;0.00;0.00
10971;0;4668.50;9.50;944.50;0.00;0.00
10972;0;1643.50;9.50;946.50;0.00;0.00
10973;0;1774.50;9.50;937.50;0.00;0.00
10974;0;1978.50;9.50;942.50;0.00;0.00
10975;0;3050.50;9.50;944.50;0.00;0.00
10976;0;3118.50;9.50;944.50;0.00;0.00
10977;0;3315.50;9.50;937.50;0.00;0.00
10978;0;4314.50;9.50;939.50;0.00;0.00
10979;0;1671.50;9.50;941.50;0.00;0.00
10980;0;1884.50;9.50;938.50;0.00;0.00
10981;0;2921.50;9.50;945.50;0.00;0.00
10982;0;3136.50;9.50;941.50;0.00;0.00
10983;0;3149.50;9.50;943.50;0.00;0.00
10984;0;3254.50;9.50;940.50;0.00;0.00
10985;0;3279.50;9.50;942.50;0.00;0.00
10986;0;3384.50;9.50;940.50;0.00;0.00
10987;0;4411.50;9.50;944.50;0.00;0.00
10988;0;2742.50;9.50;944.50;0.00;0.00
10989;0;4394.50;9.50;945.50;0.00;0.00
10990;0;1662.50;9.50;941.50;0.00;0.00
10991;0;2778.50;9.50;942.50;0.00;0.00
10992;0;2984.50;9.50;942.50;0.00;0.00
10993;0;3475.50;9.50;938.50;0.00;0.00
10994;0;3522.50;9.50;932.50;0.00;0.00
10995;0;4387.50;9.50;945.50;0.00;0.00
10996;0;1619.50;9.50;943.50;0.00;0.00
10997;0;1714.50;9.50;935.50;0.00;0.00
10998;0;2692.50;9.50;940.50;0.00;0.00
10999;0;2703.50;9.50;936.50;0.00;0.00
11000;0;2945.50;9.50;943.50;0.00;0.00
11001;0;3416.50;9.50;939.50;0.00;0.00
11002;0;1817.50;9.50;934.50;0.00;0.00
11003;0;1989.50;9.50;938.50;0.00;0.00
11004;0;2713.50;9.50;939.50;0.00;0.00
11005;0;2933.50;9.50;939.50;0.00;0.00
11006;0;3006.50;9.50;939.50;0.00;0.00
11007;0;3267.50;9.50;937.50;0.00;0.00
11008;0;3431.50;9.50;937.50;0.00;0.00
11009;0;3445.50;9.50;940.50;0.00;0.00
11010;0;4648.50;9.50;937.50;0.00;0.00
11011;0;4696.50;9.50;942.50;0.00;0.00
11012;0;1633.50;9.50;939.50;0.00;0.00
11013;0;1651.50;9.50;940.50;0.00;0.00
11014;0;2914.50;9.50;931.50;0.00;0.00
11015;0;2951.50;9.50;941.50;0.00;0.00
11016;0;3075.50;9.50;938.50;0.00;0.00
11017;0;3489.50;9.50;939.50;0.00;0.00
11018;0;1610.50;9.50;938.50;0.00;0.00
11019;0;1680.50;9.50;935.50;0.00;0.00
11020;0;1958.50;9.50;928.50;0.00;0.00
11021;0;2963.50;9.50;938.50;0.00;0.00
11022;0;2971.50;9.50;936.50;0.00;0.00
11023;0;3211.50;9.50;930.50;0.00;0.00
11024;0;4327.50;9.50;936.50;0.00;0.00
11025;0;4399.50;9.50;939.50;0.00;0.00
11026;0;4415.50;9.50;937.50;0.00;0.00
11027;0;4427.50;9.50;937.50;0.00;0.00
11028;0;1642.50;9.50;938.50;0.00;0.00
11029;0;1933.50;9.50;935.50;0.00;0.00
11030;0;1970.50;9.50;933.50;0.00;0.00
11031;0;2991.50;9.50;936.50;0.00;0.00
11032;0;3403.50;9.50;933.50;0.00;0.00
11033;0;4341.50;9.50;935.50;0.00;0.00
11034;0;1692.50;9.50;936.50;0.00;0.00
11035;0;1747.50;9.50;933.50;0.00;0.00
11036;0;1835.50;9.50;932.50;0.00;0.00
11037;0;1869.50;9.50;931.50;0.00;0.00
11038;0;2906.50;9.50;935.50;0.00;0.00
11039;0;2920.50;9.50;937.50;0.00;0.00
11040;0;2940.50;9.50;935.50;0.00;0.00
11041;0;2955.50;9.50;935.50;0.00;0.00
11042;0;3017.50;9.50;936.50;0.00;0.00
11043;0;3227.50;9.50;931.50;0.00;0.00
11044;0;3303.50;9.50;933.50;0.00;0.00
11045;0;4660.50;9.50;932.50;0.00;0.00
11046;0;1618.50;9.50;936.50;0.00;0.00
11047;0;1944.50;9.50;926.50;0.00;0.00
11048;0;3123.50;9.50;933.50;0.00;0.00
11049;0;3243.50;9.50;929.50;0.00;0.00
11050;0;3336.50;9.50;933.50;0.00;0.00
11051;0;3453.50;9.50;933.50;0.00;0.00
11052;0;3533.50;9.50;928.50;0.00;0.00
11053;0;3551.50;9.50;929.50;0.00;0.00
11054;0;4393.50;9.50;933.50;0.00;0.00
11055;0;4406.50;9.50;936.50;0.00;0.00
11056;0;4634.50;9.50;933.50;0.00;0.00
11057;0;1921.50;9.50;932.50;0.00;0.00
11058;0;2976.50;9.50;930.50;0.00;0.00
11059;0;3067.50;9.50;930.50;0.00;0.00
11060;0;3087.50;9.50;928.50;0.00;0.00
11061;0;3195.50;9.50;927.50;0.00;0.00
11062;0;4608.50;9.50;930.50;0.00;0.00
11063;0;1630.50;9.50;930.50;0.00;0.00
11064;0;1657.50;9.50;933.50;0.00;0.00
11065;0;1731.50;9.50;928.50;0.00;0.00
11066;0;1892.50;9.50;930.50;0.00;0.00
11067;0;2929.50;9.50;932.50;0.00;0.00
11068;0;3044.50;9.50;927.50;0.00;0.00
11069;0;3055.50;9.50;932.50;0.00;0.00
11070;0;3465.50;9.50;930.50;0.00;0.00
11071;0;3507.50;9.50;931.50;0.00;0.00
11072;0;4618.50;9.50;931.50;0.00;0.00
11073;0;1649.50;9.50;932.50;0.00;0.00
11074;0;1667.50;9.50;932.50;0.00;0.00
11075;0;2999.50;9.50;930.50;0.00;0.00
11076;0;3104.50;9.50;932.50;0.00;0.00
11077;0;3150.50;9.50;932.50;0.00;0.00
11078;0;3370.50;9.50;925.50;0.00;0.00
11079;0;1641.50;9.50;932.50;0.00;0.00
11080;0;1699.50;9.50;927.50;0.00;0.00
11081;0;2000.50;9.50;926.50;0.00;0.00
11082;0;3023.50;9.50;926.50;0.00;0.00
11083;0;3291.50;9.50;928.50;0.00;0.00
11084;0;3494.50;9.50;927.50;0.00;0.00
11085;0;1986.50;9.50;926.50;0.00;0.00
11086;0;3034.50;9.50;924.50;0.00;0.00
11087;0;3177.50;9.50;927.50;0.00;0.00
11088;0;3356.50;9.50;925.50;0.00;0.00
11089;0;4347.50;9.50;928.50;0.00;0.00
11090;0;1609.50;9.50;930.50;0.00;0.00
11091;0;1783.50;9.50;924.50;0.00;0.00
11092;0;1799.50;9.50;918.50;0.00;0.00
11093;0;3323.50;9.50;926.50;0.00;0.00
11094;0;4431.50;9.50;927.50;0.00;0.00
11095;0;1615.50;9.50;928.50;0.00;0.00
11096;0;2960.50;9.50;928.50;0.00;0.00
11097;0;2983.50;9.50;927.50;0.00;0.00
11098;0;3114.50;9.50;924.50;0.00;0.00
11099;0;3142.50;9.50;923.50;0.00;0.00
11100;0;3424.50;9.50;924.50;0.00;0.00
11101;0;4409.50;9.50;927.50;0.00;0.00
11102;0;4421.50;9.50;929.50;0.00;0.00
11103;0;1675.50;9.50;924.50;0.00;0.00
11104;0;3282.50;9.50;920.50;0.00;0.00
11105;0;3439.50;9.50;926.50;0.00;0.00
11106;0;1859.50;9.50;921.50;0.00;0.00
11107;0;2993.50;9.50;924.50;0.00;0.00
11108;0;4399.50;9.50;925.50;0.00;0.00
11109;0;4602.50;9.50;920.50;0.00;0.00
11110;0;4800.50;9.50;927.50;0.00;0.00
11111;0;1623.50;9.50;925.50;0.00;0.00
11112;0;1637.50;9.50;925.50;0.00;0.00
11113;0;1654.50;9.50;926.50;0.00;0.00
11114;0;2010.50;9.50;916.50;0.00;0.00
11115;0;3097.50;9.50;922.50;0.00;0.00
11116;0;3269.50;9.50;922.50;0.00;0.00
11117;0;3331.50;9.50;925.50;0.00;0.00
11118;0;3401.50;9.50;918.50;0.00;0.00
11119;0;3966.50;9.50;926.50;0.00;0.00
11120;0;4328.50;9.50;925.50;0.00;0.00
11121;0;1664.50;9.50;923.50;0.00;0.00
11122;0;1896.50;9.50;915.50;0.00;0.00
11123;0;2968.50;9.50;924.50;0.00;0.00
11124;0;3007.50;9.50;922.50;0.00;0.00
11125;0;3311.50;9.50;924.50;0.00;0.00
11126;0;1920.50;9.50;920.50;0.00;0.00
11127;0;1976.50;9.50;918.50;0.00;0.00
11128;0;3255.50;9.50;918.50;0.00;0.00
11129;0;3483.50;9.50;919.50;0.00;0.00
11130;0;1610.50;9.50;922.50;0.00;0.00
11131;0;1646.50;9.50;922.50;0.00;0.00
11132;0;1770.50;9.50;912.50;0.00;0.00
11133;0;3078.50;9.50;920.50;0.00;0.00
11134;0;3390.50;9.50;913.50;0.00;0.00
11135;0;3452.50;9.50;915.50;0.00;0.00
11136;0;4509.50;9.50;921.50;0.00;0.00
11137;0;4638.50;9.50;921.50;0.00;0.00
11138;0;4650.50;9.50;921.50;0.00;0.00
11139;0;1712.50;9.50;918.50;0.00;0.00
11140;0;1842.50;9.50;916.50;0.00;0.00
11141;0;3159.50;9.50;919.50;0.00;0.00
11142;0;3348.50;9.50;917.50;0.00;0.00
11143;0;3512.50;9.50;920.50;0.00;0.00
11144;0;4340.50;9.50;918.50;0.00;0.00
11145;0;4355.50;9.50;920.50;0.00;0.00
11146;0;1823.50;9.50;910.50;0.00;0.00
11147;0;2975.50;9.50;920.50;0.00;0.00
11148;0;3170.50;9.50;918.50;0.00;0.00
11149;0;3233.50;9.50;916.50;0.00;0.00
11150;0;3302.50;9.50;919.50;0.00;0.00
11151;0;3471.50;9.50;913.50;0.00;0.00
11152;0;3525.50;9.50;919.50;0.00;0.00
11153;0;4420.50;9.50;920.50;0.00;0.00
11154;0;4618.50;9.50;918.50;0.00;0.00
11155;0;1916.50;9.50;899.50;0.00;0.00
11156;0;4429.50;9.50;918.50;0.00;0.00
11157;0;1657.50;9.50;917.50;0.00;0.00
11158;0;1751.50;9.50;914.50;0.00;0.00
11159;0;1872.50;9.50;914.50;0.00;0.00
11160;0;1933.50;9.50;909.50;0.00;0.00
11161;0;2985.50;9.50;921.50;0.00;0.00
11162;0;3066.50;9.50;915.50;0.00;0.00
11163;0;1639.50;9.50;918.50;0.00;0.00
11164;0;1680.50;9.50;917.50;0.00;0.00
11165;0;2998.50;9.50;917.50;0.00;0.00
11166;0;3019.50;9.50;916.50;0.00;0.00
11167;0;3047.50;9.50;914.50;0.00;0.00
11168;0;3135.50;9.50;912.50;0.00;0.00
11169;0;3214.50;9.50;913.50;0.00;0.00
11170;0;4414.50;9.50;915.50;0.00;0.00
11171;0;1631.50;9.50;915.50;0.00;0.00
11172;0;1667.50;9.50;915.50;0.00;0.00
11173;0;1991.50;9.50;913.50;0.00;0.00
11174;0;2990.50;9.50;918.50;0.00;0.00
11175;0;3327.50;9.50;915.50;0.00;0.00
11176;0;3498.50;9.50;910.50;0.00;0.00
11177;0;3542.50;9.50;913.50;0.00;0.00
11178;0;4400.50;9.50;916.50;0.00;0.00
11179;0;4630.50;9.50;910.50;0.00;0.00
11180;0;1623.50;9.50;916.50;0.00;0.00
11181;0;1696.50;9.50;913.50;0.00;0.00
11182;0;1957.50;9.50;910.50;0.00;0.00
11183;0;3149.50;9.50;912.50;0.00;0.00
11184;0;3292.50;9.50;912.50;0.00;0.00
11185;0;3338.50;9.50;913.50;0.00;0.00
11186;0;3362.50;9.50;913.50;0.00;0.00
11187;0;1643.50;9.50;910.50;0.00;0.00
11188;0;1735.50;9.50;910.50;0.00;0.00
11189;0;2953.50;9.50;917.50;0.00;0.00
11190;0;3031.50;9.50;912.50;0.00;0.00
11191;0;4364.50;9.50;913.50;0.00;0.00
11192;0;4406.50;9.50;915.50;0.00;0.00
11193;0;4592.50;9.50;908.50;0.00;0.00
11194;0;1609.50;9.50;913.50;0.00;0.00
11195;0;1616.50;9.50;913.50;0.00;0.00
11196;0;3010.50;9.50;911.50;0.00;0.00
11197;0;3115.50;9.50;912.50;0.00;0.00
11198;0;3418.50;9.50;908.50;0.00;0.00
11199;0;3091.50;9.50;911.50;0.00;0.00
11200;0;3374.50;9.50;908.50;0.00;0.00
11201;0;3101.50;9.50;910.50;0.00;0.00
11202;0;3197.50;9.50;908.50;0.00;0.00
11203;0;3247.50;9.50;906.50;0.00;0.00
11204;0;3313.50;9.50;907.50;0.00;0.00
11205;0;3434.50;9.50;901.50;0.00;0.00
11206;0;4353.50;9.50;911.50;0.00;0.00
11207;0;4422.50;9.50;912.50;0.00;0.00
11208;0;1786.50;9.50;905.50;0.00;0.00
11209;0;2984.50;9.50;911.50;0.00;0.00
11210;0;3081.50;9.50;905.50;0.00;0.00
11211;0;4609.50;9.50;906.50;0.00;0.00
11212;0;1651.50;9.50;907.50;0.00;0.00
11213;0;4430.50;9.50;910.50;0.00;0.00
11214;0;1636.50;9.50;907.50;0.00;0.00
11215;0;1660.50;9.50;907.50;0.00;0.00
11216;0;1681.50;9.50;908.50;0.00;0.00
11217;0;1884.50;9.50;903.50;0.00;0.00
11218;0;2002.50;9.50;904.50;0.00;0.00
11219;0;3126.50;9.50;904.50;0.00;0.00
11220;0;3303.50;9.50;907.50;0.00;0.00
11221;0;4345.50;9.50;908.50;0.00;0.00
11222;0;4641.50;9.50;902.50;0.00;0.00
11223;0;1604.50;9.50;906.50;0.00;0.00
11224;0;1729.50;9.50;896.50;0.00;0.00
11225;0;1863.50;9.50;903.50;0.00;0.00
11226;0;1978.50;9.50;904.50;0.00;0.00
11227;0;2995.50;9.50;905.50;0.00;0.00
11228;0;3322.50;9.50;905.50;0.00;0.00
11229;0;3519.50;9.50;900.50;0.00;0.00
11230;0;4368.50;9.50;904.50;0.00;0.00
11231;0;4412.50;9.50;905.50;0.00;0.00
11232;0;1623.50;9.50;905.50;0.00;0.00
11233;0;1670.50;9.50;905.50;0.00;0.00
11234;0;2975.50;9.50;903.50;0.00;0.00
11235;0;3059.50;9.50;901.50;0.00;0.00
11236;0;3268.50;9.50;904.50;0.00;0.00
11237;0;3282.50;9.50;903.50;0.00;0.00
11238;0;3346.50;9.50;907.50;0.00;0.00
11239;0;3507.50;9.50;901.50;0.00;0.00
11240;0;3531.50;9.50;903.50;0.00;0.00
11241;0;4404.50;9.50;907.50;0.00;0.00
11242;0;2014.50;9.50;901.50;0.00;0.00
11243;0;3040.50;9.50;902.50;0.00;0.00
11244;0;3169.50;9.50;901.50;0.00;0.00
11245;0;3399.50;9.50;900.50;0.00;0.00
11246;0;4378.50;9.50;901.50;0.00;0.00
11247;0;1615.50;9.50;905.50;0.00;0.00
11248;0;1848.50;9.50;900.50;0.00;0.00
11249;0;3231.50;9.50;901.50;0.00;0.00
11250;0;3355.50;9.50;898.50;0.00;0.00
11251;0;3487.50;9.50;902.50;0.00;0.00
11252;0;4359.50;9.50;905.50;0.00;0.00
11253;0;4419.50;9.50;905.50;0.00;0.00
11254;0;4572.50;9.50;901.50;0.00;0.00
11255;0;1805.50;9.50;893.50;0.00;0.00
11256;0;1899.50;9.50;898.50;0.00;0.00
11257;0;3019.50;9.50;901.50;0.00;0.00
11258;0;3113.50;9.50;901.50;0.00;0.00
11259;0;3144.50;9.50;899.50;0.00;0.00
11260;0;3184.50;9.50;904.50;0.00;0.00
11261;0;3473.50;9.50;900.50;0.00;0.00
11262;0;4654.50;9.50;897.50;0.00;0.00
11263;0;1633.50;9.50;898.50;0.00;0.00
11264;0;2985.50;9.50;901.50;0.00;0.00
11265;0;3367.50;9.50;901.50;0.00;0.00
11266;0;4315.50;9.50;905.50;0.00;0.00
11267;0;4430.50;9.50;904.50;0.00;0.00
11268;0;1644.50;9.50;897.50;0.00;0.00
11269;0;1688.50;9.50;898.50;0.00;0.00
11270;0;1703.50;9.50;898.50;0.00;0.00
11271;0;3005.50;9.50;902.50;0.00;0.00
11272;0;3338.50;9.50;900.50;0.00;0.00
11273;0;3462.50;9.50;895.50;0.00;0.00
11274;0;1749.50;9.50;896.50;0.00;0.00
11275;0;3093.50;9.50;897.50;0.00;0.00
11276;0;3216.50;9.50;897.50;0.00;0.00
11277;0;3448.50;9.50;893.50;0.00;0.00
11278;0;1840.50;9.50;887.50;0.00;0.00
11279;0;3256.50;9.50;895.50;0.00;0.00
11280;0;3301.50;9.50;897.50;0.00;0.00
11281;0;4426.50;9.50;899.50;0.00;0.00
11282;0;4562.50;9.50;886.50;0.00;0.00
11283;0;1590.50;9.50;895.50;0.00;0.00
11284;0;1601.50;9.50;899.50;0.00;0.00
11285;0;3073.50;9.50;891.50;0.00;0.00
11286;0;3380.50;9.50;894.50;0.00;0.00
11287;0;4623.50;9.50;891.50;0.00;0.00
11288;0;1617.50;9.50;898.50;0.00;0.00
11289;0;1872.50;9.50;889.50;0.00;0.00
11290;0;3326.50;9.50;897.50;0.00;0.00
11291;0;3496.50;9.50;894.50;0.00;0.00
11292;0;4415.50;9.50;899.50;0.00;0.00
11293;0;4438.50;9.50;897.50;0.00;0.00
11294;0;4826.50;9.50;897.50;0.00;0.00
11295;0;1657.50;9.50;894.50;0.00;0.00
11296;0;1671.50;9.50;890.50;0.00;0.00
11297;0;3158.50;9.50;890.50;0.00;0.00
11298;0;3338.50;9.50;892.50;0.00;0.00
11299;0;3412.50;9.50;893.50;0.00;0.00
11300;0;4359.50;9.50;896.50;0.00;0.00
11301;0;4583.50;9.50;892.50;0.00;0.00
11302;0;4598.50;9.50;892.50;0.00;0.00
11303;0;1950.50;9.50;890.50;0.00;0.00
11304;0;3106.50;9.50;891.50;0.00;0.00
11305;0;3132.50;9.50;893.50;0.00;0.00
11306;0;3292.50;9.50;892.50;0.00;0.00
11307;0;3309.50;9.50;892.50;0.00;0.00
11308;0;4371.50;9.50;895.50;0.00;0.00
11309;0;1622.50;9.50;893.50;0.00;0.00
11310;0;3201.50;9.50;890.50;0.00;0.00
11311;0;3242.50;9.50;891.50;0.00;0.00
11312;0;4392.50;9.50;890.50;0.00;0.00
11313;0;1781.50;9.50;885.50;0.00;0.00
11314;0;3276.50;9.50;891.50;0.00;0.00
11315;0;2020.50;9.50;889.50;0.00;0.00
11316;0;2974.50;9.50;891.50;0.00;0.00
11317;0;2999.50;9.50;891.50;0.00;0.00
11318;0;3015.50;9.50;889.50;0.00;0.00
11319;0;3392.50;9.50;886.50;0.00;0.00
11320;0;4381.50;9.50;890.50;0.00;0.00
11321;0;1602.50;9.50;891.50;0.00;0.00
11322;0;1638.50;9.50;890.50;0.00;0.00
11323;0;1982.50;9.50;887.50;0.00;0.00
11324;0;2003.50;9.50;889.50;0.00;0.00
11325;0;3317.50;9.50;890.50;0.00;0.00
11326;0;3510.50;9.50;888.50;0.00;0.00
11327;0;4429.50;9.50;892.50;0.00;0.00
11328;0;353.50;9.50;891.50;0.00;0.00
11329;0;1629.50;9.50;891.50;0.00;0.00
11330;0;2988.50;9.50;890.50;0.00;0.00
11331;0;3029.50;9.50;889.50;0.00;0.00
11332;0;3053.50;9.50;885.50;0.00;0.00
11333;0;3118.50;9.50;886.50;0.00;0.00
11334;0;3425.50;9.50;883.50;0.00;0.00
11335;0;4442.50;9.50;890.50;0.00;0.00
11336;0;4817.50;9.50;876.50;0.00;0.00
11337;0;1646.50;9.50;886.50;0.00;0.00
11338;0;1715.50;9.50;882.50;0.00;0.00
11339;0;1822.50;9.50;884.50;0.00;0.00
11340;0;3087.50;9.50;883.50;0.00;0.00
11341;0;3175.50;9.50;886.50;0.00;0.00
11342;0;3344.50;9.50;887.50;0.00;0.00
11343;0;3368.50;9.50;889.50;0.00;0.00
11344;0;4365.50;9.50;888.50;0.00;0.00
11345;0;4402.50;9.50;887.50;0.00;0.00
11346;0;4644.50;9.50;886.50;0.00;0.00
11347;0;1613.50;9.50;890.50;0.00;0.00
11348;0;1758.50;9.50;873.50;0.00;0.00
11349;0;3327.50;9.50;888.50;0.00;0.00
11350;0;4545.50;9.50;881.50;0.00;0.00
11351;0;1855.50;9.50;880.50;0.00;0.00
11352;0;3141.50;9.50;884.50;0.00;0.00
11353;0;3262.50;9.50;884.50;0.00;0.00
11354;0;3354.50;9.50;887.50;0.00;0.00
11355;0;4435.50;9.50;888.50;0.00;0.00
11356;0;1688.50;9.50;883.50;0.00;0.00
11357;0;1927.50;9.50;874.50;0.00;0.00
11358;0;3231.50;9.50;882.50;0.00;0.00
11359;0;3471.50;9.50;886.50;0.00;0.00
11360;0;4528.50;9.50;878.50;0.00;0.00
11361;0;1589.50;9.50;885.50;0.00;0.00
11362;0;3500.50;9.50;882.50;0.00;0.00
11363;0;2029.50;9.50;879.50;0.00;0.00
11364;0;2970.50;9.50;882.50;0.00;0.00
11365;0;3301.50;9.50;882.50;0.00;0.00
11366;0;3336.50;9.50;885.50;0.00;0.00
11367;0;4662.50;9.50;881.50;0.00;0.00
11368;0;4761.50;9.50;873.50;0.00;0.00
11369;0;1702.50;9.50;871.50;0.00;0.00
11370;0;1741.50;9.50;880.50;0.00;0.00
11371;0;1965.50;9.50;877.50;0.00;0.00
11372;0;3215.50;9.50;882.50;0.00;0.00
11373;0;3286.50;9.50;882.50;0.00;0.00
11374;0;3378.50;9.50;882.50;0.00;0.00
11375;0;1598.50;9.50;883.50;0.00;0.00
11376;0;1605.50;9.50;876.50;0.00;0.00
11377;0;1632.50;9.50;881.50;0.00;0.00
11378;0;1904.50;9.50;872.50;0.00;0.00
11379;0;2980.50;9.50;882.50;0.00;0.00
11380;0;3187.50;9.50;880.50;0.00;0.00
11381;0;3250.50;9.50;879.50;0.00;0.00
11382;0;3362.50;9.50;881.50;0.00;0.00
11383;0;3438.50;9.50;873.50;0.00;0.00
11384;0;4440.50;9.50;883.50;0.00;0.00
11385;0;1883.50;9.50;874.50;0.00;0.00
11386;0;3002.50;9.50;879.50;0.00;0.00
11387;0;3321.50;9.50;882.50;0.00;0.00
11388;0;3415.50;9.50;880.50;0.00;0.00
11389;0;4415.50;9.50;881.50;0.00;0.00
11390;0;1662.50;9.50;869.50;0.00;0.00
11391;0;3273.50;9.50;879.50;0.00;0.00
11392;0;3403.50;9.50;877.50;0.00;0.00
11393;0;3450.50;9.50;878.50;0.00;0.00
11394;0;3489.50;9.50;872.50;0.00;0.00
11395;0;4345.50;9.50;876.50;0.00;0.00
11396;0;4378.50;9.50;880.50;0.00;0.00
11397;0;4390.50;9.50;881.50;0.00;0.00
11398;0;4608.50;9.50;877.50;0.00;0.00
11399;0;4633.50;9.50;875.50;0.00;0.00
11400;0;1998.50;9.50;876.50;0.00;0.00
11401;0;3166.50;9.50;876.50;0.00;0.00
11402;0;3313.50;9.50;878.50;0.00;0.00
11403;0;3348.50;9.50;880.50;0.00;0.00
11404;0;4369.50;9.50;875.50;0.00;0.00
11405;0;4577.50;9.50;877.50;0.00;0.00
11406;0;1580.50;9.50;876.50;0.00;0.00
11407;0;1616.50;9.50;873.50;0.00;0.00
11408;0;1829.50;9.50;869.50;0.00;0.00
11409;0;3029.50;9.50;874.50;0.00;0.00
11410;0;3046.50;9.50;869.50;0.00;0.00
11411;0;3151.50;9.50;873.50;0.00;0.00
11412;0;3331.50;9.50;877.50;0.00;0.00
11413;0;3369.50;9.50;877.50;0.00;0.00
11414;0;4405.50;9.50;877.50;0.00;0.00
11415;0;4592.50;9.50;874.50;0.00;0.00
11416;0;1647.50;9.50;875.50;0.00;0.00
11417;0;2015.50;9.50;874.50;0.00;0.00
11418;0;3071.50;9.50;873.50;0.00;0.00
11419;0;3105.50;9.50;874.50;0.00;0.00
11420;0;3201.50;9.50;876.50;0.00;0.00
11421;0;4707.50;9.50;873.50;0.00;0.00
11422;0;1588.50;9.50;875.50;0.00;0.00
11423;0;3122.50;9.50;871.50;0.00;0.00
11424;0;3387.50;9.50;875.50;0.00;0.00
11425;0;3466.50;9.50;873.50;0.00;0.00
11426;0;3340.50;9.50;877.50;0.00;0.00
11427;0;4396.50;9.50;873.50;0.00;0.00
11428;0;4450.50;9.50;877.50;0.00;0.00
11429;0;4650.50;9.50;872.50;0.00;0.00
11430;0;1804.50;9.50;861.50;0.00;0.00
11431;0;3014.50;9.50;873.50;0.00;0.00
11432;0;4425.50;9.50;874.50;0.00;0.00
11433;0;1681.50;9.50;863.50;0.00;0.00
11434;0;1949.50;9.50;868.50;0.00;0.00
11435;0;2993.50;9.50;871.50;0.00;0.00
11436;0;3241.50;9.50;870.50;0.00;0.00
11437;0;3478.50;9.50;864.50;0.00;0.00
11438;0;1569.50;9.50;871.50;0.00;0.00
11439;0;1632.50;9.50;869.50;0.00;0.00
11440;0;1976.50;9.50;864.50;0.00;0.00
11441;0;2968.50;9.50;863.50;0.00;0.00
11442;0;3298.50;9.50;872.50;0.00;0.00
11443;0;3323.50;9.50;874.50;0.00;0.00
11444;0;3352.50;9.50;873.50;0.00;0.00
11445;0;3359.50;9.50;872.50;0.00;0.00
11446;0;4544.50;9.50;865.50;0.00;0.00
11447;0;4559.50;9.50;868.50;0.00;0.00
11448;0;4730.50;9.50;873.50;0.00;0.00
11449;0;2978.50;9.50;867.50;0.00;0.00
11450;0;3281.50;9.50;871.50;0.00;0.00
11451;0;4415.50;9.50;871.50;0.00;0.00
11452;0;1595.50;9.50;868.50;0.00;0.00
11453;0;1781.50;9.50;862.50;0.00;0.00
11454;0;1865.50;9.50;863.50;0.00;0.00
11455;0;3137.50;9.50;865.50;0.00;0.00
11456;0;3377.50;9.50;870.50;0.00;0.00
11457;0;4382.50;9.50;868.50;0.00;0.00
11458;0;1993.50;9.50;864.50;0.00;0.00
11459;0;3091.50;9.50;869.50;0.00;0.00
11460;0;3183.50;9.50;867.50;0.00;0.00
11461;0;3216.50;9.50;868.50;0.00;0.00
11462;0;3229.50;9.50;867.50;0.00;0.00
11463;0;3290.50;9.50;869.50;0.00;0.00
11464;0;3309.50;9.50;868.50;0.00;0.00
11465;0;3343.50;9.50;870.50;0.00;0.00
11466;0;1583.50;9.50;868.50;0.00;0.00
11467;0;1715.50;9.50;862.50;0.00;0.00
11468;0;3259.50;9.50;868.50;0.00;0.00
11469;0;3329.50;9.50;869.50;0.00;0.00
11470;0;3404.50;9.50;868.50;0.00;0.00
11471;0;3429.50;9.50;866.50;0.00;0.00
11472;0;4607.50;9.50;863.50;0.00;0.00
11473;0;1847.50;9.50;860.50;0.00;0.00
11474;0;3195.50;9.50;865.50;0.00;0.00
11475;0;3276.50;9.50;864.50;0.00;0.00
11476;0;3317.50;9.50;866.50;0.00;0.00
11477;0;3414.50;9.50;866.50;0.00;0.00
11478;0;1603.50;9.50;865.50;0.00;0.00
11479;0;1736.50;9.50;860.50;0.00;0.00
11480;0;2034.50;9.50;862.50;0.00;0.00
11481;0;3267.50;9.50;863.50;0.00;0.00
11482;0;3367.50;9.50;867.50;0.00;0.00
11483;0;4407.50;9.50;866.50;0.00;0.00
11484;0;4434.50;9.50;864.50;0.00;0.00
11485;0;4584.50;9.50;863.50;0.00;0.00
11486;0;4640.50;9.50;863.50;0.00;0.00
11487;0;4824.50;9.50;869.50;0.00;0.00
11488;0;2009.50;9.50;862.50;0.00;0.00
11489;0;3003.50;9.50;860.50;0.00;0.00
11490;0;3163.50;9.50;861.50;0.00;0.00
11491;0;3351.50;9.50;866.50;0.00;0.00
11492;0;3391.50;9.50;866.50;0.00;0.00
11493;0;4375.50;9.50;866.50;0.00;0.00
11494;0;4398.50;9.50;865.50;0.00;0.00
11495;0;4530.50;9.50;862.50;0.00;0.00
11496;0;1644.50;9.50;862.50;0.00;0.00
11497;0;2919.50;9.50;865.50;0.00;0.00
11498;0;3205.50;9.50;862.50;0.00;0.00
11499;0;3294.50;9.50;865.50;0.00;0.00
11500;0;4422.50;9.50;864.50;0.00;0.00
11501;0;1624.50;9.50;860.50;0.00;0.00
11502;0;3061.50;9.50;862.50;0.00;0.00
11503;0;3248.50;9.50;860.50;0.00;0.00
11504;0;3358.50;9.50;864.50;0.00;0.00
11505;0;1611.50;9.50;863.50;0.00;0.00
11506;0;2025.50;9.50;860.50;0.00;0.00
11507;0;3078.50;9.50;851.50;0.00;0.00
11508;0;3175.50;9.50;858.50;0.00;0.00
11509;0;3451.50;9.50;862.50;0.00;0.00
11510;0;4570.50;9.50;857.50;0.00;0.00
11511;0;1566.50;9.50;860.50;0.00;0.00
11512;0;1577.50;9.50;860.50;0.00;0.00
11513;0;3017.50;9.50;859.50;0.00;0.00
11514;0;3103.50;9.50;856.50;0.00;0.00
11515;0;3463.50;9.50;859.50;0.00;0.00
11516;0;4387.50;9.50;858.50;0.00;0.00
11517;0;1936.50;9.50;855.50;0.00;0.00
11518;0;2987.50;9.50;859.50;0.00;0.00
11519;0;4453.50;9.50;860.50;0.00;0.00
11520;0;4628.50;9.50;856.50;0.00;0.00
11521;0;1392.50;9.50;849.50;0.00;0.00
11522;0;1584.50;9.50;861.50;0.00;0.00
11523;0;1591.50;9.50;860.50;0.00;0.00
11524;0;1884.50;9.50;855.50;0.00;0.00
11525;0;1909.50;9.50;854.50;0.00;0.00
11526;0;1962.50;9.50;852.50;0.00;0.00
11527;0;3150.50;9.50;857.50;0.00;0.00
11528;0;3307.50;9.50;860.50;0.00;0.00
11529;0;3377.50;9.50;859.50;0.00;0.00
11530;0;3406.50;9.50;859.50;0.00;0.00
11531;0;3440.50;9.50;858.50;0.00;0.00
11532;0;3121.50;9.50;854.50;0.00;0.00
11533;0;3284.50;9.50;859.50;0.00;0.00
11534;0;3300.50;9.50;859.50;0.00;0.00
11535;0;3388.50;9.50;856.50;0.00;0.00
11536;0;4599.50;9.50;850.50;0.00;0.00
11537;0;1597.50;9.50;855.50;0.00;0.00
11538;0;1699.50;9.50;851.50;0.00;0.00
11539;0;1758.50;9.50;851.50;0.00;0.00
11540;0;3034.50;9.50;848.50;0.00;0.00
11541;0;3221.50;9.50;854.50;0.00;0.00
11542;0;3314.50;9.50;857.50;0.00;0.00
11543;0;3397.50;9.50;854.50;0.00;0.00
11544;0;4415.50;9.50;856.50;0.00;0.00
11545;0;4614.50;9.50;850.50;0.00;0.00
11546;0;4696.50;9.50;841.50;0.00;0.00
11547;0;1826.50;9.50;851.50;0.00;0.00
11548;0;3046.50;9.50;856.50;0.00;0.00
11549;0;3363.50;9.50;859.50;0.00;0.00
11550;0;3427.50;9.50;854.50;0.00;0.00
11551;0;4400.50;9.50;857.50;0.00;0.00
11552;0;4649.50;9.50;854.50;0.00;0.00
11553;0;4861.50;9.50;858.50;0.00;0.00
11554;0;1605.50;9.50;857.50;0.00;0.00
11555;0;1646.50;9.50;843.50;0.00;0.00
11556;0;3190.50;9.50;854.50;0.00;0.00
11557;0;3231.50;9.50;844.50;0.00;0.00
11558;0;3257.50;9.50;852.50;0.00;0.00
11559;0;4554.50;9.50;851.50;0.00;0.00
11560;0;1560.50;9.50;854.50;0.00;0.00
11561;0;1615.50;9.50;851.50;0.00;0.00
11562;0;1985.50;9.50;849.50;0.00;0.00
11563;0;2001.50;9.50;851.50;0.00;0.00
11564;0;2052.50;9.50;854.50;0.00;0.00
11565;0;3210.50;9.50;851.50;0.00;0.00
11566;0;4427.50;9.50;855.50;0.00;0.00
11567;0;4538.50;9.50;851.50;0.00;0.00
11568;0;2975.50;9.50;850.50;0.00;0.00
11569;0;3239.50;9.50;851.50;0.00;0.00
11570;0;3292.50;9.50;852.50;0.00;0.00
11571;0;3370.50;9.50;852.50;0.00;0.00
11572;0;4407.50;9.50;852.50;0.00;0.00
11573;0;5427.50;9.50;854.50;0.00;0.00
11574;0;2042.50;9.50;850.50;0.00;0.00
11575;0;3058.50;9.50;852.50;0.00;0.00
11576;0;3138.50;9.50;850.50;0.00;0.00
11577;0;3267.50;9.50;853.50;0.00;0.00
11578;0;3277.50;9.50;852.50;0.00;0.00
11579;0;4807.50;9.50;855.50;0.00;0.00
11580;0;1587.50;9.50;851.50;0.00;0.00
11581;0;1922.50;9.50;842.50;0.00;0.00
11582;0;2963.50;9.50;843.50;0.00;0.00
11583;0;3417.50;9.50;847.50;0.00;0.00
11584;0;4887.50;9.50;846.50;0.00;0.00
11585;0;3019.50;9.50;847.50;0.00;0.00
11586;0;3199.50;9.50;847.50;0.00;0.00
11587;0;3381.50;9.50;848.50;0.00;0.00
11588;0;3466.50;9.50;846.50;0.00;0.00
11589;0;4391.50;9.50;847.50;0.00;0.00
11590;0;1566.50;9.50;850.50;0.00;0.00
11591;0;1580.50;9.50;848.50;0.00;0.00
11592;0;1630.50;9.50;847.50;0.00;0.00
11593;0;1669.50;9.50;845.50;0.00;0.00
11594;0;2013.50;9.50;847.50;0.00;0.00
11595;0;3163.50;9.50;845.50;0.00;0.00
11596;0;3356.50;9.50;849.50;0.00;0.00
11597;0;3435.50;9.50;845.50;0.00;0.00
11598;0;1864.50;9.50;840.50;0.00;0.00
11599;0;2028.50;9.50;845.50;0.00;0.00
11600;0;2072.50;9.50;848.50;0.00;0.00
11601;0;3006.50;9.50;846.50;0.00;0.00
11602;0;3299.50;9.50;850.50;0.00;0.00
11603;0;3309.50;9.50;843.50;0.00;0.00
11604;0;4585.50;9.50;844.50;0.00;0.00
11605;0;4728.50;9.50;843.50;0.00;0.00
11606;0;4906.50;9.50;839.50;0.00;0.00
11607;0;1571.50;9.50;845.50;0.00;0.00
11608;0;1596.50;9.50;847.50;0.00;0.00
11609;0;1778.50;9.50;842.50;0.00;0.00
11610;0;1949.50;9.50;841.50;0.00;0.00
11611;0;2064.50;9.50;845.50;0.00;0.00
11612;0;2080.50;9.50;846.50;0.00;0.00
11613;0;3391.50;9.50;848.50;0.00;0.00
11614;0;3407.50;9.50;847.50;0.00;0.00
11615;0;4943.50;9.50;846.50;0.00;0.00
11616;0;2989.50;9.50;845.50;0.00;0.00
11617;0;3093.50;9.50;845.50;0.00;0.00
11618;0;4637.50;9.50;844.50;0.00;0.00
11619;0;1740.50;9.50;839.50;0.00;0.00
11620;0;1900.50;9.50;838.50;0.00;0.00
11621;0;2053.50;9.50;846.50;0.00;0.00
11622;0;3110.50;9.50;837.50;0.00;0.00
11623;0;3283.50;9.50;844.50;0.00;0.00
11624;0;4402.50;9.50;843.50;0.00;0.00
11625;0;4428.50;9.50;844.50;0.00;0.00
11626;0;4872.50;9.50;843.50;0.00;0.00
11627;0;1683.50;9.50;834.50;0.00;0.00
11628;0;1813.50;9.50;837.50;0.00;0.00
11629;0;3248.50;9.50;842.50;0.00;0.00
11630;0;3272.50;9.50;845.50;0.00;0.00
11631;0;3451.50;9.50;841.50;0.00;0.00
11632;0;4570.50;9.50;840.50;0.00;0.00
11633;0;1556.50;9.50;843.50;0.00;0.00
11634;0;1706.50;9.50;835.50;0.00;0.00
11635;0;1840.50;9.50;839.50;0.00;0.00
11636;0;2089.50;9.50;842.50;0.00;0.00
11637;0;3132.50;9.50;838.50;0.00;0.00
11638;0;3217.50;9.50;843.50;0.00;0.00
11639;0;3365.50;9.50;843.50;0.00;0.00
11640;0;4416.50;9.50;840.50;0.00;0.00
11641;0;4687.50;9.50;833.50;0.00;0.00
11642;0;4707.50;9.50;834.50;0.00;0.00
11643;0;1795.50;9.50;831.50;0.00;0.00
11644;0;3057.50;9.50;837.50;0.00;0.00
11645;0;3175.50;9.50;839.50;0.00;0.00
11646;0;3186.50;9.50;840.50;0.00;0.00
11647;0;3261.50;9.50;842.50;0.00;0.00
11648;0;4362.50;9.50;843.50;0.00;0.00
11649;0;1586.50;9.50;840.50;0.00;0.00
11650;0;1721.50;9.50;830.50;0.00;0.00
11651;0;3374.50;9.50;841.50;0.00;0.00
11652;0;4444.50;9.50;840.50;0.00;0.00
11653;0;1604.50;9.50;838.50;0.00;0.00
11654;0;1882.50;9.50;838.50;0.00;0.00
11655;0;2038.50;9.50;839.50;0.00;0.00
11656;0;2099.50;9.50;837.50;0.00;0.00
11657;0;3047.50;9.50;840.50;0.00;0.00
11658;0;1566.50;9.50;838.50;0.00;0.00
11659;0;1577.50;9.50;839.50;0.00;0.00
11660;0;1625.50;9.50;835.50;0.00;0.00
11661;0;1979.50;9.50;834.50;0.00;0.00
11662;0;1997.50;9.50;833.50;0.00;0.00
11663;0;2048.50;9.50;839.50;0.00;0.00
11664;0;3000.50;9.50;831.50;0.00;0.00
11665;0;3068.50;9.50;834.50;0.00;0.00
11666;0;3095.50;9.50;833.50;0.00;0.00
11667;0;3206.50;9.50;837.50;0.00;0.00
11668;0;3294.50;9.50;836.50;0.00;0.00
11669;0;3352.50;9.50;838.50;0.00;0.00
11670;0;3394.50;9.50;842.50;0.00;0.00
11671;0;3400.50;9.50;838.50;0.00;0.00
11672;0;3429.50;9.50;837.50;0.00;0.00
11673;0;4742.50;9.50;840.50;0.00;0.00
11674;0;4813.50;9.50;838.50;0.00;0.00
11675;0;1657.50;9.50;831.50;0.00;0.00
11676;0;1964.50;9.50;835.50;0.00;0.00
11677;0;3024.50;9.50;833.50;0.00;0.00
11678;0;3151.50;9.50;834.50;0.00;0.00
11679;0;3411.50;9.50;837.50;0.00;0.00
11680;0;4602.50;9.50;835.50;0.00;0.00
11681;0;1935.50;9.50;833.50;0.00;0.00
11682;0;2070.50;9.50;837.50;0.00;0.00
11683;0;2081.50;9.50;838.50;0.00;0.00
11684;0;2111.50;9.50;831.50;0.00;0.00
11685;0;3036.50;9.50;836.50;0.00;0.00
11686;0;3240.50;9.50;835.50;0.00;0.00
11687;0;3270.50;9.50;838.50;0.00;0.00
11688;0;3383.50;9.50;838.50;0.00;0.00
11689;0;4615.50;9.50;837.50;0.00;0.00
11690;0;4547.50;9.50;824.50;0.00;0.00
11691;0;1593.50;9.50;834.50;0.00;0.00
11692;0;2013.50;9.50;834.50;0.00;0.00
11693;0;2060.50;9.50;835.50;0.00;0.00
11694;0;2973.50;9.50;827.50;0.00;0.00
11695;0;3227.50;9.50;832.50;0.00;0.00
11696;0;3285.50;9.50;835.50;0.00;0.00
11697;0;3389.50;9.50;832.50;0.00;0.00
11698;0;4395.50;9.50;836.50;0.00;0.00
11699;0;4432.50;9.50;833.50;0.00;0.00
11700;0;4624.50;9.50;832.50;0.00;0.00
11701;0;1829.50;9.50;828.50;0.00;0.00
11702;0;2990.50;9.50;833.50;0.00;0.00
11703;0;3255.50;9.50;834.50;0.00;0.00
11704;0;3364.50;9.50;833.50;0.00;0.00
11705;0;4563.50;9.50;826.50;0.00;0.00
11706;0;4633.50;9.50;832.50;0.00;0.00
11707;0;4981.50;9.50;825.50;0.00;0.00
11708;0;1757.50;9.50;827.50;0.00;0.00
11709;0;1853.50;9.50;827.50;0.00;0.00
11710;0;2028.50;9.50;831.50;0.00;0.00
11711;0;3275.50;9.50;836.50;0.00;0.00
11712;0;3305.50;9.50;833.50;0.00;0.00
11713;0;3439.50;9.50;833.50;0.00;0.00
11714;0;4472.50;9.50;833.50;0.00;0.00
11715;0;1560.50;9.50;832.50;0.00;0.00
11716;0;4409.50;9.50;830.50;0.00;0.00
11717;0;4947.50;9.50;834.50;0.00;0.00
11718;0;4962.50;9.50;820.50;0.00;0.00
11719;0;1585.50;9.50;831.50;0.00;0.00
11720;0;1615.50;9.50;828.50;0.00;0.00
11721;0;2043.50;9.50;830.50;0.00;0.00
11722;0;2077.50;9.50;831.50;0.00;0.00
11723;0;3049.50;9.50;829.50;0.00;0.00
11724;0;3116.50;9.50;825.50;0.00;0.00
11725;0;3356.50;9.50;830.50;0.00;0.00
11726;0;3396.50;9.50;830.50;0.00;0.00
11727;0;3419.50;9.50;829.50;0.00;0.00
11728;0;4421.50;9.50;828.50;0.00;0.00
11729;0;4764.50;9.50;833.50;0.00;0.00
11730;0;1575.50;9.50;831.50;0.00;0.00
11731;0;1629.50;9.50;820.50;0.00;0.00
11732;0;1909.50;9.50;824.50;0.00;0.00
11733;0;3082.50;9.50;827.50;0.00;0.00
11734;0;3373.50;9.50;829.50;0.00;0.00
11735;0;3451.50;9.50;828.50;0.00;0.00
11736;0;4588.50;9.50;828.50;0.00;0.00
11737;0;4852.50;9.50;832.50;0.00;0.00
11738;0;1894.50;9.50;825.50;0.00;0.00
11739;0;1924.50;9.50;821.50;0.00;0.00
11740;0;2086.50;9.50;829.50;0.00;0.00
11741;0;3187.50;9.50;823.50;0.00;0.00
11742;0;3268.50;9.50;830.50;0.00;0.00
11743;0;4452.50;9.50;826.50;0.00;0.00
11744;0;1952.50;9.50;825.50;0.00;0.00
11745;0;3014.50;9.50;821.50;0.00;0.00
11746;0;3171.50;9.50;824.50;0.00;0.00
11747;0;3205.50;9.50;827.50;0.00;0.00
11748;0;3275.50;9.50;830.50;0.00;0.00
11749;0;4441.50;9.50;826.50;0.00;0.00
11750;0;4697.50;9.50;825.50;0.00;0.00
11751;0;1567.50;9.50;827.50;0.00;0.00
11752;0;1868.50;9.50;825.50;0.00;0.00
11753;0;2097.50;9.50;826.50;0.00;0.00
11754;0;3135.50;9.50;822.50;0.00;0.00
11755;0;3258.50;9.50;825.50;0.00;0.00
11756;0;3282.50;9.50;825.50;0.00;0.00
11757;0;3409.50;9.50;827.50;0.00;0.00
11758;0;1778.50;9.50;822.50;0.00;0.00
11759;0;2052.50;9.50;825.50;0.00;0.00
11760;0;2063.50;9.50;826.50;0.00;0.00
11761;0;3293.50;9.50;827.50;0.00;0.00
11762;0;5115.50;9.50;829.50;0.00;0.00
11763;0;1594.50;9.50;824.50;0.00;0.00
11764;0;1605.50;9.50;823.50;0.00;0.00
11765;0;1645.50;9.50;815.50;0.00;0.00
11766;0;3061.50;9.50;824.50;0.00;0.00
11767;0;3220.50;9.50;819.50;0.00;0.00
11768;0;3249.50;9.50;825.50;0.00;0.00
11769;0;1558.50;9.50;825.50;0.00;0.00
11770;0;1881.50;9.50;822.50;0.00;0.00
11771;0;2072.50;9.50;823.50;0.00;0.00
11772;0;3030.50;9.50;819.50;0.00;0.00
11773;0;3241.50;9.50;821.50;0.00;0.00
11774;0;3378.50;9.50;822.50;0.00;0.00
11775;0;1736.50;9.50;817.50;0.00;0.00
11776;0;2018.50;9.50;822.50;0.00;0.00
11777;0;2118.50;9.50;821.50;0.00;0.00
11778;0;3273.50;9.50;825.50;0.00;0.00
11779;0;3350.50;9.50;823.50;0.00;0.00
11780;0;3392.50;9.50;825.50;0.00;0.00
11781;0;3402.50;9.50;821.50;0.00;0.00
11782;0;3441.50;9.50;822.50;0.00;0.00
11783;0;4575.50;9.50;817.50;0.00;0.00
11784;0;4604.50;9.50;822.50;0.00;0.00
11785;0;4622.50;9.50;821.50;0.00;0.00
11786;0;4719.50;9.50;826.50;0.00;0.00
11787;0;1584.50;9.50;821.50;0.00;0.00
11788;0;1703.50;9.50;819.50;0.00;0.00
11789;0;2036.50;9.50;819.50;0.00;0.00
11790;0;2139.50;9.50;819.50;0.00;0.00
11791;0;2984.50;9.50;819.50;0.00;0.00
11792;0;3044.50;9.50;821.50;0.00;0.00
11793;0;3306.50;9.50;821.50;0.00;0.00
11794;0;3428.50;9.50;822.50;0.00;0.00
11795;0;4408.50;9.50;816.50;0.00;0.00
11796;0;4715.50;9.50;821.50;0.00;0.00
11797;0;4914.50;9.50;816.50;0.00;0.00
11798;0;5009.50;9.50;815.50;0.00;0.00
11799;0;1575.50;9.50;819.50;0.00;0.00
11800;0;1815.50;9.50;816.50;0.00;0.00
11801;0;3097.50;9.50;820.50;0.00;0.00
11802;0;3200.50;9.50;816.50;0.00;0.00
11803;0;3231.50;9.50;816.50;0.00;0.00
11804;0;1677.50;9.50;817.50;0.00;0.00
11805;0;1977.50;9.50;817.50;0.00;0.00
11806;0;3153.50;9.50;815.50;0.00;0.00
11807;0;3336.50;9.50;819.50;0.00;0.00
11808;0;3388.50;9.50;818.50;0.00;0.00
11809;0;4432.50;9.50;819.50;0.00;0.00
11810;0;4464.50;9.50;819.50;0.00;0.00
11811;0;4681.50;9.50;815.50;0.00;0.00
11812;0;1563.50;9.50;820.50;0.00;0.00
11813;0;1663.50;9.50;816.50;0.00;0.00
11814;0;1839.50;9.50;813.50;0.00;0.00
11815;0;1940.50;9.50;816.50;0.00;0.00
11816;0;2127.50;9.50;812.50;0.00;0.00
11817;0;3075.50;9.50;816.50;0.00;0.00
11818;0;3264.50;9.50;818.50;0.00;0.00
11819;0;3296.50;9.50;822.50;0.00;0.00
11820;0;4899.50;9.50;814.50;0.00;0.00
11821;0;2080.50;9.50;816.50;0.00;0.00
11822;0;2104.50;9.50;816.50;0.00;0.00
11823;0;3086.50;9.50;816.50;0.00;0.00
11824;0;3357.50;9.50;808.50;0.00;0.00
11825;0;4382.50;9.50;820.50;0.00;0.00
11826;0;4594.50;9.50;817.50;0.00;0.00
11827;0;2091.50;9.50;815.50;0.00;0.00
11828;0;2151.50;9.50;814.50;0.00;0.00
11829;0;3273.50;9.50;819.50;0.00;0.00
11830;0;3281.50;9.50;818.50;0.00;0.00
11831;0;3321.50;9.50;816.50;0.00;0.00
11832;0;3346.50;9.50;814.50;0.00;0.00
11833;0;4504.50;9.50;818.50;0.00;0.00
11834;0;5208.50;9.50;795.50;0.00;0.00
11835;0;1614.50;9.50;814.50;0.00;0.00
11836;0;1957.50;9.50;810.50;0.00;0.00
11837;0;1996.50;9.50;812.50;0.00;0.00
11838;0;2048.50;9.50;814.50;0.00;0.00
11839;0;3008.50;9.50;811.50;0.00;0.00
11840;0;3107.50;9.50;813.50;0.00;0.00
11841;0;3123.50;9.50;812.50;0.00;0.00
11842;0;3289.50;9.50;816.50;0.00;0.00
11843;0;4614.50;9.50;810.50;0.00;0.00
11844;0;5029.50;9.50;810.50;0.00;0.00
11845;0;1591.50;9.50;814.50;0.00;0.00
11846;0;1691.50;9.50;810.50;0.00;0.00
11847;0;1706.50;9.50;808.50;0.00;0.00
11848;0;1795.50;9.50;811.50;0.00;0.00
11849;0;2062.50;9.50;814.50;0.00;0.00
11850;0;2994.50;9.50;812.50;0.00;0.00
11851;0;3255.50;9.50;816.50;0.00;0.00
11852;0;3414.50;9.50;810.50;0.00;0.00
11853;0;4423.50;9.50;815.50;0.00;0.00
11854;0;4442.50;9.50;814.50;0.00;0.00
11855;0;4454.50;9.50;814.50;0.00;0.00
11856;0;4629.50;9.50;811.50;0.00;0.00
11857;0;4945.50;9.50;812.50;0.00;0.00
11858;0;1856.50;9.50;811.50;0.00;0.00
11859;0;1902.50;9.50;810.50;0.00;0.00
11860;0;2164.50;9.50;813.50;0.00;0.00
11861;0;3020.50;9.50;808.50;0.00;0.00
11862;0;3048.50;9.50;813.50;0.00;0.00
11863;0;3368.50;9.50;810.50;0.00;0.00
11864;0;4693.50;9.50;811.50;0.00;0.00
11865;0;4989.50;9.50;807.50;0.00;0.00
11866;0;1719.50;9.50;808.50;0.00;0.00
11867;0;1888.50;9.50;810.50;0.00;0.00
11868;0;2175.50;9.50;812.50;0.00;0.00
11869;0;2186.50;9.50;813.50;0.00;0.00
11870;0;3064.50;9.50;812.50;0.00;0.00
11871;0;4824.50;9.50;811.50;0.00;0.00
11872;0;4853.50;9.50;811.50;0.00;0.00
11873;0;1579.50;9.50;813.50;0.00;0.00
11874;0;1759.50;9.50;808.50;0.00;0.00
11875;0;1873.50;9.50;810.50;0.00;0.00
11876;0;3296.50;9.50;810.50;0.00;0.00
11877;0;3378.50;9.50;812.50;0.00;0.00
11878;0;3400.50;9.50;812.50;0.00;0.00
11879;0;3437.50;9.50;812.50;0.00;0.00
11880;0;4715.50;9.50;809.50;0.00;0.00
11881;0;1917.50;9.50;808.50;0.00;0.00
11882;0;2015.50;9.50;810.50;0.00;0.00
11883;0;2029.50;9.50;805.50;0.00;0.00
11884;0;2114.50;9.50;810.50;0.00;0.00
11885;0;3275.50;9.50;813.50;0.00;0.00
11886;0;3308.50;9.50;811.50;0.00;0.00
11887;0;1596.50;9.50;803.50;0.00;0.00
11888;0;2197.50;9.50;808.50;0.00;0.00
11889;0;3169.50;9.50;808.50;0.00;0.00
11890;0;3211.50;9.50;805.50;0.00;0.00
11891;0;3245.50;9.50;808.50;0.00;0.00
11892;0;3268.50;9.50;810.50;0.00;0.00
11893;0;4420.50;9.50;806.50;0.00;0.00
11894;0;4468.50;9.50;808.50;0.00;0.00
11895;0;1566.50;9.50;808.50;0.00;0.00
11896;0;1932.50;9.50;802.50;0.00;0.00
11897;0;2073.50;9.50;806.50;0.00;0.00
11898;0;3029.50;9.50;809.50;0.00;0.00
11899;0;4798.50;9.50;808.50;0.00;0.00
11900;0;1775.50;9.50;805.50;0.00;0.00
11901;0;3235.50;9.50;806.50;0.00;0.00
11902;0;3260.50;9.50;808.50;0.00;0.00
11903;0;1628.50;9.50;803.50;0.00;0.00
11904;0;1743.50;9.50;800.50;0.00;0.00
11905;0;2097.50;9.50;805.50;0.00;0.00
11906;0;3181.50;9.50;800.50;0.00;0.00
11907;0;3329.50;9.50;805.50;0.00;0.00
11908;0;3387.50;9.50;808.50;0.00;0.00
11909;0;3427.50;9.50;807.50;0.00;0.00
11910;0;1827.50;9.50;800.50;0.00;0.00
11911;0;2085.50;9.50;804.50;0.00;0.00
11912;0;3084.50;9.50;805.50;0.00;0.00
11913;0;3096.50;9.50;804.50;0.00;0.00
11914;0;3225.50;9.50;800.50;0.00;0.00
11915;0;3280.50;9.50;808.50;0.00;0.00
11916;0;3320.50;9.50;800.50;0.00;0.00
11917;0;3341.50;9.50;805.50;0.00;0.00
11918;0;4435.50;9.50;803.50;0.00;0.00
11919;0;4960.50;9.50;801.50;0.00;0.00
11920;0;1678.50;9.50;803.50;0.00;0.00
11921;0;1968.50;9.50;799.50;0.00;0.00
11922;0;2043.50;9.50;801.50;0.00;0.00
11923;0;2056.50;9.50;803.50;0.00;0.00
11924;0;3048.50;9.50;803.50;0.00;0.00
11925;0;3072.50;9.50;805.50;0.00;0.00
11926;0;3132.50;9.50;802.50;0.00;0.00
11927;0;5050.50;9.50;793.50;0.00;0.00
11928;0;5066.50;9.50;795.50;0.00;0.00
11929;0;1557.50;9.50;803.50;0.00;0.00
11930;0;1583.50;9.50;801.50;0.00;0.00
11931;0;1659.50;9.50;803.50;0.00;0.00
11932;0;2153.50;9.50;804.50;0.00;0.00
11933;0;2208.50;9.50;803.50;0.00;0.00
11934;0;3113.50;9.50;801.50;0.00;0.00
11935;0;3195.50;9.50;801.50;0.00;0.00
11936;0;3286.50;9.50;803.50;0.00;0.00
11937;0;4727.50;9.50;799.50;0.00;0.00
11938;0;1609.50;9.50;803.50;0.00;0.00
11939;0;2007.50;9.50;799.50;0.00;0.00
11940;0;2164.50;9.50;804.50;0.00;0.00
11941;0;2176.50;9.50;802.50;0.00;0.00
11942;0;3034.50;9.50;802.50;0.00;0.00
11943;0;3061.50;9.50;803.50;0.00;0.00
11944;0;4454.50;9.50;802.50;0.00;0.00
11945;0;4944.50;9.50;799.50;0.00;0.00
11946;0;1572.50;9.50;799.50;0.00;0.00
11947;0;1809.50;9.50;797.50;0.00;0.00
11948;0;2140.50;9.50;802.50;0.00;0.00
11949;0;2998.50;9.50;800.50;0.00;0.00
11950;0;3020.50;9.50;798.50;0.00;0.00
11951;0;3148.50;9.50;800.50;0.00;0.00
11952;0;3309.50;9.50;803.50;0.00;0.00
11953;0;3396.50;9.50;801.50;0.00;0.00
11954;0;1645.50;9.50;798.50;0.00;0.00
11955;0;1844.50;9.50;796.50;0.00;0.00
11956;0;2105.50;9.50;798.50;0.00;0.00
11957;0;2117.50;9.50;799.50;0.00;0.00
11958;0;2128.50;9.50;799.50;0.00;0.00
11959;0;3255.50;9.50;801.50;0.00;0.00
11960;0;5013.50;9.50;797.50;0.00;0.00
11961;0;1895.50;9.50;798.50;0.00;0.00
11962;0;1985.50;9.50;793.50;0.00;0.00
11963;0;3409.50;9.50;797.50;0.00;0.00
11964;0;4692.50;9.50;800.50;0.00;0.00
11965;0;5037.50;9.50;785.50;0.00;0.00
11966;0;1697.50;9.50;798.50;0.00;0.00
11967;0;1859.50;9.50;796.50;0.00;0.00
11968;0;1871.50;9.50;798.50;0.00;0.00
11969;0;1883.50;9.50;794.50;0.00;0.00
11970;0;1909.50;9.50;794.50;0.00;0.00
11971;0;2192.50;9.50;799.50;0.00;0.00
11972;0;3043.50;9.50;797.50;0.00;0.00
11973;0;3294.50;9.50;799.50;0.00;0.00
11974;0;3302.50;9.50;795.50;0.00;0.00
11975;0;3370.50;9.50;797.50;0.00;0.00
11976;0;4465.50;9.50;796.50;0.00;0.00
11977;0;1564.50;9.50;798.50;0.00;0.00
11978;0;1728.50;9.50;789.50;0.00;0.00
11979;0;1786.50;9.50;792.50;0.00;0.00
11980;0;1943.50;9.50;790.50;0.00;0.00
11981;0;2065.50;9.50;796.50;0.00;0.00
11982;0;2201.50;9.50;798.50;0.00;0.00
11983;0;3055.50;9.50;798.50;0.00;0.00
11984;0;3078.50;9.50;799.50;0.00;0.00
11985;0;4976.50;9.50;789.50;0.00;0.00
11986;0;4997.50;9.50;790.50;0.00;0.00
11987;0;2183.50;9.50;795.50;0.00;0.00
11988;0;3157.50;9.50;790.50;0.00;0.00
11989;0;3355.50;9.50;792.50;0.00;0.00
11990;0;3428.50;9.50;796.50;0.00;0.00
11991;0;4443.50;9.50;794.50;0.00;0.00
11992;0;2149.50;9.50;795.50;0.00;0.00
11993;0;3007.50;9.50;795.50;0.00;0.00
11994;0;3014.50;9.50;798.50;0.00;0.00
11995;0;3028.50;9.50;795.50;0.00;0.00
11996;0;3088.50;9.50;794.50;0.00;0.00
11997;0;3266.50;9.50;797.50;0.00;0.00
11998;0;2213.50;9.50;793.50;0.00;0.00
11999;0;3069.50;9.50;795.50;0.00;0.00
12000;0;3169.50;9.50;790.50;0.00;0.00
12001;0;3329.50;9.50;789.50;0.00;0.00
12002;0;3341.50;9.50;794.50;0.00;0.00
12003;0;4427.50;9.50;796.50;0.00;0.00
12004;0;4735.50;9.50;782.50;0.00;0.00
12005;0;5084.50;9.50;787.50;0.00;0.00
12006;0;1550.50;9.50;793.50;0.00;0.00
12007;0;2076.50;9.50;788.50;0.00;0.00
12008;0;2095.50;9.50;792.50;0.00;0.00
12009;0;2167.50;9.50;795.50;0.00;0.00
12010;0;3061.50;9.50;794.50;0.00;0.00
12011;0;3102.50;9.50;792.50;0.00;0.00
12012;0;3139.50;9.50;789.50;0.00;0.00
12013;0;3251.50;9.50;790.50;0.00;0.00
12014;0;1593.50;9.50;791.50;0.00;0.00
12015;0;1614.50;9.50;792.50;0.00;0.00
12016;0;2032.50;9.50;790.50;0.00;0.00
12017;0;3119.50;9.50;790.50;0.00;0.00
12018;0;3215.50;9.50;791.50;0.00;0.00
12019;0;3285.50;9.50;793.50;0.00;0.00
12020;0;3314.50;9.50;789.50;0.00;0.00
12021;0;5194.50;9.50;790.50;0.00;0.00
12022;0;1578.50;9.50;789.50;0.00;0.00
12023;0;1663.50;9.50;790.50;0.00;0.00
12024;0;1763.50;9.50;787.50;0.00;0.00
12025;0;2016.50;9.50;785.50;0.00;0.00
12026;0;2084.50;9.50;793.50;0.00;0.00
12027;0;2175.50;9.50;791.50;0.00;0.00
12028;0;3235.50;9.50;791.50;0.00;0.00
12029;0;3379.50;9.50;788.50;0.00;0.00
12030;0;3391.50;9.50;791.50;0.00;0.00
12031;0;3419.50;9.50;791.50;0.00;0.00
12032;0;4453.50;9.50;791.50;0.00;0.00
12033;0;1676.50;9.50;789.50;0.00;0.00
12034;0;1707.50;9.50;786.50;0.00;0.00
12035;0;1960.50;9.50;782.50;0.00;0.00
12036;0;2051.50;9.50;788.50;0.00;0.00
12037;0;2111.50;9.50;790.50;0.00;0.00
12038;0;2223.50;9.50;788.50;0.00;0.00
12039;0;3045.50;9.50;790.50;0.00;0.00
12040;0;3400.50;9.50;788.50;0.00;0.00
12041;0;3185.50;9.50;787.50;0.00;0.00
12042;0;3199.50;9.50;788.50;0.00;0.00
12043;0;1563.50;9.50;789.50;0.00;0.00
12044;0;1925.50;9.50;780.50;0.00;0.00
12045;0;2121.50;9.50;788.50;0.00;0.00
12046;0;3013.50;9.50;788.50;0.00;0.00
12047;0;3036.50;9.50;787.50;0.00;0.00
12048;0;3684.50;9.50;790.50;0.00;0.00
12049;0;4693.50;9.50;789.50;0.00;0.00
12050;0;1799.50;9.50;781.50;0.00;0.00
12051;0;2203.50;9.50;788.50;0.00;0.00
12052;0;1997.50;9.50;780.50;0.00;0.00
12053;0;2152.50;9.50;785.50;0.00;0.00
12054;0;3052.50;9.50;787.50;0.00;0.00
12055;0;3079.50;9.50;787.50;0.00;0.00
12056;0;3298.50;9.50;786.50;0.00;0.00
12057;0;1650.50;9.50;782.50;0.00;0.00
12058;0;1689.50;9.50;776.50;0.00;0.00
12059;0;1821.50;9.50;781.50;0.00;0.00
12060;0;2068.50;9.50;785.50;0.00;0.00
12061;0;2139.50;9.50;784.50;0.00;0.00
12062;0;2191.50;9.50;785.50;0.00;0.00
12063;0;3423.50;9.50;783.50;0.00;0.00
12064;0;4469.50;9.50;786.50;0.00;0.00
12065;0;1580.50;9.50;778.50;0.00;0.00
12066;0;1871.50;9.50;784.50;0.00;0.00
12067;0;3058.50;9.50;783.50;0.00;0.00
12068;0;1569.50;9.50;782.50;0.00;0.00
12069;0;1607.50;9.50;782.50;0.00;0.00
12070;0;1620.50;9.50;778.50;0.00;0.00
12071;0;1635.50;9.50;777.50;0.00;0.00
12072;0;1742.50;9.50;777.50;0.00;0.00
12073;0;1889.50;9.50;781.50;0.00;0.00
12074;0;2104.50;9.50;781.50;0.00;0.00
12075;0;2129.50;9.50;779.50;0.00;0.00
12076;0;2164.50;9.50;784.50;0.00;0.00
12077;0;2180.50;9.50;784.50;0.00;0.00
12078;0;3020.50;9.50;784.50;0.00;0.00
12079;0;3360.50;9.50;781.50;0.00;0.00
12080;0;3413.50;9.50;782.50;0.00;0.00
12081;0;4460.50;9.50;784.50;0.00;0.00
12082;0;1839.50;9.50;777.50;0.00;0.00
12083;0;1904.50;9.50;780.50;0.00;0.00
12084;0;3108.50;9.50;779.50;0.00;0.00
12085;0;3288.50;9.50;783.50;0.00;0.00
12086;0;4448.50;9.50;782.50;0.00;0.00
12087;0;5092.50;9.50;776.50;0.00;0.00
12088;0;1552.50;9.50;782.50;0.00;0.00
12089;0;1856.50;9.50;779.50;0.00;0.00
12090;0;2092.50;9.50;780.50;0.00;0.00
12091;0;2234.50;9.50;781.50;0.00;0.00
12092;0;3091.50;9.50;780.50;0.00;0.00
12093;0;3124.50;9.50;778.50;0.00;0.00
12094;0;3309.50;9.50;781.50;0.00;0.00
12095;0;3320.50;9.50;780.50;0.00;0.00
12096;0;2040.50;9.50;777.50;0.00;0.00
12097;0;3027.50;9.50;777.50;0.00;0.00
12098;0;3045.50;9.50;781.50;0.00;0.00
12099;0;3149.50;9.50;779.50;0.00;0.00
12100;0;3342.50;9.50;777.50;0.00;0.00
12101;0;3438.50;9.50;781.50;0.00;0.00
12102;0;5161.50;9.50;770.50;0.00;0.00
12103;0;1779.50;9.50;773.50;0.00;0.00
12104;0;2215.50;9.50;778.50;0.00;0.00
12105;0;3161.50;9.50;779.50;0.00;0.00
12106;0;3172.50;9.50;780.50;0.00;0.00
12107;0;3374.50;9.50;776.50;0.00;0.00
12108;0;4688.50;9.50;779.50;0.00;0.00
12109;0;5053.50;9.50;768.50;0.00;0.00
12110;0;5060.50;9.50;778.50;0.00;0.00
12111;0;1592.50;9.50;779.50;0.00;0.00
12112;0;2256.50;9.50;777.50;0.00;0.00
12113;0;3065.50;9.50;776.50;0.00;0.00
12114;0;3209.50;9.50;777.50;0.00;0.00
12115;0;3392.50;9.50;778.50;0.00;0.00
12116;0;5249.50;9.50;762.50;0.00;0.00
12117;0;1561.50;9.50;778.50;0.00;0.00
12118;0;2080.50;9.50;776.50;0.00;0.00
12119;0;2225.50;9.50;774.50;0.00;0.00
12120;0;2244.50;9.50;776.50;0.00;0.00
12121;0;3194.50;9.50;777.50;0.00;0.00
12122;0;3219.50;9.50;771.50;0.00;0.00
12123;0;3232.50;9.50;778.50;0.00;0.00
12124;0;3243.50;9.50;778.50;0.00;0.00
12125;0;3255.50;9.50;778.50;0.00;0.00
12126;0;3267.50;9.50;776.50;0.00;0.00
12127;0;3354.50;9.50;772.50;0.00;0.00
12128;0;3405.50;9.50;775.50;0.00;0.00
12129;0;5034.50;9.50;772.50;0.00;0.00
12130;0;1665.50;9.50;774.50;0.00;0.00
12131;0;1976.50;9.50;768.50;0.00;0.00
12132;0;2067.50;9.50;766.50;0.00;0.00
12133;0;2202.50;9.50;777.50;0.00;0.00
12134;0;3037.50;9.50;776.50;0.00;0.00
12135;0;3078.50;9.50;776.50;0.00;0.00
12136;0;4990.50;9.50;770.50;0.00;0.00
12137;0;5011.50;9.50;771.50;0.00;0.00
12138;0;2027.50;9.50;769.50;0.00;0.00
12139;0;2170.50;9.50;773.50;0.00;0.00
12140;0;3138.50;9.50;774.50;0.00;0.00
12141;0;3182.50;9.50;777.50;0.00;0.00
12142;0;3330.50;9.50;773.50;0.00;0.00
12143;0;5075.50;9.50;772.50;0.00;0.00
12144;0;2118.50;9.50;773.50;0.00;0.00
12145;0;2148.50;9.50;774.50;0.00;0.00
12146;0;2159.50;9.50;773.50;0.00;0.00
12147;0;2181.50;9.50;774.50;0.00;0.00
12148;0;3052.50;9.50;775.50;0.00;0.00
12149;0;3294.50;9.50;775.50;0.00;0.00
12150;0;3419.50;9.50;774.50;0.00;0.00
12151;0;4455.50;9.50;777.50;0.00;0.00
12152;0;4468.50;9.50;777.50;0.00;0.00
12153;0;4898.50;9.50;776.50;0.00;0.00
12154;0;1709.50;9.50;768.50;0.00;0.00
12155;0;3017.50;9.50;774.50;0.00;0.00
12156;0;4919.50;9.50;764.50;0.00;0.00
12157;0;1611.50;9.50;770.50;0.00;0.00
12158;0;2009.50;9.50;766.50;0.00;0.00
12159;0;2053.50;9.50;771.50;0.00;0.00
12160;0;2192.50;9.50;772.50;0.00;0.00
12161;0;1760.50;9.50;767.50;0.00;0.00
12162;0;1875.50;9.50;771.50;0.00;0.00
12163;0;3168.50;9.50;772.50;0.00;0.00
12164;0;3384.50;9.50;768.50;0.00;0.00
12165;0;1570.50;9.50;767.50;0.00;0.00
12166;0;1914.50;9.50;764.50;0.00;0.00
12167;0;1949.50;9.50;762.50;0.00;0.00
12168;0;2234.50;9.50;772.50;0.00;0.00
12169;0;3305.50;9.50;768.50;0.00;0.00
12170;0;1553.50;9.50;769.50;0.00;0.00
12171;0;1729.50;9.50;763.50;0.00;0.00
12172;0;1815.50;9.50;764.50;0.00;0.00
12173;0;2104.50;9.50;768.50;0.00;0.00
12174;0;2134.50;9.50;766.50;0.00;0.00
12175;0;3101.50;9.50;766.50;0.00;0.00
12176;0;3116.50;9.50;766.50;0.00;0.00
12177;0;1562.50;9.50;766.50;0.00;0.00
12178;0;2262.50;9.50;767.50;0.00;0.00
12179;0;3180.50;9.50;769.50;0.00;0.00
12180;0;3286.50;9.50;766.50;0.00;0.00
12181;0;1594.50;9.50;769.50;0.00;0.00
12182;0;1643.50;9.50;763.50;0.00;0.00
12183;0;1797.50;9.50;764.50;0.00;0.00
12184;0;1892.50;9.50;765.50;0.00;0.00
12185;0;2090.50;9.50;766.50;0.00;0.00
12186;0;3086.50;9.50;762.50;0.00;0.00
12187;0;3315.50;9.50;764.50;0.00;0.00
12188;0;3431.50;9.50;767.50;0.00;0.00
12189;0;1676.50;9.50;754.50;0.00;0.00
12190;0;1852.50;9.50;763.50;0.00;0.00
12191;0;2205.50;9.50;765.50;0.00;0.00
12192;0;2219.50;9.50;765.50;0.00;0.00
12193;0;3157.50;9.50;765.50;0.00;0.00
12194;0;5085.50;9.50;766.50;0.00;0.00
12195;0;5120.50;9.50;764.50;0.00;0.00
12196;0;1582.50;9.50;765.50;0.00;0.00
12197;0;3015.50;9.50;764.50;0.00;0.00
12198;0;3028.50;9.50;766.50;0.00;0.00
12199;0;3042.50;9.50;765.50;0.00;0.00
12200;0;3071.50;9.50;762.50;0.00;0.00
12201;0;3193.50;9.50;766.50;0.00;0.00
12202;0;3232.50;9.50;763.50;0.00;0.00
12203;0;3255.50;9.50;766.50;0.00;0.00
12204;0;3360.50;9.50;762.50;0.00;0.00
12205;0;3402.50;9.50;764.50;0.00;0.00
12206;0;4477.50;9.50;767.50;0.00;0.00
12207;0;5030.50;9.50;754.50;0.00;0.00
12208;0;1603.50;9.50;764.50;0.00;0.00
12209;0;1626.50;9.50;762.50;0.00;0.00
12210;0;2183.50;9.50;763.50;0.00;0.00
12211;0;2244.50;9.50;766.50;0.00;0.00
12212;0;3055.50;9.50;766.50;0.00;0.00
12213;0;3132.50;9.50;762.50;0.00;0.00
12214;0;3173.50;9.50;765.50;0.00;0.00
12215;0;3206.50;9.50;764.50;0.00;0.00
12216;0;3268.50;9.50;764.50;0.00;0.00
12217;0;3335.50;9.50;762.50;0.00;0.00
12218;0;3415.50;9.50;764.50;0.00;0.00
12219;0;4494.50;9.50;766.50;0.00;0.00
12220;0;5096.50;9.50;762.50;0.00;0.00
12221;0;5108.50;9.50;760.50;0.00;0.00
12222;0;1835.50;9.50;758.50;0.00;0.00
12223;0;2153.50;9.50;762.50;0.00;0.00
12224;0;3373.50;9.50;762.50;0.00;0.00
12225;0;5064.50;9.50;762.50;0.00;0.00
12226;0;1657.50;9.50;758.50;0.00;0.00
12227;0;3245.50;9.50;759.50;0.00;0.00
12228;0;4488.50;9.50;765.50;0.00;0.00
12229;0;1929.50;9.50;752.50;0.00;0.00
12230;0;2231.50;9.50;752.50;0.00;0.00
12231;0;1694.50;9.50;756.50;0.00;0.00
12232;0;1869.50;9.50;758.50;0.00;0.00
12233;0;2038.50;9.50;757.50;0.00;0.00
12234;0;2080.50;9.50;757.50;0.00;0.00
12235;0;2117.50;9.50;758.50;0.00;0.00
12236;0;2219.50;9.50;753.50;0.00;0.00
12237;0;2235.50;9.50;761.50;0.00;0.00
12238;0;3147.50;9.50;757.50;0.00;0.00
12239;0;3296.50;9.50;760.50;0.00;0.00
12240;0;4502.50;9.50;763.50;0.00;0.00
12241;0;1614.50;9.50;758.50;0.00;0.00
12242;0;1749.50;9.50;753.50;0.00;0.00
12243;0;2174.50;9.50;755.50;0.00;0.00
12244;0;3221.50;9.50;756.50;0.00;0.00
12245;0;3348.50;9.50;756.50;0.00;0.00
12246;0;3408.50;9.50;756.50;0.00;0.00
12247;0;4509.50;9.50;761.50;0.00;0.00
12248;0;1590.50;9.50;757.50;0.00;0.00
12249;0;1777.50;9.50;755.50;0.00;0.00
12250;0;3181.50;9.50;760.50;0.00;0.00
12251;0;4470.50;9.50;759.50;0.00;0.00
12252;0;1996.50;9.50;748.50;0.00;0.00
12253;0;2250.50;9.50;758.50;0.00;0.00
12254;0;3166.50;9.50;758.50;0.00;0.00
12255;0;3421.50;9.50;756.50;0.00;0.00
12256;0;4491.50;9.50;758.50;0.00;0.00
12257;0;4550.50;9.50;759.50;0.00;0.00
12258;0;1569.50;9.50;758.50;0.00;0.00
12259;0;2191.50;9.50;754.50;0.00;0.00
12260;0;3021.50;9.50;756.50;0.00;0.00
12261;0;3031.50;9.50;757.50;0.00;0.00
12262;0;3055.50;9.50;755.50;0.00;0.00
12263;0;3384.50;9.50;757.50;0.00;0.00
12264;0;4477.50;9.50;759.50;0.00;0.00
12265;0;4486.50;9.50;753.50;0.00;0.00
12266;0;2019.50;9.50;749.50;0.00;0.00
12267;0;2053.50;9.50;750.50;0.00;0.00
12268;0;2102.50;9.50;752.50;0.00;0.00
12269;0;2161.50;9.50;750.50;0.00;0.00
12270;0;2258.50;9.50;758.50;0.00;0.00
12271;0;3395.50;9.50;752.50;0.00;0.00
12272;0;4515.50;9.50;755.50;0.00;0.00
12273;0;5004.50;9.50;750.50;0.00;0.00
12274;0;2266.50;9.50;757.50;0.00;0.00
12275;0;3044.50;9.50;754.50;0.00;0.00
12276;0;3192.50;9.50;756.50;0.00;0.00
12277;0;3274.50;9.50;752.50;0.00;0.00
12278;0;3429.50;9.50;757.50;0.00;0.00
12279;0;5271.50;9.50;754.50;0.00;0.00
12280;0;1607.50;9.50;750.50;0.00;0.00
12281;0;1969.50;9.50;746.50;0.00;0.00
12282;0;2146.50;9.50;750.50;0.00;0.00
12283;0;3112.50;9.50;751.50;0.00;0.00
12284;0;4559.50;9.50;755.50;0.00;0.00
12285;0;5046.50;9.50;746.50;0.00;0.00
12286;0;1713.50;9.50;748.50;0.00;0.00
12287;0;2130.50;9.50;751.50;0.00;0.00
12288;0;2204.50;9.50;751.50;0.00;0.00
12289;0;3095.50;9.50;748.50;0.00;0.00
12290;0;3209.50;9.50;749.50;0.00;0.00
12291;0;3315.50;9.50;751.50;0.00;0.00
12292;0;4501.50;9.50;754.50;0.00;0.00
12293;0;1581.50;9.50;751.50;0.00;0.00
12294;0;1820.50;9.50;747.50;0.00;0.00
12295;0;1896.50;9.50;749.50;0.00;0.00
12296;0;3259.50;9.50;750.50;0.00;0.00
12297;0;4520.50;9.50;751.50;0.00;0.00
12298;0;4528.50;9.50;752.50;0.00;0.00
12299;0;4546.50;9.50;752.50;0.00;0.00
12300;0;4568.50;9.50;752.50;0.00;0.00
12301;0;5073.50;9.50;749.50;0.00;0.00
12302;0;1636.50;9.50;746.50;0.00;0.00
12303;0;1734.50;9.50;747.50;0.00;0.00
12304;0;1800.50;9.50;746.50;0.00;0.00
12305;0;1856.50;9.50;748.50;0.00;0.00
12306;0;2243.50;9.50;750.50;0.00;0.00
12307;0;3164.50;9.50;747.50;0.00;0.00
12308;0;3175.50;9.50;749.50;0.00;0.00
12309;0;3238.50;9.50;748.50;0.00;0.00
12310;0;3337.50;9.50;747.50;0.00;0.00
12311;0;4536.50;9.50;752.50;0.00;0.00
12312;0;4577.50;9.50;747.50;0.00;0.00
12313;0;4586.50;9.50;753.50;0.00;0.00
12314;0;5090.50;9.50;746.50;0.00;0.00
12315;0;2088.50;9.50;747.50;0.00;0.00
12316;0;2253.50;9.50;751.50;0.00;0.00
12317;0;3066.50;9.50;749.50;0.00;0.00
12318;0;3128.50;9.50;746.50;0.00;0.00
12319;0;3300.50;9.50;747.50;0.00;0.00
12320;0;3362.50;9.50;746.50;0.00;0.00
12321;0;4509.50;9.50;752.50;0.00;0.00
12322;0;4985.50;9.50;740.50;0.00;0.00
12323;0;5113.50;9.50;748.50;0.00;0.00
12324;0;1600.50;9.50;741.50;0.00;0.00
12325;0;1763.50;9.50;743.50;0.00;0.00
12326;0;2262.50;9.50;750.50;0.00;0.00
12327;0;3383.50;9.50;745.50;0.00;0.00
12328;0;4493.50;9.50;750.50;0.00;0.00
12329;0;4873.50;9.50;746.50;0.00;0.00
12330;0;1576.50;9.50;744.50;0.00;0.00
12331;0;1621.50;9.50;746.50;0.00;0.00
12332;0;1875.50;9.50;743.50;0.00;0.00
12333;0;2064.50;9.50;739.50;0.00;0.00
12334;0;2269.50;9.50;749.50;0.00;0.00
12335;0;3026.50;9.50;748.50;0.00;0.00
12336;0;3041.50;9.50;746.50;0.00;0.00
12337;0;3185.50;9.50;746.50;0.00;0.00
12338;0;3197.50;9.50;744.50;0.00;0.00
12339;0;3326.50;9.50;744.50;0.00;0.00
12340;0;3405.50;9.50;747.50;0.00;0.00
12341;0;3427.50;9.50;748.50;0.00;0.00
12342;0;4553.50;9.50;749.50;0.00;0.00
12343;0;1593.50;9.50;748.50;0.00;0.00
12344;0;1675.50;9.50;737.50;0.00;0.00
12345;0;1841.50;9.50;742.50;0.00;0.00
12346;0;4561.50;9.50;745.50;0.00;0.00
12347;0;2117.50;9.50;740.50;0.00;0.00
12348;0;3225.50;9.50;742.50;0.00;0.00
12349;0;5014.50;9.50;737.50;0.00;0.00
12350;0;1655.50;9.50;739.50;0.00;0.00
12351;0;1785.50;9.50;739.50;0.00;0.00
12352;0;3051.50;9.50;744.50;0.00;0.00
12353;0;3151.50;9.50;743.50;0.00;0.00
12354;0;3281.50;9.50;740.50;0.00;0.00
12355;0;3416.50;9.50;741.50;0.00;0.00
12356;0;4505.50;9.50;745.50;0.00;0.00
12357;0;4524.50;9.50;746.50;0.00;0.00
12358;0;4543.50;9.50;745.50;0.00;0.00
12359;0;1908.50;9.50;730.50;0.00;0.00
12360;0;2172.50;9.50;740.50;0.00;0.00
12361;0;2195.50;9.50;742.50;0.00;0.00
12362;0;2227.50;9.50;737.50;0.00;0.00
12363;0;2248.50;9.50;744.50;0.00;0.00
12364;0;2256.50;9.50;745.50;0.00;0.00
12365;0;3251.50;9.50;738.50;0.00;0.00
12366;0;4533.50;9.50;744.50;0.00;0.00
12367;0;2035.50;9.50;737.50;0.00;0.00
12368;0;2185.50;9.50;743.50;0.00;0.00
12369;0;2267.50;9.50;742.50;0.00;0.00
12370;0;3076.50;9.50;736.50;0.00;0.00
12371;0;3376.50;9.50;737.50;0.00;0.00
12372;0;4570.50;9.50;743.50;0.00;0.00
12373;0;5308.50;9.50;737.50;0.00;0.00
12374;0;2134.50;9.50;737.50;0.00;0.00
12375;0;2238.50;9.50;741.50;0.00;0.00
12376;0;3140.50;9.50;734.50;0.00;0.00
12377;0;1585.50;9.50;740.50;0.00;0.00
12378;0;1947.50;9.50;733.50;0.00;0.00
12379;0;2259.50;9.50;739.50;0.00;0.00
12380;0;4792.50;9.50;741.50;0.00;0.00
12381;0;5032.50;9.50;732.50;0.00;0.00
12382;0;2076.50;9.50;730.50;0.00;0.00
12383;0;3028.50;9.50;737.50;0.00;0.00
12384;0;3038.50;9.50;737.50;0.00;0.00
12385;0;3308.50;9.50;737.50;0.00;0.00
12386;0;3395.50;9.50;734.50;0.00;0.00
12387;0;4550.50;9.50;739.50;0.00;0.00
12388;0;4601.50;9.50;740.50;0.00;0.00
12389;0;1730.50;9.50;735.50;0.00;0.00
12390;0;1862.50;9.50;734.50;0.00;0.00
12391;0;1888.50;9.50;735.50;0.00;0.00
12392;0;2150.50;9.50;736.50;0.00;0.00
12393;0;2206.50;9.50;735.50;0.00;0.00
12394;0;3166.50;9.50;734.50;0.00;0.00
12395;0;3212.50;9.50;734.50;0.00;0.00
12396;0;4590.50;9.50;738.50;0.00;0.00
12397;0;1693.50;9.50;725.50;0.00;0.00
12398;0;1807.50;9.50;732.50;0.00;0.00
12399;0;1926.50;9.50;732.50;0.00;0.00
12400;0;3425.50;9.50;738.50;0.00;0.00
12401;0;4581.50;9.50;736.50;0.00;0.00
12402;0;5115.50;9.50;728.50;0.00;0.00
12403;0;1748.50;9.50;732.50;0.00;0.00
12404;0;3337.50;9.50;735.50;0.00;0.00
12405;0;4558.50;9.50;736.50;0.00;0.00
12406;0;4564.50;9.50;737.50;0.00;0.00
12407;0;4574.50;9.50;736.50;0.00;0.00
12408;0;5052.50;9.50;729.50;0.00;0.00
12409;0;1625.50;9.50;736.50;0.00;0.00
12410;0;1773.50;9.50;731.50;0.00;0.00
12411;0;2218.50;9.50;729.50;0.00;0.00
12412;0;2249.50;9.50;738.50;0.00;0.00
12413;0;3110.50;9.50;731.50;0.00;0.00
12414;0;3182.50;9.50;731.50;0.00;0.00
12415;0;3317.50;9.50;731.50;0.00;0.00
12416;0;3352.50;9.50;733.50;0.00;0.00
12417;0;3366.50;9.50;732.50;0.00;0.00
12418;0;5280.50;9.50;736.50;0.00;0.00
12419;0;2108.50;9.50;725.50;0.00;0.00
12420;0;3056.50;9.50;731.50;0.00;0.00
12421;0;3239.50;9.50;732.50;0.00;0.00
12422;0;1662.50;9.50;728.50;0.00;0.00
12423;0;1720.50;9.50;723.50;0.00;0.00
12424;0;1821.50;9.50;730.50;0.00;0.00
12425;0;1833.50;9.50;730.50;0.00;0.00
12426;0;1992.50;9.50;724.50;0.00;0.00
12427;0;2244.50;9.50;732.50;0.00;0.00
12428;0;3126.50;9.50;729.50;0.00;0.00
12429;0;3412.50;9.50;730.50;0.00;0.00
12430;0;5130.50;9.50;727.50;0.00;0.00
12431;0;1635.50;9.50;726.50;0.00;0.00
12432;0;2191.50;9.50;731.50;0.00;0.00
12433;0;3098.50;9.50;724.50;0.00;0.00
12434;0;3197.50;9.50;730.50;0.00;0.00
12435;0;4619.50;9.50;732.50;0.00;0.00
12436;0;4648.50;9.50;727.50;0.00;0.00
12437;0;4664.50;9.50;729.50;0.00;0.00
12438;0;4769.50;9.50;734.50;0.00;0.00
12439;0;1587.50;9.50;731.50;0.00;0.00
12440;0;1599.50;9.50;731.50;0.00;0.00
12441;0;2089.50;9.50;725.50;0.00;0.00
12442;0;2178.50;9.50;729.50;0.00;0.00
12443;0;2252.50;9.50;732.50;0.00;0.00
12444;0;2266.50;9.50;733.50;0.00;0.00
12445;0;3256.50;9.50;725.50;0.00;0.00
12446;0;3383.50;9.50;729.50;0.00;0.00
12447;0;4600.50;9.50;732.50;0.00;0.00
12448;0;1793.50;9.50;726.50;0.00;0.00
12449;0;1967.50;9.50;724.50;0.00;0.00
12450;0;2018.50;9.50;723.50;0.00;0.00
12451;0;2043.50;9.50;719.50;0.00;0.00
12452;0;3085.50;9.50;724.50;0.00;0.00
12453;0;3295.50;9.50;723.50;0.00;0.00
12454;0;4636.50;9.50;729.50;0.00;0.00
12455;0;4699.50;9.50;730.50;0.00;0.00
12456;0;5619.50;9.50;731.50;0.00;0.00
12457;0;2158.50;9.50;725.50;0.00;0.00
12458;0;2258.50;9.50;729.50;0.00;0.00
12459;0;3282.50;9.50;723.50;0.00;0.00
12460;0;3066.50;9.50;724.50;0.00;0.00
12461;0;3153.50;9.50;724.50;0.00;0.00
12462;0;3326.50;9.50;725.50;0.00;0.00
12463;0;3426.50;9.50;724.50;0.00;0.00
12464;0;4782.50;9.50;725.50;0.00;0.00
12465;0;5335.50;9.50;722.50;0.00;0.00
12466;0;1618.50;9.50;725.50;0.00;0.00
12467;0;1761.50;9.50;723.50;0.00;0.00
12468;0;3042.50;9.50;721.50;0.00;0.00
12469;0;3230.50;9.50;722.50;0.00;0.00
12470;0;3268.50;9.50;719.50;0.00;0.00
12471;0;2237.50;9.50;724.50;0.00;0.00
12472;0;1604.50;9.50;724.50;0.00;0.00
12473;0;2060.50;9.50;720.50;0.00;0.00
12474;0;2247.50;9.50;725.50;0.00;0.00
12475;0;3405.50;9.50;721.50;0.00;0.00
12476;0;1644.50;9.50;721.50;0.00;0.00
12477;0;2126.50;9.50;720.50;0.00;0.00
12478;0;2196.50;9.50;719.50;0.00;0.00
12479;0;3024.50;9.50;723.50;0.00;0.00
12480;0;3217.50;9.50;722.50;0.00;0.00
12481;0;3354.50;9.50;720.50;0.00;0.00
12482;0;1846.50;9.50;720.50;0.00;0.00
12483;0;2206.50;9.50;721.50;0.00;0.00
12484;0;3309.50;9.50;719.50;0.00;0.00
12485;0;3339.50;9.50;721.50;0.00;0.00
12486;0;3391.50;9.50;720.50;0.00;0.00
12487;0;1593.50;9.50;720.50;0.00;0.00
12488;0;1626.50;9.50;717.50;0.00;0.00
12489;0;1738.50;9.50;717.50;0.00;0.00
12490;0;1882.50;9.50;720.50;0.00;0.00
12491;0;2182.50;9.50;721.50;0.00;0.00
12492;0;3028.50;9.50;715.50;0.00;0.00
12493;0;3142.50;9.50;716.50;0.00;0.00
12494;0;3168.50;9.50;718.50;0.00;0.00
12495;0;3204.50;9.50;718.50;0.00;0.00
12496;0;5138.50;9.50;717.50;0.00;0.00
12497;0;1825.50;9.50;719.50;0.00;0.00
12498;0;1863.50;9.50;718.50;0.00;0.00
12499;0;2170.50;9.50;722.50;0.00;0.00
12500;0;3052.50;9.50;721.50;0.00;0.00
12501;0;3075.50;9.50;716.50;0.00;0.00
12502;0;2226.50;9.50;719.50;0.00;0.00
12503;0;2260.50;9.50;721.50;0.00;0.00
12504;0;3119.50;9.50;715.50;0.00;0.00
12505;0;1672.50;9.50;710.50;0.00;0.00
12506;0;1810.50;9.50;717.50;0.00;0.00
12507;0;3188.50;9.50;714.50;0.00;0.00
12508;0;1658.50;9.50;714.50;0.00;0.00
12509;0;1772.50;9.50;718.50;0.00;0.00
12510;0;1906.50;9.50;713.50;0.00;0.00
12511;0;1926.50;9.50;709.50;0.00;0.00
12512;0;2075.50;9.50;714.50;0.00;0.00
12513;0;2252.50;9.50;716.50;0.00;0.00
12514;0;3361.50;9.50;711.50;0.00;0.00
12515;0;4764.50;9.50;714.50;0.00;0.00
12516;0;1607.50;9.50;715.50;0.00;0.00
12517;0;3243.50;9.50;714.50;0.00;0.00
12518;0;1836.50;9.50;711.50;0.00;0.00
12519;0;3106.50;9.50;712.50;0.00;0.00
12520;0;1637.50;9.50;714.50;0.00;0.00
12521;0;2214.50;9.50;712.50;0.00;0.00
12522;0;2234.50;9.50;715.50;0.00;0.00
12523;0;3318.50;9.50;710.50;0.00;0.00
12524;0;3373.50;9.50;705.50;0.00;0.00
12525;0;5166.50;9.50;718.50;0.00;0.00
12526;0;1794.50;9.50;715.50;0.00;0.00
12527;0;2243.50;9.50;714.50;0.00;0.00
12528;0;5127.50;9.50;713.50;0.00;0.00
12529;0;5319.50;9.50;713.50;0.00;0.00
12530;0;1751.50;9.50;709.50;0.00;0.00
12531;0;2183.50;9.50;709.50;0.00;0.00
12532;0;3223.50;9.50;712.50;0.00;0.00
12533;0;3292.50;9.50;710.50;0.00;0.00
12534;0;3416.50;9.50;708.50;0.00;0.00
12535;0;3431.50;9.50;710.50;0.00;0.00
12536;0;4692.50;9.50;713.50;0.00;0.00
12537;0;3132.50;9.50;706.50;0.00;0.00
12538;0;3256.50;9.50;709.50;0.00;0.00
12539;0;3342.50;9.50;708.50;0.00;0.00
12540;0;1618.50;9.50;709.50;0.00;0.00
12541;0;1694.50;9.50;701.50;0.00;0.00
12542;0;1763.50;9.50;708.50;0.00;0.00
12543;0;1944.50;9.50;707.50;0.00;0.00
12544;0;2112.50;9.50;705.50;0.00;0.00
12545;0;2139.50;9.50;705.50;0.00;0.00
12546;0;3332.50;9.50;701.50;0.00;0.00
12547;0;3403.50;9.50;709.50;0.00;0.00
12548;0;4754.50;9.50;708.50;0.00;0.00
12549;0;1597.50;9.50;709.50;0.00;0.00
12550;0;2229.50;9.50;707.50;0.00;0.00
12551;0;1820.50;9.50;706.50;0.00;0.00
12552;0;1963.50;9.50;703.50;0.00;0.00
12553;0;2165.50;9.50;707.50;0.00;0.00
12554;0;2198.50;9.50;707.50;0.00;0.00
12555;0;3272.50;9.50;706.50;0.00;0.00
12556;0;3386.50;9.50;703.50;0.00;0.00
12557;0;5164.50;9.50;702.50;0.00;0.00
12558;0;1648.50;9.50;700.50;0.00;0.00
12559;0;1719.50;9.50;705.50;0.00;0.00
12560;0;1804.50;9.50;705.50;0.00;0.00
12561;0;1881.50;9.50;705.50;0.00;0.00
12562;0;1986.50;9.50;700.50;0.00;0.00
12563;0;2047.50;9.50;704.50;0.00;0.00
12564;0;2085.50;9.50;701.50;0.00;0.00
12565;0;3035.50;9.50;707.50;0.00;0.00
12566;0;3081.50;9.50;704.50;0.00;0.00
12567;0;3154.50;9.50;704.50;0.00;0.00
12568;0;3232.50;9.50;705.50;0.00;0.00
12569;0;1782.50;9.50;703.50;0.00;0.00
12570;0;2012.50;9.50;701.50;0.00;0.00
12571;0;2247.50;9.50;707.50;0.00;0.00
12572;0;3057.50;9.50;705.50;0.00;0.00
12573;0;1635.50;9.50;706.50;0.00;0.00
12574;0;1734.50;9.50;703.50;0.00;0.00
12575;0;3095.50;9.50;702.50;0.00;0.00
12576;0;3175.50;9.50;701.50;0.00;0.00
12577;0;3206.50;9.50;705.50;0.00;0.00
12578;0;2032.50;9.50;697.50;0.00;0.00
12579;0;3067.50;9.50;699.50;0.00;0.00
12580;0;3302.50;9.50;701.50;0.00;0.00
12581;0;1607.50;9.50;705.50;0.00;0.00
12582;0;1863.50;9.50;701.50;0.00;0.00
12583;0;2218.50;9.50;702.50;0.00;0.00
12584;0;1662.50;9.50;702.50;0.00;0.00
12585;0;1705.50;9.50;690.50;0.00;0.00
12586;0;1847.50;9.50;700.50;0.00;0.00
12587;0;2239.50;9.50;701.50;0.00;0.00
12588;0;3218.50;9.50;701.50;0.00;0.00
12589;0;2062.50;9.50;698.50;0.00;0.00
12590;0;3049.50;9.50;696.50;0.00;0.00
12591;0;3118.50;9.50;697.50;0.00;0.00
12592;0;1745.50;9.50;698.50;0.00;0.00
12593;0;1767.50;9.50;695.50;0.00;0.00
12594;0;2172.50;9.50;697.50;0.00;0.00
12595;0;3194.50;9.50;700.50;0.00;0.00
12596;0;3243.50;9.50;700.50;0.00;0.00
12597;0;1902.50;9.50;694.50;0.00;0.00
12598;0;2206.50;9.50;697.50;0.00;0.00
12599;0;3287.50;9.50;698.50;0.00;0.00
12600;0;3442.50;9.50;700.50;0.00;0.00
12601;0;1833.50;9.50;695.50;0.00;0.00
12602;0;2160.50;9.50;690.50;0.00;0.00
12603;0;2186.50;9.50;696.50;0.00;0.00
12604;0;5349.50;9.50;698.50;0.00;0.00
12605;0;1611.50;9.50;697.50;0.00;0.00
12606;0;1622.50;9.50;698.50;0.00;0.00
12607;0;1632.50;9.50;699.50;0.00;0.00
12608;0;1679.50;9.50;695.50;0.00;0.00
12609;0;2231.50;9.50;697.50;0.00;0.00
12610;0;3141.50;9.50;693.50;0.00;0.00
12611;0;3319.50;9.50;696.50;0.00;0.00
12612;0;3401.50;9.50;692.50;0.00;0.00
12613;0;1922.50;9.50;691.50;0.00;0.00
12614;0;3037.50;9.50;696.50;0.00;0.00
12615;0;3254.50;9.50;696.50;0.00;0.00
12616;0;1802.50;9.50;691.50;0.00;0.00
12617;0;2100.50;9.50;689.50;0.00;0.00
12618;0;3102.50;9.50;691.50;0.00;0.00
12619;0;3367.50;9.50;692.50;0.00;0.00
12620;0;3420.50;9.50;693.50;0.00;0.00
12621;0;1787.50;9.50;687.50;0.00;0.00
12622;0;3267.50;9.50;693.50;0.00;0.00
12623;0;3345.50;9.50;692.50;0.00;0.00
12624;0;3442.50;9.50;687.50;0.00;0.00
12625;0;1943.50;9.50;689.50;0.00;0.00
12626;0;3229.50;9.50;694.50;0.00;0.00
12627;0;1752.50;9.50;688.50;0.00;0.00
12628;0;1818.50;9.50;691.50;0.00;0.00
12629;0;1884.50;9.50;691.50;0.00;0.00
12630;0;2120.50;9.50;690.50;0.00;0.00
12631;0;2136.50;9.50;687.50;0.00;0.00
12632;0;3385.50;9.50;689.50;0.00;0.00
12633;0;2044.50;9.50;689.50;0.00;0.00
12634;0;2197.50;9.50;689.50;0.00;0.00
12635;0;3079.50;9.50;688.50;0.00;0.00
12636;0;3160.50;9.50;685.50;0.00;0.00
12637;0;3308.50;9.50;688.50;0.00;0.00
12638;0;5046.50;9.50;665.50;0.00;0.00
12639;0;1644.50;9.50;688.50;0.00;0.00
12640;0;1661.50;9.50;688.50;0.00;0.00
12641;0;2226.50;9.50;689.50;0.00;0.00
12642;0;3217.50;9.50;690.50;0.00;0.00
12643;0;3285.50;9.50;683.50;0.00;0.00
12644;0;1616.50;9.50;686.50;0.00;0.00
12645;0;2081.50;9.50;687.50;0.00;0.00
12646;0;1632.50;9.50;690.50;0.00;0.00
12647;0;3196.50;9.50;681.50;0.00;0.00
12648;0;3239.50;9.50;689.50;0.00;0.00
12649;0;3329.50;9.50;687.50;0.00;0.00
12650;0;1607.50;9.50;688.50;0.00;0.00
12651;0;1693.50;9.50;680.50;0.00;0.00
12652;0;1722.50;9.50;684.50;0.00;0.00
12653;0;1737.50;9.50;687.50;0.00;0.00
12654;0;1962.50;9.50;682.50;0.00;0.00
12655;0;2067.50;9.50;683.50;0.00;0.00
12656;0;2211.50;9.50;686.50;0.00;0.00
12657;0;3184.50;9.50;687.50;0.00;0.00
12658;0;1625.50;9.50;687.50;0.00;0.00
12659;0;1858.50;9.50;684.50;0.00;0.00
12660;0;2010.50;9.50;680.50;0.00;0.00
12661;0;3107.50;9.50;680.50;0.00;0.00
12662;0;3247.50;9.50;684.50;0.00;0.00
12663;0;4896.50;9.50;678.50;0.00;0.00
12664;0;1871.50;9.50;674.50;0.00;0.00
12665;0;3040.50;9.50;686.50;0.00;0.00
12666;0;3050.50;9.50;681.50;0.00;0.00
12667;0;3255.50;9.50;687.50;0.00;0.00
12668;0;1842.50;9.50;681.50;0.00;0.00
12669;0;2183.50;9.50;681.50;0.00;0.00
12670;0;4865.50;9.50;683.50;0.00;0.00
12671;0;5215.50;9.50;685.50;0.00;0.00
12672;0;1673.50;9.50;681.50;0.00;0.00
12673;0;3209.50;9.50;678.50;0.00;0.00
12674;0;3427.50;9.50;682.50;0.00;0.00
12675;0;1763.50;9.50;681.50;0.00;0.00
12676;0;1892.50;9.50;678.50;0.00;0.00
12677;0;2053.50;9.50;678.50;0.00;0.00
12678;0;2221.50;9.50;680.50;0.00;0.00
12679;0;3226.50;9.50;684.50;0.00;0.00
12680;0;3265.50;9.50;683.50;0.00;0.00
12681;0;3301.50;9.50;678.50;0.00;0.00
12682;0;1813.50;9.50;677.50;0.00;0.00
12683;0;2168.50;9.50;678.50;0.00;0.00
12684;0;3126.50;9.50;679.50;0.00;0.00
12685;0;3404.50;9.50;673.50;0.00;0.00
12686;0;1633.50;9.50;682.50;0.00;0.00
12687;0;1982.50;9.50;675.50;0.00;0.00
12688;0;2151.50;9.50;677.50;0.00;0.00
12689;0;3095.50;9.50;673.50;0.00;0.00
12690;0;3317.50;9.50;678.50;0.00;0.00
12691;0;3343.50;9.50;679.50;0.00;0.00
12692;0;3493.50;9.50;682.50;0.00;0.00
12693;0;1778.50;9.50;674.50;0.00;0.00
12694;0;1913.50;9.50;673.50;0.00;0.00
12695;0;3069.50;9.50;677.50;0.00;0.00
12696;0;3144.50;9.50;675.50;0.00;0.00
12697;0;1657.50;9.50;677.50;0.00;0.00
12698;0;1743.50;9.50;677.50;0.00;0.00
12699;0;2085.50;9.50;674.50;0.00;0.00
12700;0;2119.50;9.50;675.50;0.00;0.00
12701;0;2198.50;9.50;677.50;0.00;0.00
12702;0;3058.50;9.50;673.50;0.00;0.00
12703;0;3374.50;9.50;677.50;0.00;0.00
12704;0;4946.50;9.50;667.50;0.00;0.00
12705;0;1612.50;9.50;678.50;0.00;0.00
12706;0;1619.50;9.50;679.50;0.00;0.00
12707;0;1624.50;9.50;676.50;0.00;0.00
12708;0;1829.50;9.50;674.50;0.00;0.00
12709;0;1935.50;9.50;671.50;0.00;0.00
12710;0;3241.50;9.50;676.50;0.00;0.00
12711;0;3274.50;9.50;676.50;0.00;0.00
12712;0;1637.50;9.50;675.50;0.00;0.00
12713;0;1682.50;9.50;671.50;0.00;0.00
12714;0;2037.50;9.50;670.50;0.00;0.00
12715;0;3292.50;9.50;676.50;0.00;0.00
12716;0;3325.50;9.50;668.50;0.00;0.00
12717;0;3389.50;9.50;673.50;0.00;0.00
12718;0;3185.50;9.50;675.50;0.00;0.00
12719;0;3252.50;9.50;677.50;0.00;0.00
12720;0;4908.50;9.50;669.50;0.00;0.00
12721;0;2209.50;9.50;675.50;0.00;0.00
12722;0;3033.50;9.50;669.50;0.00;0.00
12723;0;3223.50;9.50;673.50;0.00;0.00
12724;0;3260.50;9.50;674.50;0.00;0.00
12725;0;3441.50;9.50;673.50;0.00;0.00
12726;0;1703.50;9.50;669.50;0.00;0.00
12727;0;1717.50;9.50;669.50;0.00;0.00
12728;0;1799.50;9.50;668.50;0.00;0.00
12729;0;3044.50;9.50;671.50;0.00;0.00
12730;0;3080.50;9.50;670.50;0.00;0.00
12731;0;3162.50;9.50;670.50;0.00;0.00
12732;0;1732.50;9.50;668.50;0.00;0.00
12733;0;3117.50;9.50;666.50;0.00;0.00
12734;0;3364.50;9.50;671.50;0.00;0.00
12735;0;4927.50;9.50;664.50;0.00;0.00
12736;0;1645.50;9.50;670.50;0.00;0.00
12737;0;1761.50;9.50;667.50;0.00;0.00
12738;0;2103.50;9.50;667.50;0.00;0.00
12739;0;2132.50;9.50;667.50;0.00;0.00
12740;0;2218.50;9.50;671.50;0.00;0.00
12741;0;3586.50;9.50;667.50;0.00;0.00
12742;0;1748.50;9.50;665.50;0.00;0.00
12743;0;1998.50;9.50;662.50;0.00;0.00
12744;0;2190.50;9.50;669.50;0.00;0.00
12745;0;3198.50;9.50;668.50;0.00;0.00
12746;0;4862.50;9.50;661.50;0.00;0.00
12747;0;1630.50;9.50;668.50;0.00;0.00
12748;0;1670.50;9.50;667.50;0.00;0.00
12749;0;1954.50;9.50;663.50;0.00;0.00
12750;0;2065.50;9.50;669.50;0.00;0.00
12751;0;3286.50;9.50;668.50;0.00;0.00
12752;0;2077.50;9.50;665.50;0.00;0.00
12753;0;2177.50;9.50;667.50;0.00;0.00
12754;0;3267.50;9.50;668.50;0.00;0.00
12755;0;3425.50;9.50;668.50;0.00;0.00
12756;0;1659.50;9.50;663.50;0.00;0.00
12757;0;3176.50;9.50;667.50;0.00;0.00
12758;0;3213.50;9.50;664.50;0.00;0.00
12759;0;3248.50;9.50;669.50;0.00;0.00
12760;0;3276.50;9.50;663.50;0.00;0.00
12761;0;3306.50;9.50;667.50;0.00;0.00
12762;0;4879.50;9.50;663.50;0.00;0.00
12763;0;1856.50;9.50;663.50;0.00;0.00
12764;0;2016.50;9.50;660.50;0.00;0.00
12765;0;2145.50;9.50;661.50;0.00;0.00
12766;0;3347.50;9.50;668.50;0.00;0.00
12767;0;3377.50;9.50;665.50;0.00;0.00
12768;0;1623.50;9.50;662.50;0.00;0.00
12769;0;1895.50;9.50;661.50;0.00;0.00
12770;0;2159.50;9.50;663.50;0.00;0.00
12771;0;3257.50;9.50;665.50;0.00;0.00
12772;0;3293.50;9.50;663.50;0.00;0.00
12773;0;3338.50;9.50;663.50;0.00;0.00
12774;0;2054.50;9.50;666.50;0.00;0.00
12775;0;2200.50;9.50;664.50;0.00;0.00
12776;0;1638.50;9.50;662.50;0.00;0.00
12777;0;1819.50;9.50;661.50;0.00;0.00
12778;0;2210.50;9.50;664.50;0.00;0.00
12779;0;3068.50;9.50;662.50;0.00;0.00
12780;0;3227.50;9.50;663.50;0.00;0.00
12781;0;3243.50;9.50;662.50;0.00;0.00
12782;0;1785.50;9.50;659.50;0.00;0.00
12783;0;2041.50;9.50;650.50;0.00;0.00
12784;0;3025.50;9.50;659.50;0.00;0.00
12785;0;3054.50;9.50;662.50;0.00;0.00
12786;0;3418.50;9.50;657.50;0.00;0.00
12787;0;3445.50;9.50;660.50;0.00;0.00
12788;0;4895.50;9.50;655.50;0.00;0.00
12789;0;1680.50;9.50;660.50;0.00;0.00
12790;0;1880.50;9.50;652.50;0.00;0.00
12791;0;2117.50;9.50;658.50;0.00;0.00
12792;0;3092.50;9.50;659.50;0.00;0.00
12793;0;1692.50;9.50;655.50;0.00;0.00
12794;0;1771.50;9.50;654.50;0.00;0.00
12795;0;1922.50;9.50;654.50;0.00;0.00
12796;0;3112.50;9.50;652.50;0.00;0.00
12797;0;3150.50;9.50;655.50;0.00;0.00
12798;0;3366.50;9.50;661.50;0.00;0.00
12799;0;3389.50;9.50;657.50;0.00;0.00
12800;0;3595.50;9.50;647.50;0.00;0.00
12801;0;2170.50;9.50;657.50;0.00;0.00
12802;0;1835.50;9.50;653.50;0.00;0.00
12803;0;2082.50;9.50;654.50;0.00;0.00
12804;0;2183.50;9.50;656.50;0.00;0.00
12805;0;3039.50;9.50;656.50;0.00;0.00
12806;0;3231.50;9.50;654.50;0.00;0.00
12807;0;3263.50;9.50;655.50;0.00;0.00
12808;0;1704.50;9.50;655.50;0.00;0.00
12809;0;1756.50;9.50;654.50;0.00;0.00
12810;0;1807.50;9.50;652.50;0.00;0.00
12811;0;1965.50;9.50;647.50;0.00;0.00
12812;0;2028.50;9.50;644.50;0.00;0.00
12813;0;2060.50;9.50;651.50;0.00;0.00
12814;0;2194.50;9.50;655.50;0.00;0.00
12815;0;3322.50;9.50;655.50;0.00;0.00
12816;0;3430.50;9.50;654.50;0.00;0.00
12817;0;1628.50;9.50;655.50;0.00;0.00
12818;0;1647.50;9.50;658.50;0.00;0.00
12819;0;1724.50;9.50;650.50;0.00;0.00
12820;0;3130.50;9.50;648.50;0.00;0.00
12821;0;3169.50;9.50;655.50;0.00;0.00
12822;0;3184.50;9.50;654.50;0.00;0.00
12823;0;3200.50;9.50;653.50;0.00;0.00
12824;0;3403.50;9.50;650.50;0.00;0.00
12825;0;1984.50;9.50;649.50;0.00;0.00
12826;0;3081.50;9.50;652.50;0.00;0.00
12827;0;3252.50;9.50;655.50;0.00;0.00
12828;0;3311.50;9.50;649.50;0.00;0.00
12829;0;3347.50;9.50;653.50;0.00;0.00
12830;0;1743.50;9.50;650.50;0.00;0.00
12831;0;1653.50;9.50;652.50;0.00;0.00
12832;0;1667.50;9.50;650.50;0.00;0.00
12833;0;3241.50;9.50;654.50;0.00;0.00
12834;0;3274.50;9.50;650.50;0.00;0.00
12835;0;3291.50;9.50;653.50;0.00;0.00
12836;0;3371.50;9.50;653.50;0.00;0.00
12837;0;3582.50;9.50;650.50;0.00;0.00
12838;0;1793.50;9.50;648.50;0.00;0.00
12839;0;2129.50;9.50;648.50;0.00;0.00
12840;0;2203.50;9.50;652.50;0.00;0.00
12841;0;3335.50;9.50;651.50;0.00;0.00
12842;0;1639.50;9.50;650.50;0.00;0.00
12843;0;1945.50;9.50;644.50;0.00;0.00
12844;0;2102.50;9.50;649.50;0.00;0.00
12845;0;2152.50;9.50;649.50;0.00;0.00
12846;0;4920.50;9.50;643.50;0.00;0.00
12847;0;1901.50;9.50;643.50;0.00;0.00
12848;0;3067.50;9.50;646.50;0.00;0.00
12849;0;3214.50;9.50;647.50;0.00;0.00
12850;0;4855.50;9.50;643.50;0.00;0.00
12851;0;119.50;9.50;652.50;0.00;0.00
12852;0;1682.50;9.50;645.50;0.00;0.00
12853;0;3052.50;9.50;645.50;0.00;0.00
12854;0;3380.50;9.50;645.50;0.00;0.00
12855;0;5047.50;9.50;637.50;0.00;0.00
12856;0;1861.50;9.50;643.50;0.00;0.00
12857;0;2008.50;9.50;644.50;0.00;0.00
12858;0;2070.50;9.50;642.50;0.00;0.00
12859;0;2174.50;9.50;647.50;0.00;0.00
12860;0;3445.50;9.50;647.50;0.00;0.00
12861;0;1714.50;9.50;640.50;0.00;0.00
12862;0;3018.50;9.50;645.50;0.00;0.00
12863;0;3227.50;9.50;645.50;0.00;0.00
12864;0;1820.50;9.50;644.50;0.00;0.00
12865;0;1845.50;9.50;641.50;0.00;0.00
12866;0;2141.50;9.50;642.50;0.00;0.00
12867;0;2164.50;9.50;642.50;0.00;0.00
12868;0;3038.50;9.50;640.50;0.00;0.00
12869;0;3102.50;9.50;638.50;0.00;0.00
12870;0;4878.50;9.50;643.50;0.00;0.00
12871;0;1629.50;9.50;644.50;0.00;0.00
12872;0;1659.50;9.50;642.50;0.00;0.00
12873;0;3244.50;9.50;642.50;0.00;0.00
12874;0;3280.50;9.50;641.50;0.00;0.00
12875;0;3302.50;9.50;640.50;0.00;0.00
12876;0;4809.50;9.50;635.50;0.00;0.00
12877;0;2184.50;9.50;645.50;0.00;0.00
12878;0;2193.50;9.50;645.50;0.00;0.00
12879;0;3166.50;9.50;641.50;0.00;0.00
12880;0;3371.50;9.50;638.50;0.00;0.00
12881;0;3430.50;9.50;640.50;0.00;0.00
12882;0;1767.50;9.50;639.50;0.00;0.00
12883;0;1782.50;9.50;639.50;0.00;0.00
12884;0;1930.50;9.50;638.50;0.00;0.00
12885;0;2053.50;9.50;639.50;0.00;0.00
12886;0;2082.50;9.50;643.50;0.00;0.00
12887;0;3345.50;9.50;643.50;0.00;0.00
12888;0;4791.50;9.50;632.50;0.00;0.00
12889;0;1753.50;9.50;640.50;0.00;0.00
12890;0;3146.50;9.50;638.50;0.00;0.00
12891;0;3258.50;9.50;641.50;0.00;0.00
12892;0;3291.50;9.50;638.50;0.00;0.00
12893;0;1671.50;9.50;640.50;0.00;0.00
12894;0;1696.50;9.50;639.50;0.00;0.00
12895;0;3187.50;9.50;637.50;0.00;0.00
12896;0;3578.50;9.50;634.50;0.00;0.00
12897;0;4897.50;9.50;636.50;0.00;0.00
12898;0;1641.50;9.50;632.50;0.00;0.00
12899;0;1802.50;9.50;637.50;0.00;0.00
12900;0;1883.50;9.50;636.50;0.00;0.00
12901;0;3086.50;9.50;633.50;0.00;0.00
12902;0;3201.50;9.50;631.50;0.00;0.00
12903;0;1915.50;9.50;633.50;0.00;0.00
12904;0;2093.50;9.50;638.50;0.00;0.00
12905;0;3330.50;9.50;636.50;0.00;0.00
12906;0;3359.50;9.50;634.50;0.00;0.00
12907;0;3565.50;9.50;629.50;0.00;0.00
12908;0;5077.50;9.50;626.50;0.00;0.00
12909;0;1653.50;9.50;633.50;0.00;0.00
12910;0;1726.50;9.50;635.50;0.00;0.00
12911;0;1989.50;9.50;632.50;0.00;0.00
12912;0;2040.50;9.50;634.50;0.00;0.00
12913;0;2200.50;9.50;636.50;0.00;0.00
12914;0;3268.50;9.50;636.50;0.00;0.00
12915;0;3417.50;9.50;635.50;0.00;0.00
12916;0;3441.50;9.50;636.50;0.00;0.00
12917;0;1739.50;9.50;633.50;0.00;0.00
12918;0;3014.50;9.50;632.50;0.00;0.00
12919;0;3384.50;9.50;633.50;0.00;0.00
12920;0;3404.50;9.50;633.50;0.00;0.00
12921;0;1973.50;9.50;631.50;0.00;0.00
12922;0;2103.50;9.50;636.50;0.00;0.00
12923;0;2124.50;9.50;634.50;0.00;0.00
12924;0;2154.50;9.50;635.50;0.00;0.00
12925;0;2177.50;9.50;635.50;0.00;0.00
12926;0;3596.50;9.50;636.50;0.00;0.00
12927;0;1828.50;9.50;630.50;0.00;0.00
12928;0;3063.50;9.50;632.50;0.00;0.00
12929;0;3125.50;9.50;626.50;0.00;0.00
12930;0;4775.50;9.50;622.50;0.00;0.00
12931;0;2189.50;9.50;634.50;0.00;0.00
12932;0;3219.50;9.50;632.50;0.00;0.00
12933;0;3237.50;9.50;632.50;0.00;0.00
12934;0;1953.50;9.50;627.50;0.00;0.00
12935;0;3174.50;9.50;630.50;0.00;0.00
12936;0;3251.50;9.50;632.50;0.00;0.00
12937;0;3349.50;9.50;631.50;0.00;0.00
12938;0;4869.50;9.50;626.50;0.00;0.00
12939;0;4930.50;9.50;623.50;0.00;0.00
12940;0;1662.50;9.50;628.50;0.00;0.00
12941;0;2003.50;9.50;630.50;0.00;0.00
12942;0;2026.50;9.50;630.50;0.00;0.00
12943;0;2065.50;9.50;630.50;0.00;0.00
12944;0;2167.50;9.50;631.50;0.00;0.00
12945;0;3319.50;9.50;623.50;0.00;0.00
12946;0;1849.50;9.50;626.50;0.00;0.00
12947;0;1864.50;9.50;624.50;0.00;0.00
12948;0;2113.50;9.50;628.50;0.00;0.00
12949;0;3284.50;9.50;630.50;0.00;0.00
12950;0;3301.50;9.50;624.50;0.00;0.00
12951;0;3444.50;9.50;625.50;0.00;0.00
12952;0;5428.50;9.50;625.50;0.00;0.00
12953;0;1696.50;9.50;625.50;0.00;0.00
12954;0;1810.50;9.50;627.50;0.00;0.00
12955;0;2140.50;9.50;627.50;0.00;0.00
12956;0;3033.50;9.50;627.50;0.00;0.00
12957;0;3154.50;9.50;627.50;0.00;0.00
12958;0;3370.50;9.50;628.50;0.00;0.00
12959;0;4824.50;9.50;623.50;0.00;0.00
12960;0;1675.50;9.50;621.50;0.00;0.00
12961;0;1750.50;9.50;628.50;0.00;0.00
12962;0;1775.50;9.50;626.50;0.00;0.00
12963;0;1788.50;9.50;627.50;0.00;0.00
12964;0;2078.50;9.50;627.50;0.00;0.00
12965;0;3047.50;9.50;626.50;0.00;0.00
12966;0;3335.50;9.50;624.50;0.00;0.00
12967;0;3428.50;9.50;626.50;0.00;0.00
12968;0;4843.50;9.50;624.50;0.00;0.00
12969;0;4910.50;9.50;621.50;0.00;0.00
12970;0;1686.50;9.50;621.50;0.00;0.00
12971;0;2014.50;9.50;624.50;0.00;0.00
12972;0;2089.50;9.50;623.50;0.00;0.00
12973;0;1761.50;9.50;623.50;0.00;0.00
12974;0;1892.50;9.50;617.50;0.00;0.00
12975;0;2052.50;9.50;627.50;0.00;0.00
12976;0;5446.50;9.50;611.50;0.00;0.00
12977;0;1712.50;9.50;625.50;0.00;0.00
12978;0;1904.50;9.50;623.50;0.00;0.00
12979;0;1936.50;9.50;623.50;0.00;0.00
12980;0;3112.50;9.50;618.50;0.00;0.00
12981;0;3272.50;9.50;624.50;0.00;0.00
12982;0;3589.50;9.50;617.50;0.00;0.00
12983;0;1799.50;9.50;623.50;0.00;0.00
12984;0;2154.50;9.50;621.50;0.00;0.00
12985;0;2199.50;9.50;625.50;0.00;0.00
12986;0;3141.50;9.50;619.50;0.00;0.00
12987;0;1880.50;9.50;622.50;0.00;0.00
12988;0;2101.50;9.50;622.50;0.00;0.00
12989;0;2176.50;9.50;625.50;0.00;0.00
12990;0;2187.50;9.50;623.50;0.00;0.00
12991;0;3186.50;9.50;620.50;0.00;0.00
12992;0;3392.50;9.50;625.50;0.00;0.00
12993;0;3009.50;9.50;620.50;0.00;0.00
12994;0;3076.50;9.50;620.50;0.00;0.00
12995;0;3096.50;9.50;616.50;0.00;0.00
12996;0;3166.50;9.50;618.50;0.00;0.00
12997;0;3261.50;9.50;622.50;0.00;0.00
12998;0;1661.50;9.50;617.50;0.00;0.00
12999;0;1741.50;9.50;621.50;0.00;0.00
13000;0;1837.50;9.50;617.50;0.00;0.00
13001;0;3021.50;9.50;616.50;0.00;0.00
13002;0;3364.50;9.50;619.50;0.00;0.00
13003;0;3403.50;9.50;618.50;0.00;0.00
13004;0;3547.50;9.50;615.50;0.00;0.00
13005;0;1918.50;9.50;619.50;0.00;0.00
13006;0;2040.50;9.50;620.50;0.00;0.00
13007;0;2165.50;9.50;618.50;0.00;0.00
13008;0;3218.50;9.50;610.50;0.00;0.00
13009;0;3228.50;9.50;619.50;0.00;0.00
13010;0;3576.50;9.50;620.50;0.00;0.00
13011;0;4948.50;9.50;614.50;0.00;0.00
13012;0;1818.50;9.50;619.50;0.00;0.00
13013;0;2125.50;9.50;619.50;0.00;0.00
13014;0;3239.50;9.50;620.50;0.00;0.00
13015;0;3415.50;9.50;616.50;0.00;0.00
13016;0;5062.50;9.50;608.50;0.00;0.00
13017;0;1700.50;9.50;615.50;0.00;0.00
13018;0;1976.50;9.50;615.50;0.00;0.00
13019;0;1990.50;9.50;618.50;0.00;0.00
13020;0;3346.50;9.50;618.50;0.00;0.00
13021;0;3358.50;9.50;613.50;0.00;0.00
13022;0;4854.50;9.50;609.50;0.00;0.00
13023;0;5038.50;9.50;606.50;0.00;0.00
13024;0;2056.50;9.50;617.50;0.00;0.00
13025;0;2066.50;9.50;619.50;0.00;0.00
13026;0;3048.50;9.50;613.50;0.00;0.00
13027;0;3203.50;9.50;615.50;0.00;0.00
13028;0;3377.50;9.50;617.50;0.00;0.00
13029;0;4805.50;9.50;612.50;0.00;0.00
13030;0;4895.50;9.50;607.50;0.00;0.00
13031;0;1719.50;9.50;614.50;0.00;0.00
13032;0;2025.50;9.50;617.50;0.00;0.00
13033;0;3433.50;9.50;613.50;0.00;0.00
13034;0;3562.50;9.50;616.50;0.00;0.00
13035;0;1753.50;9.50;616.50;0.00;0.00
13036;0;1786.50;9.50;614.50;0.00;0.00
13037;0;1945.50;9.50;612.50;0.00;0.00
13038;0;1961.50;9.50;611.50;0.00;0.00
13039;0;2112.50;9.50;614.50;0.00;0.00
13040;0;1773.50;9.50;613.50;0.00;0.00
13041;0;1855.50;9.50;610.50;0.00;0.00
13042;0;3281.50;9.50;615.50;0.00;0.00
13043;0;3295.50;9.50;611.50;0.00;0.00
13044;0;3392.50;9.50;613.50;0.00;0.00
13045;0;1928.50;9.50;612.50;0.00;0.00
13046;0;2001.50;9.50;610.50;0.00;0.00
13047;0;3153.50;9.50;608.50;0.00;0.00
13048;0;3255.50;9.50;613.50;0.00;0.00
13049;0;3330.50;9.50;612.50;0.00;0.00
13050;0;3532.50;9.50;608.50;0.00;0.00
13051;0;1824.50;9.50;609.50;0.00;0.00
13052;0;2141.50;9.50;611.50;0.00;0.00
13053;0;2184.50;9.50;612.50;0.00;0.00
13054;0;2198.50;9.50;612.50;0.00;0.00
13055;0;4874.50;9.50;606.50;0.00;0.00
13056;0;1681.50;9.50;610.50;0.00;0.00
13057;0;1764.50;9.50;610.50;0.00;0.00
13058;0;1799.50;9.50;610.50;0.00;0.00
13059;0;2013.50;9.50;612.50;0.00;0.00
13060;0;2094.50;9.50;610.50;0.00;0.00
13061;0;3272.50;9.50;611.50;0.00;0.00
13062;0;4781.50;9.50;604.50;0.00;0.00
13063;0;5437.50;9.50;609.50;0.00;0.00
13064;0;1811.50;9.50;610.50;0.00;0.00
13065;0;2050.50;9.50;609.50;0.00;0.00
13066;0;2082.50;9.50;609.50;0.00;0.00
13067;0;2160.50;9.50;610.50;0.00;0.00
13068;0;3173.50;9.50;607.50;0.00;0.00
13069;0;1711.50;9.50;610.50;0.00;0.00
13070;0;2032.50;9.50;608.50;0.00;0.00
13071;0;2172.50;9.50;608.50;0.00;0.00
13072;0;3078.50;9.50;603.50;0.00;0.00
13073;0;3304.50;9.50;607.50;0.00;0.00
13074;0;3351.50;9.50;609.50;0.00;0.00
13075;0;3420.50;9.50;606.50;0.00;0.00
13076;0;4750.50;9.50;609.50;0.00;0.00
13077;0;4966.50;9.50;603.50;0.00;0.00
13078;0;5083.50;9.50;602.50;0.00;0.00
13079;0;1872.50;9.50;602.50;0.00;0.00
13080;0;3031.50;9.50;604.50;0.00;0.00
13081;0;3120.50;9.50;603.50;0.00;0.00
13082;0;3245.50;9.50;609.50;0.00;0.00
13083;0;4761.50;9.50;600.50;0.00;0.00
13084;0;1723.50;9.50;608.50;0.00;0.00
13085;0;1731.50;9.50;605.50;0.00;0.00
13086;0;1748.50;9.50;606.50;0.00;0.00
13087;0;2069.50;9.50;608.50;0.00;0.00
13088;0;2122.50;9.50;606.50;0.00;0.00
13089;0;3044.50;9.50;601.50;0.00;0.00
13090;0;4824.50;9.50;605.50;0.00;0.00
13091;0;5625.50;9.50;607.50;0.00;0.00
13092;0;1693.50;9.50;605.50;0.00;0.00
13093;0;1907.50;9.50;601.50;0.00;0.00
13094;0;2042.50;9.50;606.50;0.00;0.00
13095;0;3012.50;9.50;604.50;0.00;0.00
13096;0;3062.50;9.50;602.50;0.00;0.00
13097;0;3374.50;9.50;606.50;0.00;0.00
13098;0;3516.50;9.50;600.50;0.00;0.00
13099;0;4917.50;9.50;600.50;0.00;0.00
13100;0;1892.50;9.50;601.50;0.00;0.00
13101;0;2022.50;9.50;605.50;0.00;0.00
13102;0;2152.50;9.50;603.50;0.00;0.00
13103;0;3282.50;9.50;604.50;0.00;0.00
13104;0;3314.50;9.50;604.50;0.00;0.00
13105;0;3385.50;9.50;603.50;0.00;0.00
13106;0;3572.50;9.50;605.50;0.00;0.00
13107;0;1704.50;9.50;603.50;0.00;0.00
13108;0;1842.50;9.50;602.50;0.00;0.00
13109;0;1918.50;9.50;603.50;0.00;0.00
13110;0;1935.50;9.50;602.50;0.00;0.00
13111;0;2058.50;9.50;604.50;0.00;0.00
13112;0;3103.50;9.50;602.50;0.00;0.00
13113;0;3185.50;9.50;599.50;0.00;0.00
13114;0;3562.50;9.50;596.50;0.00;0.00
13115;0;3587.50;9.50;604.50;0.00;0.00
13116;0;4942.50;9.50;598.50;0.00;0.00
13117;0;1778.50;9.50;602.50;0.00;0.00
13118;0;2107.50;9.50;602.50;0.00;0.00
13119;0;2188.50;9.50;598.50;0.00;0.00
13120;0;3343.50;9.50;601.50;0.00;0.00
13121;0;3365.50;9.50;603.50;0.00;0.00
13122;0;3409.50;9.50;603.50;0.00;0.00
13123;0;4739.50;9.50;603.50;0.00;0.00
13124;0;4995.50;9.50;606.50;0.00;0.00
13125;0;1790.50;9.50;600.50;0.00;0.00
13126;0;3240.50;9.50;599.50;0.00;0.00
13127;0;3397.50;9.50;595.50;0.00;0.00
13128;0;1739.50;9.50;600.50;0.00;0.00
13129;0;1953.50;9.50;598.50;0.00;0.00
13130;0;1997.50;9.50;598.50;0.00;0.00
13131;0;2133.50;9.50;599.50;0.00;0.00
13132;0;3135.50;9.50;596.50;0.00;0.00
13133;0;3200.50;9.50;600.50;0.00;0.00
13134;0;2009.50;9.50;600.50;0.00;0.00
13135;0;2177.50;9.50;600.50;0.00;0.00
13136;0;1761.50;9.50;599.50;0.00;0.00
13137;0;1817.50;9.50;598.50;0.00;0.00
13138;0;1980.50;9.50;600.50;0.00;0.00
13139;0;2199.50;9.50;600.50;0.00;0.00
13140;0;3550.50;9.50;596.50;0.00;0.00
13141;0;4983.50;9.50;596.50;0.00;0.00
13142;0;1725.50;9.50;600.50;0.00;0.00
13143;0;3165.50;9.50;594.50;0.00;0.00
13144;0;3289.50;9.50;596.50;0.00;0.00
13145;0;3322.50;9.50;596.50;0.00;0.00
13146;0;4798.50;9.50;592.50;0.00;0.00
13147;0;1802.50;9.50;598.50;0.00;0.00
13148;0;1829.50;9.50;596.50;0.00;0.00
13149;0;2036.50;9.50;598.50;0.00;0.00
13150;0;2094.50;9.50;597.50;0.00;0.00
13151;0;2144.50;9.50;596.50;0.00;0.00
13152;0;2166.50;9.50;597.50;0.00;0.00
13153;0;3216.50;9.50;596.50;0.00;0.00
13154;0;3230.50;9.50;592.50;0.00;0.00
13155;0;3259.50;9.50;598.50;0.00;0.00
13156;0;4843.50;9.50;582.50;0.00;0.00
13157;0;2069.50;9.50;596.50;0.00;0.00
13158;0;3301.50;9.50;595.50;0.00;0.00
13159;0;3358.50;9.50;596.50;0.00;0.00
13160;0;5026.50;9.50;588.50;0.00;0.00
13161;0;5094.50;9.50;588.50;0.00;0.00
13162;0;1720.50;9.50;593.50;0.00;0.00
13163;0;1751.50;9.50;595.50;0.00;0.00
13164;0;2026.50;9.50;595.50;0.00;0.00
13165;0;2047.50;9.50;595.50;0.00;0.00
13166;0;3151.50;9.50;592.50;0.00;0.00
13167;0;4737.50;9.50;592.50;0.00;0.00
13168;0;3280.50;9.50;594.50;0.00;0.00
13169;0;3525.50;9.50;587.50;0.00;0.00
13170;0;4862.50;9.50;588.50;0.00;0.00
13171;0;1855.50;9.50;589.50;0.00;0.00
13172;0;1920.50;9.50;593.50;0.00;0.00
13173;0;2056.50;9.50;594.50;0.00;0.00
13174;0;2083.50;9.50;590.50;0.00;0.00
13175;0;2122.50;9.50;592.50;0.00;0.00
13176;0;3008.50;9.50;587.50;0.00;0.00
13177;0;3029.50;9.50;586.50;0.00;0.00
13178;0;3366.50;9.50;597.50;0.00;0.00
13179;0;3538.50;9.50;591.50;0.00;0.00
13180;0;4883.50;9.50;584.50;0.00;0.00
13181;0;1703.50;9.50;594.50;0.00;0.00
13182;0;1990.50;9.50;589.50;0.00;0.00
13183;0;3247.50;9.50;582.50;0.00;0.00
13184;0;3269.50;9.50;590.50;0.00;0.00
13185;0;4818.50;9.50;587.50;0.00;0.00
13186;0;4903.50;9.50;585.50;0.00;0.00
13187;0;1736.50;9.50;590.50;0.00;0.00
13188;0;1941.50;9.50;590.50;0.00;0.00
13189;0;5061.50;9.50;586.50;0.00;0.00
13190;0;1777.50;9.50;591.50;0.00;0.00
13191;0;1967.50;9.50;584.50;0.00;0.00
13192;0;2107.50;9.50;590.50;0.00;0.00
13193;0;2153.50;9.50;591.50;0.00;0.00
13194;0;4929.50;9.50;586.50;0.00;0.00
13195;0;1712.50;9.50;587.50;0.00;0.00
13196;0;1799.50;9.50;589.50;0.00;0.00
13197;0;1883.50;9.50;584.50;0.00;0.00
13198;0;1904.50;9.50;584.50;0.00;0.00
13199;0;1930.50;9.50;586.50;0.00;0.00
13200;0;2176.50;9.50;590.50;0.00;0.00
13201;0;3383.50;9.50;587.50;0.00;0.00
13202;0;4772.50;9.50;583.50;0.00;0.00
13203;0;5602.50;9.50;587.50;0.00;0.00
13204;0;1789.50;9.50;588.50;0.00;0.00
13205;0;2192.50;9.50;588.50;0.00;0.00
13206;0;3045.50;9.50;588.50;0.00;0.00
13207;0;3073.50;9.50;590.50;0.00;0.00
13208;0;3106.50;9.50;582.50;0.00;0.00
13209;0;3327.50;9.50;585.50;0.00;0.00
13210;0;4964.50;9.50;586.50;0.00;0.00
13211;0;1767.50;9.50;585.50;0.00;0.00
13212;0;1812.50;9.50;588.50;0.00;0.00
13213;0;2009.50;9.50;587.50;0.00;0.00
13214;0;3310.50;9.50;585.50;0.00;0.00
13215;0;3344.50;9.50;587.50;0.00;0.00
13216;0;3356.50;9.50;588.50;0.00;0.00
13217;0;3572.50;9.50;588.50;0.00;0.00
13218;0;1832.50;9.50;586.50;0.00;0.00
13219;0;2035.50;9.50;588.50;0.00;0.00
13220;0;2136.50;9.50;586.50;0.00;0.00
13221;0;2161.50;9.50;586.50;0.00;0.00
13222;0;3187.50;9.50;585.50;0.00;0.00
13223;0;3261.50;9.50;581.50;0.00;0.00
13224;0;1721.50;9.50;574.50;0.00;0.00
13225;0;1822.50;9.50;584.50;0.00;0.00
13226;0;1953.50;9.50;583.50;0.00;0.00
13227;0;2022.50;9.50;584.50;0.00;0.00
13228;0;3366.50;9.50;584.50;0.00;0.00
13229;0;3581.50;9.50;576.50;0.00;0.00
13230;0;4947.50;9.50;580.50;0.00;0.00
13231;0;1750.50;9.50;584.50;0.00;0.00
13232;0;2058.50;9.50;584.50;0.00;0.00
13233;0;4984.50;9.50;578.50;0.00;0.00
13234;0;5003.50;9.50;578.50;0.00;0.00
13235;0;5041.50;9.50;574.50;0.00;0.00
13236;0;5080.50;9.50;578.50;0.00;0.00
13237;0;1997.50;9.50;579.50;0.00;0.00
13238;0;2068.50;9.50;585.50;0.00;0.00
13239;0;2094.50;9.50;582.50;0.00;0.00
13240;0;2170.50;9.50;584.50;0.00;0.00
13241;0;3062.50;9.50;584.50;0.00;0.00
13242;0;3147.50;9.50;582.50;0.00;0.00
13243;0;3302.50;9.50;587.50;0.00;0.00
13244;0;1741.50;9.50;581.50;0.00;0.00
13245;0;1842.50;9.50;579.50;0.00;0.00
13246;0;1922.50;9.50;578.50;0.00;0.00
13247;0;3288.50;9.50;581.50;0.00;0.00
13248;0;3540.50;9.50;581.50;0.00;0.00
13249;0;3555.50;9.50;581.50;0.00;0.00
13250;0;1869.50;9.50;572.50;0.00;0.00
13251;0;2046.50;9.50;582.50;0.00;0.00
13252;0;3074.50;9.50;577.50;0.00;0.00
13253;0;3088.50;9.50;581.50;0.00;0.00
13254;0;3121.50;9.50;578.50;0.00;0.00
13255;0;3218.50;9.50;583.50;0.00;0.00
13256;0;3338.50;9.50;577.50;0.00;0.00
13257;0;3511.50;9.50;580.50;0.00;0.00
13258;0;4733.50;9.50;576.50;0.00;0.00
13259;0;4750.50;9.50;575.50;0.00;0.00
13260;0;2125.50;9.50;580.50;0.00;0.00
13261;0;2149.50;9.50;580.50;0.00;0.00
13262;0;2179.50;9.50;580.50;0.00;0.00
13263;0;3136.50;9.50;577.50;0.00;0.00
13264;0;3206.50;9.50;576.50;0.00;0.00
13265;0;3227.50;9.50;581.50;0.00;0.00
13266;0;4918.50;9.50;573.50;0.00;0.00
13267;0;1732.50;9.50;573.50;0.00;0.00
13268;0;1781.50;9.50;579.50;0.00;0.00
13269;0;2032.50;9.50;579.50;0.00;0.00
13270;0;2189.50;9.50;576.50;0.00;0.00
13271;0;3300.50;9.50;577.50;0.00;0.00
13272;0;1758.50;9.50;576.50;0.00;0.00
13273;0;1798.50;9.50;580.50;0.00;0.00
13274;0;1979.50;9.50;577.50;0.00;0.00
13275;0;2079.50;9.50;578.50;0.00;0.00
13276;0;1814.50;9.50;579.50;0.00;0.00
13277;0;1940.50;9.50;576.50;0.00;0.00
13278;0;2108.50;9.50;577.50;0.00;0.00
13279;0;3018.50;9.50;573.50;0.00;0.00
13280;0;3173.50;9.50;575.50;0.00;0.00
13281;0;3275.50;9.50;576.50;0.00;0.00
13282;0;3321.50;9.50;575.50;0.00;0.00
13283;0;3374.50;9.50;574.50;0.00;0.00
13284;0;3189.50;9.50;569.50;0.00;0.00
13285;0;3229.50;9.50;567.50;0.00;0.00
13286;0;4800.50;9.50;571.50;0.00;0.00
13287;0;2009.50;9.50;574.50;0.00;0.00
13288;0;2138.50;9.50;576.50;0.00;0.00
13289;0;3048.50;9.50;573.50;0.00;0.00
13290;0;3353.50;9.50;574.50;0.00;0.00
13291;0;3535.50;9.50;570.50;0.00;0.00
13292;0;1774.50;9.50;569.50;0.00;0.00
13293;0;1829.50;9.50;574.50;0.00;0.00
13294;0;2159.50;9.50;575.50;0.00;0.00
13295;0;3154.50;9.50;570.50;0.00;0.00
13296;0;3310.50;9.50;575.50;0.00;0.00
13297;0;3524.50;9.50;575.50;0.00;0.00
13298;0;3562.50;9.50;572.50;0.00;0.00
13299;0;1796.50;9.50;570.50;0.00;0.00
13300;0;1853.50;9.50;570.50;0.00;0.00
13301;0;4824.50;9.50;569.50;0.00;0.00
13302;0;4968.50;9.50;570.50;0.00;0.00
13303;0;5097.50;9.50;570.50;0.00;0.00
13304;0;1744.50;9.50;571.50;0.00;0.00
13305;0;1819.50;9.50;573.50;0.00;0.00
13306;0;2048.50;9.50;571.50;0.00;0.00
13307;0;2058.50;9.50;573.50;0.00;0.00
13308;0;4782.50;9.50;564.50;0.00;0.00
13309;0;1903.50;9.50;567.50;0.00;0.00
13310;0;2021.50;9.50;571.50;0.00;0.00
13311;0;2070.50;9.50;570.50;0.00;0.00
13312;0;2087.50;9.50;569.50;0.00;0.00
13313;0;5020.50;9.50;567.50;0.00;0.00
13314;0;1927.50;9.50;566.50;0.00;0.00
13315;0;1954.50;9.50;569.50;0.00;0.00
13316;0;2130.50;9.50;570.50;0.00;0.00
13317;0;2167.50;9.50;570.50;0.00;0.00
13318;0;3571.50;9.50;571.50;0.00;0.00
13319;0;4857.50;9.50;563.50;0.00;0.00
13320;0;4954.50;9.50;565.50;0.00;0.00
13321;0;1786.50;9.50;570.50;0.00;0.00
13322;0;1808.50;9.50;568.50;0.00;0.00
13323;0;2120.50;9.50;567.50;0.00;0.00
13324;0;3257.50;9.50;569.50;0.00;0.00
13325;0;3284.50;9.50;569.50;0.00;0.00
13326;0;3303.50;9.50;569.50;0.00;0.00
13327;0;4764.50;9.50;562.50;0.00;0.00
13328;0;2030.50;9.50;563.50;0.00;0.00
13329;0;2147.50;9.50;569.50;0.00;0.00
13330;0;3092.50;9.50;567.50;0.00;0.00
13331;0;3244.50;9.50;564.50;0.00;0.00
13332;0;4881.50;9.50;562.50;0.00;0.00
13333;0;5061.50;9.50;564.50;0.00;0.00
13334;0;1763.50;9.50;566.50;0.00;0.00
13335;0;1976.50;9.50;564.50;0.00;0.00
13336;0;1991.50;9.50;566.50;0.00;0.00
13337;0;2179.50;9.50;569.50;0.00;0.00
13338;0;3032.50;9.50;561.50;0.00;0.00
13339;0;3343.50;9.50;567.50;0.00;0.00
13340;0;3550.50;9.50;568.50;0.00;0.00
13341;0;4903.50;9.50;562.50;0.00;0.00
13342;0;1837.50;9.50;566.50;0.00;0.00
13343;0;2097.50;9.50;562.50;0.00;0.00
13344;0;4936.50;9.50;562.50;0.00;0.00
13345;0;1752.50;9.50;563.50;0.00;0.00
13346;0;2109.50;9.50;565.50;0.00;0.00
13347;0;3103.50;9.50;559.50;0.00;0.00
13348;0;3117.50;9.50;558.50;0.00;0.00
13349;0;3359.50;9.50;562.50;0.00;0.00
13350;0;2138.50;9.50;566.50;0.00;0.00
13351;0;2159.50;9.50;565.50;0.00;0.00
13352;0;2190.50;9.50;564.50;0.00;0.00
13353;0;4732.50;9.50;561.50;0.00;0.00
13354;0;4984.50;9.50;561.50;0.00;0.00
13355;0;1737.50;9.50;556.50;0.00;0.00
13356;0;1825.50;9.50;563.50;0.00;0.00
13357;0;1964.50;9.50;559.50;0.00;0.00
13358;0;2003.50;9.50;560.50;0.00;0.00
13359;0;3292.50;9.50;561.50;0.00;0.00
13360;0;3316.50;9.50;562.50;0.00;0.00
13361;0;1729.50;9.50;563.50;0.00;0.00
13362;0;2077.50;9.50;562.50;0.00;0.00
13363;0;3168.50;9.50;560.50;0.00;0.00
13364;0;3213.50;9.50;563.50;0.00;0.00
13365;0;3277.50;9.50;563.50;0.00;0.00
13366;0;3326.50;9.50;557.50;0.00;0.00
13367;0;3338.50;9.50;557.50;0.00;0.00
13368;0;4715.50;9.50;553.50;0.00;0.00
13369;0;5084.50;9.50;559.50;0.00;0.00
13370;0;1915.50;9.50;559.50;0.00;0.00
13371;0;1941.50;9.50;560.50;0.00;0.00
13372;0;3200.50;9.50;557.50;0.00;0.00
13373;0;5110.50;9.50;558.50;0.00;0.00
13374;0;1806.50;9.50;559.50;0.00;0.00
13375;0;1845.50;9.50;560.50;0.00;0.00
13376;0;2042.50;9.50;560.50;0.00;0.00
13377;0;3543.50;9.50;558.50;0.00;0.00
13378;0;3556.50;9.50;559.50;0.00;0.00
13379;0;3576.50;9.50;557.50;0.00;0.00
13380;0;1724.50;9.50;553.50;0.00;0.00
13381;0;2053.50;9.50;557.50;0.00;0.00
13382;0;2064.50;9.50;559.50;0.00;0.00
13383;0;2144.50;9.50;560.50;0.00;0.00
13384;0;2168.50;9.50;561.50;0.00;0.00
13385;0;3053.50;9.50;556.50;0.00;0.00
13386;0;3086.50;9.50;554.50;0.00;0.00
13387;0;3135.50;9.50;557.50;0.00;0.00
13388;0;3518.50;9.50;556.50;0.00;0.00
13389;0;1775.50;9.50;556.50;0.00;0.00
13390;0;1791.50;9.50;558.50;0.00;0.00
13391;0;1877.50;9.50;556.50;0.00;0.00
13392;0;1895.50;9.50;554.50;0.00;0.00
13393;0;2013.50;9.50;555.50;0.00;0.00
13394;0;2126.50;9.50;559.50;0.00;0.00
13395;0;2153.50;9.50;559.50;0.00;0.00
13396;0;3068.50;9.50;556.50;0.00;0.00
13397;0;3302.50;9.50;560.50;0.00;0.00
13398;0;5001.50;9.50;555.50;0.00;0.00
13399;0;5123.50;9.50;551.50;0.00;0.00
13400;0;1862.50;9.50;554.50;0.00;0.00
13401;0;3261.50;9.50;557.50;0.00;0.00
13402;0;4814.50;9.50;551.50;0.00;0.00
13403;0;2116.50;9.50;557.50;0.00;0.00
13404;0;4845.50;9.50;542.50;0.00;0.00
13405;0;4920.50;9.50;552.50;0.00;0.00
13406;0;4969.50;9.50;555.50;0.00;0.00
13407;0;1986.50;9.50;553.50;0.00;0.00
13408;0;2136.50;9.50;556.50;0.00;0.00
13409;0;2174.50;9.50;552.50;0.00;0.00
13410;0;3274.50;9.50;549.50;0.00;0.00
13411;0;5041.50;9.50;551.50;0.00;0.00
13412;0;1814.50;9.50;553.50;0.00;0.00
13413;0;2088.50;9.50;554.50;0.00;0.00
13414;0;2106.50;9.50;555.50;0.00;0.00
13415;0;2161.50;9.50;554.50;0.00;0.00
13416;0;3186.50;9.50;553.50;0.00;0.00
13417;0;3311.50;9.50;553.50;0.00;0.00
13418;0;4749.50;9.50;550.50;0.00;0.00
13419;0;1750.50;9.50;550.50;0.00;0.00
13420;0;1830.50;9.50;555.50;0.00;0.00
13421;0;1956.50;9.50;549.50;0.00;0.00
13422;0;2184.50;9.50;553.50;0.00;0.00
13423;0;3217.50;9.50;551.50;0.00;0.00
13424;0;1823.50;9.50;555.50;0.00;0.00
13425;0;2079.50;9.50;554.50;0.00;0.00
13426;0;3154.50;9.50;548.50;0.00;0.00
13427;0;4954.50;9.50;550.50;0.00;0.00
13428;0;5072.50;9.50;546.50;0.00;0.00
13429;0;1838.50;9.50;551.50;0.00;0.00
13430;0;2026.50;9.50;551.50;0.00;0.00
13431;0;2148.50;9.50;553.50;0.00;0.00
13432;0;3228.50;9.50;546.50;0.00;0.00
13433;0;3351.50;9.50;548.50;0.00;0.00
13434;0;4792.50;9.50;545.50;0.00;0.00
13435;0;5021.50;9.50;547.50;0.00;0.00
13436;0;3040.50;9.50;547.50;0.00;0.00
13437;0;3246.50;9.50;551.50;0.00;0.00
13438;0;4698.50;9.50;543.50;0.00;0.00
13439;0;1927.50;9.50;544.50;0.00;0.00
13440;0;2035.50;9.50;550.50;0.00;0.00
13441;0;3173.50;9.50;546.50;0.00;0.00
13442;0;3299.50;9.50;548.50;0.00;0.00
13443;0;3538.50;9.50;546.50;0.00;0.00
13444;0;5099.50;9.50;542.50;0.00;0.00
13445;0;1943.50;9.50;547.50;0.00;0.00
13446;0;1971.50;9.50;545.50;0.00;0.00
13447;0;2003.50;9.50;548.50;0.00;0.00
13448;0;2047.50;9.50;546.50;0.00;0.00
13449;0;2067.50;9.50;550.50;0.00;0.00
13450;0;2074.50;9.50;549.50;0.00;0.00
13451;0;2096.50;9.50;547.50;0.00;0.00
13452;0;2130.50;9.50;549.50;0.00;0.00
13453;0;2141.50;9.50;548.50;0.00;0.00
13454;0;3717.50;9.50;549.50;0.00;0.00
13455;0;4681.50;9.50;545.50;0.00;0.00
13456;0;5136.50;9.50;542.50;0.00;0.00
13457;0;1799.50;9.50;546.50;0.00;0.00
13458;0;3075.50;9.50;543.50;0.00;0.00
13459;0;3238.50;9.50;544.50;0.00;0.00
13460;0;3286.50;9.50;544.50;0.00;0.00
13461;0;3555.50;9.50;546.50;0.00;0.00
13462;0;4769.50;9.50;540.50;0.00;0.00
13463;0;4898.50;9.50;541.50;0.00;0.00
13464;0;5398.50;9.50;538.50;0.00;0.00
13465;0;1786.50;9.50;544.50;0.00;0.00
13466;0;2056.50;9.50;547.50;0.00;0.00
13467;0;2120.50;9.50;546.50;0.00;0.00
13468;0;2157.50;9.50;547.50;0.00;0.00
13469;0;3098.50;9.50;543.50;0.00;0.00
13470;0;3264.50;9.50;544.50;0.00;0.00
13471;0;3325.50;9.50;548.50;0.00;0.00
13472;0;4731.50;9.50;541.50;0.00;0.00
13473;0;1737.50;9.50;542.50;0.00;0.00
13474;0;1850.50;9.50;542.50;0.00;0.00
13475;0;1903.50;9.50;541.50;0.00;0.00
13476;0;2110.50;9.50;546.50;0.00;0.00
13477;0;3330.50;9.50;540.50;0.00;0.00
13478;0;1771.50;9.50;543.50;0.00;0.00
13479;0;1808.50;9.50;544.50;0.00;0.00
13480;0;2166.50;9.50;546.50;0.00;0.00
13481;0;3116.50;9.50;539.50;0.00;0.00
13482;0;3568.50;9.50;540.50;0.00;0.00
13483;0;5056.50;9.50;536.50;0.00;0.00
13484;0;2016.50;9.50;543.50;0.00;0.00
13485;0;2149.50;9.50;545.50;0.00;0.00
13486;0;3135.50;9.50;539.50;0.00;0.00
13487;0;3204.50;9.50;537.50;0.00;0.00
13488;0;3508.50;9.50;532.50;0.00;0.00
13489;0;4873.50;9.50;534.50;0.00;0.00
13490;0;4985.50;9.50;539.50;0.00;0.00
13491;0;1824.50;9.50;543.50;0.00;0.00
13492;0;3312.50;9.50;541.50;0.00;0.00
13493;0;3522.50;9.50;541.50;0.00;0.00
13494;0;4665.50;9.50;539.50;0.00;0.00
13495;0;1725.50;9.50;538.50;0.00;0.00
13496;0;1866.50;9.50;537.50;0.00;0.00
13497;0;2028.50;9.50;541.50;0.00;0.00
13498;0;2136.50;9.50;542.50;0.00;0.00
13499;0;2175.50;9.50;542.50;0.00;0.00
13500;0;4825.50;9.50;534.50;0.00;0.00
13501;0;4947.50;9.50;533.50;0.00;0.00
13502;0;5005.50;9.50;537.50;0.00;0.00
13503;0;1985.50;9.50;538.50;0.00;0.00
13504;0;2069.50;9.50;542.50;0.00;0.00
13505;0;2084.50;9.50;542.50;0.00;0.00
13506;0;3055.50;9.50;535.50;0.00;0.00
13507;0;3341.50;9.50;537.50;0.00;0.00
13508;0;5118.50;9.50;537.50;0.00;0.00
13509;0;2040.50;9.50;540.50;0.00;0.00
13510;0;2061.50;9.50;539.50;0.00;0.00
13511;0;2102.50;9.50;539.50;0.00;0.00
13512;0;4646.50;9.50;534.50;0.00;0.00
13513;0;4926.50;9.50;532.50;0.00;0.00
13514;0;4967.50;9.50;537.50;0.00;0.00
13515;0;1754.50;9.50;537.50;0.00;0.00
13516;0;1888.50;9.50;530.50;0.00;0.00
13517;0;2051.50;9.50;539.50;0.00;0.00
13518;0;2129.50;9.50;540.50;0.00;0.00
13519;0;2143.50;9.50;539.50;0.00;0.00
13520;0;5083.50;9.50;532.50;0.00;0.00
13521;0;1998.50;9.50;536.50;0.00;0.00
13522;0;2092.50;9.50;537.50;0.00;0.00
13523;0;4805.50;9.50;529.50;0.00;0.00
13524;0;5432.50;9.50;539.50;0.00;0.00
13525;0;1957.50;9.50;534.50;0.00;0.00
13526;0;2075.50;9.50;538.50;0.00;0.00
13527;0;2114.50;9.50;537.50;0.00;0.00
13528;0;3242.50;9.50;533.50;0.00;0.00
13529;0;3260.50;9.50;534.50;0.00;0.00
13530;0;3297.50;9.50;535.50;0.00;0.00
13531;0;4714.50;9.50;529.50;0.00;0.00
13532;0;1919.50;9.50;529.50;0.00;0.00
13533;0;2122.50;9.50;538.50;0.00;0.00
13534;0;2160.50;9.50;536.50;0.00;0.00
13535;0;3536.50;9.50;531.50;0.00;0.00
13536;0;73.50;9.50;536.50;0.00;0.00
13537;0;1821.50;9.50;532.50;0.00;0.00
13538;0;1872.50;9.50;524.50;0.00;0.00
13539;0;1943.50;9.50;534.50;0.00;0.00
13540;0;2151.50;9.50;535.50;0.00;0.00
13541;0;3068.50;9.50;532.50;0.00;0.00
13542;0;3084.50;9.50;530.50;0.00;0.00
13543;0;3225.50;9.50;531.50;0.00;0.00
13544;0;3275.50;9.50;530.50;0.00;0.00
13545;0;3685.50;9.50;536.50;0.00;0.00
13546;0;1765.50;9.50;532.50;0.00;0.00
13547;0;1801.50;9.50;532.50;0.00;0.00
13548;0;2009.50;9.50;530.50;0.00;0.00
13549;0;2021.50;9.50;534.50;0.00;0.00
13550;0;3040.50;9.50;531.50;0.00;0.00
13551;0;3550.50;9.50;529.50;0.00;0.00
13552;0;5146.50;9.50;531.50;0.00;0.00
13553;0;1742.50;9.50;529.50;0.00;0.00
13554;0;1776.50;9.50;531.50;0.00;0.00
13555;0;1834.50;9.50;532.50;0.00;0.00
13556;0;2032.50;9.50;533.50;0.00;0.00
13557;0;2068.50;9.50;534.50;0.00;0.00
13558;0;2137.50;9.50;534.50;0.00;0.00
13559;0;3154.50;9.50;529.50;0.00;0.00
13560;0;3174.50;9.50;530.50;0.00;0.00
13561;0;3191.50;9.50;525.50;0.00;0.00
13562;0;3518.50;9.50;521.50;0.00;0.00
13563;0;4630.50;9.50;523.50;0.00;0.00
13564;0;5023.50;9.50;528.50;0.00;0.00
13565;0;1972.50;9.50;529.50;0.00;0.00
13566;0;3359.50;9.50;527.50;0.00;0.00
13567;0;4679.50;9.50;528.50;0.00;0.00
13568;0;1788.50;9.50;528.50;0.00;0.00
13569;0;3307.50;9.50;527.50;0.00;0.00
13570;0;1811.50;9.50;528.50;0.00;0.00
13571;0;1932.50;9.50;527.50;0.00;0.00
13572;0;2044.50;9.50;531.50;0.00;0.00
13573;0;2054.50;9.50;530.50;0.00;0.00
13574;0;2109.50;9.50;530.50;0.00;0.00
13575;0;2129.50;9.50;531.50;0.00;0.00
13576;0;2170.50;9.50;530.50;0.00;0.00
13577;0;3563.50;9.50;526.50;0.00;0.00
13578;0;5042.50;9.50;522.50;0.00;0.00
13579;0;2062.50;9.50;530.50;0.00;0.00
13580;0;2076.50;9.50;530.50;0.00;0.00
13581;0;2095.50;9.50;529.50;0.00;0.00
13582;0;3108.50;9.50;520.50;0.00;0.00
13583;0;3123.50;9.50;524.50;0.00;0.00
13584;0;4758.50;9.50;520.50;0.00;0.00
13585;0;1904.50;9.50;526.50;0.00;0.00
13586;0;2084.50;9.50;529.50;0.00;0.00
13587;0;2102.50;9.50;531.50;0.00;0.00
13588;0;2122.50;9.50;530.50;0.00;0.00
13589;0;2145.50;9.50;529.50;0.00;0.00
13590;0;5101.50;9.50;522.50;0.00;0.00
13591;0;5136.50;9.50;520.50;0.00;0.00
13592;0;5418.50;9.50;524.50;0.00;0.00
13593;0;2115.50;9.50;527.50;0.00;0.00
13594;0;2157.50;9.50;528.50;0.00;0.00
13595;0;3251.50;9.50;524.50;0.00;0.00
13596;0;3288.50;9.50;524.50;0.00;0.00
13597;0;3324.50;9.50;525.50;0.00;0.00
13598;0;3345.50;9.50;519.50;0.00;0.00
13599;0;3502.50;9.50;514.50;0.00;0.00
13600;0;4662.50;9.50;523.50;0.00;0.00
13601;0;4784.50;9.50;519.50;0.00;0.00
13602;0;4852.50;9.50;518.50;0.00;0.00
13603;0;4906.50;9.50;520.50;0.00;0.00
13604;0;1725.50;9.50;525.50;0.00;0.00
13605;0;1848.50;9.50;522.50;0.00;0.00
13606;0;4695.50;9.50;517.50;0.00;0.00
13607;0;4735.50;9.50;517.50;0.00;0.00
13608;0;1986.50;9.50;523.50;0.00;0.00
13609;0;2023.50;9.50;524.50;0.00;0.00
13610;0;2033.50;9.50;524.50;0.00;0.00
13611;0;2070.50;9.50;524.50;0.00;0.00
13612;0;2136.50;9.50;526.50;0.00;0.00
13613;0;3236.50;9.50;520.50;0.00;0.00
13614;0;4962.50;9.50;518.50;0.00;0.00
13615;0;4984.50;9.50;521.50;0.00;0.00
13616;0;5002.50;9.50;520.50;0.00;0.00
13617;0;2049.50;9.50;524.50;0.00;0.00
13618;0;2090.50;9.50;524.50;0.00;0.00
13619;0;2127.50;9.50;524.50;0.00;0.00
13620;0;2165.50;9.50;523.50;0.00;0.00
13621;0;3219.50;9.50;516.50;0.00;0.00
13622;0;3531.50;9.50;518.50;0.00;0.00
13623;0;5061.50;9.50;517.50;0.00;0.00
13624;0;5120.50;9.50;520.50;0.00;0.00
13625;0;1953.50;9.50;518.50;0.00;0.00
13626;0;2001.50;9.50;520.50;0.00;0.00
13627;0;2059.50;9.50;523.50;0.00;0.00
13628;0;3094.50;9.50;506.50;0.00;0.00
13629;0;3263.50;9.50;521.50;0.00;0.00
13630;0;4613.50;9.50;511.50;0.00;0.00
13631;0;1746.50;9.50;518.50;0.00;0.00
13632;0;1758.50;9.50;517.50;0.00;0.00
13633;0;1767.50;9.50;521.50;0.00;0.00
13634;0;1780.50;9.50;517.50;0.00;0.00
13635;0;1803.50;9.50;523.50;0.00;0.00
13636;0;2011.50;9.50;519.50;0.00;0.00
13637;0;2081.50;9.50;521.50;0.00;0.00
13638;0;2103.50;9.50;523.50;0.00;0.00
13639;0;2120.50;9.50;523.50;0.00;0.00
13640;0;2150.50;9.50;522.50;0.00;0.00
13641;0;3060.50;9.50;519.50;0.00;0.00
13642;0;2039.50;9.50;519.50;0.00;0.00
13643;0;2096.50;9.50;521.50;0.00;0.00
13644;0;2111.50;9.50;521.50;0.00;0.00
13645;0;3330.50;9.50;512.50;0.00;0.00
13646;0;2141.50;9.50;519.50;0.00;0.00
13647;0;2158.50;9.50;520.50;0.00;0.00
13648;0;3139.50;9.50;513.50;0.00;0.00
13649;0;3167.50;9.50;512.50;0.00;0.00
13650;0;3545.50;9.50;512.50;0.00;0.00
13651;0;4651.50;9.50;509.50;0.00;0.00
13652;0;4934.50;9.50;509.50;0.00;0.00
13653;0;5165.50;9.50;511.50;0.00;0.00
13654;0;1730.50;9.50;512.50;0.00;0.00
13655;0;1828.50;9.50;516.50;0.00;0.00
13656;0;2133.50;9.50;519.50;0.00;0.00
13657;0;3364.50;9.50;513.50;0.00;0.00
13658;0;4820.50;9.50;511.50;0.00;0.00
13659;0;4886.50;9.50;507.50;0.00;0.00
13660;0;5080.50;9.50;514.50;0.00;0.00
13661;0;1790.50;9.50;517.50;0.00;0.00
13662;0;1816.50;9.50;510.50;0.00;0.00
13663;0;1871.50;9.50;512.50;0.00;0.00
13664;0;1893.50;9.50;514.50;0.00;0.00
13665;0;1918.50;9.50;513.50;0.00;0.00
13666;0;1939.50;9.50;514.50;0.00;0.00
13667;0;1970.50;9.50;512.50;0.00;0.00
13668;0;2065.50;9.50;517.50;0.00;0.00
13669;0;3079.50;9.50;511.50;0.00;0.00
13670;0;3204.50;9.50;510.50;0.00;0.00
13671;0;5150.50;9.50;512.50;0.00;0.00
13672;0;1801.50;9.50;513.50;0.00;0.00
13673;0;2020.50;9.50;515.50;0.00;0.00
13674;0;2030.50;9.50;514.50;0.00;0.00
13675;0;2046.50;9.50;516.50;0.00;0.00
13676;0;2072.50;9.50;516.50;0.00;0.00
13677;0;2104.50;9.50;517.50;0.00;0.00
13678;0;3279.50;9.50;514.50;0.00;0.00
13679;0;3315.50;9.50;510.50;0.00;0.00
13680;0;3555.50;9.50;500.50;0.00;0.00
13681;0;4675.50;9.50;509.50;0.00;0.00
13682;0;1858.50;9.50;508.50;0.00;0.00
13683;0;2055.50;9.50;515.50;0.00;0.00
13684;0;2121.50;9.50;516.50;0.00;0.00
13685;0;3186.50;9.50;510.50;0.00;0.00
13686;0;3268.50;9.50;510.50;0.00;0.00
13687;0;1904.50;9.50;504.50;0.00;0.00
13688;0;2086.50;9.50;513.50;0.00;0.00
13689;0;2094.50;9.50;514.50;0.00;0.00
13690;0;2149.50;9.50;516.50;0.00;0.00
13691;0;3246.50;9.50;511.50;0.00;0.00
13692;0;4714.50;9.50;505.50;0.00;0.00
13693;0;2079.50;9.50;512.50;0.00;0.00
13694;0;3051.50;9.50;506.50;0.00;0.00
13695;0;3299.50;9.50;511.50;0.00;0.00
13696;0;1772.50;9.50;509.50;0.00;0.00
13697;0;2113.50;9.50;514.50;0.00;0.00
13698;0;2140.50;9.50;512.50;0.00;0.00
13699;0;1845.50;9.50;503.50;0.00;0.00
13700;0;1925.50;9.50;505.50;0.00;0.00
13701;0;2156.50;9.50;511.50;0.00;0.00
13702;0;3118.50;9.50;505.50;0.00;0.00
13703;0;5008.50;9.50;503.50;0.00;0.00
13704;0;5029.50;9.50;504.50;0.00;0.00
13705;0;1885.50;9.50;503.50;0.00;0.00
13706;0;1983.50;9.50;505.50;0.00;0.00
13707;0;1997.50;9.50;507.50;0.00;0.00
13708;0;2040.50;9.50;510.50;0.00;0.00
13709;0;2099.50;9.50;507.50;0.00;0.00
13710;0;2106.50;9.50;508.50;0.00;0.00
13711;0;2132.50;9.50;510.50;0.00;0.00
13712;0;4800.50;9.50;498.50;0.00;0.00
13713;0;1720.50;9.50;503.50;0.00;0.00
13714;0;1742.50;9.50;505.50;0.00;0.00
13715;0;1833.50;9.50;502.50;0.00;0.00
13716;0;2009.50;9.50;507.50;0.00;0.00
13717;0;2066.50;9.50;509.50;0.00;0.00
13718;0;2116.50;9.50;511.50;0.00;0.00
13719;0;2147.50;9.50;510.50;0.00;0.00
13720;0;3231.50;9.50;504.50;0.00;0.00
13721;0;3516.50;9.50;501.50;0.00;0.00
13722;0;5107.50;9.50;503.50;0.00;0.00
13723;0;5125.50;9.50;504.50;0.00;0.00
13724;0;3352.50;9.50;503.50;0.00;0.00
13725;0;4632.50;9.50;498.50;0.00;0.00
13726;0;4771.50;9.50;498.50;0.00;0.00
13727;0;5048.50;9.50;499.50;0.00;0.00
13728;0;5090.50;9.50;500.50;0.00;0.00
13729;0;1759.50;9.50;502.50;0.00;0.00
13730;0;1782.50;9.50;505.50;0.00;0.00
13731;0;1942.50;9.50;504.50;0.00;0.00
13732;0;2019.50;9.50;505.50;0.00;0.00
13733;0;2048.50;9.50;507.50;0.00;0.00
13734;0;2057.50;9.50;506.50;0.00;0.00
13735;0;2091.50;9.50;506.50;0.00;0.00
13736;0;3069.50;9.50;501.50;0.00;0.00
13737;0;3534.50;9.50;501.50;0.00;0.00
13738;0;4987.50;9.50;502.50;0.00;0.00
13739;0;1957.50;9.50;502.50;0.00;0.00
13740;0;4910.50;9.50;496.50;0.00;0.00
13741;0;4957.50;9.50;497.50;0.00;0.00
13742;0;1793.50;9.50;503.50;0.00;0.00
13743;0;2029.50;9.50;504.50;0.00;0.00
13744;0;2076.50;9.50;505.50;0.00;0.00
13745;0;4869.50;9.50;492.50;0.00;0.00
13746;0;5066.50;9.50;500.50;0.00;0.00
13747;0;5140.50;9.50;496.50;0.00;0.00
13748;0;2084.50;9.50;502.50;0.00;0.00
13749;0;3215.50;9.50;498.50;0.00;0.00
13750;0;3250.50;9.50;497.50;0.00;0.00
13751;0;3280.50;9.50;502.50;0.00;0.00
13752;0;3304.50;9.50;500.50;0.00;0.00
13753;0;3337.50;9.50;497.50;0.00;0.00
13754;0;4845.50;9.50;495.50;0.00;0.00
13755;0;2070.50;9.50;502.50;0.00;0.00
13756;0;3293.50;9.50;500.50;0.00;0.00
13757;0;4742.50;9.50;492.50;0.00;0.00
13758;0;5171.50;9.50;497.50;0.00;0.00
13759;0;2036.50;9.50;501.50;0.00;0.00
13760;0;3262.50;9.50;500.50;0.00;0.00
13761;0;4692.50;9.50;494.50;0.00;0.00
13762;0;2044.50;9.50;500.50;0.00;0.00
13763;0;3321.50;9.50;496.50;0.00;0.00
13764;0;5156.50;9.50;495.50;0.00;0.00
13765;0;2062.50;9.50;500.50;0.00;0.00
13766;0;2108.50;9.50;501.50;0.00;0.00
13767;0;3364.50;9.50;496.50;0.00;0.00
13768;0;4603.50;9.50;490.50;0.00;0.00
13769;0;4663.50;9.50;491.50;0.00;0.00
13770;0;1732.50;9.50;493.50;0.00;0.00
13771;0;1820.50;9.50;496.50;0.00;0.00
13772;0;2003.50;9.50;497.50;0.00;0.00
13773;0;2053.50;9.50;499.50;0.00;0.00
13774;0;2099.50;9.50;499.50;0.00;0.00
13775;0;3082.50;9.50;493.50;0.00;0.00
13776;0;3505.50;9.50;493.50;0.00;0.00
13777;0;1877.50;9.50;496.50;0.00;0.00
13778;0;1912.50;9.50;493.50;0.00;0.00
13779;0;1989.50;9.50;494.50;0.00;0.00
13780;0;3138.50;9.50;494.50;0.00;0.00
13781;0;3163.50;9.50;492.50;0.00;0.00
13782;0;3195.50;9.50;495.50;0.00;0.00
13783;0;1750.50;9.50;493.50;0.00;0.00
13784;0;1772.50;9.50;496.50;0.00;0.00
13785;0;1853.50;9.50;493.50;0.00;0.00
13786;0;1892.50;9.50;491.50;0.00;0.00
13787;0;1933.50;9.50;494.50;0.00;0.00
13788;0;1976.50;9.50;492.50;0.00;0.00
13789;0;2024.50;9.50;496.50;0.00;0.00
13790;0;2091.50;9.50;496.50;0.00;0.00
13791;0;5078.50;9.50;490.50;0.00;0.00
13792;0;1782.50;9.50;488.50;0.00;0.00
13793;0;1806.50;9.50;492.50;0.00;0.00
13794;0;2076.50;9.50;496.50;0.00;0.00
13795;0;4823.50;9.50;489.50;0.00;0.00
13796;0;1925.50;9.50;489.50;0.00;0.00
13797;0;2014.50;9.50;494.50;0.00;0.00
13798;0;3098.50;9.50;488.50;0.00;0.00
13799;0;3272.50;9.50;493.50;0.00;0.00
13800;0;2083.50;9.50;492.50;0.00;0.00
13801;0;3048.50;9.50;491.50;0.00;0.00
13802;0;3228.50;9.50;489.50;0.00;0.00
13803;0;1793.50;9.50;490.50;0.00;0.00
13804;0;1945.50;9.50;489.50;0.00;0.00
13805;0;2038.50;9.50;493.50;0.00;0.00
13806;0;2048.50;9.50;493.50;0.00;0.00
13807;0;2059.50;9.50;494.50;0.00;0.00
13808;0;2068.50;9.50;493.50;0.00;0.00
13809;0;3285.50;9.50;492.50;0.00;0.00
13810;0;5180.50;9.50;486.50;0.00;0.00
13811;0;3060.50;9.50;486.50;0.00;0.00
13812;0;3117.50;9.50;479.50;0.00;0.00
13813;0;5119.50;9.50;485.50;0.00;0.00
13814;0;1961.50;9.50;488.50;0.00;0.00
13815;0;4937.50;9.50;482.50;0.00;0.00
13816;0;5013.50;9.50;483.50;0.00;0.00
13817;0;1767.50;9.50;485.50;0.00;0.00
13818;0;1865.50;9.50;485.50;0.00;0.00
13819;0;2029.50;9.50;488.50;0.00;0.00
13820;0;3214.50;9.50;487.50;0.00;0.00
13821;0;3242.50;9.50;486.50;0.00;0.00
13822;0;3297.50;9.50;490.50;0.00;0.00
13823;0;3359.50;9.50;485.50;0.00;0.00
13824;0;4984.50;9.50;484.50;0.00;0.00
13825;0;1829.50;9.50;485.50;0.00;0.00
13826;0;1903.50;9.50;484.50;0.00;0.00
13827;0;1998.50;9.50;486.50;0.00;0.00
13828;0;2055.50;9.50;489.50;0.00;0.00
13829;0;3528.50;9.50;476.50;0.00;0.00
13830;0;3543.50;9.50;482.50;0.00;0.00
13831;0;4712.50;9.50;481.50;0.00;0.00
13832;0;5099.50;9.50;483.50;0.00;0.00
13833;0;3182.50;9.50;485.50;0.00;0.00
13834;0;3253.50;9.50;484.50;0.00;0.00
13835;0;3308.50;9.50;487.50;0.00;0.00
13836;0;3345.50;9.50;482.50;0.00;0.00
13837;0;4644.50;9.50;477.50;0.00;0.00
13838;0;4891.50;9.50;478.50;0.00;0.00
13839;0;5040.50;9.50;481.50;0.00;0.00
13840;0;1878.50;9.50;483.50;0.00;0.00
13841;0;2020.50;9.50;486.50;0.00;0.00
13842;0;2062.50;9.50;488.50;0.00;0.00
13843;0;2077.50;9.50;487.50;0.00;0.00
13844;0;3514.50;9.50;482.50;0.00;0.00
13845;0;1719.50;9.50;481.50;0.00;0.00
13846;0;4791.50;9.50;475.50;0.00;0.00
13847;0;1754.50;9.50;480.50;0.00;0.00
13848;0;1845.50;9.50;480.50;0.00;0.00
13849;0;1982.50;9.50;481.50;0.00;0.00
13850;0;2036.50;9.50;484.50;0.00;0.00
13851;0;2042.50;9.50;481.50;0.00;0.00
13852;0;2050.50;9.50;485.50;0.00;0.00
13853;0;2068.50;9.50;486.50;0.00;0.00
13854;0;3264.50;9.50;482.50;0.00;0.00
13855;0;3277.50;9.50;484.50;0.00;0.00
13856;0;5061.50;9.50;478.50;0.00;0.00
13857;0;1810.50;9.50;480.50;0.00;0.00
13858;0;1932.50;9.50;484.50;0.00;0.00
13859;0;2008.50;9.50;481.50;0.00;0.00
13860;0;3070.50;9.50;476.50;0.00;0.00
13861;0;3321.50;9.50;481.50;0.00;0.00
13862;0;3334.50;9.50;484.50;0.00;0.00
13863;0;5138.50;9.50;479.50;0.00;0.00
13864;0;5157.50;9.50;479.50;0.00;0.00
13865;0;1914.50;9.50;481.50;0.00;0.00
13866;0;3145.50;9.50;476.50;0.00;0.00
13867;0;3287.50;9.50;483.50;0.00;0.00
13868;0;4618.50;9.50;471.50;0.00;0.00
13869;0;4678.50;9.50;474.50;0.00;0.00
13870;0;4765.50;9.50;473.50;0.00;0.00
13871;0;4963.50;9.50;474.50;0.00;0.00
13872;0;1734.50;9.50;478.50;0.00;0.00
13873;0;2060.50;9.50;482.50;0.00;0.00
13874;0;3201.50;9.50;478.50;0.00;0.00
13875;0;1790.50;9.50;479.50;0.00;0.00
13876;0;1958.50;9.50;478.50;0.00;0.00
13877;0;2071.50;9.50;482.50;0.00;0.00
13878;0;3300.50;9.50;478.50;0.00;0.00
13879;0;4812.50;9.50;471.50;0.00;0.00
13880;0;4914.50;9.50;473.50;0.00;0.00
13881;0;1778.50;9.50;478.50;0.00;0.00
13882;0;1947.50;9.50;474.50;0.00;0.00
13883;0;1971.50;9.50;476.50;0.00;0.00
13884;0;3087.50;9.50;475.50;0.00;0.00
13885;0;4844.50;9.50;473.50;0.00;0.00
13886;0;1819.50;9.50;473.50;0.00;0.00
13887;0;1993.50;9.50;476.50;0.00;0.00
13888;0;3165.50;9.50;472.50;0.00;0.00
13889;0;5078.50;9.50;475.50;0.00;0.00
13890;0;5186.50;9.50;470.50;0.00;0.00
13891;0;1895.50;9.50;473.50;0.00;0.00
13892;0;2018.50;9.50;477.50;0.00;0.00
13893;0;2052.50;9.50;478.50;0.00;0.00
13894;0;2065.50;9.50;478.50;0.00;0.00
13895;0;3211.50;9.50;470.50;0.00;0.00
13896;0;3309.50;9.50;477.50;0.00;0.00
13897;0;4866.50;9.50;472.50;0.00;0.00
13898;0;1857.50;9.50;470.50;0.00;0.00
13899;0;2026.50;9.50;475.50;0.00;0.00
13900;0;2035.50;9.50;476.50;0.00;0.00
13901;0;3219.50;9.50;479.50;0.00;0.00
13902;0;3227.50;9.50;477.50;0.00;0.00
13903;0;3238.50;9.50;473.50;0.00;0.00
13904;0;5201.50;9.50;467.50;0.00;0.00
13905;0;1937.50;9.50;473.50;0.00;0.00
13906;0;3277.50;9.50;475.50;0.00;0.00
13907;0;3328.50;9.50;473.50;0.00;0.00
13908;0;1836.50;9.50;471.50;0.00;0.00
13909;0;4998.50;9.50;470.50;0.00;0.00
13910;0;5027.50;9.50;468.50;0.00;0.00
13911;0;1926.50;9.50;473.50;0.00;0.00
13912;0;3135.50;9.50;460.50;0.00;0.00
13913;0;3188.50;9.50;474.50;0.00;0.00
13914;0;3269.50;9.50;471.50;0.00;0.00
13915;0;3284.50;9.50;467.50;0.00;0.00
13916;0;1804.50;9.50;472.50;0.00;0.00
13917;0;1881.50;9.50;470.50;0.00;0.00
13918;0;2003.50;9.50;471.50;0.00;0.00
13919;0;2044.50;9.50;472.50;0.00;0.00
13920;0;2059.50;9.50;472.50;0.00;0.00
13921;0;3250.50;9.50;474.50;0.00;0.00
13922;0;4741.50;9.50;463.50;0.00;0.00
13923;0;5112.50;9.50;467.50;0.00;0.00
13924;0;4825.50;9.50;460.50;0.00;0.00
13925;0;5166.50;9.50;464.50;0.00;0.00
13926;0;1906.50;9.50;467.50;0.00;0.00
13927;0;1919.50;9.50;467.50;0.00;0.00
13928;0;2013.50;9.50;469.50;0.00;0.00
13929;0;3056.50;9.50;466.50;0.00;0.00
13930;0;3264.50;9.50;464.50;0.00;0.00
13931;0;5093.50;9.50;466.50;0.00;0.00
13932;0;1753.50;9.50;465.50;0.00;0.00
13933;0;3222.50;9.50;467.50;0.00;0.00
13934;0;3321.50;9.50;465.50;0.00;0.00
13935;0;4660.50;9.50;458.50;0.00;0.00
13936;0;1793.50;9.50;467.50;0.00;0.00
13937;0;1979.50;9.50;466.50;0.00;0.00
13938;0;3246.50;9.50;468.50;0.00;0.00
13939;0;1736.50;9.50;459.50;0.00;0.00
13940;0;1766.50;9.50;467.50;0.00;0.00
13941;0;1782.50;9.50;465.50;0.00;0.00
13942;0;1989.50;9.50;466.50;0.00;0.00
13943;0;2053.50;9.50;466.50;0.00;0.00
13944;0;3311.50;9.50;468.50;0.00;0.00
13945;0;4601.50;9.50;449.50;0.00;0.00
13946;0;1871.50;9.50;460.50;0.00;0.00
13947;0;1956.50;9.50;465.50;0.00;0.00
13948;0;2029.50;9.50;467.50;0.00;0.00
13949;0;2036.50;9.50;468.50;0.00;0.00
13950;0;3183.50;9.50;464.50;0.00;0.00
13951;0;3256.50;9.50;463.50;0.00;0.00
13952;0;3298.50;9.50;466.50;0.00;0.00
13953;0;5068.50;9.50;462.50;0.00;0.00
13954;0;4687.50;9.50;454.50;0.00;0.00
13955;0;4713.50;9.50;459.50;0.00;0.00
13956;0;5046.50;9.50;461.50;0.00;0.00
13957;0;5141.50;9.50;461.50;0.00;0.00
13958;0;1968.50;9.50;464.50;0.00;0.00
13959;0;2020.50;9.50;463.50;0.00;0.00
13960;0;3152.50;9.50;458.50;0.00;0.00
13961;0;3275.50;9.50;464.50;0.00;0.00
13962;0;1802.50;9.50;463.50;0.00;0.00
13963;0;1944.50;9.50;461.50;0.00;0.00
13964;0;3105.50;9.50;460.50;0.00;0.00
13965;0;3230.50;9.50;462.50;0.00;0.00
13966;0;1817.50;9.50;460.50;0.00;0.00
13967;0;1892.50;9.50;461.50;0.00;0.00
13968;0;1934.50;9.50;463.50;0.00;0.00
13969;0;2043.50;9.50;464.50;0.00;0.00
13970;0;3074.50;9.50;457.50;0.00;0.00
13971;0;3089.50;9.50;456.50;0.00;0.00
13972;0;3121.50;9.50;453.50;0.00;0.00
13973;0;4636.50;9.50;455.50;0.00;0.00
13974;0;1718.50;9.50;455.50;0.00;0.00
13975;0;1999.50;9.50;460.50;0.00;0.00
13976;0;3194.50;9.50;454.50;0.00;0.00
13977;0;3239.50;9.50;461.50;0.00;0.00
13978;0;4775.50;9.50;451.50;0.00;0.00
13979;0;1839.50;9.50;457.50;0.00;0.00
13980;0;1924.50;9.50;460.50;0.00;0.00
13981;0;2009.50;9.50;458.50;0.00;0.00
13982;0;3291.50;9.50;459.50;0.00;0.00
13983;0;3307.50;9.50;461.50;0.00;0.00
13984;0;3206.50;9.50;458.50;0.00;0.00
13985;0;3218.50;9.50;456.50;0.00;0.00
13986;0;3248.50;9.50;458.50;0.00;0.00
13987;0;4802.50;9.50;452.50;0.00;0.00
13988;0;1858.50;9.50;455.50;0.00;0.00
13989;0;1909.50;9.50;456.50;0.00;0.00
13990;0;5083.50;9.50;452.50;0.00;0.00
13991;0;3314.50;9.50;455.50;0.00;0.00
13992;0;5123.50;9.50;452.50;0.00;0.00
13993;0;5189.50;9.50;454.50;0.00;0.00
13994;0;1965.50;9.50;454.50;0.00;0.00
13995;0;2029.50;9.50;456.50;0.00;0.00
13996;0;2038.50;9.50;454.50;0.00;0.00
13997;0;2049.50;9.50;457.50;0.00;0.00
13998;0;3260.50;9.50;457.50;0.00;0.00
13999;0;3280.50;9.50;455.50;0.00;0.00
14000;0;3324.50;9.50;454.50;0.00;0.00
14001;0;4851.50;9.50;453.50;0.00;0.00
14002;0;4874.50;9.50;452.50;0.00;0.00
14003;0;4897.50;9.50;452.50;0.00;0.00
14004;0;4917.50;9.50;449.50;0.00;0.00
14005;0;4939.50;9.50;451.50;0.00;0.00
14006;0;4961.50;9.50;444.50;0.00;0.00
14007;0;4985.50;9.50;448.50;0.00;0.00
14008;0;5010.50;9.50;449.50;0.00;0.00
14009;0;5102.50;9.50;452.50;0.00;0.00
14010;0;1790.50;9.50;453.50;0.00;0.00
14011;0;1880.50;9.50;451.50;0.00;0.00
14012;0;3168.50;9.50;446.50;0.00;0.00
14013;0;3266.50;9.50;449.50;0.00;0.00
14014;0;5176.50;9.50;445.50;0.00;0.00
14015;0;5203.50;9.50;454.50;0.00;0.00
14016;0;1759.50;9.50;450.50;0.00;0.00
14017;0;1800.50;9.50;452.50;0.00;0.00
14018;0;1935.50;9.50;454.50;0.00;0.00
14019;0;2021.50;9.50;452.50;0.00;0.00
14020;0;1775.50;9.50;448.50;0.00;0.00
14021;0;1826.50;9.50;447.50;0.00;0.00
14022;0;3060.50;9.50;450.50;0.00;0.00
14023;0;3253.50;9.50;453.50;0.00;0.00
14024;0;5159.50;9.50;447.50;0.00;0.00
14025;0;1953.50;9.50;453.50;0.00;0.00
14026;0;1980.50;9.50;453.50;0.00;0.00
14027;0;4617.50;9.50;444.50;0.00;0.00
14028;0;1812.50;9.50;446.50;0.00;0.00
14029;0;1971.50;9.50;448.50;0.00;0.00
14030;0;1989.50;9.50;452.50;0.00;0.00
14031;0;2012.50;9.50;448.50;0.00;0.00
14032;0;5064.50;9.50;448.50;0.00;0.00
14033;0;1892.50;9.50;448.50;0.00;0.00
14034;0;1919.50;9.50;448.50;0.00;0.00
14035;0;1945.50;9.50;448.50;0.00;0.00
14036;0;3229.50;9.50;450.50;0.00;0.00
14037;0;3289.50;9.50;450.50;0.00;0.00
14038;0;3303.50;9.50;449.50;0.00;0.00
14039;0;1997.50;9.50;449.50;0.00;0.00
14040;0;3238.50;9.50;450.50;0.00;0.00
14041;0;4751.50;9.50;439.50;0.00;0.00
14042;0;1927.50;9.50;445.50;0.00;0.00
14043;0;3182.50;9.50;438.50;0.00;0.00
14044;0;3274.50;9.50;447.50;0.00;0.00
14045;0;2004.50;9.50;443.50;0.00;0.00
14046;0;2042.50;9.50;446.50;0.00;0.00
14047;0;3080.50;9.50;444.50;0.00;0.00
14048;0;3295.50;9.50;444.50;0.00;0.00
14049;0;4728.50;9.50;440.50;0.00;0.00
14050;0;4823.50;9.50;441.50;0.00;0.00
14051;0;5048.50;9.50;442.50;0.00;0.00
14052;0;5141.50;9.50;443.50;0.00;0.00
14053;0;1749.50;9.50;439.50;0.00;0.00
14054;0;2051.50;9.50;447.50;0.00;0.00
14055;0;3311.50;9.50;445.50;0.00;0.00
14056;0;4706.50;9.50;439.50;0.00;0.00
14057;0;1729.50;9.50;441.50;0.00;0.00
14058;0;1842.50;9.50;441.50;0.00;0.00
14059;0;1907.50;9.50;446.50;0.00;0.00
14060;0;1937.50;9.50;444.50;0.00;0.00
14061;0;1960.50;9.50;443.50;0.00;0.00
14062;0;4671.50;9.50;438.50;0.00;0.00
14063;0;1983.50;9.50;446.50;0.00;0.00
14064;0;2032.50;9.50;444.50;0.00;0.00
14065;0;3222.50;9.50;442.50;0.00;0.00
14066;0;3252.50;9.50;444.50;0.00;0.00
14067;0;4651.50;9.50;438.50;0.00;0.00
14068;0;4843.50;9.50;437.50;0.00;0.00
14069;0;5031.50;9.50;434.50;0.00;0.00
14070;0;5207.50;9.50;443.50;0.00;0.00
14071;0;1713.50;9.50;439.50;0.00;0.00
14072;0;1859.50;9.50;439.50;0.00;0.00
14073;0;3143.50;9.50;437.50;0.00;0.00
14074;0;3198.50;9.50;441.50;0.00;0.00
14075;0;3210.50;9.50;442.50;0.00;0.00
14076;0;3283.50;9.50;444.50;0.00;0.00
14077;0;4864.50;9.50;433.50;0.00;0.00
14078;0;5197.50;9.50;440.50;0.00;0.00
14079;0;2023.50;9.50;442.50;0.00;0.00
14080;0;3321.50;9.50;443.50;0.00;0.00
14081;0;4887.50;9.50;433.50;0.00;0.00
14082;0;3242.50;9.50;442.50;0.00;0.00
14083;0;4789.50;9.50;433.50;0.00;0.00
14084;0;1791.50;9.50;438.50;0.00;0.00
14085;0;1874.50;9.50;437.50;0.00;0.00
14086;0;1947.50;9.50;434.50;0.00;0.00
14087;0;3267.50;9.50;439.50;0.00;0.00
14088;0;5081.50;9.50;438.50;0.00;0.00
14089;0;5104.50;9.50;436.50;0.00;0.00
14090;0;5208.50;9.50;431.50;0.00;0.00
14091;0;2014.50;9.50;439.50;0.00;0.00
14092;0;3236.50;9.50;437.50;0.00;0.00
14093;0;5124.50;9.50;436.50;0.00;0.00
14094;0;1888.50;9.50;436.50;0.00;0.00
14095;0;1983.50;9.50;438.50;0.00;0.00
14096;0;3096.50;9.50;432.50;0.00;0.00
14097;0;4929.50;9.50;430.50;0.00;0.00
14098;0;1761.50;9.50;434.50;0.00;0.00
14099;0;1806.50;9.50;434.50;0.00;0.00
14100;0;1973.50;9.50;436.50;0.00;0.00
14101;0;3257.50;9.50;436.50;0.00;0.00
14102;0;4689.50;9.50;430.50;0.00;0.00
14103;0;1776.50;9.50;433.50;0.00;0.00
14104;0;1901.50;9.50;432.50;0.00;0.00
14105;0;1911.50;9.50;435.50;0.00;0.00
14106;0;1995.50;9.50;436.50;0.00;0.00
14107;0;2053.50;9.50;436.50;0.00;0.00
14108;0;3073.50;9.50;430.50;0.00;0.00
14109;0;3116.50;9.50;430.50;0.00;0.00
14110;0;3307.50;9.50;434.50;0.00;0.00
14111;0;5062.50;9.50;434.50;0.00;0.00
14112;0;1937.50;9.50;433.50;0.00;0.00
14113;0;2042.50;9.50;435.50;0.00;0.00
14114;0;3246.50;9.50;434.50;0.00;0.00
14115;0;3295.50;9.50;435.50;0.00;0.00
14116;0;3321.50;9.50;432.50;0.00;0.00
14117;0;5165.50;9.50;431.50;0.00;0.00
14118;0;1827.50;9.50;432.50;0.00;0.00
14119;0;3161.50;9.50;426.50;0.00;0.00
14120;0;3273.50;9.50;430.50;0.00;0.00
14121;0;3285.50;9.50;429.50;0.00;0.00
14122;0;4634.50;9.50;424.50;0.00;0.00
14123;0;4809.50;9.50;427.50;0.00;0.00
14124;0;1924.50;9.50;431.50;0.00;0.00
14125;0;1964.50;9.50;430.50;0.00;0.00
14126;0;3230.50;9.50;431.50;0.00;0.00
14127;0;4769.50;9.50;423.50;0.00;0.00
14128;0;5181.50;9.50;429.50;0.00;0.00
14129;0;2006.50;9.50;432.50;0.00;0.00
14130;0;2024.50;9.50;432.50;0.00;0.00
14131;0;5003.50;9.50;421.50;0.00;0.00
14132;0;5145.50;9.50;426.50;0.00;0.00
14133;0;5193.50;9.50;428.50;0.00;0.00
14134;0;1988.50;9.50;431.50;0.00;0.00
14135;0;3196.50;9.50;423.50;0.00;0.00
14136;0;3220.50;9.50;430.50;0.00;0.00
14137;0;4615.50;9.50;425.50;0.00;0.00
14138;0;1719.50;9.50;425.50;0.00;0.00
14139;0;1740.50;9.50;426.50;0.00;0.00
14140;0;2034.50;9.50;428.50;0.00;0.00
14141;0;4908.50;9.50;417.50;0.00;0.00
14142;0;5095.50;9.50;425.50;0.00;0.00
14143;0;1786.50;9.50;422.50;0.00;0.00
14144;0;2015.50;9.50;427.50;0.00;0.00
14145;0;3262.50;9.50;427.50;0.00;0.00
14146;0;5048.50;9.50;425.50;0.00;0.00
14147;0;1815.50;9.50;423.50;0.00;0.00
14148;0;1841.50;9.50;424.50;0.00;0.00
14149;0;1996.50;9.50;427.50;0.00;0.00
14150;0;2048.50;9.50;425.50;0.00;0.00
14151;0;1954.50;9.50;424.50;0.00;0.00
14152;0;3136.50;9.50;419.50;0.00;0.00
14153;0;3180.50;9.50;421.50;0.00;0.00
14154;0;3211.50;9.50;424.50;0.00;0.00
14155;0;3242.50;9.50;425.50;0.00;0.00
14156;0;5082.50;9.50;424.50;0.00;0.00
14157;0;5110.50;9.50;423.50;0.00;0.00
14158;0;1707.50;9.50;420.50;0.00;0.00
14159;0;3296.50;9.50;423.50;0.00;0.00
14160;0;3315.50;9.50;423.50;0.00;0.00
14161;0;4657.50;9.50;419.50;0.00;0.00
14162;0;4734.50;9.50;418.50;0.00;0.00
14163;0;4946.50;9.50;414.50;0.00;0.00
14164;0;5069.50;9.50;422.50;0.00;0.00
14165;0;5124.50;9.50;422.50;0.00;0.00
14166;0;1866.50;9.50;422.50;0.00;0.00
14167;0;1884.50;9.50;423.50;0.00;0.00
14168;0;1913.50;9.50;423.50;0.00;0.00
14169;0;1936.50;9.50;425.50;0.00;0.00
14170;0;1975.50;9.50;424.50;0.00;0.00
14171;0;3083.50;9.50;416.50;0.00;0.00
14172;0;3251.50;9.50;422.50;0.00;0.00
14173;0;4979.50;9.50;421.50;0.00;0.00
14174;0;1758.50;9.50;419.50;0.00;0.00
14175;0;4712.50;9.50;417.50;0.00;0.00
14176;0;5212.50;9.50;419.50;0.00;0.00
14177;0;1856.50;9.50;413.50;0.00;0.00
14178;0;1897.50;9.50;419.50;0.00;0.00
14179;0;3225.50;9.50;422.50;0.00;0.00
14180;0;3234.50;9.50;421.50;0.00;0.00
14181;0;4676.50;9.50;418.50;0.00;0.00
14182;0;4824.50;9.50;414.50;0.00;0.00
14183;0;1773.50;9.50;416.50;0.00;0.00
14184;0;1986.50;9.50;422.50;0.00;0.00
14185;0;2005.50;9.50;421.50;0.00;0.00
14186;0;3278.50;9.50;422.50;0.00;0.00
14187;0;4848.50;9.50;413.50;0.00;0.00
14188;0;2027.50;9.50;418.50;0.00;0.00
14189;0;1731.50;9.50;414.50;0.00;0.00
14190;0;1805.50;9.50;415.50;0.00;0.00
14191;0;1926.50;9.50;418.50;0.00;0.00
14192;0;1944.50;9.50;416.50;0.00;0.00
14193;0;1965.50;9.50;418.50;0.00;0.00
14194;0;3307.50;9.50;416.50;0.00;0.00
14195;0;4878.50;9.50;409.50;0.00;0.00
14196;0;2018.50;9.50;418.50;0.00;0.00
14197;0;2039.50;9.50;417.50;0.00;0.00
14198;0;1994.50;9.50;417.50;0.00;0.00
14199;0;4752.50;9.50;407.50;0.00;0.00
14200;0;5164.50;9.50;412.50;0.00;0.00
14201;0;1745.50;9.50;412.50;0.00;0.00
14202;0;1824.50;9.50;412.50;0.00;0.00
14203;0;3121.50;9.50;409.50;0.00;0.00
14204;0;3149.50;9.50;408.50;0.00;0.00
14205;0;3262.50;9.50;416.50;0.00;0.00
14206;0;1876.50;9.50;411.50;0.00;0.00
14207;0;3280.50;9.50;414.50;0.00;0.00
14208;0;3289.50;9.50;414.50;0.00;0.00
14209;0;4787.50;9.50;408.50;0.00;0.00
14210;0;5143.50;9.50;408.50;0.00;0.00
14211;0;5179.50;9.50;411.50;0.00;0.00
14212;0;5200.50;9.50;410.50;0.00;0.00
14213;0;1717.50;9.50;414.50;0.00;0.00
14214;0;1794.50;9.50;409.50;0.00;0.00
14215;0;3217.50;9.50;413.50;0.00;0.00
14216;0;3240.50;9.50;412.50;0.00;0.00
14217;0;1906.50;9.50;411.50;0.00;0.00
14218;0;3096.50;9.50;409.50;0.00;0.00
14219;0;1955.50;9.50;410.50;0.00;0.00
14220;0;1974.50;9.50;410.50;0.00;0.00
14221;0;2001.50;9.50;412.50;0.00;0.00
14222;0;2011.50;9.50;412.50;0.00;0.00
14223;0;3191.50;9.50;409.50;0.00;0.00
14224;0;3205.50;9.50;406.50;0.00;0.00
14225;0;3252.50;9.50;410.50;0.00;0.00
14226;0;4694.50;9.50;405.50;0.00;0.00
14227;0;1838.50;9.50;409.50;0.00;0.00
14228;0;1984.50;9.50;411.50;0.00;0.00
14229;0;3271.50;9.50;410.50;0.00;0.00
14230;0;3298.50;9.50;411.50;0.00;0.00
14231;0;1918.50;9.50;408.50;0.00;0.00
14232;0;3229.50;9.50;408.50;0.00;0.00
14233;0;4645.50;9.50;404.50;0.00;0.00
14234;0;5032.50;9.50;405.50;0.00;0.00
14235;0;5060.50;9.50;402.50;0.00;0.00
14236;0;5088.50;9.50;406.50;0.00;0.00
14237;0;5115.50;9.50;405.50;0.00;0.00
14238;0;1705.50;9.50;404.50;0.00;0.00
14239;0;3166.50;9.50;405.50;0.00;0.00
14240;0;4625.50;9.50;403.50;0.00;0.00
14241;0;1891.50;9.50;404.50;0.00;0.00
14242;0;2026.50;9.50;409.50;0.00;0.00
14243;0;1770.50;9.50;402.50;0.00;0.00
14244;0;1865.50;9.50;402.50;0.00;0.00
14245;0;1931.50;9.50;404.50;0.00;0.00
14246;0;4807.50;9.50;399.50;0.00;0.00
14247;0;1757.50;9.50;405.50;0.00;0.00
14248;0;1941.50;9.50;405.50;0.00;0.00
14249;0;1784.50;9.50;398.50;0.00;0.00
14250;0;1994.50;9.50;406.50;0.00;0.00
14251;0;4672.50;9.50;400.50;0.00;0.00
14252;0;2007.50;9.50;404.50;0.00;0.00
14253;0;2018.50;9.50;403.50;0.00;0.00
14254;0;3260.50;9.50;402.50;0.00;0.00
14255;0;4731.50;9.50;397.50;0.00;0.00
14256;0;1730.50;9.50;400.50;0.00;0.00
14257;0;1966.50;9.50;401.50;0.00;0.00
14258;0;3111.50;9.50;398.50;0.00;0.00
14259;0;3181.50;9.50;397.50;0.00;0.00
14260;0;4770.50;9.50;393.50;0.00;0.00
14261;0;4918.50;9.50;393.50;0.00;0.00
14262;0;4986.50;9.50;393.50;0.00;0.00
14263;0;5009.50;9.50;395.50;0.00;0.00
14264;0;1809.50;9.50;400.50;0.00;0.00
14265;0;3134.50;9.50;396.50;0.00;0.00
14266;0;1716.50;9.50;398.50;0.00;0.00
14267;0;1852.50;9.50;398.50;0.00;0.00
14268;0;3249.50;9.50;399.50;0.00;0.00
14269;0;3278.50;9.50;398.50;0.00;0.00
14270;0;3294.50;9.50;400.50;0.00;0.00
14271;0;1748.50;9.50;395.50;0.00;0.00
14272;0;1910.50;9.50;399.50;0.00;0.00
14273;0;1980.50;9.50;400.50;0.00;0.00
14274;0;3217.50;9.50;397.50;0.00;0.00
14275;0;5186.50;9.50;398.50;0.00;0.00
14276;0;1822.50;9.50;394.50;0.00;0.00
14277;0;2000.50;9.50;398.50;0.00;0.00
14278;0;3235.50;9.50;396.50;0.00;0.00
14279;0;1954.50;9.50;397.50;0.00;0.00
14280;0;3095.50;9.50;394.50;0.00;0.00
14281;0;1836.50;9.50;396.50;0.00;0.00
14282;0;1877.50;9.50;396.50;0.00;0.00
14283;0;2026.50;9.50;397.50;0.00;0.00
14284;0;4711.50;9.50;387.50;0.00;0.00
14285;0;4942.50;9.50;392.50;0.00;0.00
14286;0;5100.50;9.50;389.50;0.00;0.00
14287;0;5135.50;9.50;394.50;0.00;0.00
14288;0;5203.50;9.50;395.50;0.00;0.00
14289;0;1990.50;9.50;395.50;0.00;0.00
14290;0;4857.50;9.50;388.50;0.00;0.00
14291;0;5078.50;9.50;389.50;0.00;0.00
14292;0;5159.50;9.50;392.50;0.00;0.00
14293;0;4824.50;9.50;387.50;0.00;0.00
14294;0;4889.50;9.50;383.50;0.00;0.00
14295;0;2011.50;9.50;395.50;0.00;0.00
14296;0;3203.50;9.50;389.50;0.00;0.00
14297;0;5174.50;9.50;388.50;0.00;0.00
14298;0;1798.50;9.50;389.50;0.00;0.00
14299;0;1920.50;9.50;390.50;0.00;0.00
14300;0;1930.50;9.50;390.50;0.00;0.00
14301;0;1943.50;9.50;393.50;0.00;0.00
14302;0;3265.50;9.50;391.50;0.00;0.00
14303;0;3287.50;9.50;391.50;0.00;0.00
14304;0;1700.50;9.50;391.50;0.00;0.00
14305;0;1896.50;9.50;391.50;0.00;0.00
14306;0;1973.50;9.50;390.50;0.00;0.00
14307;0;5043.50;9.50;386.50;0.00;0.00
14308;0;1905.50;9.50;386.50;0.00;0.00
14309;0;4664.50;9.50;386.50;0.00;0.00
14310;0;4690.50;9.50;386.50;0.00;0.00
14311;0;4958.50;9.50;379.50;0.00;0.00
14312;0;1711.50;9.50;387.50;0.00;0.00
14313;0;1773.50;9.50;389.50;0.00;0.00
14314;0;1858.50;9.50;387.50;0.00;0.00
14315;0;1887.50;9.50;385.50;0.00;0.00
14316;0;4646.50;9.50;385.50;0.00;0.00
14317;0;4750.50;9.50;383.50;0.00;0.00
14318;0;1722.50;9.50;386.50;0.00;0.00
14319;0;1734.50;9.50;387.50;0.00;0.00
14320;0;1869.50;9.50;389.50;0.00;0.00
14321;0;1960.50;9.50;385.50;0.00;0.00
14322;0;1997.50;9.50;387.50;0.00;0.00
14323;0;3190.50;9.50;382.50;0.00;0.00
14324;0;3250.50;9.50;384.50;0.00;0.00
14325;0;5119.50;9.50;384.50;0.00;0.00
14326;0;5190.50;9.50;385.50;0.00;0.00
14327;0;3105.50;9.50;381.50;0.00;0.00
14328;0;3151.50;9.50;379.50;0.00;0.00
14329;0;3170.50;9.50;383.50;0.00;0.00
14330;0;4629.50;9.50;383.50;0.00;0.00
14331;0;1841.50;9.50;385.50;0.00;0.00
14332;0;1985.50;9.50;383.50;0.00;0.00
14333;0;2007.50;9.50;386.50;0.00;0.00
14334;0;3123.50;9.50;380.50;0.00;0.00
14335;0;3237.50;9.50;383.50;0.00;0.00
14336;0;1746.50;9.50;382.50;0.00;0.00
14337;0;1760.50;9.50;379.50;0.00;0.00
14338;0;1814.50;9.50;382.50;0.00;0.00
14339;0;3223.50;9.50;383.50;0.00;0.00
14340;0;4783.50;9.50;374.50;0.00;0.00
14341;0;3277.50;9.50;382.50;0.00;0.00
14342;0;1829.50;9.50;381.50;0.00;0.00
14343;0;2021.50;9.50;384.50;0.00;0.00
14344;0;1781.50;9.50;378.50;0.00;0.00
14345;0;1916.50;9.50;380.50;0.00;0.00
14346;0;5203.50;9.50;381.50;0.00;0.00
14347;0;1851.50;9.50;377.50;0.00;0.00
14348;0;1947.50;9.50;379.50;0.00;0.00
14349;0;3261.50;9.50;379.50;0.00;0.00
14350;0;4807.50;9.50;375.50;0.00;0.00
14351;0;5002.50;9.50;376.50;0.00;0.00
14352;0;5137.50;9.50;378.50;0.00;0.00
14353;0;1794.50;9.50;376.50;0.00;0.00
14354;0;1929.50;9.50;377.50;0.00;0.00
14355;0;4730.50;9.50;373.50;0.00;0.00
14356;0;1866.50;9.50;378.50;0.00;0.00
14357;0;1972.50;9.50;377.50;0.00;0.00
14358;0;5055.50;9.50;369.50;0.00;0.00
14359;0;5152.50;9.50;374.50;0.00;0.00
14360;0;5073.50;9.50;370.50;0.00;0.00
14361;0;1879.50;9.50;375.50;0.00;0.00
14362;0;1891.50;9.50;375.50;0.00;0.00
14363;0;1902.50;9.50;375.50;0.00;0.00
14364;0;4934.50;9.50;357.50;0.00;0.00
14365;0;4985.50;9.50;374.50;0.00;0.00
14366;0;5166.50;9.50;375.50;0.00;0.00
14367;0;5180.50;9.50;375.50;0.00;0.00
14368;0;1704.50;9.50;375.50;0.00;0.00
14369;0;3205.50;9.50;371.50;0.00;0.00
14370;0;5037.50;9.50;370.50;0.00;0.00
14371;0;1806.50;9.50;372.50;0.00;0.00
14372;0;1955.50;9.50;375.50;0.00;0.00
14373;0;1996.50;9.50;376.50;0.00;0.00
14374;0;4660.50;9.50;370.50;0.00;0.00
14375;0;4916.50;9.50;371.50;0.00;0.00
14376;0;5014.50;9.50;365.50;0.00;0.00
14377;0;1736.50;9.50;374.50;0.00;0.00
14378;0;1940.50;9.50;367.50;0.00;0.00
14379;0;3139.50;9.50;365.50;0.00;0.00
14380;0;3219.50;9.50;370.50;0.00;0.00
14381;0;3247.50;9.50;372.50;0.00;0.00
14382;0;4687.50;9.50;367.50;0.00;0.00
14383;0;5093.50;9.50;368.50;0.00;0.00
14384;0;5195.50;9.50;372.50;0.00;0.00
14385;0;3234.50;9.50;371.50;0.00;0.00
14386;0;1723.50;9.50;372.50;0.00;0.00
14387;0;1751.50;9.50;372.50;0.00;0.00
14388;0;1913.50;9.50;368.50;0.00;0.00
14389;0;5127.50;9.50;368.50;0.00;0.00
14390;0;1822.50;9.50;368.50;0.00;0.00
14391;0;1837.50;9.50;369.50;0.00;0.00
14392;0;1984.50;9.50;368.50;0.00;0.00
14393;0;4709.50;9.50;366.50;0.00;0.00
14394;0;1860.50;9.50;369.50;0.00;0.00
14395;0;3109.50;9.50;366.50;0.00;0.00
14396;0;3161.50;9.50;362.50;0.00;0.00
14397;0;4644.50;9.50;368.50;0.00;0.00
14398;0;3173.50;9.50;361.50;0.00;0.00
14399;0;3184.50;9.50;369.50;0.00;0.00
14400;0;4972.50;9.50;364.50;0.00;0.00
14401;0;1871.50;9.50;365.50;0.00;0.00
14402;0;1971.50;9.50;364.50;0.00;0.00
14403;0;4752.50;9.50;360.50;0.00;0.00
14404;0;1887.50;9.50;365.50;0.00;0.00
14405;0;1928.50;9.50;367.50;0.00;0.00
14406;0;3260.50;9.50;366.50;0.00;0.00
14407;0;5113.50;9.50;362.50;0.00;0.00
14408;0;1767.50;9.50;365.50;0.00;0.00
14409;0;1782.50;9.50;361.50;0.00;0.00
14410;0;1850.50;9.50;366.50;0.00;0.00
14411;0;1949.50;9.50;367.50;0.00;0.00
14412;0;5187.50;9.50;365.50;0.00;0.00
14413;0;1795.50;9.50;358.50;0.00;0.00
14414;0;1898.50;9.50;364.50;0.00;0.00
14415;0;1961.50;9.50;362.50;0.00;0.00
14416;0;4633.50;9.50;357.50;0.00;0.00
14417;0;4956.50;9.50;362.50;0.00;0.00
14418;0;5028.50;9.50;358.50;0.00;0.00
14419;0;5144.50;9.50;363.50;0.00;0.00
14420;0;1704.50;9.50;363.50;0.00;0.00
14421;0;3191.50;9.50;359.50;0.00;0.00
14422;0;4670.50;9.50;357.50;0.00;0.00
14423;0;5168.50;9.50;363.50;0.00;0.00
14424;0;1739.50;9.50;359.50;0.00;0.00
14425;0;5158.50;9.50;358.50;0.00;0.00
14426;0;5178.50;9.50;361.50;0.00;0.00
14427;0;1714.50;9.50;360.50;0.00;0.00
14428;0;1723.50;9.50;360.50;0.00;0.00
14429;0;1810.50;9.50;360.50;0.00;0.00
14430;0;3228.50;9.50;360.50;0.00;0.00
14431;0;5196.50;9.50;362.50;0.00;0.00
14432;0;1751.50;9.50;360.50;0.00;0.00
14433;0;3121.50;9.50;353.50;0.00;0.00
14434;0;3211.50;9.50;358.50;0.00;0.00
14435;0;4993.50;9.50;358.50;0.00;0.00
14436;0;1832.50;9.50;358.50;0.00;0.00
14437;0;1880.50;9.50;358.50;0.00;0.00
14438;0;3246.50;9.50;357.50;0.00;0.00
14439;0;5046.50;9.50;353.50;0.00;0.00
14440;0;1843.50;9.50;355.50;0.00;0.00
14441;0;1859.50;9.50;357.50;0.00;0.00
14442;0;1923.50;9.50;358.50;0.00;0.00
14443;0;1945.50;9.50;355.50;0.00;0.00
14444;0;1990.50;9.50;357.50;0.00;0.00
14445;0;5083.50;9.50;352.50;0.00;0.00
14446;0;1821.50;9.50;355.50;0.00;0.00
14447;0;1890.50;9.50;355.50;0.00;0.00
14448;0;1909.50;9.50;357.50;0.00;0.00
14449;0;4696.50;9.50;349.50;0.00;0.00
14450;0;4730.50;9.50;350.50;0.00;0.00
14451;0;4979.50;9.50;354.50;0.00;0.00
14452;0;5129.50;9.50;355.50;0.00;0.00
14453;0;1733.50;9.50;353.50;0.00;0.00
14454;0;1872.50;9.50;354.50;0.00;0.00
14455;0;3106.50;9.50;352.50;0.00;0.00
14456;0;5100.50;9.50;351.50;0.00;0.00
14457;0;5140.50;9.50;352.50;0.00;0.00
14458;0;3134.50;9.50;348.50;0.00;0.00
14459;0;4651.50;9.50;349.50;0.00;0.00
14460;0;5011.50;9.50;351.50;0.00;0.00
14461;0;5066.50;9.50;347.50;0.00;0.00
14462;0;5186.50;9.50;355.50;0.00;0.00
14463;0;1770.50;9.50;353.50;0.00;0.00
14464;0;1900.50;9.50;354.50;0.00;0.00
14465;0;1960.50;9.50;352.50;0.00;0.00
14466;0;1972.50;9.50;353.50;0.00;0.00
14467;0;3163.50;9.50;351.50;0.00;0.00
14468;0;3199.50;9.50;350.50;0.00;0.00
14469;0;1758.50;9.50;349.50;0.00;0.00
14470;0;1933.50;9.50;352.50;0.00;0.00
14471;0;3184.50;9.50;351.50;0.00;0.00
14472;0;5168.50;9.50;351.50;0.00;0.00
14473;0;1699.50;9.50;353.50;0.00;0.00
14474;0;1725.50;9.50;353.50;0.00;0.00
14475;0;1743.50;9.50;348.50;0.00;0.00
14476;0;1803.50;9.50;346.50;0.00;0.00
14477;0;3220.50;9.50;348.50;0.00;0.00
14478;0;3234.50;9.50;349.50;0.00;0.00
14479;0;1865.50;9.50;349.50;0.00;0.00
14480;0;4952.50;9.50;347.50;0.00;0.00
14481;0;1708.50;9.50;349.50;0.00;0.00
14482;0;5179.50;9.50;348.50;0.00;0.00
14483;0;1854.50;9.50;346.50;0.00;0.00
14484;0;1883.50;9.50;348.50;0.00;0.00
14485;0;1913.50;9.50;348.50;0.00;0.00
14486;0;5153.50;9.50;346.50;0.00;0.00
14487;0;1718.50;9.50;344.50;0.00;0.00
14488;0;1778.50;9.50;344.50;0.00;0.00
14489;0;1792.50;9.50;341.50;0.00;0.00
14490;0;1815.50;9.50;344.50;0.00;0.00
14491;0;3175.50;9.50;342.50;0.00;0.00
14492;0;5032.50;9.50;344.50;0.00;0.00
14493;0;1834.50;9.50;345.50;0.00;0.00
14494;0;1927.50;9.50;345.50;0.00;0.00
14495;0;1945.50;9.50;343.50;0.00;0.00
14496;0;4625.50;9.50;338.50;0.00;0.00
14497;0;4677.50;9.50;340.50;0.00;0.00
14498;0;4987.50;9.50;345.50;0.00;0.00
14499;0;5000.50;9.50;343.50;0.00;0.00
14500;0;5124.50;9.50;344.50;0.00;0.00
14501;0;1973.50;9.50;340.50;0.00;0.00
14502;0;5111.50;9.50;340.50;0.00;0.00
14503;0;1894.50;9.50;344.50;0.00;0.00
14504;0;3113.50;9.50;341.50;0.00;0.00
14505;0;3208.50;9.50;343.50;0.00;0.00
14506;0;1703.50;9.50;340.50;0.00;0.00
14507;0;1732.50;9.50;341.50;0.00;0.00
14508;0;1875.50;9.50;341.50;0.00;0.00
14509;0;1906.50;9.50;342.50;0.00;0.00
14510;0;3156.50;9.50;339.50;0.00;0.00
14511;0;4940.50;9.50;337.50;0.00;0.00
14512;0;5164.50;9.50;341.50;0.00;0.00
14513;0;1845.50;9.50;338.50;0.00;0.00
14514;0;1918.50;9.50;341.50;0.00;0.00
14515;0;1937.50;9.50;339.50;0.00;0.00
14516;0;1959.50;9.50;341.50;0.00;0.00
14517;0;3142.50;9.50;338.50;0.00;0.00
14518;0;5138.50;9.50;341.50;0.00;0.00
14519;0;4977.50;9.50;340.50;0.00;0.00
14520;0;5051.50;9.50;337.50;0.00;0.00
14521;0;3126.50;9.50;334.50;0.00;0.00
14522;0;4640.50;9.50;333.50;0.00;0.00
14523;0;1760.50;9.50;335.50;0.00;0.00
14524;0;1861.50;9.50;334.50;0.00;0.00
14525;0;5014.50;9.50;337.50;0.00;0.00
14526;0;5176.50;9.50;339.50;0.00;0.00
14527;0;1824.50;9.50;337.50;0.00;0.00
14528;0;1884.50;9.50;336.50;0.00;0.00
14529;0;4657.50;9.50;331.50;0.00;0.00
14530;0;5097.50;9.50;332.50;0.00;0.00
14531;0;1744.50;9.50;333.50;0.00;0.00
14532;0;1893.50;9.50;334.50;0.00;0.00
14533;0;5081.50;9.50;332.50;0.00;0.00
14534;0;1807.50;9.50;331.50;0.00;0.00
14535;0;1913.50;9.50;334.50;0.00;0.00
14536;0;1928.50;9.50;332.50;0.00;0.00
14537;0;1694.50;9.50;330.50;0.00;0.00
14538;0;1714.50;9.50;332.50;0.00;0.00
14539;0;1781.50;9.50;330.50;0.00;0.00
14540;0;1955.50;9.50;330.50;0.00;0.00
14541;0;4970.50;9.50;332.50;0.00;0.00
14542;0;4996.50;9.50;332.50;0.00;0.00
14543;0;5029.50;9.50;327.50;0.00;0.00
14544;0;5143.50;9.50;330.50;0.00;0.00
14545;0;5169.50;9.50;332.50;0.00;0.00
14546;0;1871.50;9.50;330.50;0.00;0.00
14547;0;1942.50;9.50;331.50;0.00;0.00
14548;0;4985.50;9.50;332.50;0.00;0.00
14549;0;5066.50;9.50;329.50;0.00;0.00
14550;0;5127.50;9.50;330.50;0.00;0.00
14551;0;5156.50;9.50;328.50;0.00;0.00
14552;0;1728.50;9.50;329.50;0.00;0.00
14553;0;1899.50;9.50;328.50;0.00;0.00
14554;0;1705.50;9.50;329.50;0.00;0.00
14555;0;5045.50;9.50;319.50;0.00;0.00
14556;0;5111.50;9.50;326.50;0.00;0.00
14557;0;1849.50;9.50;324.50;0.00;0.00
14558;0;5532.50;9.50;318.50;0.00;0.00
14559;0;1831.50;9.50;325.50;0.00;0.00
14560;0;5001.50;9.50;323.50;0.00;0.00
14561;0;1763.50;9.50;318.50;0.00;0.00
14562;0;1886.50;9.50;323.50;0.00;0.00
14563;0;5013.50;9.50;323.50;0.00;0.00
14564;0;1789.50;9.50;315.50;0.00;0.00
14565;0;1721.50;9.50;319.50;0.00;0.00
14566;0;1907.50;9.50;321.50;0.00;0.00
14567;0;1936.50;9.50;325.50;0.00;0.00
14568;0;4968.50;9.50;323.50;0.00;0.00
14569;0;5167.50;9.50;321.50;0.00;0.00
14570;0;1862.50;9.50;319.50;0.00;0.00
14571;0;1875.50;9.50;319.50;0.00;0.00
14572;0;5138.50;9.50;319.50;0.00;0.00
14573;0;1686.50;9.50;316.50;0.00;0.00
14574;0;1742.50;9.50;315.50;0.00;0.00
14575;0;1697.50;9.50;317.50;0.00;0.00
14576;0;1896.50;9.50;319.50;0.00;0.00
14577;0;4987.50;9.50;319.50;0.00;0.00
14578;0;5076.50;9.50;317.50;0.00;0.00
14579;0;5091.50;9.50;317.50;0.00;0.00
14580;0;1709.50;9.50;316.50;0.00;0.00
14581;0;1916.50;9.50;316.50;0.00;0.00
14582;0;1805.50;9.50;316.50;0.00;0.00
14583;0;1818.50;9.50;316.50;0.00;0.00
14584;0;5105.50;9.50;314.50;0.00;0.00
14585;0;5125.50;9.50;315.50;0.00;0.00
14586;0;5065.50;9.50;308.50;0.00;0.00
14587;0;5147.50;9.50;316.50;0.00;0.00
14588;0;5158.50;9.50;311.50;0.00;0.00
14589;0;5541.50;9.50;310.50;0.00;0.00
14590;0;1832.50;9.50;310.50;0.00;0.00
14591;0;1885.50;9.50;313.50;0.00;0.00
14592;0;5002.50;9.50;312.50;0.00;0.00
14593;0;1853.50;9.50;309.50;0.00;0.00
14594;0;1906.50;9.50;311.50;0.00;0.00
14595;0;1691.50;9.50;309.50;0.00;0.00
14596;0;1896.50;9.50;309.50;0.00;0.00
14597;0;5030.50;9.50;305.50;0.00;0.00
14598;0;1721.50;9.50;307.50;0.00;0.00
14599;0;1877.50;9.50;307.50;0.00;0.00
14600;0;4966.50;9.50;310.50;0.00;0.00
14601;0;5013.50;9.50;304.50;0.00;0.00
14602;0;1703.50;9.50;307.50;0.00;0.00
14603;0;1866.50;9.50;304.50;0.00;0.00
14604;0;5051.50;9.50;303.50;0.00;0.00
14605;0;5096.50;9.50;302.50;0.00;0.00
14606;0;1729.50;9.50;298.50;0.00;0.00
14607;0;5084.50;9.50;301.50;0.00;0.00
14608;0;1843.50;9.50;299.50;0.00;0.00
14609;0;5118.50;9.50;302.50;0.00;0.00
14610;0;5128.50;9.50;300.50;0.00;0.00
14611;0;5147.50;9.50;299.50;0.00;0.00
14612;0;1681.50;9.50;301.50;0.00;0.00
14613;0;1756.50;9.50;296.50;0.00;0.00
14614;0;1773.50;9.50;298.50;0.00;0.00
14615;0;1903.50;9.50;302.50;0.00;0.00
14616;0;5107.50;9.50;297.50;0.00;0.00
14617;0;1792.50;9.50;296.50;0.00;0.00
14618;0;1919.50;9.50;297.50;0.00;0.00
14619;0;1741.50;9.50;293.50;0.00;0.00
14620;0;1893.50;9.50;299.50;0.00;0.00
14621;0;5546.50;9.50;299.50;0.00;0.00
14622;0;1689.50;9.50;295.50;0.00;0.00
14623;0;1712.50;9.50;293.50;0.00;0.00
14624;0;1813.50;9.50;295.50;0.00;0.00
14625;0;1698.50;9.50;296.50;0.00;0.00
14626;0;1857.50;9.50;294.50;0.00;0.00
14627;0;1882.50;9.50;295.50;0.00;0.00
14628;0;5072.50;9.50;293.50;0.00;0.00
14629;0;1832.50;9.50;291.50;0.00;0.00
14630;0;1674.50;9.50;295.50;0.00;0.00
14631;0;5041.50;9.50;291.50;0.00;0.00
14632;0;5559.50;9.50;285.50;0.00;0.00
14633;0;1870.50;9.50;292.50;0.00;0.00
14634;0;5059.50;9.50;288.50;0.00;0.00
14635;0;5093.50;9.50;291.50;0.00;0.00
14636;0;1680.50;9.50;287.50;0.00;0.00
14637;0;1904.50;9.50;290.50;0.00;0.00
14638;0;5013.50;9.50;289.50;0.00;0.00
14639;0;5118.50;9.50;290.50;0.00;0.00
14640;0;1725.50;9.50;283.50;0.00;0.00
14641;0;5132.50;9.50;286.50;0.00;0.00
14642;0;5082.50;9.50;286.50;0.00;0.00
14643;0;1891.50;9.50;284.50;0.00;0.00
14644;0;5029.50;9.50;280.50;0.00;0.00
14645;0;5104.50;9.50;284.50;0.00;0.00
14646;0;5145.50;9.50;284.50;0.00;0.00
14647;0;1912.50;9.50;281.50;0.00;0.00
14648;0;1698.50;9.50;285.50;0.00;0.00
14649;0;1801.50;9.50;280.50;0.00;0.00
14650;0;1846.50;9.50;283.50;0.00;0.00
14651;0;1689.50;9.50;283.50;0.00;0.00
14652;0;1766.50;9.50;280.50;0.00;0.00
14653;0;1877.50;9.50;281.50;0.00;0.00
14654;0;1741.50;9.50;279.50;0.00;0.00
14655;0;1817.50;9.50;279.50;0.00;0.00
14656;0;1860.50;9.50;280.50;0.00;0.00
14657;0;1784.50;9.50;274.50;0.00;0.00
14658;0;5574.50;9.50;277.50;0.00;0.00
14659;0;1669.50;9.50;280.50;0.00;0.00
14660;0;5554.50;9.50;272.50;0.00;0.00
14661;0;5051.50;9.50;275.50;0.00;0.00
14662;0;5066.50;9.50;275.50;0.00;0.00
14663;0;1832.50;9.50;276.50;0.00;0.00
14664;0;1901.50;9.50;275.50;0.00;0.00
14665;0;5093.50;9.50;276.50;0.00;0.00
14666;0;5116.50;9.50;277.50;0.00;0.00
14667;0;5601.50;9.50;271.50;0.00;0.00
14668;0;1713.50;9.50;274.50;0.00;0.00
14669;0;1760.50;9.50;264.50;0.00;0.00
14670;0;5079.50;9.50;276.50;0.00;0.00
14671;0;5564.50;9.50;275.50;0.00;0.00
14672;0;5583.50;9.50;272.50;0.00;0.00
14673;0;1678.50;9.50;276.50;0.00;0.00
14674;0;1731.50;9.50;270.50;0.00;0.00
14675;0;1886.50;9.50;271.50;0.00;0.00
14676;0;1869.50;9.50;269.50;0.00;0.00
14677;0;1687.50;9.50;269.50;0.00;0.00
14678;0;1850.50;9.50;268.50;0.00;0.00
14679;0;5105.50;9.50;269.50;0.00;0.00
14680;0;1698.50;9.50;267.50;0.00;0.00
14681;0;1818.50;9.50;265.50;0.00;0.00
14682;0;5568.50;9.50;264.50;0.00;0.00
14683;0;1674.50;9.50;264.50;0.00;0.00
14684;0;1831.50;9.50;262.50;0.00;0.00
14685;0;5558.50;9.50;260.50;0.00;0.00
14686;0;1735.50;9.50;258.50;0.00;0.00
14687;0;1773.50;9.50;252.50;0.00;0.00
14688;0;5583.50;9.50;260.50;0.00;0.00
14689;0;1721.50;9.50;255.50;0.00;0.00
14690;0;5545.50;9.50;256.50;0.00;0.00
14691;0;1706.50;9.50;257.50;0.00;0.00
14692;0;1800.50;9.50;256.50;0.00;0.00
14693;0;1685.50;9.50;257.50;0.00;0.00
14694;0;1838.50;9.50;253.50;0.00;0.00
14695;0;5578.50;9.50;249.50;0.00;0.00
14696;0;1749.50;9.50;253.50;0.00;0.00
14697;0;1815.50;9.50;245.50;0.00;0.00
14698;0;1677.50;9.50;248.50;0.00;0.00
14699;0;1687.50;9.50;242.50;0.00;0.00
14700;0;5569.50;9.50;240.50;0.00;0.00
14701;0;1734.50;9.50;241.50;0.00;0.00
14702;0;5069.50;9.50;248.50;0.00;0.00
14703;0;1710.50;9.50;243.50;0.00;0.00
14704;0;5559.50;9.50;247.50;0.00;0.00
14705;0;1832.50;9.50;241.50;0.00;0.00
14706;0;5134.50;9.50;244.50;0.00;0.00
14707;0;1668.50;9.50;245.50;0.00;0.00
14708;0;1793.50;9.50;239.50;0.00;0.00
14709;0;1699.50;9.50;235.50;0.00;0.00
14710;0;1756.50;9.50;238.50;0.00;0.00
14711;0;1775.50;9.50;233.50;0.00;0.00
14712;0;1667.50;9.50;233.50;0.00;0.00
14713;0;5090.50;9.50;224.50;0.00;0.00
14714;0;1716.50;9.50;228.50;0.00;0.00
14715;0;5517.50;9.50;220.50;0.00;0.00
14716;0;1682.50;9.50;228.50;0.00;0.00
14717;0;5560.50;9.50;228.50;0.00;0.00
14718;0;5128.50;9.50;226.50;0.00;0.00
14719;0;5534.50;9.50;225.50;0.00;0.00
14720;0;1748.50;9.50;223.50;0.00;0.00
14721;0;5502.50;9.50;209.50;0.00;0.00
14722;0;1732.50;9.50;223.50;0.00;0.00
14723;0;1764.50;9.50;222.50;0.00;0.00
14724;0;1790.50;9.50;223.50;0.00;0.00
14725;0;1699.50;9.50;221.50;0.00;0.00
14726;0;5111.50;9.50;220.50;0.00;0.00
14727;0;1667.50;9.50;222.50;0.00;0.00
14728;0;5528.50;9.50;217.50;0.00;0.00
14729;0;1686.50;9.50;216.50;0.00;0.00
14730;0;5126.50;9.50;212.50;0.00;0.00
14731;0;5099.50;9.50;206.50;0.00;0.00
14732;0;5517.50;9.50;203.50;0.00;0.00
14733;0;1698.50;9.50;205.50;0.00;0.00
14734;0;1718.50;9.50;205.50;0.00;0.00
14735;0;1743.50;9.50;206.50;0.00;0.00
14736;0;1770.50;9.50;207.50;0.00;0.00
14737;0;1789.50;9.50;206.50;0.00;0.00
14738;0;1660.50;9.50;199.50;0.00;0.00
14739;0;1816.50;9.50;207.50;0.00;0.00
14740;0;5116.50;9.50;200.50;0.00;0.00
14741;0;1758.50;9.50;195.50;0.00;0.00
14742;0;1681.50;9.50;194.50;0.00;0.00
14743;0;1734.50;9.50;189.50;0.00;0.00
14744;0;5505.50;9.50;192.50;0.00;0.00
14745;0;1774.50;9.50;190.50;0.00;0.00
14746;0;5453.50;9.50;180.50;0.00;0.00
14747;0;5489.50;9.50;187.50;0.00;0.00
14748;0;1789.50;9.50;184.50;0.00;0.00
14749;0;5477.50;9.50;180.50;0.00;0.00
14750;0;55.50;9.50;184.50;0.00;0.00
14751;0;1755.50;9.50;178.50;0.00;0.00
14752;0;1673.50;9.50;172.50;0.00;0.00
14753;0;1685.50;9.50;177.50;0.00;0.00
14754;0;1710.50;9.50;166.50;0.00;0.00
14755;0;1658.50;9.50;171.50;0.00;0.00
14756;0;5463.50;9.50;172.50;0.00;0.00
14757;0;1775.50;9.50;174.50;0.00;0.00
14758;0;1730.50;9.50;168.50;0.00;0.00
14759;0;5436.50;9.50;160.50;0.00;0.00
14760;0;5482.50;9.50;161.50;0.00;0.00
14761;0;1749.50;9.50;161.50;0.00;0.00
14762;0;1680.50;9.50;160.50;0.00;0.00
14763;0;1656.50;9.50;151.50;0.00;0.00
14764;0;5469.50;9.50;155.50;0.00;0.00
14765;0;5453.50;9.50;153.50;0.00;0.00
14766;0;1709.50;9.50;143.50;0.00;0.00
14767;0;1730.50;9.50;142.50;0.00;0.00
14768;0;1752.50;9.50;139.50;0.00;0.00
14769;0;1682.50;9.50;142.50;0.00;0.00
14770;0;5443.50;9.50;138.50;0.00;0.00
14771;0;1771.50;9.50;126.50;0.00;0.00
14772;0;1673.50;9.50;126.50;0.00;0.00
14773;0;1698.50;9.50;127.50;0.00;0.00
14774;0;1655.50;9.50;120.50;0.00;0.00
14775;0;1721.50;9.50;119.50;0.00;0.00
14776;0;1751.50;9.50;116.50;0.00;0.00
14777;0;1693.50;9.50;108.50;0.00;0.00
14778;0;1653.50;9.50;99.50;0.00;0.00
14779;0;1740.50;9.50;97.50;0.00;0.00
14780;0;3898.50;9.50;103.50;0.00;0.00
14781;0;1711.50;9.50;98.50;0.00;0.00
14782;0;1679.50;9.50;93.50;0.00;0.00
14783;0;1724.50;9.50;84.50;0.00;0.00
14784;0;1674.50;9.50;70.50;0.00;0.00
14785;0;1699.50;9.50;74.50;0.00;0.00
14786;0;1656.50;9.50;79.50;0.00;0.00
14787;0;1729.50;9.50;68.50;0.00;0.00
14788;0;1888.50;9.50;64.50;0.00;0.00
14789;0;1689.50;9.50;53.50;0.00;0.00
14790;0;1723.50;9.50;50.50;0.00;0.00
14791;0;1674.50;9.50;41.50;0.00;0.00
14792;0;1751.50;9.50;26.50;0.00;0.00
14793;0;1733.50;9.50;29.50;0.00;0.00
14794;0;1692.50;9.50;33.50;0.00;0.00
14795;0;2251.50;9.50;20.50;0.00;0.00
14796;0;1741.50;9.50;11.50;0.00;0.00
14797;0;1761.50;9.50;2.50;0.00;0.00
14798;0;53.50;9.50;2002.50;0.00;0.00
14799;0;188.50;9.50;1971.50;0.00;0.00
14800;0;263.50;9.50;2007.50;0.00;0.00
14801;0;343.50;9.50;2009.50;0.00;0.00
14802;0;416.50;9.50;2011.50;0.00;0.00
14803;0;481.50;9.50;1984.50;0.00;0.00
14804;0;627.50;9.50;2011.50;0.00;0.00
14805;0;714.50;9.50;1997.50;0.00;0.00
14806;0;777.50;9.50;1973.50;0.00;0.00
14807;0;849.50;9.50;2025.50;0.00;0.00
14808;0;1010.50;9.50;2006.50;0.00;0.00
14809;0;1063.50;9.50;2040.50;0.00;0.00
14810;0;1081.50;9.50;2037.50;0.00;0.00
14811;0;1138.50;9.50;2039.50;0.00;0.00
14812;0;1210.50;9.50;2042.50;0.00;0.00
14813;0;1263.50;9.50;2044.50;0.00;0.00
14814;0;1309.50;9.50;2001.50;0.00;0.00
14815;0;1361.50;9.50;2045.50;0.00;0.00
14816;0;1593.50;9.50;2015.50;0.00;0.00
14817;0;1638.50;9.50;2009.50;0.00;0.00
14818;0;1694.50;9.50;2025.50;0.00;0.00
14819;0;2554.50;9.50;2032.50;0.00;0.00
14820;0;2592.50;9.50;1997.50;0.00;0.00
14821;0;2665.50;9.50;2011.50;0.00;0.00
14822;0;2779.50;9.50;2001.50;0.00;0.00
14823;0;2925.50;9.50;2000.50;0.00;0.00
14824;0;3018.50;9.50;2003.50;0.00;0.00
14825;0;3079.50;9.50;2016.50;0.00;0.00
14826;0;3139.50;9.50;2015.50;0.00;0.00
14827;0;3239.50;9.50;2017.50;0.00;0.00
14828;0;3309.50;9.50;1973.50;0.00;0.00
14829;0;3443.50;9.50;2003.50;0.00;0.00
14830;0;3553.50;9.50;2009.50;0.00;0.00
14831;0;3636.50;9.50;2017.50;0.00;0.00
14832;0;3678.50;9.50;2031.50;0.00;0.00
14833;0;3735.50;9.50;2039.50;0.00;0.00
14834;0;3772.50;9.50;2042.50;0.00;0.00
14835;0;3827.50;9.50;2043.50;0.00;0.00
14836;0;3908.50;9.50;2032.50;0.00;0.00
14837;0;3944.50;9.50;2015.50;0.00;0.00
14838;0;3998.50;9.50;2021.50;0.00;0.00
14839;0;4074.50;9.50;2030.50;0.00;0.00
14840;0;4121.50;9.50;2013.50;0.00;0.00
14841;0;4155.50;9.50;2031.50;0.00;0.00
14842;0;4216.50;9.50;2036.50;0.00;0.00
14843;0;4341.50;9.50;2040.50;0.00;0.00
14844;0;4500.50;9.50;2043.50;0.00;0.00
14845;0;4580.50;9.50;2044.50;0.00;0.00
14846;0;4617.50;9.50;2018.50;0.00;0.00
14847;0;4671.50;9.50;2021.50;0.00;0.00
14848;0;4728.50;9.50;2016.50;0.00;0.00
14849;0;4784.50;9.50;2021.50;0.00;0.00
14850;0;4841.50;9.50;2018.50;0.00;0.00
14851;0;4914.50;9.50;2026.50;0.00;0.00
14852;0;4962.50;9.50;2039.50;0.00;0.00
14853;0;5014.50;9.50;2039.50;0.00;0.00
14854;0;5083.50;9.50;2037.50;0.00;0.00
14855;0;5118.50;9.50;2035.50;0.00;0.00
14856;0;5200.50;9.50;2025.50;0.00;0.00
14857;0;5235.50;9.50;1981.50;0.00;0.00
14858;0;5296.50;9.50;2010.50;0.00;0.00
14859;0;5351.50;9.50;1966.50;0.00;0.00
14860;0;5414.50;9.50;2013.50;0.00;0.00
14861;0;5474.50;9.50;1969.50;0.00;0.00
14862;0;5573.50;9.50;2011.50;0.00;0.00
14863;0;545.50;9.50;1971.50;0.00;0.00
14864;0;2514.50;9.50;2034.50;0.00;0.00
14865;0;938.50;9.50;2017.50;0.00;0.00
14866;0;1734.50;9.50;2013.50;0.00;0.00
14867;0;1510.50;9.50;2033.50;0.00;0.00
14868;0;99.50;9.50;1929.50;0.00;0.00
14869;0;1463.50;9.50;2031.50;0.00;0.00
14870;0;1360.50;9.50;2026.50;0.00;0.00
14871;0;1813.50;9.50;2014.50;0.00;0.00
14872;0;1773.50;9.50;2003.50;0.00;0.00
14873;0;1854.50;9.50;2012.50;0.00;0.00
14874;0;827.50;9.50;1985.50;0.00;0.00
14875;0;3858.50;9.50;2016.50;0.00;0.00
14876;0;1206.50;9.50;2011.50;0.00;0.00
14877;0;3357.50;9.50;1954.50;0.00;0.00
14878;0;4052.50;9.50;2004.50;0.00;0.00
14879;0;1894.50;9.50;2002.50;0.00;0.00
14880;0;3787.50;9.50;2011.50;0.00;0.00
14881;0;3822.50;9.50;1996.50;0.00;0.00
14882;0;5042.50;9.50;2024.50;0.00;0.00
14883;0;1233.50;9.50;2010.50;0.00;0.00
14884;0;2526.50;9.50;1996.50;0.00;0.00
14885;0;1064.50;9.50;1996.50;0.00;0.00
14886;0;5530.50;9.50;1965.50;0.00;0.00
14887;0;4947.50;9.50;1985.50;0.00;0.00
14888;0;3748.50;9.50;1995.50;0.00;0.00
14889;0;3197.50;9.50;1981.50;0.00;0.00
14890;0;4553.50;9.50;2005.50;0.00;0.00
14891;0;1091.50;9.50;2010.50;0.00;0.00
14892;0;1135.50;9.50;2003.50;0.00;0.00
14893;0;4904.50;9.50;1988.50;0.00;0.00
14894;0;4989.50;9.50;1999.50;0.00;0.00
14895;0;5029.50;9.50;2008.50;0.00;0.00
14896;0;1108.50;9.50;1997.50;0.00;0.00
14897;0;5067.50;9.50;2000.50;0.00;0.00
14898;0;1416.50;9.50;1998.50;0.00;0.00
14899;0;3890.50;9.50;1997.50;0.00;0.00
14900;0;4866.50;9.50;1973.50;0.00;0.00
14901;0;5092.50;9.50;1995.50;0.00;0.00
14902;0;1496.50;9.50;2001.50;0.00;0.00
14903;0;5142.50;9.50;1994.50;0.00;0.00
14904;0;2850.50;9.50;1937.50;0.00;0.00
14905;0;3967.50;9.50;1979.50;0.00;0.00
14906;0;1441.50;9.50;2002.50;0.00;0.00
14907;0;2717.50;9.50;1963.50;0.00;0.00
14908;0;1694.50;9.50;1983.50;0.00;0.00
14909;0;4525.50;9.50;1998.50;0.00;0.00
14910;0;663.50;9.50;1953.50;0.00;0.00
14911;0;5617.50;9.50;1975.50;0.00;0.00
14912;0;1918.50;9.50;1968.50;0.00;0.00
14913;0;1192.50;9.50;1979.50;0.00;0.00
14914;0;3861.50;9.50;1977.50;0.00;0.00
14915;0;5190.50;9.50;1978.50;0.00;0.00
14916;0;2489.50;9.50;1977.50;0.00;0.00
14917;0;1222.50;9.50;1991.50;0.00;0.00
14918;0;3716.50;9.50;1972.50;0.00;0.00
14919;0;1740.50;9.50;1972.50;0.00;0.00
14920;0;3525.50;9.50;1942.50;0.00;0.00
14921;0;2540.50;9.50;1957.50;0.00;0.00
14922;0;4975.50;9.50;1977.50;0.00;0.00
14923;0;1472.50;9.50;1976.50;0.00;0.00
14924;0;3076.50;9.50;1959.50;0.00;0.00
14925;0;1368.50;9.50;1969.50;0.00;0.00
14926;0;1581.50;9.50;1978.50;0.00;0.00
14927;0;3766.50;9.50;1961.50;0.00;0.00
14928;0;1292.50;9.50;1950.50;0.00;0.00
14929;0;3264.50;9.50;1971.50;0.00;0.00
14930;0;958.50;9.50;1943.50;0.00;0.00
14931;0;1862.50;9.50;1953.50;0.00;0.00
14932;0;3403.50;9.50;1945.50;0.00;0.00
14933;0;3483.50;9.50;1946.50;0.00;0.00
14934;0;3143.50;9.50;1963.50;0.00;0.00
14935;0;4003.50;9.50;1964.50;0.00;0.00
14936;0;1392.50;9.50;1956.50;0.00;0.00
14937;0;611.50;9.50;1955.50;0.00;0.00
14938;0;1232.50;9.50;1958.50;0.00;0.00
14939;0;1782.50;9.50;1954.50;0.00;0.00
14940;0;3808.50;9.50;1954.50;0.00;0.00
14941;0;5580.50;9.50;1955.50;0.00;0.00
14942;0;3628.50;9.50;1940.50;0.00;0.00
14943;0;3572.50;9.50;1951.50;0.00;0.00
14944;0;5097.50;9.50;1973.50;0.00;0.00
14945;0;2658.50;9.50;1928.50;0.00;0.00
14946;0;3842.50;9.50;1942.50;0.00;0.00
14947;0;881.50;9.50;1946.50;0.00;0.00
14948;0;1952.50;9.50;1952.50;0.00;0.00
14949;0;3721.50;9.50;1934.50;0.00;0.00
14950;0;4113.50;9.50;1958.50;0.00;0.00
14951;0;927.50;9.50;1947.50;0.00;0.00
14952;0;2938.50;9.50;1916.50;0.00;0.00
14953;0;2492.50;9.50;1935.50;0.00;0.00
14954;0;3016.50;9.50;1937.50;0.00;0.00
14955;0;2427.50;9.50;1952.50;0.00;0.00
14956;0;3445.50;9.50;1931.50;0.00;0.00
14957;0;1261.50;9.50;1940.50;0.00;0.00
14958;0;1414.50;9.50;1940.50;0.00;0.00
14959;0;1813.50;9.50;1925.50;0.00;0.00
14960;0;153.50;9.50;1908.50;0.00;0.00
14961;0;1933.50;9.50;1926.50;0.00;0.00
14962;0;3681.50;9.50;1934.50;0.00;0.00
14963;0;974.50;9.50;1932.50;0.00;0.00
14964;0;2731.50;9.50;1903.50;0.00;0.00
14965;0;3972.50;9.50;1908.50;0.00;0.00
14966;0;2597.50;9.50;1913.50;0.00;0.00
14967;0;1598.50;9.50;1924.50;0.00;0.00
14968;0;1443.50;9.50;1936.50;0.00;0.00
14969;0;2008.50;9.50;1926.50;0.00;0.00
14970;0;3608.50;9.50;1921.50;0.00;0.00
14971;0;1465.50;9.50;1925.50;0.00;0.00
14972;0;1552.50;9.50;1938.50;0.00;0.00
14973;0;3560.50;9.50;1915.50;0.00;0.00
14974;0;1511.50;9.50;1937.50;0.00;0.00
14975;0;1553.50;9.50;1926.50;0.00;0.00
14976;0;1232.50;9.50;1916.50;0.00;0.00
14977;0;1574.50;9.50;1909.50;0.00;0.00
14978;0;2460.50;9.50;1911.50;0.00;0.00
14979;0;1331.50;9.50;1916.50;0.00;0.00
14980;0;2540.50;9.50;1904.50;0.00;0.00
14981;0;3875.50;9.50;1925.50;0.00;0.00
14982;0;1632.50;9.50;1918.50;0.00;0.00
14983;0;2424.50;9.50;1908.50;0.00;0.00
14984;0;1109.50;9.50;1914.50;0.00;0.00
14985;0;1899.50;9.50;1883.50;0.00;0.00
14986;0;1067.50;9.50;1911.50;0.00;0.00
14987;0;1858.50;9.50;1906.50;0.00;0.00
14988;0;3537.50;9.50;1898.50;0.00;0.00
14989;0;1959.50;9.50;1900.50;0.00;0.00
14990;0;2498.50;9.50;1898.50;0.00;0.00
14991;0;1595.50;9.50;1894.50;0.00;0.00
14992;0;2993.50;9.50;1890.50;0.00;0.00
14993;0;1651.50;9.50;1893.50;0.00;0.00
14994;0;2371.50;9.50;1886.50;0.00;0.00
14995;0;1143.50;9.50;1912.50;0.00;0.00
14996;0;2323.50;9.50;1890.50;0.00;0.00
14997;0;3479.50;9.50;1898.50;0.00;0.00
14998;0;214.50;9.50;1896.50;0.00;0.00
14999;0;1556.50;9.50;1888.50;0.00;0.00
15000;0;1288.50;9.50;1906.50;0.00;0.00
15001;0;2637.50;9.50;1867.50;0.00;0.00
15002;0;188.50;9.50;1886.50;0.00;0.00
15003;0;247.50;9.50;1894.50;0.00;0.00
15004;0;3957.50;9.50;1896.50;0.00;0.00
15005;0;2776.50;9.50;1850.50;0.00;0.00
15006;0;1626.50;9.50;1882.50;0.00;0.00
15007;0;2414.50;9.50;1871.50;0.00;0.00
15008;0;3377.50;9.50;1870.50;0.00;0.00
15009;0;89.50;9.50;1890.50;0.00;0.00
15010;0;2892.50;9.50;1845.50;0.00;0.00
15011;0;2839.50;9.50;1855.50;0.00;0.00
15012;0;1526.50;9.50;1871.50;0.00;0.00
15013;0;299.50;9.50;1886.50;0.00;0.00
15014;0;1960.50;9.50;1869.50;0.00;0.00
15015;0;2268.50;9.50;1861.50;0.00;0.00
15016;0;2928.50;9.50;1852.50;0.00;0.00
15017;0;3427.50;9.50;1869.50;0.00;0.00
15018;0;1456.50;9.50;1854.50;0.00;0.00
15019;0;1777.50;9.50;1872.50;0.00;0.00
15020;0;1584.50;9.50;1870.50;0.00;0.00
15021;0;1856.50;9.50;1856.50;0.00;0.00
15022;0;2961.50;9.50;1864.50;0.00;0.00
15023;0;16.50;9.50;1852.50;0.00;0.00
15024;0;2211.50;9.50;1850.50;0.00;0.00
15025;0;1420.50;9.50;1872.50;0.00;0.00
15026;0;1559.50;9.50;1860.50;0.00;0.00
15027;0;3181.50;9.50;1861.50;0.00;0.00
15028;0;2322.50;9.50;1834.50;0.00;0.00
15029;0;1825.50;9.50;1847.50;0.00;0.00
15030;0;49.50;9.50;1854.50;0.00;0.00
15031;0;1986.50;9.50;1855.50;0.00;0.00
15032;0;116.50;9.50;1829.50;0.00;0.00
15033;0;2680.50;9.50;1829.50;0.00;0.00
15034;0;2723.50;9.50;1844.50;0.00;0.00
15035;0;2394.50;9.50;1817.50;0.00;0.00
15036;0;1942.50;9.50;1825.50;0.00;0.00
15037;0;5607.50;9.50;1805.50;0.00;0.00
15038;0;147.50;9.50;1852.50;0.00;0.00
15039;0;282.50;9.50;1848.50;0.00;0.00
15040;0;81.50;9.50;1834.50;0.00;0.00
15041;0;2449.50;9.50;1838.50;0.00;0.00
15042;0;177.50;9.50;1820.50;0.00;0.00
15043;0;233.50;9.50;1842.50;0.00;0.00
15044;0;1651.50;9.50;1837.50;0.00;0.00
15045;0;2583.50;9.50;1819.50;0.00;0.00
15046;0;1444.50;9.50;1822.50;0.00;0.00
15047;0;1626.50;9.50;1832.50;0.00;0.00
15048;0;1678.50;9.50;1830.50;0.00;0.00
15049;0;1992.50;9.50;1831.50;0.00;0.00
15050;0;1540.50;9.50;1818.50;0.00;0.00
15051;0;211.50;9.50;1828.50;0.00;0.00
15052;0;2185.50;9.50;1822.50;0.00;0.00
15053;0;3134.50;9.50;1814.50;0.00;0.00
15054;0;1407.50;9.50;1815.50;0.00;0.00
15055;0;2257.50;9.50;1809.50;0.00;0.00
15056;0;1483.50;9.50;1814.50;0.00;0.00
15057;0;1577.50;9.50;1832.50;0.00;0.00
15058;0;1742.50;9.50;1841.50;0.00;0.00
15059;0;2531.50;9.50;1815.50;0.00;0.00
15060;0;1467.50;9.50;1835.50;0.00;0.00
15061;0;1782.50;9.50;1826.50;0.00;0.00
15062;0;1882.50;9.50;1806.50;0.00;0.00
15063;0;1826.50;9.50;1817.50;0.00;0.00
15064;0;141.50;9.50;1827.50;0.00;0.00
15065;0;2012.50;9.50;1818.50;0.00;0.00
15066;0;2873.50;9.50;1812.50;0.00;0.00
15067;0;2641.50;9.50;1792.50;0.00;0.00
15068;0;2809.50;9.50;1813.50;0.00;0.00
15069;0;3105.50;9.50;1808.50;0.00;0.00
15070;0;35.50;9.50;1796.50;0.00;0.00
15071;0;1706.50;9.50;1814.50;0.00;0.00
15072;0;1375.50;9.50;1803.50;0.00;0.00
15073;0;1726.50;9.50;1814.50;0.00;0.00
15074;0;2031.50;9.50;1813.50;0.00;0.00
15075;0;5359.50;9.50;1803.50;0.00;0.00
15076;0;2464.50;9.50;1795.50;0.00;0.00
15077;0;1985.50;9.50;1794.50;0.00;0.00
15078;0;1771.50;9.50;1809.50;0.00;0.00
15079;0;5536.50;9.50;1784.50;0.00;0.00
15080;0;142.50;9.50;1790.50;0.00;0.00
15081;0;2841.50;9.50;1793.50;0.00;0.00
15082;0;1794.50;9.50;1799.50;0.00;0.00
15083;0;2204.50;9.50;1774.50;0.00;0.00
15084;0;1520.50;9.50;1784.50;0.00;0.00
15085;0;1563.50;9.50;1794.50;0.00;0.00
15086;0;1763.50;9.50;1797.50;0.00;0.00
15087;0;5284.50;9.50;1797.50;0.00;0.00
15088;0;5312.50;9.50;1784.50;0.00;0.00
15089;0;2162.50;9.50;1791.50;0.00;0.00
15090;0;2030.50;9.50;1788.50;0.00;0.00
15091;0;184.50;9.50;1774.50;0.00;0.00
15092;0;1737.50;9.50;1794.50;0.00;0.00
15093;0;1837.50;9.50;1785.50;0.00;0.00
15094;0;2759.50;9.50;1789.50;0.00;0.00
15095;0;2801.50;9.50;1772.50;0.00;0.00
15096;0;453.50;9.50;1765.50;0.00;0.00
15097;0;2057.50;9.50;1788.50;0.00;0.00
15098;0;223.50;9.50;1768.50;0.00;0.00
15099;0;1349.50;9.50;1782.50;0.00;0.00
15100;0;1779.50;9.50;1785.50;0.00;0.00
15101;0;2727.50;9.50;1779.50;0.00;0.00
15102;0;94.50;9.50;1759.50;0.00;0.00
15103;0;5256.50;9.50;1782.50;0.00;0.00
15104;0;520.50;9.50;1774.50;0.00;0.00
15105;0;2322.50;9.50;1748.50;0.00;0.00
15106;0;2081.50;9.50;1784.50;0.00;0.00
15107;0;5490.50;9.50;1760.50;0.00;0.00
15108;0;2877.50;9.50;1779.50;0.00;0.00
15109;0;5592.50;9.50;1750.50;0.00;0.00
15110;0;3127.50;9.50;1775.50;0.00;0.00
15111;0;3244.50;9.50;1785.50;0.00;0.00
15112;0;2103.50;9.50;1761.50;0.00;0.00
15113;0;2521.50;9.50;1752.50;0.00;0.00
15114;0;5431.50;9.50;1767.50;0.00;0.00
15115;0;1931.50;9.50;1757.50;0.00;0.00
15116;0;3225.50;9.50;1785.50;0.00;0.00
15117;0;551.50;9.50;1764.50;0.00;0.00
15118;0;1416.50;9.50;1768.50;0.00;0.00
15119;0;3185.50;9.50;1751.50;0.00;0.00
15120;0;1742.50;9.50;1778.50;0.00;0.00
15121;0;1458.50;9.50;1761.50;0.00;0.00
15122;0;1574.50;9.50;1770.50;0.00;0.00
15123;0;2597.50;9.50;1739.50;0.00;0.00
15124;0;253.50;9.50;1767.50;0.00;0.00
15125;0;587.50;9.50;1769.50;0.00;0.00
15126;0;1378.50;9.50;1763.50;0.00;0.00
15127;0;2140.50;9.50;1763.50;0.00;0.00
15128;0;2689.50;9.50;1764.50;0.00;0.00
15129;0;5398.50;9.50;1758.50;0.00;0.00
15130;0;479.50;9.50;1764.50;0.00;0.00
15131;0;1761.50;9.50;1772.50;0.00;0.00
15132;0;276.50;9.50;1752.50;0.00;0.00
15133;0;620.50;9.50;1762.50;0.00;0.00
15134;0;5279.50;9.50;1768.50;0.00;0.00
15135;0;5161.50;9.50;1761.50;0.00;0.00
15136;0;448.50;9.50;1744.50;0.00;0.00
15137;0;2004.50;9.50;1746.50;0.00;0.00
15138;0;3137.50;9.50;1750.50;0.00;0.00
15139;0;2056.50;9.50;1757.50;0.00;0.00
15140;0;2851.50;9.50;1753.50;0.00;0.00
15141;0;5103.50;9.50;1751.50;0.00;0.00
15142;0;1867.50;9.50;1756.50;0.00;0.00
15143;0;2437.50;9.50;1726.50;0.00;0.00
15144;0;2974.50;9.50;1759.50;0.00;0.00
15145;0;5063.50;9.50;1759.50;0.00;0.00
15146;0;1552.50;9.50;1748.50;0.00;0.00
15147;0;2893.50;9.50;1756.50;0.00;0.00
15148;0;652.50;9.50;1749.50;0.00;0.00
15149;0;2775.50;9.50;1762.50;0.00;0.00
15150;0;5203.50;9.50;1746.50;0.00;0.00
15151;0;309.50;9.50;1746.50;0.00;0.00
15152;0;5380.50;9.50;1747.50;0.00;0.00
15153;0;338.50;9.50;1754.50;0.00;0.00
15154;0;1496.50;9.50;1738.50;0.00;0.00
15155;0;26.50;9.50;1734.50;0.00;0.00
15156;0;3091.50;9.50;1731.50;0.00;0.00
15157;0;159.50;9.50;1734.50;0.00;0.00
15158;0;514.50;9.50;1733.50;0.00;0.00
15159;0;2236.50;9.50;1714.50;0.00;0.00
15160;0;5010.50;9.50;1734.50;0.00;0.00
15161;0;2802.50;9.50;1747.50;0.00;0.00
15162;0;2998.50;9.50;1734.50;0.00;0.00
15163;0;681.50;9.50;1726.50;0.00;0.00
15164;0;2168.50;9.50;1723.50;0.00;0.00
15165;0;2929.50;9.50;1744.50;0.00;0.00
15166;0;381.50;9.50;1733.50;0.00;0.00
15167;0;1883.50;9.50;1728.50;0.00;0.00
15168;0;5239.50;9.50;1735.50;0.00;0.00
15169;0;709.50;9.50;1746.50;0.00;0.00
15170;0;708.50;9.50;1709.50;0.00;0.00
15171;0;1600.50;9.50;1735.50;0.00;0.00
15172;0;2699.50;9.50;1730.50;0.00;0.00
15173;0;5042.50;9.50;1730.50;0.00;0.00
15174;0;576.50;9.50;1716.50;0.00;0.00
15175;0;2831.50;9.50;1722.50;0.00;0.00
15176;0;5142.50;9.50;1717.50;0.00;0.00
15177;0;5413.50;9.50;1732.50;0.00;0.00
15178;0;5459.50;9.50;1715.50;0.00;0.00
15179;0;2883.50;9.50;1726.50;0.00;0.00
15180;0;242.50;9.50;1727.50;0.00;0.00
15181;0;1529.50;9.50;1724.50;0.00;0.00
15182;0;2675.50;9.50;1722.50;0.00;0.00
15183;0;204.50;9.50;1720.50;0.00;0.00
15184;0;70.50;9.50;1712.50;0.00;0.00
15185;0;2641.50;9.50;1706.50;0.00;0.00
15186;0;275.50;9.50;1729.50;0.00;0.00
15187;0;5523.50;9.50;1707.50;0.00;0.00
15188;0;406.50;9.50;1715.50;0.00;0.00
15189;0;1909.50;9.50;1720.50;0.00;0.00
15190;0;5378.50;9.50;1714.50;0.00;0.00
15191;0;353.50;9.50;1718.50;0.00;0.00
15192;0;2117.50;9.50;1674.50;0.00;0.00
15193;0;3121.50;9.50;1720.50;0.00;0.00
15194;0;2053.50;9.50;1704.50;0.00;0.00
15195;0;5090.50;9.50;1702.50;0.00;0.00
15196;0;438.50;9.50;1688.50;0.00;0.00
15197;0;2707.50;9.50;1719.50;0.00;0.00
15198;0;4991.50;9.50;1713.50;0.00;0.00
15199;0;640.50;9.50;1700.50;0.00;0.00
15200;0;2931.50;9.50;1721.50;0.00;0.00
15201;0;1988.50;9.50;1693.50;0.00;0.00
15202;0;3072.50;9.50;1714.50;0.00;0.00
15203;0;119.50;9.50;1702.50;0.00;0.00
15204;0;2803.50;9.50;1715.50;0.00;0.00
15205;0;1939.50;9.50;1705.50;0.00;0.00
15206;0;2999.50;9.50;1699.50;0.00;0.00
15207;0;3042.50;9.50;1704.50;0.00;0.00
15208;0;1560.50;9.50;1712.50;0.00;0.00
15209;0;5216.50;9.50;1698.50;0.00;0.00
15210;0;2371.50;9.50;1663.50;0.00;0.00
15211;0;4957.50;9.50;1711.50;0.00;0.00
15212;0;316.50;9.50;1692.50;0.00;0.00
15213;0;5022.50;9.50;1703.50;0.00;0.00
15214;0;2918.50;9.50;1702.50;0.00;0.00
15215;0;2756.50;9.50;1692.50;0.00;0.00
15216;0;5361.50;9.50;1690.50;0.00;0.00
15217;0;286.50;9.50;1702.50;0.00;0.00
15218;0;761.50;9.50;1699.50;0.00;0.00
15219;0;5056.50;9.50;1706.50;0.00;0.00
15220;0;374.50;9.50;1685.50;0.00;0.00
15221;0;5591.50;9.50;1670.50;0.00;0.00
15222;0;227.50;9.50;1680.50;0.00;0.00
15223;0;500.50;9.50;1668.50;0.00;0.00
15224;0;2563.50;9.50;1662.50;0.00;0.00
15225;0;2896.50;9.50;1698.50;0.00;0.00
15226;0;2938.50;9.50;1699.50;0.00;0.00
15227;0;2839.50;9.50;1691.50;0.00;0.00
15228;0;2872.50;9.50;1691.50;0.00;0.00
15229;0;263.50;9.50;1679.50;0.00;0.00
15230;0;161.50;9.50;1687.50;0.00;0.00
15231;0;688.50;9.50;1671.50;0.00;0.00
15232;0;5402.50;9.50;1683.50;0.00;0.00
15233;0;5494.50;9.50;1652.50;0.00;0.00
15234;0;769.50;9.50;1677.50;0.00;0.00
15235;0;2270.50;9.50;1646.50;0.00;0.00
15236;0;84.50;9.50;1680.50;0.00;0.00
15237;0;5330.50;9.50;1682.50;0.00;0.00
15238;0;36.50;9.50;1682.50;0.00;0.00
15239;0;2732.50;9.50;1682.50;0.00;0.00
15240;0;2466.50;9.50;1641.50;0.00;0.00
15241;0;730.50;9.50;1668.50;0.00;0.00
15242;0;13.50;9.50;1665.50;0.00;0.00
15243;0;1556.50;9.50;1666.50;0.00;0.00
15244;0;5031.50;9.50;1686.50;0.00;0.00
15245;0;1573.50;9.50;1669.50;0.00;0.00
15246;0;1880.50;9.50;1688.50;0.00;0.00
15247;0;5157.50;9.50;1657.50;0.00;0.00
15248;0;5442.50;9.50;1657.50;0.00;0.00
15249;0;59.50;9.50;1675.50;0.00;0.00
15250;0;2630.50;9.50;1668.50;0.00;0.00
15251;0;1960.50;9.50;1665.50;0.00;0.00
15252;0;2031.50;9.50;1645.50;0.00;0.00
15253;0;5245.50;9.50;1665.50;0.00;0.00
15254;0;105.50;9.50;1673.50;0.00;0.00
15255;0;5072.50;9.50;1668.50;0.00;0.00
15256;0;198.50;9.50;1664.50;0.00;0.00
15257;0;2851.50;9.50;1659.50;0.00;0.00
15258;0;2897.50;9.50;1680.50;0.00;0.00
15259;0;132.50;9.50;1663.50;0.00;0.00
15260;0;579.50;9.50;1640.50;0.00;0.00
15261;0;2870.50;9.50;1666.50;0.00;0.00
15262;0;790.50;9.50;1660.50;0.00;0.00
15263;0;5348.50;9.50;1656.50;0.00;0.00
15264;0;5299.50;9.50;1639.50;0.00;0.00
15265;0;304.50;9.50;1627.50;0.00;0.00
15266;0;386.50;9.50;1623.50;0.00;0.00
15267;0;755.50;9.50;1650.50;0.00;0.00
15268;0;2722.50;9.50;1655.50;0.00;0.00
15269;0;78.50;9.50;1648.50;0.00;0.00
15270;0;2177.50;9.50;1610.50;0.00;0.00
15271;0;5085.50;9.50;1642.50;0.00;0.00
15272;0;2694.50;9.50;1645.50;0.00;0.00
15273;0;5029.50;9.50;1648.50;0.00;0.00
15274;0;1986.50;9.50;1634.50;0.00;0.00
15275;0;25.50;9.50;1635.50;0.00;0.00
15276;0;54.50;9.50;1637.50;0.00;0.00
15277;0;2653.50;9.50;1643.50;0.00;0.00
15278;0;803.50;9.50;1635.50;0.00;0.00
15279;0;2746.50;9.50;1652.50;0.00;0.00
15280;0;5117.50;9.50;1624.50;0.00;0.00
15281;0;5225.50;9.50;1633.50;0.00;0.00
15282;0;110.50;9.50;1635.50;0.00;0.00
15283;0;1906.50;9.50;1639.50;0.00;0.00
15284;0;2620.50;9.50;1621.50;0.00;0.00
15285;0;5380.50;9.50;1614.50;0.00;0.00
15286;0;779.50;9.50;1629.50;0.00;0.00
15287;0;1958.50;9.50;1638.50;0.00;0.00
15288;0;5542.50;9.50;1607.50;0.00;0.00
15289;0;458.50;9.50;1601.50;0.00;0.00
15290;0;2828.50;9.50;1637.50;0.00;0.00
15291;0;697.50;9.50;1619.50;0.00;0.00
15292;0;192.50;9.50;1614.50;0.00;0.00
15293;0;639.50;9.50;1590.50;0.00;0.00
15294;0;2067.50;9.50;1589.50;0.00;0.00
15295;0;1888.50;9.50;1629.50;0.00;0.00
15296;0;2713.50;9.50;1622.50;0.00;0.00
15297;0;2806.50;9.50;1632.50;0.00;0.00
15298;0;5187.50;9.50;1607.50;0.00;0.00
15299;0;2764.50;9.50;1622.50;0.00;0.00
15300;0;2752.50;9.50;1630.50;0.00;0.00
15301;0;5027.50;9.50;1625.50;0.00;0.00
15302;0;2323.50;9.50;1594.50;0.00;0.00
15303;0;2676.50;9.50;1615.50;0.00;0.00
15304;0;5462.50;9.50;1593.50;0.00;0.00
15305;0;748.50;9.50;1598.50;0.00;0.00
15306;0;1777.50;9.50;1626.50;0.00;0.00
15307;0;1795.50;9.50;1628.50;0.00;0.00
15308;0;1857.50;9.50;1627.50;0.00;0.00
15309;0;528.50;9.50;1581.50;0.00;0.00
15310;0;818.50;9.50;1619.50;0.00;0.00
15311;0;885.50;9.50;1618.50;0.00;0.00
15312;0;2742.50;9.50;1619.50;0.00;0.00
15313;0;5065.50;9.50;1612.50;0.00;0.00
15314;0;5283.50;9.50;1589.50;0.00;0.00
15315;0;1829.50;9.50;1610.50;0.00;0.00
15316;0;2510.50;9.50;1570.50;0.00;0.00
15317;0;41.50;9.50;1587.50;0.00;0.00
15318;0;128.50;9.50;1584.50;0.00;0.00
15319;0;841.50;9.50;1603.50;0.00;0.00
15320;0;1880.50;9.50;1608.50;0.00;0.00
15321;0;2421.50;9.50;1565.50;0.00;0.00
15322;0;1850.50;9.50;1604.50;0.00;0.00
15323;0;1746.50;9.50;1613.50;0.00;0.00
15324;0;2011.50;9.50;1597.50;0.00;0.00
15325;0;2583.50;9.50;1573.50;0.00;0.00
15326;0;1816.50;9.50;1598.50;0.00;0.00
15327;0;5008.50;9.50;1592.50;0.00;0.00
15328;0;5029.50;9.50;1602.50;0.00;0.00
15329;0;5593.50;9.50;1548.50;0.00;0.00
15330;0;800.50;9.50;1586.50;0.00;0.00
15331;0;5103.50;9.50;1590.50;0.00;0.00
15332;0;861.50;9.50;1590.50;0.00;0.00
15333;0;5063.50;9.50;1593.50;0.00;0.00
15334;0;1882.50;9.50;1585.50;0.00;0.00
15335;0;2731.50;9.50;1585.50;0.00;0.00
15336;0;2687.50;9.50;1576.50;0.00;0.00
15337;0;227.50;9.50;1541.50;0.00;0.00
15338;0;5154.50;9.50;1580.50;0.00;0.00
15339;0;1830.50;9.50;1586.50;0.00;0.00
15340;0;2763.50;9.50;1577.50;0.00;0.00
15341;0;1957.50;9.50;1572.50;0.00;0.00
15342;0;1807.50;9.50;1588.50;0.00;0.00
15343;0;1904.50;9.50;1583.50;0.00;0.00
15344;0;1930.50;9.50;1584.50;0.00;0.00
15345;0;5129.50;9.50;1574.50;0.00;0.00
15346;0;5078.50;9.50;1575.50;0.00;0.00
15347;0;1850.50;9.50;1584.50;0.00;0.00
15348;0;322.50;9.50;1530.50;0.00;0.00
15349;0;405.50;9.50;1548.50;0.00;0.00
15350;0;5198.50;9.50;1559.50;0.00;0.00
15351;0;5358.50;9.50;1548.50;0.00;0.00
15352;0;2117.50;9.50;1530.50;0.00;0.00
15353;0;3400.50;9.50;1573.50;0.00;0.00
15354;0;3615.50;9.50;1572.50;0.00;0.00
15355;0;585.50;9.50;1531.50;0.00;0.00
15356;0;1998.50;9.50;1560.50;0.00;0.00
15357;0;5010.50;9.50;1567.50;0.00;0.00
15358;0;851.50;9.50;1566.50;0.00;0.00
15359;0;2257.50;9.50;1521.50;0.00;0.00
15360;0;5048.50;9.50;1574.50;0.00;0.00
15361;0;721.50;9.50;1539.50;0.00;0.00
15362;0;4981.50;9.50;1561.50;0.00;0.00
15363;0;2784.50;9.50;1563.50;0.00;0.00
15364;0;3379.50;9.50;1570.50;0.00;0.00
15365;0;3575.50;9.50;1554.50;0.00;0.00
15366;0;1889.50;9.50;1557.50;0.00;0.00
15367;0;1922.50;9.50;1559.50;0.00;0.00
15368;0;3298.50;9.50;1559.50;0.00;0.00
15369;0;2630.50;9.50;1536.50;0.00;0.00
15370;0;5247.50;9.50;1532.50;0.00;0.00
15371;0;2350.50;9.50;1526.50;0.00;0.00
15372;0;5056.50;9.50;1559.50;0.00;0.00
15373;0;5100.50;9.50;1560.50;0.00;0.00
15374;0;3319.50;9.50;1551.50;0.00;0.00
15375;0;2704.50;9.50;1547.50;0.00;0.00
15376;0;2729.50;9.50;1554.50;0.00;0.00
15377;0;5429.50;9.50;1517.50;0.00;0.00
15378;0;792.50;9.50;1531.50;0.00;0.00
15379;0;2756.50;9.50;1549.50;0.00;0.00
15380;0;3021.50;9.50;1548.50;0.00;0.00
15381;0;3602.50;9.50;1532.50;0.00;0.00
15382;0;2041.50;9.50;1522.50;0.00;0.00
15383;0;5521.50;9.50;1510.50;0.00;0.00
15384;0;1767.50;9.50;1526.50;0.00;0.00
15385;0;1867.50;9.50;1535.50;0.00;0.00
15386;0;2671.50;9.50;1543.50;0.00;0.00
15387;0;5079.50;9.50;1550.50;0.00;0.00
15388;0;1963.50;9.50;1535.50;0.00;0.00
15389;0;5024.50;9.50;1550.50;0.00;0.00
15390;0;5140.50;9.50;1540.50;0.00;0.00
15391;0;3387.50;9.50;1541.50;0.00;0.00
15392;0;3282.50;9.50;1537.50;0.00;0.00
15393;0;3356.50;9.50;1538.50;0.00;0.00
15394;0;4992.50;9.50;1537.50;0.00;0.00
15395;0;42.50;9.50;1510.50;0.00;0.00
15396;0;130.50;9.50;1503.50;0.00;0.00
15397;0;2781.50;9.50;1540.50;0.00;0.00
15398;0;4952.50;9.50;1530.50;0.00;0.00
15399;0;1837.50;9.50;1526.50;0.00;0.00
15400;0;3048.50;9.50;1525.50;0.00;0.00
15401;0;846.50;9.50;1533.50;0.00;0.00
15402;0;509.50;9.50;1499.50;0.00;0.00
15403;0;5013.50;9.50;1537.50;0.00;0.00
15404;0;3412.50;9.50;1531.50;0.00;0.00
15405;0;656.50;9.50;1500.50;0.00;0.00
15406;0;1808.50;9.50;1526.50;0.00;0.00
15407;0;2184.50;9.50;1483.50;0.00;0.00
15408;0;5307.50;9.50;1493.50;0.00;0.00
15409;0;1917.50;9.50;1515.50;0.00;0.00
15410;0;2960.50;9.50;1533.50;0.00;0.00
15411;0;5111.50;9.50;1527.50;0.00;0.00
15412;0;3319.50;9.50;1525.50;0.00;0.00
15413;0;1733.50;9.50;1522.50;0.00;0.00
15414;0;2941.50;9.50;1523.50;0.00;0.00
15415;0;3575.50;9.50;1526.50;0.00;0.00
15416;0;2493.50;9.50;1499.50;0.00;0.00
15417;0;2583.50;9.50;1500.50;0.00;0.00
15418;0;5161.50;9.50;1494.50;0.00;0.00
15419;0;2661.50;9.50;1514.50;0.00;0.00
15420;0;2882.50;9.50;1515.50;0.00;0.00
15421;0;3080.50;9.50;1511.50;0.00;0.00
15422;0;4925.50;9.50;1512.50;0.00;0.00
15423;0;2910.50;9.50;1510.50;0.00;0.00
15424;0;3268.50;9.50;1512.50;0.00;0.00
15425;0;3352.50;9.50;1518.50;0.00;0.00
15426;0;3450.50;9.50;1510.50;0.00;0.00
15427;0;3390.50;9.50;1513.50;0.00;0.00
15428;0;4995.50;9.50;1514.50;0.00;0.00
15429;0;3296.50;9.50;1508.50;0.00;0.00
15430;0;3624.50;9.50;1510.50;0.00;0.00
15431;0;4885.50;9.50;1504.50;0.00;0.00
15432;0;5101.50;9.50;1493.50;0.00;0.00
15433;0;2418.50;9.50;1482.50;0.00;0.00
15434;0;4969.50;9.50;1497.50;0.00;0.00
15435;0;2978.50;9.50;1506.50;0.00;0.00
15436;0;5067.50;9.50;1499.50;0.00;0.00
15437;0;1866.50;9.50;1487.50;0.00;0.00
15438;0;1986.50;9.50;1483.50;0.00;0.00
15439;0;3597.50;9.50;1503.50;0.00;0.00
15440;0;3105.50;9.50;1499.50;0.00;0.00
15441;0;3417.50;9.50;1505.50;0.00;0.00
15442;0;5034.50;9.50;1507.50;0.00;0.00
15443;0;843.50;9.50;1502.50;0.00;0.00
15444;0;1803.50;9.50;1484.50;0.00;0.00
15445;0;404.50;9.50;1475.50;0.00;0.00
15446;0;3002.50;9.50;1488.50;0.00;0.00
15447;0;4859.50;9.50;1494.50;0.00;0.00
15448;0;2933.50;9.50;1497.50;0.00;0.00
15449;0;1738.50;9.50;1487.50;0.00;0.00
15450;0;3652.50;9.50;1498.50;0.00;0.00
15451;0;266.50;9.50;1452.50;0.00;0.00
15452;0;5000.50;9.50;1495.50;0.00;0.00
15453;0;801.50;9.50;1468.50;0.00;0.00
15454;0;2863.50;9.50;1490.50;0.00;0.00
15455;0;730.50;9.50;1463.50;0.00;0.00
15456;0;2653.50;9.50;1487.50;0.00;0.00
15457;0;1702.50;9.50;1482.50;0.00;0.00
15458;0;2901.50;9.50;1480.50;0.00;0.00
15459;0;5226.50;9.50;1457.50;0.00;0.00
15460;0;5043.50;9.50;1488.50;0.00;0.00
15461;0;4918.50;9.50;1475.50;0.00;0.00
15462;0;2332.50;9.50;1451.50;0.00;0.00
15463;0;2839.50;9.50;1484.50;0.00;0.00
15464;0;3039.50;9.50;1475.50;0.00;0.00
15465;0;3629.50;9.50;1482.50;0.00;0.00
15466;0;5369.50;9.50;1448.50;0.00;0.00
15467;0;5468.50;9.50;1449.50;0.00;0.00
15468;0;3259.50;9.50;1488.50;0.00;0.00
15469;0;603.50;9.50;1446.50;0.00;0.00
15470;0;3209.50;9.50;1475.50;0.00;0.00
15471;0;4695.50;9.50;1459.50;0.00;0.00
15472;0;4876.50;9.50;1465.50;0.00;0.00
15473;0;852.50;9.50;1474.50;0.00;0.00
15474;0;1672.50;9.50;1472.50;0.00;0.00
15475;0;3605.50;9.50;1472.50;0.00;0.00
15476;0;4990.50;9.50;1473.50;0.00;0.00
15477;0;5066.50;9.50;1468.50;0.00;0.00
15478;0;2625.50;9.50;1454.50;0.00;0.00
15479;0;2113.50;9.50;1441.50;0.00;0.00
15480;0;2932.50;9.50;1471.50;0.00;0.00
15481;0;174.50;9.50;1421.50;0.00;0.00
15482;0;2878.50;9.50;1463.50;0.00;0.00
15483;0;2980.50;9.50;1468.50;0.00;0.00
15484;0;3097.50;9.50;1459.50;0.00;0.00
15485;0;4826.50;9.50;1468.50;0.00;0.00
15486;0;2825.50;9.50;1470.50;0.00;0.00
15487;0;3119.50;9.50;1462.50;0.00;0.00
15488;0;1934.50;9.50;1439.50;0.00;0.00
15489;0;464.50;9.50;1431.50;0.00;0.00
15490;0;5585.50;9.50;1426.50;0.00;0.00
15491;0;2847.50;9.50;1460.50;0.00;0.00
15492;0;4952.50;9.50;1454.50;0.00;0.00
15493;0;3016.50;9.50;1462.50;0.00;0.00
15494;0;3643.50;9.50;1459.50;0.00;0.00
15495;0;73.50;9.50;1428.50;0.00;0.00
15496;0;1760.50;9.50;1437.50;0.00;0.00
15497;0;5101.50;9.50;1438.50;0.00;0.00
15498;0;2037.50;9.50;1426.50;0.00;0.00
15499;0;4753.50;9.50;1461.50;0.00;0.00
15500;0;868.50;9.50;1453.50;0.00;0.00
15501;0;2567.50;9.50;1433.50;0.00;0.00
15502;0;2659.50;9.50;1450.50;0.00;0.00
15503;0;366.50;9.50;1411.50;0.00;0.00
15504;0;3057.50;9.50;1459.50;0.00;0.00
15505;0;4844.50;9.50;1455.50;0.00;0.00
15506;0;4980.50;9.50;1452.50;0.00;0.00
15507;0;3212.50;9.50;1452.50;0.00;0.00
15508;0;2480.50;9.50;1428.50;0.00;0.00
15509;0;3590.50;9.50;1457.50;0.00;0.00
15510;0;5043.50;9.50;1449.50;0.00;0.00
15511;0;536.50;9.50;1409.50;0.00;0.00
15512;0;1646.50;9.50;1434.50;0.00;0.00
15513;0;1853.50;9.50;1421.50;0.00;0.00
15514;0;4724.50;9.50;1450.50;0.00;0.00
15515;0;2267.50;9.50;1402.50;0.00;0.00
15516;0;2983.50;9.50;1444.50;0.00;0.00
15517;0;1688.50;9.50;1433.50;0.00;0.00
15518;0;2915.50;9.50;1446.50;0.00;0.00
15519;0;3003.50;9.50;1436.50;0.00;0.00
15520;0;5162.50;9.50;1413.50;0.00;0.00
15521;0;2824.50;9.50;1447.50;0.00;0.00
15522;0;2948.50;9.50;1444.50;0.00;0.00
15523;0;842.50;9.50;1426.50;0.00;0.00
15524;0;3077.50;9.50;1443.50;0.00;0.00
15525;0;3604.50;9.50;1446.50;0.00;0.00
15526;0;3624.50;9.50;1437.50;0.00;0.00
15527;0;674.50;9.50;1410.50;0.00;0.00
15528;0;3144.50;9.50;1433.50;0.00;0.00
15529;0;882.50;9.50;1435.50;0.00;0.00
15530;0;2880.50;9.50;1441.50;0.00;0.00
15531;0;3122.50;9.50;1438.50;0.00;0.00
15532;0;4894.50;9.50;1431.50;0.00;0.00
15533;0;4758.50;9.50;1433.50;0.00;0.00
15534;0;4860.50;9.50;1435.50;0.00;0.00
15535;0;5283.50;9.50;1404.50;0.00;0.00
15536;0;2406.50;9.50;1404.50;0.00;0.00
15537;0;2844.50;9.50;1436.50;0.00;0.00
15538;0;3646.50;9.50;1439.50;0.00;0.00
15539;0;4940.50;9.50;1429.50;0.00;0.00
15540;0;3193.50;9.50;1431.50;0.00;0.00
15541;0;4919.50;9.50;1423.50;0.00;0.00
15542;0;5031.50;9.50;1431.50;0.00;0.00
15543;0;5057.50;9.50;1420.50;0.00;0.00
15544;0;4780.50;9.50;1419.50;0.00;0.00
15545;0;2185.50;9.50;1403.50;0.00;0.00
15546;0;3099.50;9.50;1410.50;0.00;0.00
15547;0;2808.50;9.50;1427.50;0.00;0.00
15548;0;2659.50;9.50;1418.50;0.00;0.00
15549;0;3024.50;9.50;1425.50;0.00;0.00
15550;0;766.50;9.50;1388.50;0.00;0.00
15551;0;2785.50;9.50;1415.50;0.00;0.00
15552;0;3049.50;9.50;1420.50;0.00;0.00
15553;0;897.50;9.50;1417.50;0.00;0.00
15554;0;3216.50;9.50;1416.50;0.00;0.00
15555;0;2703.50;9.50;1421.50;0.00;0.00
15556;0;2994.50;9.50;1420.50;0.00;0.00
15557;0;3155.50;9.50;1412.50;0.00;0.00
15558;0;3244.50;9.50;1399.50;0.00;0.00
15559;0;4878.50;9.50;1412.50;0.00;0.00
15560;0;3364.50;9.50;1400.50;0.00;0.00
15561;0;3280.50;9.50;1398.50;0.00;0.00
15562;0;3312.50;9.50;1411.50;0.00;0.00
15563;0;5397.50;9.50;1374.50;0.00;0.00
15564;0;3063.50;9.50;1404.50;0.00;0.00
15565;0;2751.50;9.50;1415.50;0.00;0.00
15566;0;3175.50;9.50;1399.50;0.00;0.00
15567;0;4711.50;9.50;1401.50;0.00;0.00
15568;0;4853.50;9.50;1413.50;0.00;0.00
15569;0;1653.50;9.50;1402.50;0.00;0.00
15570;0;5475.50;9.50;1376.50;0.00;0.00
15571;0;5031.50;9.50;1402.50;0.00;0.00
15572;0;301.50;9.50;1361.50;0.00;0.00
15573;0;1808.50;9.50;1365.50;0.00;0.00
15574;0;3030.50;9.50;1401.50;0.00;0.00
15575;0;879.50;9.50;1388.50;0.00;0.00
15576;0;913.50;9.50;1399.50;0.00;0.00
15577;0;3004.50;9.50;1401.50;0.00;0.00
15578;0;4866.50;9.50;1400.50;0.00;0.00
15579;0;1632.50;9.50;1407.50;0.00;0.00
15580;0;2005.50;9.50;1359.50;0.00;0.00
15581;0;4765.50;9.50;1391.50;0.00;0.00
15582;0;1690.50;9.50;1379.50;0.00;0.00
15583;0;1746.50;9.50;1373.50;0.00;0.00
15584;0;2695.50;9.50;1395.50;0.00;0.00
15585;0;603.50;9.50;1370.50;0.00;0.00
15586;0;4839.50;9.50;1395.50;0.00;0.00
15587;0;1936.50;9.50;1369.50;0.00;0.00
15588;0;2339.50;9.50;1356.50;0.00;0.00
15589;0;5544.50;9.50;1353.50;0.00;0.00
15590;0;833.50;9.50;1367.50;0.00;0.00
15591;0;2499.50;9.50;1362.50;0.00;0.00
15592;0;5010.50;9.50;1380.50;0.00;0.00
15593;0;3149.50;9.50;1384.50;0.00;0.00
15594;0;4853.50;9.50;1391.50;0.00;0.00
15595;0;3219.50;9.50;1388.50;0.00;0.00
15596;0;5210.50;9.50;1345.50;0.00;0.00
15597;0;4975.50;9.50;1381.50;0.00;0.00
15598;0;40.50;9.50;1349.50;0.00;0.00
15599;0;2571.50;9.50;1369.50;0.00;0.00
15600;0;3116.50;9.50;1374.50;0.00;0.00
15601;0;3329.50;9.50;1380.50;0.00;0.00
15602;0;5073.50;9.50;1360.50;0.00;0.00
15603;0;1619.50;9.50;1379.50;0.00;0.00
15604;0;2661.50;9.50;1380.50;0.00;0.00
15605;0;219.50;9.50;1336.50;0.00;0.00
15606;0;2986.50;9.50;1389.50;0.00;0.00
15607;0;4733.50;9.50;1370.50;0.00;0.00
15608;0;4823.50;9.50;1385.50;0.00;0.00
15609;0;4921.50;9.50;1393.50;0.00;0.00
15610;0;1872.50;9.50;1352.50;0.00;0.00
15611;0;3013.50;9.50;1380.50;0.00;0.00
15612;0;460.50;9.50;1355.50;0.00;0.00
15613;0;924.50;9.50;1375.50;0.00;0.00
15614;0;3046.50;9.50;1377.50;0.00;0.00
15615;0;4807.50;9.50;1383.50;0.00;0.00
15616;0;951.50;9.50;1374.50;0.00;0.00
15617;0;130.50;9.50;1318.50;0.00;0.00
15618;0;3183.50;9.50;1376.50;0.00;0.00
15619;0;5309.50;9.50;1333.50;0.00;0.00
15620;0;2075.50;9.50;1337.50;0.00;0.00
15621;0;2150.50;9.50;1335.50;0.00;0.00
15622;0;3347.50;9.50;1360.50;0.00;0.00
15623;0;4946.50;9.50;1362.50;0.00;0.00
15624;0;4838.50;9.50;1382.50;0.00;0.00
15625;0;2616.50;9.50;1344.50;0.00;0.00
15626;0;3075.50;9.50;1361.50;0.00;0.00
15627;0;4880.50;9.50;1378.50;0.00;0.00
15628;0;693.50;9.50;1340.50;0.00;0.00
15629;0;1589.50;9.50;1370.50;0.00;0.00
15630;0;3239.50;9.50;1366.50;0.00;0.00
15631;0;3304.50;9.50;1363.50;0.00;0.00
15632;0;1650.50;9.50;1346.50;0.00;0.00
15633;0;2433.50;9.50;1323.50;0.00;0.00
15634;0;3272.50;9.50;1356.50;0.00;0.00
15635;0;4918.50;9.50;1357.50;0.00;0.00
15636;0;971.50;9.50;1363.50;0.00;0.00
15637;0;3208.50;9.50;1366.50;0.00;0.00
15638;0;4781.50;9.50;1353.50;0.00;0.00
15639;0;378.50;9.50;1332.50;0.00;0.00
15640;0;4891.50;9.50;1355.50;0.00;0.00
15641;0;4817.50;9.50;1354.50;0.00;0.00
15642;0;893.50;9.50;1336.50;0.00;0.00
15643;0;4839.50;9.50;1357.50;0.00;0.00
15644;0;4985.50;9.50;1342.50;0.00;0.00
15645;0;1607.50;9.50;1345.50;0.00;0.00
15646;0;2649.50;9.50;1350.50;0.00;0.00
15647;0;5594.50;9.50;1296.50;0.00;0.00
15648;0;1564.50;9.50;1348.50;0.00;0.00
15649;0;3114.50;9.50;1341.50;0.00;0.00
15650;0;2258.50;9.50;1311.50;0.00;0.00
15651;0;546.50;9.50;1312.50;0.00;0.00
15652;0;953.50;9.50;1337.50;0.00;0.00
15653;0;5118.50;9.50;1293.50;0.00;0.00
15654;0;5444.50;9.50;1310.50;0.00;0.00
15655;0;987.50;9.50;1330.50;0.00;0.00
15656;0;4741.50;9.50;1335.50;0.00;0.00
15657;0;751.50;9.50;1303.50;0.00;0.00
15658;0;1035.50;9.50;1331.50;0.00;0.00
15659;0;4838.50;9.50;1334.50;0.00;0.00
15660;0;4862.50;9.50;1328.50;0.00;0.00
15661;0;4894.50;9.50;1324.50;0.00;0.00
15662;0;633.50;9.50;1302.50;0.00;0.00
15663;0;816.50;9.50;1307.50;0.00;0.00
15664;0;2517.50;9.50;1309.50;0.00;0.00
15665;0;5030.50;9.50;1295.50;0.00;0.00
15666;0;5371.50;9.50;1292.50;0.00;0.00
15667;0;2561.50;9.50;1316.50;0.00;0.00
15668;0;2590.50;9.50;1320.50;0.00;0.00
15669;0;1555.50;9.50;1327.50;0.00;0.00
15670;0;1760.50;9.50;1305.50;0.00;0.00
15671;0;1828.50;9.50;1302.50;0.00;0.00
15672;0;4762.50;9.50;1304.50;0.00;0.00
15673;0;4944.50;9.50;1293.50;0.00;0.00
15674;0;1587.50;9.50;1316.50;0.00;0.00
15675;0;1957.50;9.50;1298.50;0.00;0.00
15676;0;4810.50;9.50;1315.50;0.00;0.00
15677;0;2646.50;9.50;1320.50;0.00;0.00
15678;0;1449.50;9.50;1317.50;0.00;0.00
15679;0;1473.50;9.50;1304.50;0.00;0.00
15680;0;3591.50;9.50;1306.50;0.00;0.00
15681;0;929.50;9.50;1295.50;0.00;0.00
15682;0;1435.50;9.50;1296.50;0.00;0.00
15683;0;1501.50;9.50;1308.50;0.00;0.00
15684;0;1657.50;9.50;1298.50;0.00;0.00
15685;0;1707.50;9.50;1273.50;0.00;0.00
15686;0;1891.50;9.50;1285.50;0.00;0.00
15687;0;2626.50;9.50;1307.50;0.00;0.00
15688;0;977.50;9.50;1299.50;0.00;0.00
15689;0;1049.50;9.50;1311.50;0.00;0.00
15690;0;1617.50;9.50;1297.50;0.00;0.00
15691;0;2043.50;9.50;1273.50;0.00;0.00
15692;0;3361.50;9.50;1277.50;0.00;0.00
15693;0;475.50;9.50;1280.50;0.00;0.00
15694;0;1010.50;9.50;1302.50;0.00;0.00
15695;0;1344.50;9.50;1307.50;0.00;0.00
15696;0;1362.50;9.50;1292.50;0.00;0.00
15697;0;1563.50;9.50;1307.50;0.00;0.00
15698;0;4865.50;9.50;1297.50;0.00;0.00
15699;0;5271.50;9.50;1266.50;0.00;0.00
15700;0;1383.50;9.50;1303.50;0.00;0.00
15701;0;2342.50;9.50;1273.50;0.00;0.00
15702;0;273.50;9.50;1271.50;0.00;0.00
15703;0;2608.50;9.50;1298.50;0.00;0.00
15704;0;3358.50;9.50;1300.50;0.00;0.00
15705;0;5487.50;9.50;1256.50;0.00;0.00
15706;0;1410.50;9.50;1302.50;0.00;0.00
15707;0;866.50;9.50;1262.50;0.00;0.00
15708;0;2115.50;9.50;1269.50;0.00;0.00
15709;0;4729.50;9.50;1289.50;0.00;0.00
15710;0;42.50;9.50;1266.50;0.00;0.00
15711;0;409.50;9.50;1269.50;0.00;0.00
15712;0;1328.50;9.50;1289.50;0.00;0.00
15713;0;340.50;9.50;1267.50;0.00;0.00
15714;0;5192.50;9.50;1253.50;0.00;0.00
15715;0;2544.50;9.50;1277.50;0.00;0.00
15716;0;2194.50;9.50;1250.50;0.00;0.00
15717;0;2483.50;9.50;1257.50;0.00;0.00
15718;0;3627.50;9.50;1277.50;0.00;0.00
15719;0;1500.50;9.50;1278.50;0.00;0.00
15720;0;1571.50;9.50;1286.50;0.00;0.00
15721;0;1593.50;9.50;1286.50;0.00;0.00
15722;0;695.50;9.50;1262.50;0.00;0.00
15723;0;194.50;9.50;1252.50;0.00;0.00
15724;0;1396.50;9.50;1277.50;0.00;0.00
15725;0;4794.50;9.50;1282.50;0.00;0.00
15726;0;2582.50;9.50;1277.50;0.00;0.00
15727;0;4841.50;9.50;1270.50;0.00;0.00
15728;0;1075.50;9.50;1282.50;0.00;0.00
15729;0;1306.50;9.50;1276.50;0.00;0.00
15730;0;3603.50;9.50;1283.50;0.00;0.00
15731;0;1459.50;9.50;1264.50;0.00;0.00
15732;0;1022.50;9.50;1269.50;0.00;0.00
15733;0;1792.50;9.50;1253.50;0.00;0.00
15734;0;4886.50;9.50;1247.50;0.00;0.00
15735;0;996.50;9.50;1254.50;0.00;0.00
15736;0;5543.50;9.50;1229.50;0.00;0.00
15737;0;3650.50;9.50;1264.50;0.00;0.00
15738;0;610.50;9.50;1234.50;0.00;0.00
15739;0;942.50;9.50;1242.50;0.00;0.00
15740;0;1096.50;9.50;1265.50;0.00;0.00
15741;0;1988.50;9.50;1240.50;0.00;0.00
15742;0;3678.50;9.50;1261.50;0.00;0.00
15743;0;4727.50;9.50;1262.50;0.00;0.00
15744;0;4768.50;9.50;1253.50;0.00;0.00
15745;0;1574.50;9.50;1264.50;0.00;0.00
15746;0;114.50;9.50;1218.50;0.00;0.00
15747;0;1621.50;9.50;1263.50;0.00;0.00
15748;0;537.50;9.50;1235.50;0.00;0.00
15749;0;772.50;9.50;1232.50;0.00;0.00
15750;0;1342.50;9.50;1249.50;0.00;0.00
15751;0;1522.50;9.50;1256.50;0.00;0.00
15752;0;3374.50;9.50;1254.50;0.00;0.00
15753;0;4700.50;9.50;1251.50;0.00;0.00
15754;0;1043.50;9.50;1260.50;0.00;0.00
15755;0;3714.50;9.50;1245.50;0.00;0.00
15756;0;5068.50;9.50;1223.50;0.00;0.00
15757;0;5338.50;9.50;1223.50;0.00;0.00
15758;0;5418.50;9.50;1228.50;0.00;0.00
15759;0;1084.50;9.50;1258.50;0.00;0.00
15760;0;1846.50;9.50;1240.50;0.00;0.00
15761;0;4806.50;9.50;1252.50;0.00;0.00
15762;0;2271.50;9.50;1213.50;0.00;0.00
15763;0;1661.50;9.50;1244.50;0.00;0.00
15764;0;1304.50;9.50;1242.50;0.00;0.00
15765;0;1915.50;9.50;1225.50;0.00;0.00
15766;0;2558.50;9.50;1244.50;0.00;0.00
15767;0;3635.50;9.50;1248.50;0.00;0.00
15768;0;1109.50;9.50;1246.50;0.00;0.00
15769;0;1392.50;9.50;1236.50;0.00;0.00
15770;0;3658.50;9.50;1245.50;0.00;0.00
15771;0;4954.50;9.50;1210.50;0.00;0.00
15772;0;1093.50;9.50;1249.50;0.00;0.00
15773;0;1487.50;9.50;1231.50;0.00;0.00
15774;0;1540.50;9.50;1242.50;0.00;0.00
15775;0;369.50;9.50;1228.50;0.00;0.00
15776;0;1758.50;9.50;1216.50;0.00;0.00
15777;0;5600.50;9.50;1203.50;0.00;0.00
15778;0;1432.50;9.50;1229.50;0.00;0.00
15779;0;1578.50;9.50;1243.50;0.00;0.00
15780;0;3746.50;9.50;1236.50;0.00;0.00
15781;0;1618.50;9.50;1238.50;0.00;0.00
15782;0;3784.50;9.50;1230.50;0.00;0.00
15783;0;3849.50;9.50;1235.50;0.00;0.00
15784;0;4685.50;9.50;1243.50;0.00;0.00
15785;0;4737.50;9.50;1222.50;0.00;0.00
15786;0;1045.50;9.50;1235.50;0.00;0.00
15787;0;3818.50;9.50;1231.50;0.00;0.00
15788;0;2448.50;9.50;1193.50;0.00;0.00
15789;0;1696.50;9.50;1226.50;0.00;0.00
15790;0;4821.50;9.50;1214.50;0.00;0.00
15791;0;314.50;9.50;1224.50;0.00;0.00
15792;0;1128.50;9.50;1228.50;0.00;0.00
15793;0;1517.50;9.50;1230.50;0.00;0.00
15794;0;4689.50;9.50;1228.50;0.00;0.00
15795;0;3402.50;9.50;1225.50;0.00;0.00
15796;0;405.50;9.50;1222.50;0.00;0.00
15797;0;2355.50;9.50;1195.50;0.00;0.00
15798;0;2538.50;9.50;1213.50;0.00;0.00
15799;0;894.50;9.50;1199.50;0.00;0.00
15800;0;1110.50;9.50;1230.50;0.00;0.00
15801;0;4673.50;9.50;1230.50;0.00;0.00
15802;0;468.50;9.50;1205.50;0.00;0.00
15803;0;976.50;9.50;1199.50;0.00;0.00
15804;0;1066.50;9.50;1227.50;0.00;0.00
15805;0;3384.50;9.50;1224.50;0.00;0.00
15806;0;1566.50;9.50;1226.50;0.00;0.00
15807;0;1537.50;9.50;1226.50;0.00;0.00
15808;0;1641.50;9.50;1219.50;0.00;0.00
15809;0;5151.50;9.50;1178.50;0.00;0.00
15810;0;1025.50;9.50;1194.50;0.00;0.00
15811;0;1458.50;9.50;1210.50;0.00;0.00
15812;0;3868.50;9.50;1216.50;0.00;0.00
15813;0;1599.50;9.50;1216.50;0.00;0.00
15814;0;279.50;9.50;1202.50;0.00;0.00
15815;0;825.50;9.50;1184.50;0.00;0.00
15816;0;2117.50;9.50;1195.50;0.00;0.00
15817;0;707.50;9.50;1196.50;0.00;0.00
15818;0;1081.50;9.50;1220.50;0.00;0.00
15819;0;1727.50;9.50;1197.50;0.00;0.00
15820;0;2045.50;9.50;1183.50;0.00;0.00
15821;0;1303.50;9.50;1213.50;0.00;0.00
15822;0;1368.50;9.50;1202.50;0.00;0.00
15823;0;352.50;9.50;1205.50;0.00;0.00
15824;0;1142.50;9.50;1208.50;0.00;0.00
15825;0;4653.50;9.50;1219.50;0.00;0.00
15826;0;3771.50;9.50;1199.50;0.00;0.00
15827;0;207.50;9.50;1173.50;0.00;0.00
15828;0;1116.50;9.50;1210.50;0.00;0.00
15829;0;4666.50;9.50;1217.50;0.00;0.00
15830;0;5249.50;9.50;1177.50;0.00;0.00
15831;0;3416.50;9.50;1209.50;0.00;0.00
15832;0;1060.50;9.50;1203.50;0.00;0.00
15833;0;1805.50;9.50;1197.50;0.00;0.00
15834;0;1620.50;9.50;1203.50;0.00;0.00
15835;0;1975.50;9.50;1181.50;0.00;0.00
15836;0;4647.50;9.50;1205.50;0.00;0.00
15837;0;4686.50;9.50;1211.50;0.00;0.00
15838;0;653.50;9.50;1167.50;0.00;0.00
15839;0;1670.50;9.50;1205.50;0.00;0.00
15840;0;1858.50;9.50;1196.50;0.00;0.00
15841;0;2508.50;9.50;1184.50;0.00;0.00
15842;0;1331.50;9.50;1195.50;0.00;0.00
15843;0;1407.50;9.50;1202.50;0.00;0.00
15844;0;3399.50;9.50;1207.50;0.00;0.00
15845;0;3889.50;9.50;1196.50;0.00;0.00
15846;0;421.50;9.50;1191.50;0.00;0.00
15847;0;1091.50;9.50;1203.50;0.00;0.00
15848;0;43.50;9.50;1164.50;0.00;0.00
15849;0;331.50;9.50;1199.50;0.00;0.00
15850;0;1480.50;9.50;1204.50;0.00;0.00
15851;0;4876.50;9.50;1173.50;0.00;0.00
15852;0;4720.50;9.50;1192.50;0.00;0.00
15853;0;4631.50;9.50;1200.50;0.00;0.00
15854;0;5024.50;9.50;1156.50;0.00;0.00
15855;0;1436.50;9.50;1203.50;0.00;0.00
15856;0;4240.50;9.50;1192.50;0.00;0.00
15857;0;4613.50;9.50;1198.50;0.00;0.00
15858;0;5448.50;9.50;1156.50;0.00;0.00
15859;0;383.50;9.50;1196.50;0.00;0.00
15860;0;1533.50;9.50;1181.50;0.00;0.00
15861;0;4667.50;9.50;1194.50;0.00;0.00
15862;0;4760.50;9.50;1181.50;0.00;0.00
15863;0;3860.50;9.50;1182.50;0.00;0.00
15864;0;1699.50;9.50;1193.50;0.00;0.00
15865;0;1505.50;9.50;1179.50;0.00;0.00
15866;0;599.50;9.50;1151.50;0.00;0.00
15867;0;3812.50;9.50;1167.50;0.00;0.00
15868;0;3948.50;9.50;1180.50;0.00;0.00
15869;0;1680.50;9.50;1188.50;0.00;0.00
15870;0;4598.50;9.50;1182.50;0.00;0.00
15871;0;1643.50;9.50;1191.50;0.00;0.00
15872;0;1883.50;9.50;1168.50;0.00;0.00
15873;0;4574.50;9.50;1184.50;0.00;0.00
15874;0;541.50;9.50;1166.50;0.00;0.00
15875;0;1561.50;9.50;1182.50;0.00;0.00
15876;0;1146.50;9.50;1178.50;0.00;0.00
15877;0;3405.50;9.50;1190.50;0.00;0.00
15878;0;3419.50;9.50;1192.50;0.00;0.00
15879;0;4220.50;9.50;1182.50;0.00;0.00
15880;0;5543.50;9.50;1163.50;0.00;0.00
15881;0;1108.50;9.50;1182.50;0.00;0.00
15882;0;1390.50;9.50;1182.50;0.00;0.00
15883;0;4191.50;9.50;1183.50;0.00;0.00
15884;0;5372.50;9.50;1155.50;0.00;0.00
15885;0;763.50;9.50;1161.50;0.00;0.00
15886;0;1469.50;9.50;1180.50;0.00;0.00
15887;0;354.50;9.50;1178.50;0.00;0.00
15888;0;1305.50;9.50;1185.50;0.00;0.00
15889;0;1752.50;9.50;1180.50;0.00;0.00
15890;0;2163.50;9.50;1135.50;0.00;0.00
15891;0;4520.50;9.50;1179.50;0.00;0.00
15892;0;330.50;9.50;1178.50;0.00;0.00
15893;0;1585.50;9.50;1170.50;0.00;0.00
15894;0;1924.50;9.50;1158.50;0.00;0.00
15895;0;3748.50;9.50;1175.50;0.00;0.00
15896;0;2542.50;9.50;1172.50;0.00;0.00
15897;0;3905.50;9.50;1175.50;0.00;0.00
15898;0;4555.50;9.50;1180.50;0.00;0.00
15899;0;4807.50;9.50;1145.50;0.00;0.00
15900;0;4249.50;9.50;1173.50;0.00;0.00
15901;0;4498.50;9.50;1169.50;0.00;0.00
15902;0;934.50;9.50;1146.50;0.00;0.00
15903;0;4627.50;9.50;1168.50;0.00;0.00
15904;0;483.50;9.50;1145.50;0.00;0.00
15905;0;1061.50;9.50;1161.50;0.00;0.00
15906;0;1710.50;9.50;1176.50;0.00;0.00
15907;0;1846.50;9.50;1166.50;0.00;0.00
15908;0;1687.50;9.50;1174.50;0.00;0.00
15909;0;2241.50;9.50;1131.50;0.00;0.00
15910;0;388.50;9.50;1177.50;0.00;0.00
15911;0;1768.50;9.50;1159.50;0.00;0.00
15912;0;2400.50;9.50;1144.50;0.00;0.00
15913;0;3435.50;9.50;1164.50;0.00;0.00
15914;0;4668.50;9.50;1161.50;0.00;0.00
15915;0;411.50;9.50;1159.50;0.00;0.00
15916;0;3933.50;9.50;1166.50;0.00;0.00
15917;0;127.50;9.50;1131.50;0.00;0.00
15918;0;1359.50;9.50;1160.50;0.00;0.00
15919;0;1727.50;9.50;1172.50;0.00;0.00
15920;0;1003.50;9.50;1143.50;0.00;0.00
15921;0;1811.50;9.50;1163.50;0.00;0.00
15922;0;4177.50;9.50;1164.50;0.00;0.00
15923;0;290.50;9.50;1155.50;0.00;0.00
15924;0;3409.50;9.50;1169.50;0.00;0.00
15925;0;4707.50;9.50;1164.50;0.00;0.00
15926;0;4731.50;9.50;1158.50;0.00;0.00
15927;0;1382.50;9.50;1163.50;0.00;0.00
15928;0;2318.50;9.50;1126.50;0.00;0.00
15929;0;4204.50;9.50;1157.50;0.00;0.00
15930;0;1460.50;9.50;1159.50;0.00;0.00
15931;0;1791.50;9.50;1155.50;0.00;0.00
15932;0;3767.50;9.50;1139.50;0.00;0.00
15933;0;4590.50;9.50;1154.50;0.00;0.00
15934;0;1662.50;9.50;1157.50;0.00;0.00
15935;0;4560.50;9.50;1157.50;0.00;0.00
15936;0;1334.50;9.50;1160.50;0.00;0.00
15937;0;363.50;9.50;1155.50;0.00;0.00
15938;0;1550.50;9.50;1149.50;0.00;0.00
15939;0;1636.50;9.50;1157.50;0.00;0.00
15940;0;1742.50;9.50;1161.50;0.00;0.00
15941;0;3885.50;9.50;1144.50;0.00;0.00
15942;0;4265.50;9.50;1157.50;0.00;0.00
15943;0;3728.50;9.50;1141.50;0.00;0.00
15944;0;1105.50;9.50;1142.50;0.00;0.00
15945;0;1611.50;9.50;1156.50;0.00;0.00
15946;0;4487.50;9.50;1150.50;0.00;0.00
15947;0;1171.50;9.50;1147.50;0.00;0.00
15948;0;1828.50;9.50;1154.50;0.00;0.00
15949;0;4159.50;9.50;1157.50;0.00;0.00
15950;0;4237.50;9.50;1140.50;0.00;0.00
15951;0;331.50;9.50;1145.50;0.00;0.00
15952;0;1508.50;9.50;1145.50;0.00;0.00
15953;0;3418.50;9.50;1154.50;0.00;0.00
15954;0;3450.50;9.50;1149.50;0.00;0.00
15955;0;2497.50;9.50;1136.50;0.00;0.00
15956;0;4507.50;9.50;1147.50;0.00;0.00
15957;0;708.50;9.50;1125.50;0.00;0.00
15958;0;2548.50;9.50;1147.50;0.00;0.00
15959;0;3941.50;9.50;1140.50;0.00;0.00
15960;0;4692.50;9.50;1150.50;0.00;0.00
15961;0;5595.50;9.50;1115.50;0.00;0.00
15962;0;432.50;9.50;1120.50;0.00;0.00
15963;0;1146.50;9.50;1131.50;0.00;0.00
15964;0;259.50;9.50;1111.50;0.00;0.00
15965;0;1859.50;9.50;1143.50;0.00;0.00
15966;0;4147.50;9.50;1146.50;0.00;0.00
15967;0;5091.50;9.50;1096.50;0.00;0.00
15968;0;390.50;9.50;1135.50;0.00;0.00
15969;0;1584.50;9.50;1128.50;0.00;0.00
15970;0;4958.50;9.50;1113.50;0.00;0.00
15971;0;1754.50;9.50;1142.50;0.00;0.00
15972;0;2020.50;9.50;1114.50;0.00;0.00
15973;0;4276.50;9.50;1139.50;0.00;0.00
15974;0;4636.50;9.50;1129.50;0.00;0.00
15975;0;5287.50;9.50;1103.50;0.00;0.00
15976;0;844.50;9.50;1110.50;0.00;0.00
15977;0;1959.50;9.50;1120.50;0.00;0.00
15978;0;1644.50;9.50;1139.50;0.00;0.00
15979;0;3432.50;9.50;1139.50;0.00;0.00
15980;0;4169.50;9.50;1135.50;0.00;0.00
15981;0;1190.50;9.50;1136.50;0.00;0.00
15982;0;1624.50;9.50;1127.50;0.00;0.00
15983;0;1839.50;9.50;1144.50;0.00;0.00
15984;0;1453.50;9.50;1137.50;0.00;0.00
15985;0;2092.50;9.50;1095.50;0.00;0.00
15986;0;2453.50;9.50;1132.50;0.00;0.00
15987;0;5193.50;9.50;1094.50;0.00;0.00
15988;0;5501.50;9.50;1110.50;0.00;0.00
15989;0;1883.50;9.50;1134.50;0.00;0.00
15990;0;4540.50;9.50;1133.50;0.00;0.00
15991;0;4754.50;9.50;1128.50;0.00;0.00
15992;0;4568.50;9.50;1128.50;0.00;0.00
15993;0;3703.50;9.50;1121.50;0.00;0.00
15994;0;1716.50;9.50;1132.50;0.00;0.00
15995;0;1815.50;9.50;1133.50;0.00;0.00
15996;0;4684.50;9.50;1138.50;0.00;0.00
15997;0;1737.50;9.50;1116.50;0.00;0.00
15998;0;4142.50;9.50;1126.50;0.00;0.00
15999;0;1473.50;9.50;1124.50;0.00;0.00
16000;0;1673.50;9.50;1130.50;0.00;0.00
16001;0;1790.50;9.50;1128.50;0.00;0.00
16002;0;4503.50;9.50;1127.50;0.00;0.00
16003;0;1697.50;9.50;1119.50;0.00;0.00
16004;0;1911.50;9.50;1117.50;0.00;0.00
16005;0;357.50;9.50;1110.50;0.00;0.00
16006;0;644.50;9.50;1103.50;0.00;0.00
16007;0;1217.50;9.50;1124.50;0.00;0.00
16008;0;1767.50;9.50;1113.50;0.00;0.00
16009;0;4682.50;9.50;1124.50;0.00;0.00
16010;0;4665.50;9.50;1113.50;0.00;0.00
16011;0;4119.50;9.50;1118.50;0.00;0.00
16012;0;208.50;9.50;1075.50;0.00;0.00
16013;0;2540.50;9.50;1119.50;0.00;0.00
16014;0;4192.50;9.50;1102.50;0.00;0.00
16015;0;1495.50;9.50;1117.50;0.00;0.00
16016;0;1860.50;9.50;1124.50;0.00;0.00
16017;0;569.50;9.50;1094.50;0.00;0.00
16018;0;1066.50;9.50;1098.50;0.00;0.00
16019;0;1649.50;9.50;1112.50;0.00;0.00
16020;0;3472.50;9.50;1110.50;0.00;0.00
16021;0;4276.50;9.50;1116.50;0.00;0.00
16022;0;1441.50;9.50;1113.50;0.00;0.00
16023;0;3948.50;9.50;1111.50;0.00;0.00
16024;0;4605.50;9.50;1091.50;0.00;0.00
16025;0;1835.50;9.50;1114.50;0.00;0.00
16026;0;2435.50;9.50;1106.50;0.00;0.00
16027;0;4877.50;9.50;1085.50;0.00;0.00
16028;0;1187.50;9.50;1105.50;0.00;0.00
16029;0;3450.50;9.50;1118.50;0.00;0.00
16030;0;4323.50;9.50;1105.50;0.00;0.00
16031;0;4517.50;9.50;1114.50;0.00;0.00
16032;0;4535.50;9.50;1112.50;0.00;0.00
16033;0;1455.50;9.50;1117.50;0.00;0.00
16034;0;1520.50;9.50;1111.50;0.00;0.00
16035;0;4693.50;9.50;1118.50;0.00;0.00
16036;0;5382.50;9.50;1082.50;0.00;0.00
16037;0;1563.50;9.50;1098.50;0.00;0.00
16038;0;1807.50;9.50;1107.50;0.00;0.00
16039;0;3741.50;9.50;1093.50;0.00;0.00
16040;0;3804.50;9.50;1087.50;0.00;0.00
16041;0;1254.50;9.50;1109.50;0.00;0.00
16042;0;2373.50;9.50;1090.50;0.00;0.00
16043;0;3666.50;9.50;1113.50;0.00;0.00
16044;0;4239.50;9.50;1100.50;0.00;0.00
16045;0;498.50;9.50;1076.50;0.00;0.00
16046;0;1123.50;9.50;1093.50;0.00;0.00
16047;0;941.50;9.50;1082.50;0.00;0.00
16048;0;1230.50;9.50;1098.50;0.00;0.00
16049;0;1613.50;9.50;1098.50;0.00;0.00
16050;0;3885.50;9.50;1094.50;0.00;0.00
16051;0;1871.50;9.50;1104.50;0.00;0.00
16052;0;2414.50;9.50;1092.50;0.00;0.00
16053;0;3648.50;9.50;1107.50;0.00;0.00
16054;0;4337.50;9.50;1104.50;0.00;0.00
16055;0;41.50;9.50;1075.50;0.00;0.00
16056;0;775.50;9.50;1076.50;0.00;0.00
16057;0;4106.50;9.50;1094.50;0.00;0.00
16058;0;4734.50;9.50;1097.50;0.00;0.00
16059;0;1272.50;9.50;1095.50;0.00;0.00
16060;0;2495.50;9.50;1094.50;0.00;0.00
16061;0;4558.50;9.50;1094.50;0.00;0.00
16062;0;4807.50;9.50;1085.50;0.00;0.00
16063;0;313.50;9.50;1070.50;0.00;0.00
16064;0;1680.50;9.50;1092.50;0.00;0.00
16065;0;5450.50;9.50;1069.50;0.00;0.00
16066;0;2463.50;9.50;1095.50;0.00;0.00
16067;0;3681.50;9.50;1093.50;0.00;0.00
16068;0;3930.50;9.50;1077.50;0.00;0.00
16069;0;4764.50;9.50;1091.50;0.00;0.00
16070;0;1331.50;9.50;1104.50;0.00;0.00
16071;0;1343.50;9.50;1102.50;0.00;0.00
16072;0;4681.50;9.50;1096.50;0.00;0.00
16073;0;399.50;9.50;1071.50;0.00;0.00
16074;0;1006.50;9.50;1076.50;0.00;0.00
16075;0;2534.50;9.50;1095.50;0.00;0.00
16076;0;1841.50;9.50;1092.50;0.00;0.00
16077;0;4294.50;9.50;1093.50;0.00;0.00
16078;0;5548.50;9.50;1064.50;0.00;0.00
16079;0;1297.50;9.50;1091.50;0.00;0.00
16080;0;1317.50;9.50;1095.50;0.00;0.00
16081;0;4144.50;9.50;1074.50;0.00;0.00
16082;0;1531.50;9.50;1087.50;0.00;0.00
16083;0;1924.50;9.50;1082.50;0.00;0.00
16084;0;3636.50;9.50;1092.50;0.00;0.00
16085;0;4081.50;9.50;1088.50;0.00;0.00
16086;0;1353.50;9.50;1090.50;0.00;0.00
16087;0;1741.50;9.50;1086.50;0.00;0.00
16088;0;1716.50;9.50;1072.50;0.00;0.00
16089;0;3966.50;9.50;1078.50;0.00;0.00
16090;0;4333.50;9.50;1089.50;0.00;0.00
16091;0;1890.50;9.50;1082.50;0.00;0.00
16092;0;2175.50;9.50;1054.50;0.00;0.00
16093;0;1773.50;9.50;1073.50;0.00;0.00
16094;0;2260.50;9.50;1051.50;0.00;0.00
16095;0;4532.50;9.50;1087.50;0.00;0.00
16096;0;1161.50;9.50;1060.50;0.00;0.00
16097;0;2521.50;9.50;1072.50;0.00;0.00
16098;0;3617.50;9.50;1084.50;0.00;0.00
16099;0;4257.50;9.50;1073.50;0.00;0.00
16100;0;1335.50;9.50;1084.50;0.00;0.00
16101;0;703.50;9.50;1058.50;0.00;0.00
16102;0;1817.50;9.50;1075.50;0.00;0.00
16103;0;2438.50;9.50;1083.50;0.00;0.00
16104;0;144.50;9.50;1055.50;0.00;0.00
16105;0;1869.50;9.50;1085.50;0.00;0.00
16106;0;4313.50;9.50;1072.50;0.00;0.00
16107;0;878.50;9.50;1044.50;0.00;0.00
16108;0;1366.50;9.50;1080.50;0.00;0.00
16109;0;3650.50;9.50;1075.50;0.00;0.00
16110;0;1208.50;9.50;1065.50;0.00;0.00
16111;0;1967.50;9.50;1063.50;0.00;0.00
16112;0;3480.50;9.50;1080.50;0.00;0.00
16113;0;3596.50;9.50;1076.50;0.00;0.00
16114;0;3702.50;9.50;1065.50;0.00;0.00
16115;0;4683.50;9.50;1074.50;0.00;0.00
16116;0;1642.50;9.50;1066.50;0.00;0.00
16117;0;1594.50;9.50;1059.50;0.00;0.00
16118;0;3855.50;9.50;1044.50;0.00;0.00
16119;0;4219.50;9.50;1058.50;0.00;0.00
16120;0;4653.50;9.50;1056.50;0.00;0.00
16121;0;2333.50;9.50;1039.50;0.00;0.00
16122;0;4285.50;9.50;1065.50;0.00;0.00
16123;0;4341.50;9.50;1073.50;0.00;0.00
16124;0;5327.50;9.50;1045.50;0.00;0.00
16125;0;1288.50;9.50;1062.50;0.00;0.00
16126;0;616.50;9.50;1042.50;0.00;0.00
16127;0;2458.50;9.50;1066.50;0.00;0.00
16128;0;4097.50;9.50;1063.50;0.00;0.00
16129;0;1251.50;9.50;1038.50;0.00;0.00
16130;0;1325.50;9.50;1055.50;0.00;0.00
16131;0;1520.50;9.50;1065.50;0.00;0.00
16132;0;1383.50;9.50;1067.50;0.00;0.00
16133;0;1549.50;9.50;1057.50;0.00;0.00
16134;0;3574.50;9.50;1065.50;0.00;0.00
16135;0;3670.50;9.50;1066.50;0.00;0.00
16136;0;4569.50;9.50;1055.50;0.00;0.00
16137;0;4949.50;9.50;1044.50;0.00;0.00
16138;0;2422.50;9.50;1061.50;0.00;0.00
16139;0;2491.50;9.50;1056.50;0.00;0.00
16140;0;1688.50;9.50;1063.50;0.00;0.00
16141;0;5043.50;9.50;1019.50;0.00;0.00
16142;0;5251.50;9.50;1038.50;0.00;0.00
16143;0;1403.50;9.50;1063.50;0.00;0.00
16144;0;4725.50;9.50;1064.50;0.00;0.00
16145;0;1358.50;9.50;1058.50;0.00;0.00
16146;0;4538.50;9.50;1064.50;0.00;0.00
16147;0;4736.50;9.50;1049.50;0.00;0.00
16148;0;2032.50;9.50;1034.50;0.00;0.00
16149;0;3554.50;9.50;1060.50;0.00;0.00
16150;0;1669.50;9.50;1050.50;0.00;0.00
16151;0;2542.50;9.50;1055.50;0.00;0.00
16152;0;1881.50;9.50;1050.50;0.00;0.00
16153;0;3613.50;9.50;1058.50;0.00;0.00
16154;0;1844.50;9.50;1060.50;0.00;0.00
16155;0;5600.50;9.50;1028.50;0.00;0.00
16156;0;441.50;9.50;1017.50;0.00;0.00
16157;0;4345.50;9.50;1058.50;0.00;0.00
16158;0;4393.50;9.50;1038.50;0.00;0.00
16159;0;1428.50;9.50;1054.50;0.00;0.00
16160;0;1798.50;9.50;1051.50;0.00;0.00
16161;0;91.50;9.50;1014.50;0.00;0.00
16162;0;3639.50;9.50;1055.50;0.00;0.00
16163;0;249.50;9.50;1013.50;0.00;0.00
16164;0;3527.50;9.50;1048.50;0.00;0.00
16165;0;3954.50;9.50;1040.50;0.00;0.00
16166;0;4611.50;9.50;1035.50;0.00;0.00
16167;0;2391.50;9.50;1036.50;0.00;0.00
16168;0;4683.50;9.50;1056.50;0.00;0.00
16169;0;1048.50;9.50;1025.50;0.00;0.00
16170;0;4327.50;9.50;1043.50;0.00;0.00
16171;0;4796.50;9.50;1044.50;0.00;0.00
16172;0;5160.50;9.50;1008.50;0.00;0.00
16173;0;1710.50;9.50;1051.50;0.00;0.00
16174;0;1729.50;9.50;1044.50;0.00;0.00
16175;0;1755.50;9.50;1048.50;0.00;0.00
16176;0;1914.50;9.50;1037.50;0.00;0.00
16177;0;3986.50;9.50;1035.50;0.00;0.00
16178;0;1446.50;9.50;1043.50;0.00;0.00
16179;0;4256.50;9.50;1051.50;0.00;0.00
16180;0;5490.50;9.50;1027.50;0.00;0.00
16181;0;3584.50;9.50;1046.50;0.00;0.00
16182;0;3716.50;9.50;1023.50;0.00;0.00
16183;0;1116.50;9.50;1018.50;0.00;0.00
16184;0;1834.50;9.50;1039.50;0.00;0.00
16185;0;2104.50;9.50;1011.50;0.00;0.00
16186;0;4834.50;9.50;1020.50;0.00;0.00
16187;0;4077.50;9.50;1042.50;0.00;0.00
16188;0;4287.50;9.50;1035.50;0.00;0.00
16189;0;3508.50;9.50;1037.50;0.00;0.00
16190;0;3676.50;9.50;1042.50;0.00;0.00
16191;0;1407.50;9.50;1038.50;0.00;0.00
16192;0;4712.50;9.50;1038.50;0.00;0.00
16193;0;4751.50;9.50;1038.50;0.00;0.00
16194;0;943.50;9.50;1017.50;0.00;0.00
16195;0;1519.50;9.50;1041.50;0.00;0.00
16196;0;2466.50;9.50;1031.50;0.00;0.00
16197;0;2528.50;9.50;1029.50;0.00;0.00
16198;0;3909.50;9.50;1016.50;0.00;0.00
16199;0;1778.50;9.50;1040.50;0.00;0.00
16200;0;3629.50;9.50;1035.50;0.00;0.00
16201;0;2432.50;9.50;1022.50;0.00;0.00
16202;0;3548.50;9.50;1040.50;0.00;0.00
16203;0;4198.50;9.50;1009.50;0.00;0.00
16204;0;1371.50;9.50;1024.50;0.00;0.00
16205;0;4538.50;9.50;1036.50;0.00;0.00
16206;0;4890.50;9.50;1015.50;0.00;0.00
16207;0;5394.50;9.50;1011.50;0.00;0.00
16208;0;1646.50;9.50;1040.50;0.00;0.00
16209;0;4142.50;9.50;1017.50;0.00;0.00
16210;0;825.50;9.50;997.50;0.00;0.00
16211;0;1570.50;9.50;1030.50;0.00;0.00
16212;0;1620.50;9.50;1029.50;0.00;0.00
16213;0;4423.50;9.50;1015.50;0.00;0.00
16214;0;751.50;9.50;1005.50;0.00;0.00
16215;0;1816.50;9.50;1039.50;0.00;0.00
16216;0;4765.50;9.50;1045.50;0.00;0.00
16217;0;2563.50;9.50;1023.50;0.00;0.00
16218;0;4347.50;9.50;1029.50;0.00;0.00
16219;0;4250.50;9.50;1028.50;0.00;0.00
16220;0;510.50;9.50;993.50;0.00;0.00
16221;0;4673.50;9.50;1030.50;0.00;0.00
16222;0;1461.50;9.50;1027.50;0.00;0.00
16223;0;1766.50;9.50;1031.50;0.00;0.00
16224;0;579.50;9.50;987.50;0.00;0.00
16225;0;683.50;9.50;998.50;0.00;0.00
16226;0;1754.50;9.50;1031.50;0.00;0.00
16227;0;1792.50;9.50;1027.50;0.00;0.00
16228;0;1975.50;9.50;1010.50;0.00;0.00
16229;0;1294.50;9.50;998.50;0.00;0.00
16230;0;1875.50;9.50;1024.50;0.00;0.00
16231;0;3754.50;9.50;985.50;0.00;0.00
16232;0;4692.50;9.50;1013.50;0.00;0.00
16233;0;1528.50;9.50;1021.50;0.00;0.00
16234;0;4098.50;9.50;1014.50;0.00;0.00
16235;0;322.50;9.50;1001.50;0.00;0.00
16236;0;1596.50;9.50;1022.50;0.00;0.00
16237;0;4520.50;9.50;1015.50;0.00;0.00
16238;0;1550.50;9.50;1012.50;0.00;0.00
16239;0;3821.50;9.50;983.50;0.00;0.00
16240;0;4796.50;9.50;1019.50;0.00;0.00
16241;0;3673.50;9.50;1009.50;0.00;0.00
16242;0;2491.50;9.50;998.50;0.00;0.00
16243;0;5547.50;9.50;1007.50;0.00;0.00
16244;0;4074.50;9.50;1022.50;0.00;0.00
16245;0;1423.50;9.50;1008.50;0.00;0.00
16246;0;2218.50;9.50;980.50;0.00;0.00
16247;0;4563.50;9.50;1002.50;0.00;0.00
16248;0;4659.50;9.50;1017.50;0.00;0.00
16249;0;4715.50;9.50;1013.50;0.00;0.00
16250;0;4757.50;9.50;1001.50;0.00;0.00
16251;0;3993.50;9.50;1007.50;0.00;0.00
16252;0;4298.50;9.50;1001.50;0.00;0.00
16253;0;4330.50;9.50;1013.50;0.00;0.00
16254;0;1216.50;9.50;987.50;0.00;0.00
16255;0;383.50;9.50;977.50;0.00;0.00
16256;0;1930.50;9.50;998.50;0.00;0.00
16257;0;4377.50;9.50;1014.50;0.00;0.00
16258;0;4632.50;9.50;997.50;0.00;0.00
16259;0;170.50;9.50;973.50;0.00;0.00
16260;0;2586.50;9.50;1000.50;0.00;0.00
16261;0;3633.50;9.50;1011.50;0.00;0.00
16262;0;1696.50;9.50;1013.50;0.00;0.00
16263;0;4496.50;9.50;991.50;0.00;0.00
16264;0;1895.50;9.50;1002.50;0.00;0.00
16265;0;4351.50;9.50;1009.50;0.00;0.00
16266;0;4441.50;9.50;993.50;0.00;0.00
16267;0;1458.50;9.50;1002.50;0.00;0.00
16268;0;1611.50;9.50;1005.50;0.00;0.00
16269;0;2377.50;9.50;981.50;0.00;0.00
16270;0;4950.50;9.50;993.50;0.00;0.00
16271;0;4057.50;9.50;994.50;0.00;0.00
16272;0;4261.50;9.50;996.50;0.00;0.00
16273;0;4402.50;9.50;990.50;0.00;0.00
16274;0;5326.50;9.50;995.50;0.00;0.00
16275;0;1497.50;9.50;997.50;0.00;0.00
16276;0;3953.50;9.50;986.50;0.00;0.00
16277;0;4679.50;9.50;997.50;0.00;0.00
16278;0;5283.50;9.50;989.50;0.00;0.00
16279;0;5433.50;9.50;968.50;0.00;0.00
16280;0;2306.50;9.50;964.50;0.00;0.00
16281;0;2538.50;9.50;988.50;0.00;0.00
16282;0;5234.50;9.50;982.50;0.00;0.00
16283;0;41.50;9.50;958.50;0.00;0.00
16284;0;1352.50;9.50;977.50;0.00;0.00
16285;0;4994.50;9.50;961.50;0.00;0.00
16286;0;5094.50;9.50;959.50;0.00;0.00
16287;0;4730.50;9.50;996.50;0.00;0.00
16288;0;3620.50;9.50;992.50;0.00;0.00
16289;0;4110.50;9.50;987.50;0.00;0.00
16290;0;4906.50;9.50;977.50;0.00;0.00
16291;0;5488.50;9.50;988.50;0.00;0.00
16292;0;970.50;9.50;956.50;0.00;0.00
16293;0;2012.50;9.50;979.50;0.00;0.00
16294;0;5523.50;9.50;972.50;0.00;0.00
16295;0;4817.50;9.50;978.50;0.00;0.00
16296;0;1071.50;9.50;960.50;0.00;0.00
16297;0;1152.50;9.50;958.50;0.00;0.00
16298;0;894.50;9.50;950.50;0.00;0.00
16299;0;3645.50;9.50;976.50;0.00;0.00
16300;0;4702.50;9.50;984.50;0.00;0.00
16301;0;637.50;9.50;955.50;0.00;0.00
16302;0;1576.50;9.50;983.50;0.00;0.00
16303;0;2058.50;9.50;962.50;0.00;0.00
16304;0;2440.50;9.50;967.50;0.00;0.00
16305;0;4034.50;9.50;976.50;0.00;0.00
16306;0;1480.50;9.50;976.50;0.00;0.00
16307;0;4329.50;9.50;984.50;0.00;0.00
16308;0;4228.50;9.50;966.50;0.00;0.00
16309;0;4002.50;9.50;969.50;0.00;0.00
16310;0;5351.50;9.50;962.50;0.00;0.00
16311;0;1428.50;9.50;962.50;0.00;0.00
16312;0;1510.50;9.50;978.50;0.00;0.00
16313;0;2608.50;9.50;965.50;0.00;0.00
16314;0;3605.50;9.50;980.50;0.00;0.00
16315;0;3689.50;9.50;959.50;0.00;0.00
16316;0;4662.50;9.50;975.50;0.00;0.00
16317;0;4874.50;9.50;957.50;0.00;0.00
16318;0;4355.50;9.50;968.50;0.00;0.00
16319;0;4620.50;9.50;966.50;0.00;0.00
16320;0;5307.50;9.50;971.50;0.00;0.00
16321;0;4432.50;9.50;963.50;0.00;0.00
16322;0;1957.50;9.50;970.50;0.00;0.00
16323;0;5469.50;9.50;957.50;0.00;0.00
16324;0;4054.50;9.50;968.50;0.00;0.00
16325;0;4154.50;9.50;954.50;0.00;0.00
16326;0;1544.50;9.50;961.50;0.00;0.00
16327;0;3877.50;9.50;939.50;0.00;0.00
16328;0;4589.50;9.50;959.50;0.00;0.00
16329;0;2572.50;9.50;953.50;0.00;0.00
16330;0;4545.50;9.50;954.50;0.00;0.00
16331;0;443.50;9.50;946.50;0.00;0.00
16332;0;782.50;9.50;944.50;0.00;0.00
16333;0;1928.50;9.50;966.50;0.00;0.00
16334;0;711.50;9.50;938.50;0.00;0.00
16335;0;1983.50;9.50;960.50;0.00;0.00
16336;0;4298.50;9.50;966.50;0.00;0.00
16337;0;4744.50;9.50;967.50;0.00;0.00
16338;0;5593.50;9.50;940.50;0.00;0.00
16339;0;3616.50;9.50;960.50;0.00;0.00
16340;0;4697.50;9.50;959.50;0.00;0.00
16341;0;4677.50;9.50;958.50;0.00;0.00
16342;0;4932.50;9.50;957.50;0.00;0.00
16343;0;2500.50;9.50;943.50;0.00;0.00
16344;0;4474.50;9.50;949.50;0.00;0.00
16345;0;1253.50;9.50;920.50;0.00;0.00
16346;0;5274.50;9.50;956.50;0.00;0.00
16347;0;5497.50;9.50;953.50;0.00;0.00
16348;0;1590.50;9.50;954.50;0.00;0.00
16349;0;313.50;9.50;940.50;0.00;0.00
16350;0;2631.50;9.50;955.50;0.00;0.00
16351;0;4271.50;9.50;950.50;0.00;0.00
16352;0;3593.50;9.50;952.50;0.00;0.00
16353;0;4107.50;9.50;952.50;0.00;0.00
16354;0;4799.50;9.50;961.50;0.00;0.00
16355;0;2113.50;9.50;938.50;0.00;0.00
16356;0;4326.50;9.50;956.50;0.00;0.00
16357;0;4730.50;9.50;951.50;0.00;0.00
16358;0;5393.50;9.50;935.50;0.00;0.00
16359;0;4374.50;9.50;952.50;0.00;0.00
16360;0;4509.50;9.50;941.50;0.00;0.00
16361;0;5229.50;9.50;928.50;0.00;0.00
16362;0;1516.50;9.50;944.50;0.00;0.00
16363;0;220.50;9.50;916.50;0.00;0.00
16364;0;3943.50;9.50;944.50;0.00;0.00
16365;0;5165.50;9.50;927.50;0.00;0.00
16366;0;2177.50;9.50;913.50;0.00;0.00
16367;0;1471.50;9.50;931.50;0.00;0.00
16368;0;4815.50;9.50;947.50;0.00;0.00
16369;0;5299.50;9.50;944.50;0.00;0.00
16370;0;4060.50;9.50;939.50;0.00;0.00
16371;0;4749.50;9.50;939.50;0.00;0.00
16372;0;2868.50;9.50;948.50;0.00;0.00
16373;0;5529.50;9.50;925.50;0.00;0.00
16374;0;1368.50;9.50;925.50;0.00;0.00
16375;0;1557.50;9.50;931.50;0.00;0.00
16376;0;2006.50;9.50;946.50;0.00;0.00
16377;0;2846.50;9.50;933.50;0.00;0.00
16378;0;2888.50;9.50;941.50;0.00;0.00
16379;0;3981.50;9.50;938.50;0.00;0.00
16380;0;4841.50;9.50;926.50;0.00;0.00
16381;0;509.50;9.50;919.50;0.00;0.00
16382;0;3746.50;9.50;922.50;0.00;0.00
16383;0;4353.50;9.50;946.50;0.00;0.00
16384;0;580.50;9.50;919.50;0.00;0.00
16385;0;2659.50;9.50;931.50;0.00;0.00
16386;0;4717.50;9.50;939.50;0.00;0.00
16387;0;368.50;9.50;927.50;0.00;0.00
16388;0;2028.50;9.50;931.50;0.00;0.00
16389;0;4774.50;9.50;936.50;0.00;0.00
16390;0;5327.50;9.50;928.50;0.00;0.00
16391;0;4196.50;9.50;911.50;0.00;0.00
16392;0;4583.50;9.50;929.50;0.00;0.00
16393;0;4021.50;9.50;920.50;0.00;0.00
16394;0;2250.50;9.50;905.50;0.00;0.00
16395;0;2387.50;9.50;910.50;0.00;0.00
16396;0;2617.50;9.50;923.50;0.00;0.00
16397;0;2822.50;9.50;939.50;0.00;0.00
16398;0;4246.50;9.50;922.50;0.00;0.00
16399;0;4953.50;9.50;922.50;0.00;0.00
16400;0;131.50;9.50;889.50;0.00;0.00
16401;0;3582.50;9.50;936.50;0.00;0.00
16402;0;4448.50;9.50;925.50;0.00;0.00
16403;0;4298.50;9.50;932.50;0.00;0.00
16404;0;833.50;9.50;901.50;0.00;0.00
16405;0;1012.50;9.50;901.50;0.00;0.00
16406;0;1319.50;9.50;897.50;0.00;0.00
16407;0;3620.50;9.50;919.50;0.00;0.00
16408;0;4699.50;9.50;927.50;0.00;0.00
16409;0;2808.50;9.50;914.50;0.00;0.00
16410;0;2752.50;9.50;928.50;0.00;0.00
16411;0;4093.50;9.50;917.50;0.00;0.00
16412;0;5474.50;9.50;914.50;0.00;0.00
16413;0;1419.50;9.50;909.50;0.00;0.00
16414;0;1590.50;9.50;924.50;0.00;0.00
16415;0;2724.50;9.50;921.50;0.00;0.00
16416;0;2777.50;9.50;920.50;0.00;0.00
16417;0;4559.50;9.50;919.50;0.00;0.00
16418;0;4678.50;9.50;922.50;0.00;0.00
16419;0;5280.50;9.50;903.50;0.00;0.00
16420;0;2682.50;9.50;924.50;0.00;0.00
16421;0;1167.50;9.50;886.50;0.00;0.00
16422;0;409.50;9.50;901.50;0.00;0.00
16423;0;2556.50;9.50;898.50;0.00;0.00
16424;0;3930.50;9.50;903.50;0.00;0.00
16425;0;4379.50;9.50;922.50;0.00;0.00
16426;0;2892.50;9.50;914.50;0.00;0.00
16427;0;2942.50;9.50;921.50;0.00;0.00
16428;0;4811.50;9.50;921.50;0.00;0.00
16429;0;3679.50;9.50;902.50;0.00;0.00
16430;0;3809.50;9.50;877.50;0.00;0.00
16431;0;4792.50;9.50;908.50;0.00;0.00
16432;0;4894.50;9.50;905.50;0.00;0.00
16433;0;287.50;9.50;893.50;0.00;0.00
16434;0;944.50;9.50;892.50;0.00;0.00
16435;0;1084.50;9.50;888.50;0.00;0.00
16436;0;2473.50;9.50;888.50;0.00;0.00
16437;0;4312.50;9.50;919.50;0.00;0.00
16438;0;4725.50;9.50;913.50;0.00;0.00
16439;0;5048.50;9.50;877.50;0.00;0.00
16440;0;2920.50;9.50;916.50;0.00;0.00
16441;0;3582.50;9.50;914.50;0.00;0.00
16442;0;4995.50;9.50;890.50;0.00;0.00
16443;0;5096.50;9.50;897.50;0.00;0.00
16444;0;2058.50;9.50;911.50;0.00;0.00
16445;0;4764.50;9.50;912.50;0.00;0.00
16446;0;342.50;9.50;905.50;0.00;0.00
16447;0;1527.50;9.50;901.50;0.00;0.00
16448;0;3561.50;9.50;911.50;0.00;0.00
16449;0;2962.50;9.50;908.50;0.00;0.00
16450;0;4536.50;9.50;905.50;0.00;0.00
16451;0;640.50;9.50;891.50;0.00;0.00
16452;0;758.50;9.50;883.50;0.00;0.00
16453;0;4278.50;9.50;895.50;0.00;0.00
16454;0;5409.50;9.50;889.50;0.00;0.00
16455;0;42.50;9.50;875.50;0.00;0.00
16456;0;2319.50;9.50;880.50;0.00;0.00
16457;0;4495.50;9.50;899.50;0.00;0.00
16458;0;2030.50;9.50;907.50;0.00;0.00
16459;0;2857.50;9.50;894.50;0.00;0.00
16460;0;1575.50;9.50;904.50;0.00;0.00
16461;0;4461.50;9.50;898.50;0.00;0.00
16462;0;5331.50;9.50;882.50;0.00;0.00
16463;0;4674.50;9.50;902.50;0.00;0.00
16464;0;2692.50;9.50;900.50;0.00;0.00
16465;0;4335.50;9.50;894.50;0.00;0.00
16466;0;2085.50;9.50;889.50;0.00;0.00
16467;0;3978.50;9.50;884.50;0.00;0.00
16468;0;459.50;9.50;872.50;0.00;0.00
16469;0;4395.50;9.50;903.50;0.00;0.00
16470;0;4149.50;9.50;863.50;0.00;0.00
16471;0;4810.50;9.50;900.50;0.00;0.00
16472;0;2940.50;9.50;899.50;0.00;0.00
16473;0;2126.50;9.50;882.50;0.00;0.00
16474;0;3552.50;9.50;895.50;0.00;0.00
16475;0;4307.50;9.50;896.50;0.00;0.00
16476;0;4849.50;9.50;895.50;0.00;0.00
16477;0;1483.50;9.50;880.50;0.00;0.00
16478;0;1558.50;9.50;887.50;0.00;0.00
16479;0;2669.50;9.50;871.50;0.00;0.00
16480;0;372.50;9.50;894.50;0.00;0.00
16481;0;697.50;9.50;866.50;0.00;0.00
16482;0;4697.50;9.50;892.50;0.00;0.00
16483;0;2775.50;9.50;881.50;0.00;0.00
16484;0;4756.50;9.50;889.50;0.00;0.00
16485;0;327.50;9.50;877.50;0.00;0.00
16486;0;884.50;9.50;852.50;0.00;0.00
16487;0;2723.50;9.50;870.50;0.00;0.00
16488;0;3593.50;9.50;879.50;0.00;0.00
16489;0;3882.50;9.50;867.50;0.00;0.00
16490;0;4079.50;9.50;863.50;0.00;0.00
16491;0;5202.50;9.50;873.50;0.00;0.00
16492;0;5453.50;9.50;873.50;0.00;0.00
16493;0;4734.50;9.50;888.50;0.00;0.00
16494;0;4943.50;9.50;881.50;0.00;0.00
16495;0;1382.50;9.50;881.50;0.00;0.00
16496;0;2821.50;9.50;861.50;0.00;0.00
16497;0;2918.50;9.50;885.50;0.00;0.00
16498;0;2618.50;9.50;870.50;0.00;0.00
16499;0;3535.50;9.50;887.50;0.00;0.00
16500;0;5524.50;9.50;862.50;0.00;0.00
16501;0;5125.50;9.50;868.50;0.00;0.00
16502;0;2954.50;9.50;884.50;0.00;0.00
16503;0;4781.50;9.50;874.50;0.00;0.00
16504;0;2044.50;9.50;884.50;0.00;0.00
16505;0;2889.50;9.50;868.50;0.00;0.00
16506;0;3644.50;9.50;864.50;0.00;0.00
16507;0;4800.50;9.50;882.50;0.00;0.00
16508;0;4351.50;9.50;885.50;0.00;0.00
16509;0;5159.50;9.50;866.50;0.00;0.00
16510;0;3741.50;9.50;860.50;0.00;0.00
16511;0;245.50;9.50;847.50;0.00;0.00
16512;0;4869.50;9.50;874.50;0.00;0.00
16513;0;3520.50;9.50;881.50;0.00;0.00
16514;0;4227.50;9.50;852.50;0.00;0.00
16515;0;4504.50;9.50;869.50;0.00;0.00
16516;0;4312.50;9.50;873.50;0.00;0.00
16517;0;5595.50;9.50;839.50;0.00;0.00
16518;0;355.50;9.50;876.50;0.00;0.00
16519;0;571.50;9.50;851.50;0.00;0.00
16520;0;1235.50;9.50;840.50;0.00;0.00
16521;0;2434.50;9.50;840.50;0.00;0.00
16522;0;5241.50;9.50;842.50;0.00;0.00
16523;0;5369.50;9.50;846.50;0.00;0.00
16524;0;392.50;9.50;861.50;0.00;0.00
16525;0;1426.50;9.50;860.50;0.00;0.00
16526;0;4470.50;9.50;869.50;0.00;0.00
16527;0;3551.50;9.50;866.50;0.00;0.00
16528;0;4904.50;9.50;868.50;0.00;0.00
16529;0;2061.50;9.50;868.50;0.00;0.00
16530;0;4844.50;9.50;869.50;0.00;0.00
16531;0;1554.50;9.50;867.50;0.00;0.00
16532;0;2946.50;9.50;865.50;0.00;0.00
16533;0;3516.50;9.50;862.50;0.00;0.00
16534;0;3690.50;9.50;851.50;0.00;0.00
16535;0;4015.50;9.50;834.50;0.00;0.00
16536;0;1364.50;9.50;851.50;0.00;0.00
16537;0;2046.50;9.50;871.50;0.00;0.00
16538;0;4670.50;9.50;860.50;0.00;0.00
16539;0;810.50;9.50;836.50;0.00;0.00
16540;0;2501.50;9.50;819.50;0.00;0.00
16541;0;4279.50;9.50;853.50;0.00;0.00
16542;0;4443.50;9.50;867.50;0.00;0.00
16543;0;5296.50;9.50;837.50;0.00;0.00
16544;0;1530.50;9.50;857.50;0.00;0.00
16545;0;5087.50;9.50;854.50;0.00;0.00
16546;0;2268.50;9.50;840.50;0.00;0.00
16547;0;4325.50;9.50;849.50;0.00;0.00
16548;0;4359.50;9.50;859.50;0.00;0.00
16549;0;4967.50;9.50;854.50;0.00;0.00
16550;0;5412.50;9.50;855.50;0.00;0.00
16551;0;2087.50;9.50;860.50;0.00;0.00
16552;0;2200.50;9.50;849.50;0.00;0.00
16553;0;3497.50;9.50;860.50;0.00;0.00
16554;0;1312.50;9.50;836.50;0.00;0.00
16555;0;2372.50;9.50;833.50;0.00;0.00
16556;0;2928.50;9.50;860.50;0.00;0.00
16557;0;509.50;9.50;826.50;0.00;0.00
16558;0;3941.50;9.50;818.50;0.00;0.00
16559;0;4761.50;9.50;853.50;0.00;0.00
16560;0;4793.50;9.50;858.50;0.00;0.00
16561;0;4925.50;9.50;856.50;0.00;0.00
16562;0;2108.50;9.50;853.50;0.00;0.00
16563;0;4705.50;9.50;857.50;0.00;0.00
16564;0;4726.50;9.50;859.50;0.00;0.00
16565;0;348.50;9.50;849.50;0.00;0.00
16566;0;2571.50;9.50;828.50;0.00;0.00
16567;0;4828.50;9.50;856.50;0.00;0.00
16568;0;1116.50;9.50;815.50;0.00;0.00
16569;0;2166.50;9.50;833.50;0.00;0.00
16570;0;1465.50;9.50;831.50;0.00;0.00
16571;0;2139.50;9.50;842.50;0.00;0.00
16572;0;4487.50;9.50;845.50;0.00;0.00
16573;0;5471.50;9.50;829.50;0.00;0.00
16574;0;307.50;9.50;833.50;0.00;0.00
16575;0;631.50;9.50;829.50;0.00;0.00
16576;0;5002.50;9.50;845.50;0.00;0.00
16577;0;4373.50;9.50;851.50;0.00;0.00
16578;0;3608.50;9.50;833.50;0.00;0.00
16579;0;2017.50;9.50;855.50;0.00;0.00
16580;0;102.50;9.50;807.50;0.00;0.00
16581;0;1386.50;9.50;837.50;0.00;0.00
16582;0;3487.50;9.50;848.50;0.00;0.00
16583;0;186.50;9.50;796.50;0.00;0.00
16584;0;2227.50;9.50;827.50;0.00;0.00
16585;0;3532.50;9.50;831.50;0.00;0.00
16586;0;5181.50;9.50;840.50;0.00;0.00
16587;0;1017.50;9.50;810.50;0.00;0.00
16588;0;4459.50;9.50;844.50;0.00;0.00
16589;0;4516.50;9.50;840.50;0.00;0.00
16590;0;4841.50;9.50;843.50;0.00;0.00
16591;0;2919.50;9.50;840.50;0.00;0.00
16592;0;2945.50;9.50;844.50;0.00;0.00
16593;0;4349.50;9.50;840.50;0.00;0.00
16594;0;5036.50;9.50;834.50;0.00;0.00
16595;0;5123.50;9.50;842.50;0.00;0.00
16596;0;1512.50;9.50;823.50;0.00;0.00
16597;0;2668.50;9.50;815.50;0.00;0.00
16598;0;4650.50;9.50;833.50;0.00;0.00
16599;0;757.50;9.50;805.50;0.00;0.00
16600;0;2793.50;9.50;813.50;0.00;0.00
16601;0;2896.50;9.50;814.50;0.00;0.00
16602;0;4800.50;9.50;836.50;0.00;0.00
16603;0;5151.50;9.50;835.50;0.00;0.00
16604;0;438.50;9.50;811.50;0.00;0.00
16605;0;2733.50;9.50;802.50;0.00;0.00
16606;0;4672.50;9.50;834.50;0.00;0.00
16607;0;4740.50;9.50;824.50;0.00;0.00
16608;0;5066.50;9.50;824.50;0.00;0.00
16609;0;5100.50;9.50;831.50;0.00;0.00
16610;0;4766.50;9.50;820.50;0.00;0.00
16611;0;378.50;9.50;818.50;0.00;0.00
16612;0;2848.50;9.50;805.50;0.00;0.00
16613;0;4377.50;9.50;837.50;0.00;0.00
16614;0;4871.50;9.50;826.50;0.00;0.00
16615;0;5419.50;9.50;816.50;0.00;0.00
16616;0;3488.50;9.50;824.50;0.00;0.00
16617;0;1539.50;9.50;832.50;0.00;0.00
16618;0;3863.50;9.50;796.50;0.00;0.00
16619;0;4941.50;9.50;826.50;0.00;0.00
16620;0;1411.50;9.50;821.50;0.00;0.00
16621;0;3662.50;9.50;822.50;0.00;0.00
16622;0;3714.50;9.50;818.50;0.00;0.00
16623;0;4301.50;9.50;813.50;0.00;0.00
16624;0;4925.50;9.50;832.50;0.00;0.00
16625;0;5209.50;9.50;821.50;0.00;0.00
16626;0;3757.50;9.50;806.50;0.00;0.00
16627;0;4199.50;9.50;792.50;0.00;0.00
16628;0;4813.50;9.50;825.50;0.00;0.00
16629;0;2934.50;9.50;816.50;0.00;0.00
16630;0;699.50;9.50;807.50;0.00;0.00
16631;0;2322.50;9.50;805.50;0.00;0.00
16632;0;4501.50;9.50;829.50;0.00;0.00
16633;0;4387.50;9.50;826.50;0.00;0.00
16634;0;933.50;9.50;784.50;0.00;0.00
16635;0;3464.50;9.50;821.50;0.00;0.00
16636;0;4341.50;9.50;814.50;0.00;0.00
16637;0;5130.50;9.50;821.50;0.00;0.00
16638;0;5341.50;9.50;797.50;0.00;0.00
16639;0;3568.50;9.50;795.50;0.00;0.00
16640;0;4125.50;9.50;791.50;0.00;0.00
16641;0;4368.50;9.50;820.50;0.00;0.00
16642;0;2960.50;9.50;818.50;0.00;0.00
16643;0;5167.50;9.50;822.50;0.00;0.00
16644;0;4852.50;9.50;822.50;0.00;0.00
16645;0;1358.50;9.50;795.50;0.00;0.00
16646;0;33.50;9.50;777.50;0.00;0.00
16647;0;5525.50;9.50;794.50;0.00;0.00
16648;0;1187.50;9.50;772.50;0.00;0.00
16649;0;852.50;9.50;778.50;0.00;0.00
16650;0;4485.50;9.50;806.50;0.00;0.00
16651;0;4518.50;9.50;803.50;0.00;0.00
16652;0;5190.50;9.50;820.50;0.00;0.00
16653;0;4544.50;9.50;801.50;0.00;0.00
16654;0;5086.50;9.50;809.50;0.00;0.00
16655;0;5110.50;9.50;815.50;0.00;0.00
16656;0;1550.50;9.50;814.50;0.00;0.00
16657;0;3801.50;9.50;771.50;0.00;0.00
16658;0;4650.50;9.50;810.50;0.00;0.00
16659;0;2233.50;9.50;801.50;0.00;0.00
16660;0;5151.50;9.50;809.50;0.00;0.00
16661;0;2615.50;9.50;769.50;0.00;0.00
16662;0;4401.50;9.50;805.50;0.00;0.00
16663;0;4706.50;9.50;799.50;0.00;0.00
16664;0;3513.50;9.50;788.50;0.00;0.00
16665;0;3624.50;9.50;792.50;0.00;0.00
16666;0;3688.50;9.50;804.50;0.00;0.00
16667;0;4052.50;9.50;768.50;0.00;0.00
16668;0;4780.50;9.50;797.50;0.00;0.00
16669;0;2973.50;9.50;803.50;0.00;0.00
16670;0;5183.50;9.50;805.50;0.00;0.00
16671;0;2253.50;9.50;795.50;0.00;0.00
16672;0;4878.50;9.50;803.50;0.00;0.00
16673;0;294.50;9.50;776.50;0.00;0.00
16674;0;1489.50;9.50;788.50;0.00;0.00
16675;0;3465.50;9.50;800.50;0.00;0.00
16676;0;4572.50;9.50;794.50;0.00;0.00
16677;0;5249.50;9.50;797.50;0.00;0.00
16678;0;4384.50;9.50;800.50;0.00;0.00
16679;0;4755.50;9.50;794.50;0.00;0.00
16680;0;1530.50;9.50;796.50;0.00;0.00
16681;0;4595.50;9.50;798.50;0.00;0.00
16682;0;5221.50;9.50;799.50;0.00;0.00
16683;0;2280.50;9.50;792.50;0.00;0.00
16684;0;574.50;9.50;772.50;0.00;0.00
16685;0;1421.50;9.50;769.50;0.00;0.00
16686;0;4671.50;9.50;794.50;0.00;0.00
16687;0;4808.50;9.50;792.50;0.00;0.00
16688;0;1295.50;9.50;768.50;0.00;0.00
16689;0;4831.50;9.50;792.50;0.00;0.00
16690;0;653.50;9.50;774.50;0.00;0.00
16691;0;2427.50;9.50;773.50;0.00;0.00
16692;0;3444.50;9.50;793.50;0.00;0.00
16693;0;3659.50;9.50;791.50;0.00;0.00
16694;0;5577.50;9.50;773.50;0.00;0.00
16695;0;4914.50;9.50;788.50;0.00;0.00
16696;0;5112.50;9.50;796.50;0.00;0.00
16697;0;5132.50;9.50;792.50;0.00;0.00
16698;0;355.50;9.50;768.50;0.00;0.00
16699;0;4641.50;9.50;786.50;0.00;0.00
16700;0;4361.50;9.50;784.50;0.00;0.00
16701;0;4412.50;9.50;789.50;0.00;0.00
16702;0;2928.50;9.50;778.50;0.00;0.00
16703;0;5401.50;9.50;767.50;0.00;0.00
16704;0;5616.50;9.50;766.50;0.00;0.00
16705;0;2990.50;9.50;787.50;0.00;0.00
16706;0;3702.50;9.50;790.50;0.00;0.00
16707;0;4856.50;9.50;782.50;0.00;0.00
16708;0;5166.50;9.50;793.50;0.00;0.00
16709;0;5466.50;9.50;772.50;0.00;0.00
16710;0;4616.50;9.50;787.50;0.00;0.00
16711;0;4315.50;9.50;766.50;0.00;0.00
16712;0;4493.50;9.50;787.50;0.00;0.00
16713;0;5280.50;9.50;783.50;0.00;0.00
16714;0;491.50;9.50;758.50;0.00;0.00
16715;0;5103.50;9.50;783.50;0.00;0.00
16716;0;2545.50;9.50;761.50;0.00;0.00
16717;0;2968.50;9.50;775.50;0.00;0.00
16718;0;4883.50;9.50;779.50;0.00;0.00
16719;0;5151.50;9.50;787.50;0.00;0.00
16720;0;3723.50;9.50;774.50;0.00;0.00
16721;0;4709.50;9.50;783.50;0.00;0.00
16722;0;4937.50;9.50;779.50;0.00;0.00
16723;0;1073.50;9.50;742.50;0.00;0.00
16724;0;2815.50;9.50;759.50;0.00;0.00
16725;0;3679.50;9.50;777.50;0.00;0.00
16726;0;3981.50;9.50;736.50;0.00;0.00
16727;0;3474.50;9.50;770.50;0.00;0.00
16728;0;5223.50;9.50;772.50;0.00;0.00
16729;0;784.50;9.50;742.50;0.00;0.00
16730;0;2692.50;9.50;750.50;0.00;0.00
16731;0;4432.50;9.50;775.50;0.00;0.00
16732;0;4520.50;9.50;776.50;0.00;0.00
16733;0;2884.50;9.50;747.50;0.00;0.00
16734;0;4478.50;9.50;776.50;0.00;0.00
16735;0;4547.50;9.50;775.50;0.00;0.00
16736;0;4959.50;9.50;778.50;0.00;0.00
16737;0;419.50;9.50;749.50;0.00;0.00
16738;0;4242.50;9.50;734.50;0.00;0.00
16739;0;5117.50;9.50;779.50;0.00;0.00
16740;0;4601.50;9.50;770.50;0.00;0.00
16741;0;1533.50;9.50;770.50;0.00;0.00
16742;0;2365.50;9.50;737.50;0.00;0.00
16743;0;2484.50;9.50;734.50;0.00;0.00
16744;0;3900.50;9.50;728.50;0.00;0.00
16745;0;4781.50;9.50;769.50;0.00;0.00
16746;0;5318.50;9.50;756.50;0.00;0.00
16747;0;3445.50;9.50;771.50;0.00;0.00
16748;0;4727.50;9.50;760.50;0.00;0.00
16749;0;5193.50;9.50;761.50;0.00;0.00
16750;0;2997.50;9.50;769.50;0.00;0.00
16751;0;4578.50;9.50;768.50;0.00;0.00
16752;0;4751.50;9.50;767.50;0.00;0.00
16753;0;2312.50;9.50;756.50;0.00;0.00
16754;0;4407.50;9.50;758.50;0.00;0.00
16755;0;4671.50;9.50;769.50;0.00;0.00
16756;0;5139.50;9.50;764.50;0.00;0.00
16757;0;138.50;9.50;735.50;0.00;0.00
16758;0;243.50;9.50;732.50;0.00;0.00
16759;0;3639.50;9.50;753.50;0.00;0.00
16760;0;4701.50;9.50;762.50;0.00;0.00
16761;0;2280.50;9.50;764.50;0.00;0.00
16762;0;714.50;9.50;739.50;0.00;0.00
16763;0;1505.50;9.50;746.50;0.00;0.00
16764;0;2758.50;9.50;736.50;0.00;0.00
16765;0;4904.50;9.50;760.50;0.00;0.00
16766;0;5281.50;9.50;758.50;0.00;0.00
16767;0;4449.50;9.50;759.50;0.00;0.00
16768;0;4954.50;9.50;762.50;0.00;0.00
16769;0;4877.50;9.50;762.50;0.00;0.00
16770;0;5356.50;9.50;750.50;0.00;0.00
16771;0;3571.50;9.50;745.50;0.00;0.00
16772;0;4976.50;9.50;757.50;0.00;0.00
16773;0;5295.50;9.50;753.50;0.00;0.00
16774;0;3733.50;9.50;732.50;0.00;0.00
16775;0;4934.50;9.50;749.50;0.00;0.00
16776;0;4656.50;9.50;749.50;0.00;0.00
16777;0;3684.50;9.50;747.50;0.00;0.00
16778;0;4819.50;9.50;744.50;0.00;0.00
16779;0;4851.50;9.50;750.50;0.00;0.00
16780;0;5160.50;9.50;753.50;0.00;0.00
16781;0;5235.50;9.50;748.50;0.00;0.00
16782;0;4365.50;9.50;737.50;0.00;0.00
16783;0;72.50;9.50;726.50;0.00;0.00
16784;0;2984.50;9.50;749.50;0.00;0.00
16785;0;4631.50;9.50;746.50;0.00;0.00
16786;0;1555.50;9.50;746.50;0.00;0.00
16787;0;3439.50;9.50;745.50;0.00;0.00
16788;0;3459.50;9.50;745.50;0.00;0.00
16789;0;4611.50;9.50;751.50;0.00;0.00
16790;0;976.50;9.50;707.50;0.00;0.00
16791;0;3010.50;9.50;745.50;0.00;0.00
16792;0;5128.50;9.50;750.50;0.00;0.00
16793;0;5543.50;9.50;733.50;0.00;0.00
16794;0;3530.50;9.50;722.50;0.00;0.00
16795;0;4778.50;9.50;745.50;0.00;0.00
16796;0;5259.50;9.50;737.50;0.00;0.00
16797;0;4463.50;9.50;737.50;0.00;0.00
16798;0;4759.50;9.50;745.50;0.00;0.00
16799;0;2283.50;9.50;742.50;0.00;0.00
16800;0;4688.50;9.50;743.50;0.00;0.00
16801;0;643.50;9.50;716.50;0.00;0.00
16802;0;1457.50;9.50;706.50;0.00;0.00
16803;0;4163.50;9.50;704.50;0.00;0.00
16804;0;5143.50;9.50;741.50;0.00;0.00
16805;0;5207.50;9.50;733.50;0.00;0.00
16806;0;4959.50;9.50;740.50;0.00;0.00
16807;0;5608.50;9.50;741.50;0.00;0.00
16808;0;5443.50;9.50;719.50;0.00;0.00
16809;0;5584.50;9.50;730.50;0.00;0.00
16810;0;879.50;9.50;701.50;0.00;0.00
16811;0;4716.50;9.50;740.50;0.00;0.00
16812;0;1373.50;9.50;699.50;0.00;0.00
16813;0;5626.50;9.50;738.50;0.00;0.00
16814;0;1275.50;9.50;690.50;0.00;0.00
16815;0;3483.50;9.50;731.50;0.00;0.00
16816;0;5323.50;9.50;725.50;0.00;0.00
16817;0;2977.50;9.50;716.50;0.00;0.00
16818;0;3789.50;9.50;708.50;0.00;0.00
16819;0;4423.50;9.50;715.50;0.00;0.00
16820;0;4490.50;9.50;736.50;0.00;0.00
16821;0;4908.50;9.50;729.50;0.00;0.00
16822;0;3599.50;9.50;716.50;0.00;0.00
16823;0;4878.50;9.50;728.50;0.00;0.00
16824;0;2581.50;9.50;700.50;0.00;0.00
16825;0;2933.50;9.50;715.50;0.00;0.00
16826;0;5073.50;9.50;720.50;0.00;0.00
16827;0;1537.50;9.50;717.50;0.00;0.00
16828;0;4307.50;9.50;706.50;0.00;0.00
16829;0;4525.50;9.50;726.50;0.00;0.00
16830;0;5181.50;9.50;727.50;0.00;0.00
16831;0;5514.50;9.50;691.50;0.00;0.00
16832;0;5161.50;9.50;731.50;0.00;0.00
16833;0;5385.50;9.50;721.50;0.00;0.00
16834;0;370.50;9.50;701.50;0.00;0.00
16835;0;183.50;9.50;687.50;0.00;0.00
16836;0;520.50;9.50;694.50;0.00;0.00
16837;0;1573.50;9.50;713.50;0.00;0.00
16838;0;2650.50;9.50;694.50;0.00;0.00
16839;0;3443.50;9.50;728.50;0.00;0.00
16840;0;4079.50;9.50;688.50;0.00;0.00
16841;0;5098.50;9.50;714.50;0.00;0.00
16842;0;2821.50;9.50;700.50;0.00;0.00
16843;0;3007.50;9.50;724.50;0.00;0.00
16844;0;586.50;9.50;690.50;0.00;0.00
16845;0;5304.50;9.50;725.50;0.00;0.00
16846;0;4555.50;9.50;718.50;0.00;0.00
16847;0;4978.50;9.50;718.50;0.00;0.00
16848;0;5007.50;9.50;712.50;0.00;0.00
16849;0;2280.50;9.50;717.50;0.00;0.00
16850;0;2431.50;9.50;687.50;0.00;0.00
16851;0;4589.50;9.50;715.50;0.00;0.00
16852;0;4948.50;9.50;715.50;0.00;0.00
16853;0;452.50;9.50;693.50;0.00;0.00
16854;0;1189.50;9.50;690.50;0.00;0.00
16855;0;4760.50;9.50;725.50;0.00;0.00
16856;0;4826.50;9.50;710.50;0.00;0.00
16857;0;5286.50;9.50;711.50;0.00;0.00
16858;0;3636.50;9.50;711.50;0.00;0.00
16859;0;4739.50;9.50;714.50;0.00;0.00
16860;0;4652.50;9.50;708.50;0.00;0.00
16861;0;3688.50;9.50;698.50;0.00;0.00
16862;0;4497.50;9.50;708.50;0.00;0.00
16863;0;4798.50;9.50;710.50;0.00;0.00
16864;0;3498.50;9.50;704.50;0.00;0.00
16865;0;4674.50;9.50;705.50;0.00;0.00
16866;0;4720.50;9.50;718.50;0.00;0.00
16867;0;5227.50;9.50;704.50;0.00;0.00
16868;0;2315.50;9.50;699.50;0.00;0.00
16869;0;2717.50;9.50;685.50;0.00;0.00
16870;0;5259.50;9.50;708.50;0.00;0.00
16871;0;5354.50;9.50;715.50;0.00;0.00
16872;0;3448.50;9.50;712.50;0.00;0.00
16873;0;310.50;9.50;666.50;0.00;0.00
16874;0;3849.50;9.50;664.50;0.00;0.00
16875;0;4620.50;9.50;696.50;0.00;0.00
16876;0;5617.50;9.50;707.50;0.00;0.00
16877;0;1104.50;9.50;665.50;0.00;0.00
16878;0;4705.50;9.50;691.50;0.00;0.00
16879;0;5037.50;9.50;706.50;0.00;0.00
16880;0;5402.50;9.50;689.50;0.00;0.00
16881;0;4774.50;9.50;698.50;0.00;0.00
16882;0;2889.50;9.50;687.50;0.00;0.00
16883;0;4849.50;9.50;698.50;0.00;0.00
16884;0;5309.50;9.50;701.50;0.00;0.00
16885;0;3466.50;9.50;701.50;0.00;0.00
16886;0;4872.50;9.50;703.50;0.00;0.00
16887;0;5330.50;9.50;698.50;0.00;0.00
16888;0;2262.50;9.50;704.50;0.00;0.00
16889;0;4462.50;9.50;680.50;0.00;0.00
16890;0;5117.50;9.50;699.50;0.00;0.00
16891;0;3571.50;9.50;699.50;0.00;0.00
16892;0;4903.50;9.50;699.50;0.00;0.00
16893;0;5196.50;9.50;700.50;0.00;0.00
16894;0;3014.50;9.50;699.50;0.00;0.00
16895;0;5580.50;9.50;691.50;0.00;0.00
16896;0;32.50;9.50;653.50;0.00;0.00
16897;0;4379.50;9.50;671.50;0.00;0.00
16898;0;4931.50;9.50;692.50;0.00;0.00
16899;0;801.50;9.50;666.50;0.00;0.00
16900;0;2515.50;9.50;665.50;0.00;0.00
16901;0;5471.50;9.50;680.50;0.00;0.00
16902;0;722.50;9.50;675.50;0.00;0.00
16903;0;90.50;9.50;679.50;0.00;0.00
16904;0;5070.50;9.50;688.50;0.00;0.00
16905;0;1583.50;9.50;681.50;0.00;0.00
16906;0;4543.50;9.50;672.50;0.00;0.00
16907;0;5153.50;9.50;693.50;0.00;0.00
16908;0;5370.50;9.50;689.50;0.00;0.00
16909;0;2276.50;9.50;681.50;0.00;0.00
16910;0;243.50;9.50;663.50;0.00;0.00
16911;0;2362.50;9.50;662.50;0.00;0.00
16912;0;4989.50;9.50;682.50;0.00;0.00
16913;0;128.50;9.50;680.50;0.00;0.00
16914;0;1518.50;9.50;670.50;0.00;0.00
16915;0;3541.50;9.50;678.50;0.00;0.00
16916;0;4741.50;9.50;679.50;0.00;0.00
16917;0;4233.50;9.50;659.50;0.00;0.00
16918;0;3743.50;9.50;663.50;0.00;0.00
16919;0;3979.50;9.50;652.50;0.00;0.00
16920;0;4961.50;9.50;688.50;0.00;0.00
16921;0;4668.50;9.50;675.50;0.00;0.00
16922;0;5287.50;9.50;679.50;0.00;0.00
16923;0;5345.50;9.50;684.50;0.00;0.00
16924;0;2244.50;9.50;682.50;0.00;0.00
16925;0;4816.50;9.50;678.50;0.00;0.00
16926;0;5177.50;9.50;688.50;0.00;0.00
16927;0;5205.50;9.50;677.50;0.00;0.00
16928;0;3604.50;9.50;684.50;0.00;0.00
16929;0;5021.50;9.50;680.50;0.00;0.00
16930;0;3508.50;9.50;671.50;0.00;0.00
16931;0;5131.50;9.50;673.50;0.00;0.00
16932;0;5434.50;9.50;674.50;0.00;0.00
16933;0;4878.50;9.50;679.50;0.00;0.00
16934;0;3460.50;9.50;681.50;0.00;0.00
16935;0;3480.50;9.50;671.50;0.00;0.00
16936;0;2776.50;9.50;644.50;0.00;0.00
16937;0;2963.50;9.50;664.50;0.00;0.00
16938;0;3631.50;9.50;676.50;0.00;0.00
16939;0;5615.50;9.50;672.50;0.00;0.00
16940;0;2999.50;9.50;660.50;0.00;0.00
16941;0;5321.50;9.50;668.50;0.00;0.00
16942;0;5258.50;9.50;646.50;0.00;0.00
16943;0;3569.50;9.50;676.50;0.00;0.00
16944;0;5549.50;9.50;656.50;0.00;0.00
16945;0;650.50;9.50;653.50;0.00;0.00
16946;0;3017.50;9.50;677.50;0.00;0.00
16947;0;4770.50;9.50;670.50;0.00;0.00
16948;0;1007.50;9.50;618.50;0.00;0.00
16949;0;5171.50;9.50;662.50;0.00;0.00
16950;0;4714.50;9.50;658.50;0.00;0.00
16951;0;4843.50;9.50;670.50;0.00;0.00
16952;0;2848.50;9.50;646.50;0.00;0.00
16953;0;5094.50;9.50;657.50;0.00;0.00
16954;0;5361.50;9.50;663.50;0.00;0.00
16955;0;397.50;9.50;637.50;0.00;0.00
16956;0;1437.50;9.50;628.50;0.00;0.00
16957;0;1328.50;9.50;623.50;0.00;0.00
16958;0;2608.50;9.50;634.50;0.00;0.00
16959;0;4620.50;9.50;645.50;0.00;0.00
16960;0;4795.50;9.50;659.50;0.00;0.00
16961;0;1607.50;9.50;661.50;0.00;0.00
16962;0;2255.50;9.50;652.50;0.00;0.00
16963;0;3609.50;9.50;662.50;0.00;0.00
16964;0;5072.50;9.50;660.50;0.00;0.00
16965;0;4310.50;9.50;639.50;0.00;0.00
16966;0;4964.50;9.50;663.50;0.00;0.00
16967;0;5385.50;9.50;648.50;0.00;0.00
16968;0;5409.50;9.50;658.50;0.00;0.00
16969;0;2919.50;9.50;634.50;0.00;0.00
16970;0;1557.50;9.50;634.50;0.00;0.00
16971;0;3561.50;9.50;660.50;0.00;0.00
16972;0;3681.50;9.50;640.50;0.00;0.00
16973;0;5216.50;9.50;648.50;0.00;0.00
16974;0;913.50;9.50;621.50;0.00;0.00
16975;0;2222.50;9.50;649.50;0.00;0.00
16976;0;138.50;9.50;650.50;0.00;0.00
16977;0;464.50;9.50;629.50;0.00;0.00
16978;0;3907.50;9.50;603.50;0.00;0.00
16979;0;560.50;9.50;626.50;0.00;0.00
16980;0;3466.50;9.50;649.50;0.00;0.00
16981;0;4484.50;9.50;626.50;0.00;0.00
16982;0;2684.50;9.50;623.50;0.00;0.00
16983;0;1238.50;9.50;616.50;0.00;0.00
16984;0;4149.50;9.50;619.50;0.00;0.00
16985;0;87.50;9.50;638.50;0.00;0.00
16986;0;4828.50;9.50;648.50;0.00;0.00
16987;0;5117.50;9.50;641.50;0.00;0.00
16988;0;5466.50;9.50;646.50;0.00;0.00
16989;0;1596.50;9.50;638.50;0.00;0.00
16990;0;5011.50;9.50;647.50;0.00;0.00
16991;0;5602.50;9.50;643.50;0.00;0.00
16992;0;4981.50;9.50;645.50;0.00;0.00
16993;0;3639.50;9.50;646.50;0.00;0.00
16994;0;5443.50;9.50;645.50;0.00;0.00
16995;0;2298.50;9.50;624.50;0.00;0.00
16996;0;2473.50;9.50;604.50;0.00;0.00
16997;0;119.50;9.50;630.50;0.00;0.00
16998;0;167.50;9.50;625.50;0.00;0.00
16999;0;5344.50;9.50;630.50;0.00;0.00
17000;0;4420.50;9.50;615.50;0.00;0.00
17001;0;5496.50;9.50;626.50;0.00;0.00
17002;0;3550.50;9.50;642.50;0.00;0.00
17003;0;4760.50;9.50;643.50;0.00;0.00
17004;0;3531.50;9.50;636.50;0.00;0.00
17005;0;5424.50;9.50;645.50;0.00;0.00
17006;0;1160.50;9.50;610.50;0.00;0.00
17007;0;3611.50;9.50;639.50;0.00;0.00
17008;0;4671.50;9.50;630.50;0.00;0.00
17009;0;4069.50;9.50;606.50;0.00;0.00
17010;0;5154.50;9.50;622.50;0.00;0.00
17011;0;2400.50;9.50;599.50;0.00;0.00
17012;0;3505.50;9.50;633.50;0.00;0.00
17013;0;4951.50;9.50;632.50;0.00;0.00
17014;0;5576.50;9.50;625.50;0.00;0.00
17015;0;5624.50;9.50;631.50;0.00;0.00
17016;0;2993.50;9.50;634.50;0.00;0.00
17017;0;346.50;9.50;593.50;0.00;0.00
17018;0;707.50;9.50;610.50;0.00;0.00
17019;0;4741.50;9.50;629.50;0.00;0.00
17020;0;1621.50;9.50;625.50;0.00;0.00
17021;0;220.50;9.50;601.50;0.00;0.00
17022;0;2963.50;9.50;620.50;0.00;0.00
17023;0;3814.50;9.50;592.50;0.00;0.00
17024;0;4543.50;9.50;602.50;0.00;0.00
17025;0;5294.50;9.50;606.50;0.00;0.00
17026;0;4709.50;9.50;623.50;0.00;0.00
17027;0;3727.50;9.50;613.50;0.00;0.00
17028;0;4360.50;9.50;596.50;0.00;0.00
17029;0;5439.50;9.50;628.50;0.00;0.00
17030;0;2221.50;9.50;622.50;0.00;0.00
17031;0;4993.50;9.50;621.50;0.00;0.00
17032;0;5413.50;9.50;623.50;0.00;0.00
17033;0;1509.50;9.50;586.50;0.00;0.00
17034;0;3467.50;9.50;620.50;0.00;0.00
17035;0;3636.50;9.50;620.50;0.00;0.00
17036;0;5019.50;9.50;624.50;0.00;0.00
17037;0;5458.50;9.50;623.50;0.00;0.00
17038;0;5387.50;9.50;616.50;0.00;0.00
17039;0;620.50;9.50;592.50;0.00;0.00
17040;0;2558.50;9.50;577.50;0.00;0.00
17041;0;4970.50;9.50;623.50;0.00;0.00
17042;0;5104.50;9.50;614.50;0.00;0.00
17043;0;5613.50;9.50;622.50;0.00;0.00
17044;0;61.50;9.50;596.50;0.00;0.00
17045;0;5224.50;9.50;599.50;0.00;0.00
17046;0;816.50;9.50;589.50;0.00;0.00
17047;0;283.50;9.50;577.50;0.00;0.00
17048;0;505.50;9.50;580.50;0.00;0.00
17049;0;1089.50;9.50;588.50;0.00;0.00
17050;0;2820.50;9.50;589.50;0.00;0.00
17051;0;3493.50;9.50;604.50;0.00;0.00
17052;0;3610.50;9.50;614.50;0.00;0.00
17053;0;4599.50;9.50;595.50;0.00;0.00
17054;0;5535.50;9.50;596.50;0.00;0.00
17055;0;1638.50;9.50;607.50;0.00;0.00
17056;0;4222.50;9.50;581.50;0.00;0.00
17057;0;5600.50;9.50;614.50;0.00;0.00
17058;0;1591.50;9.50;597.50;0.00;0.00
17059;0;4729.50;9.50;610.50;0.00;0.00
17060;0;5010.50;9.50;600.50;0.00;0.00
17061;0;2732.50;9.50;570.50;0.00;0.00
17062;0;129.50;9.50;592.50;0.00;0.00
17063;0;3448.50;9.50;602.50;0.00;0.00
17064;0;3998.50;9.50;571.50;0.00;0.00
17065;0;5424.50;9.50;597.50;0.00;0.00
17066;0;2227.50;9.50;592.50;0.00;0.00
17067;0;1662.50;9.50;597.50;0.00;0.00
17068;0;2334.50;9.50;561.50;0.00;0.00
17069;0;4644.50;9.50;587.50;0.00;0.00
17070;0;5453.50;9.50;598.50;0.00;0.00
17071;0;2983.50;9.50;590.50;0.00;0.00
17072;0;5363.50;9.50;587.50;0.00;0.00
17073;0;1390.50;9.50;558.50;0.00;0.00
17074;0;2932.50;9.50;583.50;0.00;0.00
17075;0;3625.50;9.50;597.50;0.00;0.00
17076;0;3673.50;9.50;590.50;0.00;0.00
17077;0;4298.50;9.50;578.50;0.00;0.00
17078;0;4685.50;9.50;591.50;0.00;0.00
17079;0;5582.50;9.50;598.50;0.00;0.00
17080;0;5116.50;9.50;591.50;0.00;0.00
17081;0;5175.50;9.50;578.50;0.00;0.00
17082;0;2639.50;9.50;560.50;0.00;0.00
17083;0;3605.50;9.50;601.50;0.00;0.00
17084;0;4747.50;9.50;602.50;0.00;0.00
17085;0;5598.50;9.50;600.50;0.00;0.00
17086;0;1684.50;9.50;587.50;0.00;0.00
17087;0;5485.50;9.50;577.50;0.00;0.00
17088;0;5623.50;9.50;593.50;0.00;0.00
17089;0;3598.50;9.50;589.50;0.00;0.00
17090;0;4713.50;9.50;592.50;0.00;0.00
17091;0;26.50;9.50;551.50;0.00;0.00
17092;0;3456.50;9.50;571.50;0.00;0.00
17093;0;3424.50;9.50;584.50;0.00;0.00
17094;0;1287.50;9.50;547.50;0.00;0.00
17095;0;2262.50;9.50;555.50;0.00;0.00
17096;0;415.50;9.50;556.50;0.00;0.00
17097;0;3700.50;9.50;568.50;0.00;0.00
17098;0;1631.50;9.50;568.50;0.00;0.00
17099;0;5137.50;9.50;571.50;0.00;0.00
17100;0;3732.50;9.50;575.50;0.00;0.00
17101;0;4444.50;9.50;550.50;0.00;0.00
17102;0;5573.50;9.50;573.50;0.00;0.00
17103;0;3635.50;9.50;565.50;0.00;0.00
17104;0;3402.50;9.50;566.50;0.00;0.00
17105;0;5325.50;9.50;553.50;0.00;0.00
17106;0;3491.50;9.50;573.50;0.00;0.00
17107;0;109.50;9.50;552.50;0.00;0.00
17108;0;5398.50;9.50;570.50;0.00;0.00
17109;0;4709.50;9.50;574.50;0.00;0.00
17110;0;656.50;9.50;536.50;0.00;0.00
17111;0;970.50;9.50;519.50;0.00;0.00
17112;0;1703.50;9.50;568.50;0.00;0.00
17113;0;2212.50;9.50;558.50;0.00;0.00
17114;0;5620.50;9.50;572.50;0.00;0.00
17115;0;3780.50;9.50;540.50;0.00;0.00
17116;0;5255.50;9.50;548.50;0.00;0.00
17117;0;5431.50;9.50;567.50;0.00;0.00
17118;0;3606.50;9.50;572.50;0.00;0.00
17119;0;4505.50;9.50;528.50;0.00;0.00
17120;0;195.50;9.50;537.50;0.00;0.00
17121;0;725.50;9.50;541.50;0.00;0.00
17122;0;891.50;9.50;537.50;0.00;0.00
17123;0;3000.50;9.50;564.50;0.00;0.00
17124;0;3864.50;9.50;527.50;0.00;0.00
17125;0;4670.50;9.50;565.50;0.00;0.00
17126;0;5598.50;9.50;563.50;0.00;0.00
17127;0;1673.50;9.50;554.50;0.00;0.00
17128;0;560.50;9.50;538.50;0.00;0.00
17129;0;1047.50;9.50;522.50;0.00;0.00
17130;0;2857.50;9.50;532.50;0.00;0.00
17131;0;1577.50;9.50;533.50;0.00;0.00
17132;0;4142.50;9.50;531.50;0.00;0.00
17133;0;1205.50;9.50;529.50;0.00;0.00
17134;0;2495.50;9.50;530.50;0.00;0.00
17135;0;2973.50;9.50;546.50;0.00;0.00
17136;0;4692.50;9.50;565.50;0.00;0.00
17137;0;4593.50;9.50;553.50;0.00;0.00
17138;0;2783.50;9.50;520.50;0.00;0.00
17139;0;4378.50;9.50;537.50;0.00;0.00
17140;0;4556.50;9.50;541.50;0.00;0.00
17141;0;3591.50;9.50;556.50;0.00;0.00
17142;0;69.50;9.50;553.50;0.00;0.00
17143;0;3378.50;9.50;552.50;0.00;0.00
17144;0;4629.50;9.50;554.50;0.00;0.00
17145;0;5367.50;9.50;550.50;0.00;0.00
17146;0;5549.50;9.50;536.50;0.00;0.00
17147;0;4650.50;9.50;555.50;0.00;0.00
17148;0;3663.50;9.50;544.50;0.00;0.00
17149;0;3948.50;9.50;509.50;0.00;0.00
17150;0;345.50;9.50;521.50;0.00;0.00
17151;0;5410.50;9.50;548.50;0.00;0.00
17152;0;2924.50;9.50;526.50;0.00;0.00
17153;0;3733.50;9.50;548.50;0.00;0.00
17154;0;3483.50;9.50;544.50;0.00;0.00
17155;0;5464.50;9.50;538.50;0.00;0.00
17156;0;480.50;9.50;512.50;0.00;0.00
17157;0;5167.50;9.50;539.50;0.00;0.00
17158;0;262.50;9.50;510.50;0.00;0.00
17159;0;1499.50;9.50;505.50;0.00;0.00
17160;0;793.50;9.50;516.50;0.00;0.00
17161;0;3011.50;9.50;535.50;0.00;0.00
17162;0;3688.50;9.50;547.50;0.00;0.00
17163;0;3707.50;9.50;539.50;0.00;0.00
17164;0;2410.50;9.50;514.50;0.00;0.00
17165;0;4285.50;9.50;520.50;0.00;0.00
17166;0;1703.50;9.50;537.50;0.00;0.00
17167;0;4614.50;9.50;538.50;0.00;0.00
17168;0;1126.50;9.50;503.50;0.00;0.00
17169;0;2706.50;9.50;502.50;0.00;0.00
17170;0;5604.50;9.50;523.50;0.00;0.00
17171;0;3446.50;9.50;525.50;0.00;0.00
17172;0;3619.50;9.50;520.50;0.00;0.00
17173;0;4061.50;9.50;499.50;0.00;0.00
17174;0;141.50;9.50;502.50;0.00;0.00
17175;0;5424.50;9.50;533.50;0.00;0.00
17176;0;5197.50;9.50;522.50;0.00;0.00
17177;0;3586.50;9.50;532.50;0.00;0.00
17178;0;5500.50;9.50;503.50;0.00;0.00
17179;0;59.50;9.50;521.50;0.00;0.00
17180;0;2582.50;9.50;497.50;0.00;0.00
17181;0;2179.50;9.50;508.50;0.00;0.00
17182;0;3388.50;9.50;524.50;0.00;0.00
17183;0;2221.50;9.50;513.50;0.00;0.00
17184;0;5385.50;9.50;520.50;0.00;0.00
17185;0;4222.50;9.50;505.50;0.00;0.00
17186;0;3739.50;9.50;514.50;0.00;0.00
17187;0;4586.50;9.50;524.50;0.00;0.00
17188;0;609.50;9.50;484.50;0.00;0.00
17189;0;1661.50;9.50;506.50;0.00;0.00
17190;0;1337.50;9.50;484.50;0.00;0.00
17191;0;5342.50;9.50;494.50;0.00;0.00
17192;0;3700.50;9.50;515.50;0.00;0.00
17193;0;2279.50;9.50;481.50;0.00;0.00
17194;0;3481.50;9.50;506.50;0.00;0.00
17195;0;89.50;9.50;494.50;0.00;0.00
17196;0;2978.50;9.50;497.50;0.00;0.00
17197;0;3028.50;9.50;511.50;0.00;0.00
17198;0;3662.50;9.50;504.50;0.00;0.00
17199;0;3417.50;9.50;483.50;0.00;0.00
17200;0;5436.50;9.50;503.50;0.00;0.00
17201;0;1414.50;9.50;478.50;0.00;0.00
17202;0;1699.50;9.50;511.50;0.00;0.00
17203;0;5266.50;9.50;489.50;0.00;0.00
17204;0;3576.50;9.50;507.50;0.00;0.00
17205;0;3787.50;9.50;469.50;0.00;0.00
17206;0;841.50;9.50;461.50;0.00;0.00
17207;0;5219.50;9.50;496.50;0.00;0.00
17208;0;4445.50;9.50;481.50;0.00;0.00
17209;0;4578.50;9.50;499.50;0.00;0.00
17210;0;1611.50;9.50;468.50;0.00;0.00
17211;0;4544.50;9.50;489.50;0.00;0.00
17212;0;401.50;9.50;466.50;0.00;0.00
17213;0;2354.50;9.50;456.50;0.00;0.00
17214;0;2888.50;9.50;472.50;0.00;0.00
17215;0;4376.50;9.50;474.50;0.00;0.00
17216;0;694.50;9.50;465.50;0.00;0.00
17217;0;5400.50;9.50;483.50;0.00;0.00
17218;0;2141.50;9.50;488.50;0.00;0.00
17219;0;5570.50;9.50;471.50;0.00;0.00
17220;0;37.50;9.50;460.50;0.00;0.00
17221;0;3593.50;9.50;481.50;0.00;0.00
17222;0;1266.50;9.50;465.50;0.00;0.00
17223;0;3019.50;9.50;485.50;0.00;0.00
17224;0;3379.50;9.50;478.50;0.00;0.00
17225;0;3708.50;9.50;476.50;0.00;0.00
17226;0;2101.50;9.50;475.50;0.00;0.00
17227;0;2821.50;9.50;455.50;0.00;0.00
17228;0;2660.50;9.50;441.50;0.00;0.00
17229;0;4177.50;9.50;449.50;0.00;0.00
17230;0;4304.50;9.50;461.50;0.00;0.00
17231;0;5459.50;9.50;455.50;0.00;0.00
17232;0;2485.50;9.50;447.50;0.00;0.00
17233;0;3486.50;9.50;475.50;0.00;0.00
17234;0;4506.50;9.50;448.50;0.00;0.00
17235;0;2184.50;9.50;462.50;0.00;0.00
17236;0;3039.50;9.50;472.50;0.00;0.00
17237;0;3638.50;9.50;453.50;0.00;0.00
17238;0;541.50;9.50;446.50;0.00;0.00
17239;0;331.50;9.50;446.50;0.00;0.00
17240;0;905.50;9.50;434.50;0.00;0.00
17241;0;1691.50;9.50;465.50;0.00;0.00
17242;0;3547.50;9.50;462.50;0.00;0.00
17243;0;2748.50;9.50;436.50;0.00;0.00
17244;0;2942.50;9.50;433.50;0.00;0.00
17245;0;1046.50;9.50;446.50;0.00;0.00
17246;0;3864.50;9.50;439.50;0.00;0.00
17247;0;769.50;9.50;436.50;0.00;0.00
17248;0;1552.50;9.50;414.50;0.00;0.00
17249;0;197.50;9.50;417.50;0.00;0.00
17250;0;4105.50;9.50;429.50;0.00;0.00
17251;0;4574.50;9.50;460.50;0.00;0.00
17252;0;974.50;9.50;434.50;0.00;0.00
17253;0;4017.50;9.50;427.50;0.00;0.00
17254;0;1199.50;9.50;429.50;0.00;0.00
17255;0;466.50;9.50;439.50;0.00;0.00
17256;0;5302.50;9.50;428.50;0.00;0.00
17257;0;2074.50;9.50;451.50;0.00;0.00
17258;0;3345.50;9.50;461.50;0.00;0.00
17259;0;121.50;9.50;434.50;0.00;0.00
17260;0;265.50;9.50;427.50;0.00;0.00
17261;0;3475.50;9.50;431.50;0.00;0.00
17262;0;3941.50;9.50;419.50;0.00;0.00
17263;0;3524.50;9.50;439.50;0.00;0.00
17264;0;1469.50;9.50;417.50;0.00;0.00
17265;0;5236.50;9.50;448.50;0.00;0.00
17266;0;3576.50;9.50;442.50;0.00;0.00
17267;0;5379.50;9.50;427.50;0.00;0.00
17268;0;2999.50;9.50;423.50;0.00;0.00
17269;0;3375.50;9.50;444.50;0.00;0.00
17270;0;1122.50;9.50;422.50;0.00;0.00
17271;0;3031.50;9.50;451.50;0.00;0.00
17272;0;2121.50;9.50;431.50;0.00;0.00
17273;0;2230.50;9.50;406.50;0.00;0.00
17274;0;3419.50;9.50;419.50;0.00;0.00
17275;0;4266.50;9.50;407.50;0.00;0.00
17276;0;630.50;9.50;410.50;0.00;0.00
17277;0;3718.50;9.50;414.50;0.00;0.00
17278;0;2586.50;9.50;409.50;0.00;0.00
17279;0;4557.50;9.50;423.50;0.00;0.00
17280;0;4589.50;9.50;436.50;0.00;0.00
17281;0;1682.50;9.50;428.50;0.00;0.00
17282;0;4348.50;9.50;408.50;0.00;0.00
17283;0;4444.50;9.50;407.50;0.00;0.00
17284;0;5499.50;9.50;402.50;0.00;0.00
17285;0;1637.50;9.50;411.50;0.00;0.00
17286;0;3038.50;9.50;426.50;0.00;0.00
17287;0;2428.50;9.50;381.50;0.00;0.00
17288;0;1373.50;9.50;393.50;0.00;0.00
17289;0;5563.50;9.50;407.50;0.00;0.00
17290;0;3340.50;9.50;414.50;0.00;0.00
17291;0;2069.50;9.50;411.50;0.00;0.00
17292;0;3061.50;9.50;414.50;0.00;0.00
17293;0;5244.50;9.50;409.50;0.00;0.00
17294;0;3795.50;9.50;382.50;0.00;0.00
17295;0;2343.50;9.50;379.50;0.00;0.00
17296;0;2877.50;9.50;392.50;0.00;0.00
17297;0;362.50;9.50;378.50;0.00;0.00
17298;0;3649.50;9.50;384.50;0.00;0.00
17299;0;4597.50;9.50;406.50;0.00;0.00
17300;0;3566.50;9.50;384.50;0.00;0.00
17301;0;499.50;9.50;376.50;0.00;0.00
17302;0;4200.50;9.50;379.50;0.00;0.00
17303;0;46.50;9.50;375.50;0.00;0.00
17304;0;2689.50;9.50;367.50;0.00;0.00
17305;0;2800.50;9.50;374.50;0.00;0.00
17306;0;4516.50;9.50;382.50;0.00;0.00
17307;0;2514.50;9.50;362.50;0.00;0.00
17308;0;710.50;9.50;374.50;0.00;0.00
17309;0;856.50;9.50;368.50;0.00;0.00
17310;0;1292.50;9.50;350.50;0.00;0.00
17311;0;929.50;9.50;370.50;0.00;0.00
17312;0;4063.50;9.50;365.50;0.00;0.00
17313;0;2043.50;9.50;391.50;0.00;0.00
17314;0;3072.50;9.50;390.50;0.00;0.00
17315;0;3328.50;9.50;381.50;0.00;0.00
17316;0;3030.50;9.50;376.50;0.00;0.00
17317;0;1070.50;9.50;362.50;0.00;0.00
17318;0;1677.50;9.50;391.50;0.00;0.00
17319;0;3491.50;9.50;359.50;0.00;0.00
17320;0;572.50;9.50;355.50;0.00;0.00
17321;0;3383.50;9.50;362.50;0.00;0.00
17322;0;2123.50;9.50;366.50;0.00;0.00
17323;0;782.50;9.50;355.50;0.00;0.00
17324;0;147.50;9.50;356.50;0.00;0.00
17325;0;5227.50;9.50;377.50;0.00;0.00
17326;0;5277.50;9.50;353.50;0.00;0.00
17327;0;4573.50;9.50;366.50;0.00;0.00
17328;0;5362.50;9.50;343.50;0.00;0.00
17329;0;432.50;9.50;345.50;0.00;0.00
17330;0;3298.50;9.50;375.50;0.00;0.00
17331;0;4399.50;9.50;350.50;0.00;0.00
17332;0;5444.50;9.50;345.50;0.00;0.00
17333;0;2969.50;9.50;339.50;0.00;0.00
17334;0;4608.50;9.50;378.50;0.00;0.00
17335;0;2018.50;9.50;389.50;0.00;0.00
17336;0;4137.50;9.50;333.50;0.00;0.00
17337;0;995.50;9.50;351.50;0.00;0.00
17338;0;1611.50;9.50;357.50;0.00;0.00
17339;0;2278.50;9.50;331.50;0.00;0.00
17340;0;269.50;9.50;342.50;0.00;0.00
17341;0;1201.50;9.50;344.50;0.00;0.00
17342;0;3876.50;9.50;342.50;0.00;0.00
17343;0;1434.50;9.50;334.50;0.00;0.00
17344;0;3973.50;9.50;339.50;0.00;0.00
17345;0;5578.50;9.50;356.50;0.00;0.00
17346;0;1511.50;9.50;346.50;0.00;0.00
17347;0;2061.50;9.50;361.50;0.00;0.00
17348;0;5536.50;9.50;354.50;0.00;0.00
17349;0;2020.50;9.50;364.50;0.00;0.00
17350;0;3078.50;9.50;359.50;0.00;0.00
17351;0;2195.50;9.50;326.50;0.00;0.00
17352;0;646.50;9.50;334.50;0.00;0.00
17353;0;4469.50;9.50;328.50;0.00;0.00
17354;0;4868.50;9.50;359.50;0.00;0.00
17355;0;1683.50;9.50;362.50;0.00;0.00
17356;0;4267.50;9.50;335.50;0.00;0.00
17357;0;3279.50;9.50;353.50;0.00;0.00
17358;0;4836.50;9.50;358.50;0.00;0.00
17359;0;4336.50;9.50;320.50;0.00;0.00
17360;0;3696.50;9.50;321.50;0.00;0.00
17361;0;5497.50;9.50;349.50;0.00;0.00
17362;0;2593.50;9.50;324.50;0.00;0.00
17363;0;4897.50;9.50;350.50;0.00;0.00
17364;0;5220.50;9.50;344.50;0.00;0.00
17365;0;4805.50;9.50;348.50;0.00;0.00
17366;0;2004.50;9.50;345.50;0.00;0.00
17367;0;3617.50;9.50;316.50;0.00;0.00
17368;0;4606.50;9.50;352.50;0.00;0.00
17369;0;3320.50;9.50;327.50;0.00;0.00
17370;0;4775.50;9.50;339.50;0.00;0.00
17371;0;1558.50;9.50;292.50;0.00;0.00
17372;0;5611.50;9.50;325.50;0.00;0.00
17373;0;2742.50;9.50;308.50;0.00;0.00
17374;0;2883.50;9.50;322.50;0.00;0.00
17375;0;3253.50;9.50;334.50;0.00;0.00
17376;0;1649.50;9.50;326.50;0.00;0.00
17377;0;4957.50;9.50;332.50;0.00;0.00
17378;0;1676.50;9.50;337.50;0.00;0.00
17379;0;4912.50;9.50;320.50;0.00;0.00
17380;0;2361.50;9.50;300.50;0.00;0.00
17381;0;1142.50;9.50;287.50;0.00;0.00
17382;0;3092.50;9.50;322.50;0.00;0.00
17383;0;4853.50;9.50;322.50;0.00;0.00
17384;0;5192.50;9.50;325.50;0.00;0.00
17385;0;5555.50;9.50;328.50;0.00;0.00
17386;0;886.50;9.50;293.50;0.00;0.00
17387;0;2049.50;9.50;315.50;0.00;0.00
17388;0;3041.50;9.50;304.50;0.00;0.00
17389;0;4582.50;9.50;320.50;0.00;0.00
17390;0;1987.50;9.50;325.50;0.00;0.00
17391;0;369.50;9.50;300.50;0.00;0.00
17392;0;2817.50;9.50;294.50;0.00;0.00
17393;0;4743.50;9.50;322.50;0.00;0.00
17394;0;3224.50;9.50;329.50;0.00;0.00
17395;0;2663.50;9.50;295.50;0.00;0.00
17396;0;4533.50;9.50;290.50;0.00;0.00
17397;0;4713.50;9.50;325.50;0.00;0.00
17398;0;499.50;9.50;295.50;0.00;0.00
17399;0;4687.50;9.50;318.50;0.00;0.00
17400;0;5515.50;9.50;320.50;0.00;0.00
17401;0;3177.50;9.50;320.50;0.00;0.00
17402;0;3551.50;9.50;270.50;0.00;0.00
17403;0;3771.50;9.50;285.50;0.00;0.00
17404;0;4615.50;9.50;321.50;0.00;0.00
17405;0;1933.50;9.50;313.50;0.00;0.00
17406;0;1370.50;9.50;271.50;0.00;0.00
17407;0;4978.50;9.50;324.50;0.00;0.00
17408;0;5488.50;9.50;308.50;0.00;0.00
17409;0;3144.50;9.50;312.50;0.00;0.00
17410;0;3467.50;9.50;264.50;0.00;0.00
17411;0;1003.50;9.50;282.50;0.00;0.00
17412;0;2123.50;9.50;286.50;0.00;0.00
17413;0;4058.50;9.50;285.50;0.00;0.00
17414;0;4810.50;9.50;292.50;0.00;0.00
17415;0;4938.50;9.50;304.50;0.00;0.00
17416;0;5230.50;9.50;292.50;0.00;0.00
17417;0;219.50;9.50;266.50;0.00;0.00
17418;0;4216.50;9.50;279.50;0.00;0.00
17419;0;127.50;9.50;278.50;0.00;0.00
17420;0;1966.50;9.50;316.50;0.00;0.00
17421;0;1610.50;9.50;289.50;0.00;0.00
17422;0;3214.50;9.50;304.50;0.00;0.00
17423;0;39.50;9.50;285.50;0.00;0.00
17424;0;3387.50;9.50;284.50;0.00;0.00
17425;0;5571.50;9.50;309.50;0.00;0.00
17426;0;4633.50;9.50;303.50;0.00;0.00
17427;0;4662.50;9.50;305.50;0.00;0.00
17428;0;1071.50;9.50;281.50;0.00;0.00
17429;0;3266.50;9.50;288.50;0.00;0.00
17430;0;792.50;9.50;273.50;0.00;0.00
17431;0;5420.50;9.50;285.50;0.00;0.00
17432;0;1667.50;9.50;306.50;0.00;0.00
17433;0;2007.50;9.50;288.50;0.00;0.00
17434;0;2516.50;9.50;272.50;0.00;0.00
17435;0;3923.50;9.50;268.50;0.00;0.00
17436;0;5179.50;9.50;300.50;0.00;0.00
17437;0;577.50;9.50;275.50;0.00;0.00
17438;0;2429.50;9.50;251.50;0.00;0.00
17439;0;4414.50;9.50;278.50;0.00;0.00
17440;0;5285.50;9.50;249.50;0.00;0.00
17441;0;4874.50;9.50;268.50;0.00;0.00
17442;0;4990.50;9.50;297.50;0.00;0.00
17443;0;5525.50;9.50;298.50;0.00;0.00
17444;0;1643.50;9.50;296.50;0.00;0.00
17445;0;3107.50;9.50;279.50;0.00;0.00
17446;0;4752.50;9.50;275.50;0.00;0.00
17447;0;1271.50;9.50;250.50;0.00;0.00
17448;0;5619.50;9.50;291.50;0.00;0.00
17449;0;1967.50;9.50;290.50;0.00;0.00
17450;0;4964.50;9.50;290.50;0.00;0.00
17451;0;5589.50;9.50;292.50;0.00;0.00
17452;0;306.50;9.50;248.50;0.00;0.00
17453;0;1938.50;9.50;280.50;0.00;0.00
17454;0;655.50;9.50;262.50;0.00;0.00
17455;0;3191.50;9.50;263.50;0.00;0.00
17456;0;4688.50;9.50;267.50;0.00;0.00
17457;0;2980.50;9.50;250.50;0.00;0.00
17458;0;4598.50;9.50;266.50;0.00;0.00
17459;0;2903.50;9.50;257.50;0.00;0.00
17460;0;4932.50;9.50;262.50;0.00;0.00
17461;0;2293.50;9.50;250.50;0.00;0.00
17462;0;5363.50;9.50;245.50;0.00;0.00
17463;0;1655.50;9.50;274.50;0.00;0.00
17464;0;4141.50;9.50;251.50;0.00;0.00
17465;0;5538.50;9.50;277.50;0.00;0.00
17466;0;721.50;9.50;219.50;0.00;0.00
17467;0;4353.50;9.50;244.50;0.00;0.00
17468;0;951.50;9.50;223.50;0.00;0.00
17469;0;2054.50;9.50;253.50;0.00;0.00
17470;0;3325.50;9.50;234.50;0.00;0.00
17471;0;436.50;9.50;242.50;0.00;0.00
17472;0;5483.50;9.50;265.50;0.00;0.00
17473;0;3837.50;9.50;226.50;0.00;0.00
17474;0;5173.50;9.50;267.50;0.00;0.00
17475;0;2707.50;9.50;239.50;0.00;0.00
17476;0;4281.50;9.50;236.50;0.00;0.00
17477;0;1477.50;9.50;225.50;0.00;0.00
17478;0;5014.50;9.50;264.50;0.00;0.00
17479;0;4982.50;9.50;257.50;0.00;0.00
17480;0;1908.50;9.50;263.50;0.00;0.00
17481;0;2202.50;9.50;228.50;0.00;0.00
17482;0;5139.50;9.50;265.50;0.00;0.00
17483;0;5520.50;9.50;252.50;0.00;0.00
17484;0;4001.50;9.50;217.50;0.00;0.00
17485;0;4457.50;9.50;216.50;0.00;0.00
17486;0;1987.50;9.50;243.50;0.00;0.00
17487;0;1166.50;9.50;206.50;0.00;0.00
17488;0;3642.50;9.50;217.50;0.00;0.00
17489;0;1591.50;9.50;244.50;0.00;0.00
17490;0;2780.50;9.50;228.50;0.00;0.00
17491;0;5033.50;9.50;249.50;0.00;0.00
17492;0;5081.50;9.50;257.50;0.00;0.00
17493;0;5057.50;9.50;253.50;0.00;0.00
17494;0;5615.50;9.50;248.50;0.00;0.00
17495;0;1921.50;9.50;245.50;0.00;0.00
17496;0;1890.50;9.50;252.50;0.00;0.00
17497;0;2848.50;9.50;221.50;0.00;0.00
17498;0;3140.50;9.50;218.50;0.00;0.00
17499;0;5117.50;9.50;250.50;0.00;0.00
17500;0;1649.50;9.50;250.50;0.00;0.00
17501;0;1856.50;9.50;233.50;0.00;0.00
17502;0;4797.50;9.50;222.50;0.00;0.00
17503;0;1868.50;9.50;252.50;0.00;0.00
17504;0;5205.50;9.50;224.50;0.00;0.00
17505;0;541.50;9.50;203.50;0.00;0.00
17506;0;3245.50;9.50;221.50;0.00;0.00
17507;0;4642.50;9.50;220.50;0.00;0.00
17508;0;861.50;9.50;209.50;0.00;0.00
17509;0;5443.50;9.50;235.50;0.00;0.00
17510;0;5096.50;9.50;242.50;0.00;0.00
17511;0;99.50;9.50;216.50;0.00;0.00
17512;0;1040.50;9.50;218.50;0.00;0.00
17513;0;2563.50;9.50;196.50;0.00;0.00
17514;0;4538.50;9.50;212.50;0.00;0.00
17515;0;3060.50;9.50;211.50;0.00;0.00
17516;0;5154.50;9.50;231.50;0.00;0.00
17517;0;5546.50;9.50;239.50;0.00;0.00
17518;0;4082.50;9.50;191.50;0.00;0.00
17519;0;4723.50;9.50;208.50;0.00;0.00
17520;0;169.50;9.50;194.50;0.00;0.00
17521;0;26.50;9.50;218.50;0.00;0.00
17522;0;5489.50;9.50;229.50;0.00;0.00
17523;0;2112.50;9.50;199.50;0.00;0.00
17524;0;5058.50;9.50;226.50;0.00;0.00
17525;0;1946.50;9.50;217.50;0.00;0.00
17526;0;5007.50;9.50;218.50;0.00;0.00
17527;0;5606.50;9.50;204.50;0.00;0.00
17528;0;4944.50;9.50;200.50;0.00;0.00
17529;0;379.50;9.50;186.50;0.00;0.00
17530;0;1640.50;9.50;220.50;0.00;0.00
17531;0;4867.50;9.50;197.50;0.00;0.00
17532;0;1892.50;9.50;218.50;0.00;0.00
17533;0;2646.50;9.50;179.50;0.00;0.00
17534;0;4216.50;9.50;190.50;0.00;0.00
17535;0;643.50;9.50;191.50;0.00;0.00
17536;0;3434.50;9.50;181.50;0.00;0.00
17537;0;3535.50;9.50;173.50;0.00;0.00
17538;0;3745.50;9.50;177.50;0.00;0.00
17539;0;1809.50;9.50;221.50;0.00;0.00
17540;0;1837.50;9.50;212.50;0.00;0.00
17541;0;2018.50;9.50;184.50;0.00;0.00
17542;0;2476.50;9.50;174.50;0.00;0.00
17543;0;5414.50;9.50;203.50;0.00;0.00
17544;0;3910.50;9.50;192.50;0.00;0.00
17545;0;5467.50;9.50;207.50;0.00;0.00
17546;0;4381.50;9.50;174.50;0.00;0.00
17547;0;5558.50;9.50;202.50;0.00;0.00
17548;0;284.50;9.50;168.50;0.00;0.00
17549;0;1375.50;9.50;165.50;0.00;0.00
17550;0;1667.50;9.50;190.50;0.00;0.00
17551;0;5076.50;9.50;199.50;0.00;0.00
17552;0;5253.50;9.50;171.50;0.00;0.00
17553;0;1594.50;9.50;191.50;0.00;0.00
17554;0;786.50;9.50;155.50;0.00;0.00
17555;0;2302.50;9.50;163.50;0.00;0.00
17556;0;5042.50;9.50;187.50;0.00;0.00
17557;0;3006.50;9.50;147.50;0.00;0.00
17558;0;71.50;9.50;186.50;0.00;0.00
17559;0;5148.50;9.50;193.50;0.00;0.00
17560;0;2729.50;9.50;170.50;0.00;0.00
17561;0;5372.50;9.50;179.50;0.00;0.00
17562;0;1876.50;9.50;176.50;0.00;0.00
17563;0;3196.50;9.50;154.50;0.00;0.00
17564;0;2391.50;9.50;132.50;0.00;0.00
17565;0;2929.50;9.50;142.50;0.00;0.00
17566;0;1538.50;9.50;138.50;0.00;0.00
17567;0;1815.50;9.50;192.50;0.00;0.00
17568;0;474.50;9.50;157.50;0.00;0.00
17569;0;1929.50;9.50;169.50;0.00;0.00
17570;0;3283.50;9.50;161.50;0.00;0.00
17571;0;3357.50;9.50;137.50;0.00;0.00
17572;0;5537.50;9.50;169.50;0.00;0.00
17573;0;5320.50;9.50;134.50;0.00;0.00
17574;0;1641.50;9.50;187.50;0.00;0.00
17575;0;4592.50;9.50;153.50;0.00;0.00
17576;0;4670.50;9.50;157.50;0.00;0.00
17577;0;1233.50;9.50;134.50;0.00;0.00
17578;0;1835.50;9.50;168.50;0.00;0.00
17579;0;1022.50;9.50;140.50;0.00;0.00
17580;0;5103.50;9.50;176.50;0.00;0.00
17581;0;5185.50;9.50;162.50;0.00;0.00
17582;0;4306.50;9.50;147.50;0.00;0.00
17583;0;5425.50;9.50;176.50;0.00;0.00
17584;0;24.50;9.50;164.50;0.00;0.00
17585;0;4148.50;9.50;134.50;0.00;0.00
17586;0;2173.50;9.50;135.50;0.00;0.00
17587;0;1807.50;9.50;175.50;0.00;0.00
17588;0;2854.50;9.50;157.50;0.00;0.00
17589;0;98.50;9.50;160.50;0.00;0.00
17590;0;1119.50;9.50;122.50;0.00;0.00
17591;0;3848.50;9.50;143.50;0.00;0.00
17592;0;2790.50;9.50;126.50;0.00;0.00
17593;0;928.50;9.50;124.50;0.00;0.00
17594;0;218.50;9.50;120.50;0.00;0.00
17595;0;611.50;9.50;123.50;0.00;0.00
17596;0;1626.50;9.50;160.50;0.00;0.00
17597;0;5513.50;9.50;132.50;0.00;0.00
17598;0;4441.50;9.50;122.50;0.00;0.00
17599;0;5404.50;9.50;146.50;0.00;0.00
17600;0;3117.50;9.50;123.50;0.00;0.00
17601;0;4520.50;9.50;125.50;0.00;0.00
17602;0;4891.50;9.50;124.50;0.00;0.00
17603;0;4001.50;9.50;129.50;0.00;0.00
17604;0;2074.50;9.50;124.50;0.00;0.00
17605;0;4795.50;9.50;125.50;0.00;0.00
17606;0;4970.50;9.50;118.50;0.00;0.00
17607;0;5135.50;9.50;146.50;0.00;0.00
17608;0;3664.50;9.50;117.50;0.00;0.00
17609;0;5585.50;9.50;116.50;0.00;0.00
17610;0;1796.50;9.50;156.50;0.00;0.00
17611;0;5092.50;9.50;125.50;0.00;0.00
17612;0;1772.50;9.50;151.50;0.00;0.00
17613;0;3939.50;9.50;139.50;0.00;0.00
17614;0;343.50;9.50;117.50;0.00;0.00
17615;0;5038.50;9.50;136.50;0.00;0.00
17616;0;1979.50;9.50;121.50;0.00;0.00
17617;0;536.50;9.50;109.50;0.00;0.00
17618;0;138.50;9.50;110.50;0.00;0.00
17619;0;4718.50;9.50;104.50;0.00;0.00
17620;0;3896.50;9.50;126.50;0.00;0.00
17621;0;421.50;9.50;103.50;0.00;0.00
17622;0;2249.50;9.50;96.50;0.00;0.00
17623;0;2687.50;9.50;109.50;0.00;0.00
17624;0;4235.50;9.50;106.50;0.00;0.00
17625;0;1908.50;9.50;118.50;0.00;0.00
17626;0;5425.50;9.50;126.50;0.00;0.00
17627;0;742.50;9.50;66.50;0.00;0.00
17628;0;1447.50;9.50;65.50;0.00;0.00
17629;0;1856.50;9.50;121.50;0.00;0.00
17630;0;5468.50;9.50;124.50;0.00;0.00
17631;0;44.50;9.50;108.50;0.00;0.00
17632;0;1619.50;9.50;132.50;0.00;0.00
17633;0;1799.50;9.50;133.50;0.00;0.00
17634;0;1814.50;9.50;108.50;0.00;0.00
17635;0;3586.50;9.50;51.50;0.00;0.00
17636;0;2589.50;9.50;81.50;0.00;0.00
17637;0;1320.50;9.50;60.50;0.00;0.00
17638;0;4065.50;9.50;65.50;0.00;0.00
17639;0;4637.50;9.50;95.50;0.00;0.00
17640;0;3487.50;9.50;79.50;0.00;0.00
17641;0;3812.50;9.50;74.50;0.00;0.00
17642;0;3266.50;9.50;94.50;0.00;0.00
17643;0;5377.50;9.50;91.50;0.00;0.00
17644;0;2858.50;9.50;91.50;0.00;0.00
17645;0;1602.50;9.50;100.50;0.00;0.00
17646;0;3047.50;9.50;68.50;0.00;0.00
17647;0;848.50;9.50;54.50;0.00;0.00
17648;0;4347.50;9.50;66.50;0.00;0.00
17649;0;3944.50;9.50;98.50;0.00;0.00
17650;0;2479.50;9.50;57.50;0.00;0.00
17651;0;5230.50;9.50;66.50;0.00;0.00
17652;0;1771.50;9.50;97.50;0.00;0.00
17653;0;3395.50;9.50;56.50;0.00;0.00
17654;0;5443.50;9.50;81.50;0.00;0.00
17655;0;2961.50;9.50;61.50;0.00;0.00
17656;0;1940.50;9.50;81.50;0.00;0.00
17657;0;2345.50;9.50;47.50;0.00;0.00
17658;0;3729.50;9.50;45.50;0.00;0.00
17659;0;3875.50;9.50;82.50;0.00;0.00
17660;0;649.50;9.50;45.50;0.00;0.00
17661;0;259.50;9.50;46.50;0.00;0.00
17662;0;5068.50;9.50;67.50;0.00;0.00
17663;0;5516.50;9.50;48.50;0.00;0.00
17664;0;1879.50;9.50;87.50;0.00;0.00
17665;0;3210.50;9.50;41.50;0.00;0.00
17666;0;1183.50;9.50;47.50;0.00;0.00
17667;0;2135.50;9.50;63.50;0.00;0.00
17668;0;5144.50;9.50;41.50;0.00;0.00
17669;0;4566.50;9.50;49.50;0.00;0.00
17670;0;4831.50;9.50;45.50;0.00;0.00
17671;0;1007.50;9.50;48.50;0.00;0.00
17672;0;480.50;9.50;45.50;0.00;0.00
17673;0;1796.50;9.50;75.50;0.00;0.00
17674;0;4490.50;9.50;55.50;0.00;0.00
17675;0;3916.50;9.50;67.50;0.00;0.00
17676;0;1559.50;9.50;45.50;0.00;0.00
17677;0;4916.50;9.50;47.50;0.00;0.00
17678;0;2196.50;9.50;56.50;0.00;0.00
17679;0;2775.50;9.50;44.50;0.00;0.00
17680;0;1752.50;9.50;78.50;0.00;0.00
17681;0;1988.50;9.50;49.50;0.00;0.00
17682;0;4157.50;9.50;44.50;0.00;0.00
17683;0;4997.50;9.50;38.50;0.00;0.00
17684;0;175.50;9.50;41.50;0.00;0.00
17685;0;4418.50;9.50;36.50;0.00;0.00
17686;0;5317.50;9.50;42.50;0.00;0.00
17687;0;2061.50;9.50;44.50;0.00;0.00
17688;0;3312.50;9.50;37.50;0.00;0.00
17689;0;1905.50;9.50;80.50;0.00;0.00
17690;0;1843.50;9.50;72.50;0.00;0.00
17691;0;3976.50;9.50;41.50;0.00;0.00
17692;0;4274.50;9.50;37.50;0.00;0.00
17693;0;1621.50;9.50;62.50;0.00;0.00
17694;0;565.50;9.50;38.50;0.00;0.00
17695;0;335.50;9.50;41.50;0.00;0.00
17696;0;3126.50;9.50;40.50;0.00;0.00
17697;0;73.50;9.50;39.50;0.00;0.00
17698;0;2668.50;9.50;37.50;0.00;0.00
17699;0;4749.50;9.50;37.50;0.00;0.00
17700;0;404.50;9.50;33.50;0.00;0.00
17701;0;1651.50;9.50;69.50;0.00;0.00
17702;0;2890.50;9.50;31.50;0.00;0.00
17703;0;1758.50;9.50;57.50;0.00;0.00
17704;0;4657.50;9.50;31.50;0.00;0.00
17705;0;1847.50;9.50;31.50;0.00;0.00
17706;0;2273.50;9.50;36.50;0.00;0.00
17707;0;1885.50;9.50;33.50;0.00;0.00
17708;0;1931.50;9.50;25.50;0.00;0.00
17709;0;1642.50;9.50;22.50;0.00;0.00
17710;0;1771.50;9.50;39.50;0.00;0.00
17711;0;2219.50;9.50;14.50;0.00;0.00
17712;0;1800.50;9.50;40.50;0.00;0.00
17713;0;1710.50;9.50;40.50;0.00;0.00
17714;0;1699.50;9.50;46.50;0.00;0.00
17715;0;1816.50;9.50;14.50;0.00;0.00
17716;0;1679.50;9.50;11.50;0.00;0.00
17717;0;1786.50;9.50;7.50;0.00;0.00
17718;0;1712.50;9.50;5.50;0.00;0.00
17719;0;1772.50;9.50;4.50;0.00;0.00
17720;0;4448.50;9.50;2015.50;0.00;0.00
17721;0;3256.50;9.50;1925.50;0.00;0.00
17722;0;927.50;9.50;1882.50;0.00;0.00
17723;0;1707.50;9.50;1887.50;0.00;0.00
17724;0;3312.50;9.50;1887.50;0.00;0.00
17725;0;1088.50;9.50;1870.50;0.00;0.00
17726;0;1702.50;9.50;1861.50;0.00;0.00
17727;0;1275.50;9.50;1855.50;0.00;0.00
17728;0;3239.50;9.50;1853.50;0.00;0.00
17729;0;3371.50;9.50;1812.50;0.00;0.00
17730;0;3224.50;9.50;1825.50;0.00;0.00
17731;0;4566.50;9.50;1833.50;0.00;0.00
17732;0;1229.50;9.50;1833.50;0.00;0.00
17733;0;1030.50;9.50;1810.50;0.00;0.00
17734;0;1088.50;9.50;1827.50;0.00;0.00
17735;0;3193.50;9.50;1805.50;0.00;0.00
17736;0;3306.50;9.50;1797.50;0.00;0.00
17737;0;1260.50;9.50;1791.50;0.00;0.00
17738;0;3696.50;9.50;1768.50;0.00;0.00
17739;0;1103.50;9.50;1775.50;0.00;0.00
17740;0;3025.50;9.50;1769.50;0.00;0.00
17741;0;3408.50;9.50;1766.50;0.00;0.00
17742;0;3246.50;9.50;1766.50;0.00;0.00
17743;0;1213.50;9.50;1745.50;0.00;0.00
17744;0;4409.50;9.50;1724.50;0.00;0.00
17745;0;3589.50;9.50;1712.50;0.00;0.00
17746;0;4519.50;9.50;1694.50;0.00;0.00
17747;0;1777.50;9.50;1701.50;0.00;0.00
17748;0;4816.50;9.50;1699.50;0.00;0.00
17749;0;1741.50;9.50;1686.50;0.00;0.00
17750;0;1279.50;9.50;1680.50;0.00;0.00
17751;0;1619.50;9.50;1693.50;0.00;0.00
17752;0;1668.50;9.50;1647.50;0.00;0.00
17753;0;1431.50;9.50;1629.50;0.00;0.00
17754;0;1336.50;9.50;1621.50;0.00;0.00
17755;0;4134.50;9.50;1599.50;0.00;0.00
17756;0;3488.50;9.50;1601.50;0.00;0.00
17757;0;1427.50;9.50;1599.50;0.00;0.00
17758;0;1459.50;9.50;1593.50;0.00;0.00
17759;0;3973.50;9.50;1567.50;0.00;0.00
17760;0;1516.50;9.50;1564.50;0.00;0.00
17761;0;1532.50;9.50;1550.50;0.00;0.00
17762;0;1455.50;9.50;1521.50;0.00;0.00
17763;0;1607.50;9.50;1535.50;0.00;0.00
17764;0;1543.50;9.50;1511.50;0.00;0.00
17765;0;4022.50;9.50;1514.50;0.00;0.00
17766;0;4671.50;9.50;1374.50;0.00;0.00
17767;0;3330.50;9.50;1225.50;0.00;0.00
17768;0;1479.50;9.50;1039.50;0.00;0.00
17769;0;2818.50;9.50;980.50;0.00;0.00
17770;0;3380.50;9.50;920.50;0.00;0.00
17771;0;3329.50;9.50;841.50;0.00;0.00
17772;0;3277.50;9.50;782.50;0.00;0.00
17773;0;2153.50;9.50;706.50;0.00;0.00
17774;0;3358.50;9.50;682.50;0.00;0.00
17775;0;1726.50;9.50;620.50;0.00;0.00
17776;0;3253.50;9.50;601.50;0.00;0.00
17777;0;4964.50;9.50;423.50;0.00;0.00
17778;0;4974.50;9.50;379.50;0.00;0.00
17779;0;4942.50;9.50;377.50;0.00;0.00
